mtllib garlic_-_low_poly.mtl
o Object_4
usemtl TextureAtlas_1001
v 0.03763377666473389 -0.005061615258455282 -0.024982452392578125
v 0.03391977399587631 -0.003828614950180059 -0.023162364959716797
v 0.03599877655506134 -0.004679616540670399 -0.020592451095581055
v 0.03911677375435829 -0.006025616079568868 -0.021642446517944336
v 0.037668775767087936 -0.005372613668441777 -0.01764225959777832
v 0.03522977605462074 -0.006325613707304006 -0.021892309188842773
v 0.03414077311754227 -0.005874615162611011 -0.017122268676757812
v 0.04074077308177948 -0.0069816149771213575 -0.018312454223632812
v 0.03669477626681328 -0.00730761513113976 -0.01867222785949707
v 0.03340977430343628 -0.004883617162704473 -0.024682283401489258
v 0.03581077605485916 -0.007202614098787311 -0.014612436294555662
v 0.03232177346944809 -0.004949614405632023 -0.01979231834411621
v 0.03900177404284477 -0.00676161423325539 -0.014842271804809569
v 0.032837774604558945 -0.0076476149260997816 -0.01905226707458496
v 0.031332775950431824 -0.006343614310026174 -0.021952390670776367
v 0.03527677431702614 -0.003772614523768431 -0.027462244033813477
v 0.03248477354645729 -0.006570614874362948 -0.01365232467651367
v 0.03066277503967285 -0.0056716166436672245 -0.01648235321044922
v 0.04198777675628662 -0.006972614675760273 -0.014652252197265623
v 0.038083773106336594 -0.008618615567684177 -0.015472412109374998
v 0.0345497764647007 -0.008938614279031757 -0.01593232154846191
v 0.029660774394869804 -0.005007617175579076 -0.025022268295288086
v 0.031429775059223175 -0.0031826160848140777 -0.027422428131103516
v 0.031429775059223175 -0.0031826160848140777 -0.027422428131103516
v 0.03435877338051796 -0.008869614452123644 -0.01168227195739746
v 0.03751177340745926 -0.008051615208387378 -0.011932373046874998
v 0.02884877473115921 -0.0051346160471439405 -0.01932239532470703
v 0.02884877473115921 -0.0051346160471439405 -0.01932239532470703
v 0.03047577477991581 -0.003442615270614629 -0.022152423858642578
v 0.03047577477991581 -0.003442615270614629 -0.022152423858642578
v 0.0406147763133049 -0.0073406137526035335 -0.012222290039062498
v 0.0406147763133049 -0.0073406137526035335 -0.012222290039062498
v 0.04373577609658241 -0.007521614432334903 -0.01717233657836914
v 0.041384775191545486 -0.008695613592863086 -0.01522231101989746
v 0.03038477525115013 -0.009954616427421573 -0.016922235488891598
v 0.029008774086833 -0.008528616279363637 -0.0198523998260498
v 0.027594774961471558 -0.0073116160929203085 -0.02286243438720703
v 0.03221677616238594 -0.0014006160199642238 -0.025272369384765625
v 0.03221677616238594 -0.0014006160199642238 -0.025272369384765625
v 0.0328877754509449 -0.0016176160424947804 -0.029522418975830078
v 0.0328877754509449 -0.0016176160424947804 -0.029522418975830078
v 0.028957774862647057 -0.007227614521980288 -0.013552427291870115
v 0.031025774776935577 -0.008934617042541506 -0.011162281036376951
v 0.027487773448228836 -0.006963614374399189 -0.016742229461669922
v 0.044180773198604584 -0.008642613887786869 -0.014522314071655272
v 0.044180773198604584 -0.008642613887786869 -0.014522314071655272
v 0.03620477393269539 -0.010113615542650226 -0.012652397155761717
v 0.03620477393269539 -0.010113615542650226 -0.012652397155761717
v 0.039487775415182114 -0.010313615202903751 -0.012472391128540037
v 0.039487775415182114 -0.010313615202903751 -0.012472391128540037
v 0.03328077495098114 -0.010933615267276767 -0.013482332229614256
v 0.03328077495098114 -0.010933615267276767 -0.013482332229614256
v 0.02806977555155754 -0.0036666151136159958 -0.028252363204956055
v 0.02806977555155754 -0.0036666151136159958 -0.028252363204956055
v 0.026108775287866592 -0.005798615515232092 -0.025832414627075195
v 0.026108775287866592 -0.005798615515232092 -0.025832414627075195
v 0.029935775324702263 -0.000733615830540664 -0.03148245811462402
v 0.03310377523303032 -0.010199613869190218 -0.008572340011596678
v 0.03310377523303032 -0.010199613869190218 -0.008572340011596678
v 0.03641877323389053 -0.009511616080999376 -0.008952379226684569
v 0.03641877323389053 -0.009511616080999376 -0.008952379226684569
v 0.03963077440857887 -0.008249614387750627 -0.009302377700805662
v 0.03963077440857887 -0.008249614387750627 -0.009302377700805662
v 0.03963077440857887 -0.008249614387750627 -0.009302377700805662
v 0.026789775118231773 -0.004013614729046827 -0.021702289581298828
v 0.026789775118231773 -0.004013614729046827 -0.021702289581298828
v 0.024595774710178375 -0.006786614656448369 -0.01990222930908203
v 0.024595774710178375 -0.006786614656448369 -0.01990222930908203
v 0.024595774710178375 -0.006786614656448369 -0.01990222930908203
v 0.028581775724887848 -0.0020396150648593955 -0.02436232566833496
v 0.0426727756857872 -0.008661616593599321 -0.01038241386413574
v 0.0425717756152153 -0.010537616908550266 -0.012382268905639647
v 0.0425717756152153 -0.010537616908550266 -0.012382268905639647
v 0.026545774191617966 -0.010523617267608646 -0.01777243614196777
v 0.030730774626135826 -0.011637616902589801 -0.014202356338500975
v 0.025218773633241653 -0.008941616863012319 -0.020562410354614254
v 0.024001773446798325 -0.007749617099761968 -0.02362227439880371
v 0.029708774760365486 -0.0007156152278184953 -0.027732372283935547
v 0.02618577517569065 -0.009361617267131809 -0.01439237594604492
v 0.027775775641202927 -0.010131616145372392 -0.0113222599029541
v 0.02982177585363388 -0.011256616562604906 -0.008442401885986326
v 0.02982177585363388 -0.011256616562604906 -0.008442401885986326
v 0.02982177585363388 -0.011256616562604906 -0.008442401885986326
v 0.024742774665355682 -0.008475616574287418 -0.01739239692687988
v 0.024742774665355682 -0.008475616574287418 -0.01739239692687988
v 0.045128773897886276 -0.009727615863084797 -0.01224231719970703
v 0.037860773503780365 -0.011694613844156267 -0.00962233543395996
v 0.03458477556705475 -0.012065615504980089 -0.010232448577880856
v 0.03458477556705475 -0.012065615504980089 -0.010232448577880856
v 0.04105977341532707 -0.011756613850593569 -0.009502410888671872
v 0.027575775980949402 -0.012251615524291996 -0.015052318572998043
v 0.03167077526450157 -0.01314961537718773 -0.011312246322631832
v 0.03167077526450157 -0.01314961537718773 -0.011312246322631832
v 0.02663777396082878 -0.0024696160107851098 -0.03167223930358887
v 0.024561773985624313 -0.004768613725900656 -0.02916240692138672
v 0.022771775722503662 -0.006771616637706763 -0.026862382888793945
v 0.022771775722503662 -0.006771616637706763 -0.026862382888793945
v 0.026952775195240974 -0.000043615698814398724 -0.029862403869628906
v 0.03183077648282051 -0.011696614325046541 -0.0053923130035400365
v 0.03183077648282051 -0.011696614325046541 -0.0053923130035400365
v 0.035187773406505585 -0.010284613817930223 -0.005672454833984372
v 0.0385727733373642 -0.009041614830493929 -0.0061023235321044905
v 0.04193277657032013 -0.00942661613225937 -0.007262229919433592
v 0.04193277657032013 -0.00942661613225937 -0.007262229919433592
v 0.025159774348139763 -0.002986615523695951 -0.024092435836791992
v 0.025159774348139763 -0.002986615523695951 -0.024092435836791992
v 0.02305477485060692 -0.005897615104913717 -0.022812366485595703
v 0.02305477485060692 -0.005897615104913717 -0.022812366485595703
v 0.0215107761323452 -0.009613614529371265 -0.018022298812866207
v 0.0215107761323452 -0.009613614529371265 -0.018022298812866207
v 0.026597775518894196 -0.0009536147117614805 -0.026502370834350586
v 0.0442337766289711 -0.011167615652084352 -0.00937223434448242
v 0.023964773863554 -0.012533616274595264 -0.015832424163818356
v 0.02286577597260475 -0.011315613985061649 -0.018902301788330075
v 0.028561774641275406 -0.013959616422653202 -0.012292385101318356
v 0.022395774722099304 -0.01052661612629891 -0.022242307662963864
v 0.026673775166273117 0.00030338391661643234 -0.033672332763671875
v 0.02188277617096901 -0.009608615189790731 -0.0254523754119873
v 0.02188277617096901 -0.009608615189790731 -0.0254523754119873
v 0.023052774369716644 -0.0111796148121357 -0.015292406082153319
v 0.023052774369716644 -0.0111796148121357 -0.015292406082153319
v 0.02484077587723732 -0.011921614408493045 -0.012152433395385739
v 0.02484077587723732 -0.011921614408493045 -0.012152433395385739
v 0.02666277438402176 -0.012500613927841188 -0.00885224342346191
v 0.02666277438402176 -0.012500613927841188 -0.00885224342346191
v 0.02796877548098564 -0.012529615312814714 -0.005082368850708005
v 0.02796877548098564 -0.012529615312814714 -0.005082368850708005
v 0.02796877548098564 -0.012529615312814714 -0.005082368850708005
v 0.020535774528980255 -0.008419614285230642 -0.021032333374023434
v 0.039650775492191315 -0.013400614261627199 -0.006812334060668943
v 0.03612377494573593 -0.013366617262363436 -0.0072424411773681615
v 0.032851774245500565 -0.014375615864992143 -0.008302450180053707
v 0.043175775557756424 -0.012497615069150926 -0.0064222812652587865
v 0.025095775723457336 -0.014031615108251575 -0.013032436370849606
v 0.029426775872707367 -0.015592616051435472 -0.009372234344482418
v 0.029426775872707367 -0.015592616051435472 -0.009372234344482418
v 0.023124774917960167 -0.0037726145237684324 -0.03241229057312012
v 0.025618774816393852 -0.0009706150740385133 -0.03444242477416992
v 0.021462775766849518 -0.008071616291999824 -0.0281224250793457
v 0.02347477525472641 0.000980384647846215 -0.03156232833862305
v 0.024518774822354317 0.0006543844938278135 -0.028102397918701172
v 0.030373774468898773 -0.012350615113973618 -0.0021624565124511693
v 0.03391677513718605 -0.01125461608171463 -0.0024423599243164036
v 0.03391677513718605 -0.01125461608171463 -0.0024423599243164036
v 0.03753677383065224 -0.01032661646604538 -0.0030422210693359353
v 0.04112977534532547 -0.010216616094112398 -0.003932237625122068
v 0.04112977534532547 -0.010216616094112398 -0.003932237625122068
v 0.02371077612042427 -0.0007576160132885035 -0.02474236488342285
v 0.02371077612042427 -0.0007576160132885035 -0.02474236488342285
v 0.021739773452281952 -0.003855615854263311 -0.0243222713470459
v 0.0197517741471529 -0.007224615663290029 -0.023952245712280273
v 0.020956775173544884 -0.008083615452051166 -0.014902353286743162
v 0.020956775173544884 -0.008083615452051166 -0.014902353286743162
v 0.019406775012612343 -0.006401617079973225 -0.017702341079711914
v 0.022022774443030357 -0.014795616269111637 -0.018092393875122067
v 0.02272777445614338 -0.01587961614131928 -0.01497244834899902
v 0.021512774750590324 -0.013847615569829946 -0.0213322639465332
v 0.026002775877714157 -0.0152176171541214 -0.010142326354980465
v 0.026002775877714157 -0.0152176171541214 -0.010142326354980465
v 0.02115677483379841 -0.01295661553740502 -0.0245823860168457
v 0.020709775388240814 -0.0065636150538921426 -0.03088235855102539
v 0.023410774767398834 0.0019613839685916823 -0.03518223762512207
v 0.020345773547887802 -0.011716615408658988 -0.027542352676391598
v 0.020345773547887802 -0.011716615408658988 -0.027542352676391598
v 0.02225477434694767 -0.00954261422157288 -0.012042284011840819
v 0.02225477434694767 -0.00954261422157288 -0.012042284011840819
v 0.02225477434694767 -0.00954261422157288 -0.012042284011840819
v 0.024330774322152138 -0.009759616106748583 -0.00935244560241699
v 0.024330774322152138 -0.009759616106748583 -0.00935244560241699
v 0.02631477452814579 -0.009984616190195085 -0.006282329559326169
v 0.028425775468349457 -0.0093156136572361 -0.0032823085784912088
v 0.028425775468349457 -0.0093156136572361 -0.0032823085784912088
v 0.0187267754226923 -0.0046496167778968854 -0.02125239372253418
v 0.04162677377462387 -0.013702616095542908 -0.003302335739135739
v 0.037686776369810104 -0.014577616006135942 -0.004342317581176754
v 0.03440277650952339 -0.015649616718292236 -0.0055923461914062465
v 0.031067773699760437 -0.016627617180347443 -0.007012367248535153
v 0.023461773991584778 -0.0170196145772934 -0.011922359466552731
v 0.02643977478146553 -0.01622161641716957 -0.0069122314453124965
v 0.02198777347803116 -0.0029516145586967546 -0.03556227684020996
v 0.0198527742177248 -0.0055166147649288256 -0.03400230407714844
v 0.02412477508187294 0.000009384006261817244 -0.03746223449707031
v 0.019300775602459908 -0.010209616273641593 -0.03029227256774902
v 0.024734774604439735 0.0035373847931623394 -0.029122352600097656
v 0.024540774524211884 0.004222383722662919 -0.03263235092163086
v 0.024950774386525154 0.002348383888602251 -0.025612354278564453
v 0.024950774386525154 0.002348383888602251 -0.025612354278564453
v 0.030792774632573128 -0.008107613772153854 -0.0007922649383544903
v 0.030792774632573128 -0.008107613772153854 -0.0007922649383544903
v 0.03274677321314812 -0.009917616844177246 0.0001976490020751975
v 0.0362347736954689 -0.01165461540222168 0.00025773048400879166
v 0.0362347736954689 -0.01165461540222168 0.00025773048400879166
v 0.04085977375507355 -0.010901615023612976 -0.00046229362487792725
v 0.04085977375507355 -0.010901615023612976 -0.00046229362487792725
v 0.022138774394989014 -0.001718616113066678 -0.021602392196655273
v 0.0232737734913826 -0.006444614380598071 -0.012052297592163084
v 0.0232737734913826 -0.006444614380598071 -0.012052297592163084
v 0.021640773862600327 -0.004361614584922794 -0.015102386474609373
v 0.0212777741253376 -0.002932615578174595 -0.018312454223632812
v 0.029459774494171143 -0.01712961494922638 -0.0056724548339843715
v 0.02046077512204647 -0.017230615019798282 -0.02041244506835937
v 0.020885774865746498 -0.01811361685395241 -0.017132282257080075
v 0.021049775183200836 -0.01878161355853081 -0.013822317123413082
v 0.020111775025725365 -0.016303613781929023 -0.02373242378234863
v 0.023647774010896683 -0.017543613910675052 -0.008602380752563473
v 0.023647774010896683 -0.017543613910675052 -0.008602380752563473
v 0.0191537756472826 -0.015004616230726247 -0.026742458343505856
v 0.0191537756472826 -0.015004616230726247 -0.026742458343505856
v 0.018285775557160378 -0.008717615157365806 -0.03308224678039551
v 0.02265777438879013 0.002788385376334182 -0.03794240951538086
v 0.01795877516269684 -0.013491615653038032 -0.029502391815185543
v 0.02427077479660511 0.00513238459825515 -0.03604245185852051
v 0.02480577491223812 0.0010813847184181164 -0.02228236198425293
v 0.025997774675488472 -0.007175616919994356 -0.008402347564697264
v 0.02797677367925644 -0.0067156143486499795 -0.00554227828979492
v 0.029904775321483612 -0.005849614739418031 -0.002752304077148436
v 0.038377776741981506 -0.014763616025447845 -0.0011222362518310514
v 0.03553977608680725 -0.016783613711595535 -0.002522230148315426
v 0.03245477378368378 -0.017874617129564285 -0.004192352294921871
v 0.020908774808049202 -0.018930613994598392 -0.010412454605102536
v 0.020908774808049202 -0.018930613994598392 -0.010412454605102536
v 0.02666577510535717 -0.01678561419248581 -0.0034923553466796836
v 0.023622773587703705 -0.017582613974809647 -0.005212306976318355
v 0.01893877424299717 -0.004544615745544442 -0.037122249603271484
v 0.020664773881435394 -0.002014614641666421 -0.03858232498168945
v 0.017284775152802467 -0.0073886141180992205 -0.03604245185852051
v 0.02192777395248413 0.00046738423407076895 -0.04024243354797363
v 0.016885774210095406 -0.011979617178440101 -0.032332420349121094
v 0.02590477466583252 0.00640838406980037 -0.030092239379882812
v 0.025620773434638977 0.00550138391554355 -0.026462316513061523
v 0.025620773434638977 0.00550138391554355 -0.026462316513061523
v 0.02571977488696575 0.0073893852531909865 -0.033692359924316406
v 0.025500774383544922 0.004247384145855898 -0.022982358932495117
v 0.03257077559828758 -0.007178615778684615 0.0020976066589355486
v 0.032221775501966476 -0.004791613668203354 0.00015759468078613387
v 0.032221775501966476 -0.004791613668203354 0.00015759468078613387
v 0.03414077311754227 -0.007990613579750061 0.0017375946044921892
v 0.03789777308702469 -0.008048616349697113 0.0002677440643310565
v 0.03789777308702469 -0.008048616349697113 0.0002677440643310565
v 0.023737775161862373 0.000014385208487506488 -0.018882274627685547
v 0.024205774068832397 -0.0029866155236959488 -0.012712240219116211
v 0.024205774068832397 -0.0029866155236959488 -0.012712240219116211
v 0.023437775671482086 -0.0011986158788204228 -0.015562295913696289
v 0.023437775671482086 -0.0011986158788204228 -0.015562295913696289
v 0.029764775186777115 -0.01848161593079567 -0.002232313156127926
v 0.018561774864792824 -0.020152617245912555 -0.019172430038452145
v 0.018313774839043617 -0.019332613795995716 -0.022592306137084957
v 0.018362775444984436 -0.020306617021560672 -0.015702247619628903
v 0.018160775303840637 -0.02024561539292336 -0.012272357940673823
v 0.017698774114251137 -0.018170613795518882 -0.025832414627075192
v 0.020882774144411087 -0.019056614488363266 -0.007002353668212886
v 0.016646774485707283 -0.01672561466693879 -0.02877235412597656
v 0.016646774485707283 -0.01672561466693879 -0.02877235412597656
v 0.015811774879693985 -0.010442614555358895 -0.035172224044799805
v 0.021501775830984116 0.0037803854793310074 -0.04121232032775879
v 0.023202775046229362 0.006149385124444953 -0.03940224647521973
v 0.015556775033473969 -0.01521661505103112 -0.031612396240234375
v 0.024602774530649185 0.008570384234189979 -0.03716230392456055
v 0.024602774530649185 0.008570384234189979 -0.03716230392456055
v 0.025961775332689285 0.002747384831309314 -0.019622325897216797
v 0.025961775332689285 0.002747384831309314 -0.019622325897216797
v 0.025460775941610336 -0.005038615316152575 -0.010502338409423826
v 0.027754774317145348 -0.004332616925239565 -0.008092403411865233
v 0.029217775911092758 -0.0034266151487827314 -0.00505232810974121
v 0.031262774020433426 -0.002532616257667542 -0.00232243537902832
v 0.0413757748901844 -0.00826861709356308 0.001307725906372072
v 0.0413757748901844 -0.00826861709356308 0.001307725906372072
v 0.03781777620315552 -0.013986613601446152 0.0028176307678222687
v 0.03535577654838562 -0.016031615436077118 0.0009477138519287145
v 0.032760776579380035 -0.01793261617422104 -0.0006422996520996054
v 0.018174774944782257 -0.02050861716270447 -0.008822441101074214
v 0.018174774944782257 -0.02050861716270447 -0.008822441101074214
v 0.026771774515509605 -0.01750461384654045 -0.0001223087310790977
v 0.023661773651838303 -0.017870616167783737 -0.0018222332000732383
v 0.02095877379179001 -0.019377615302801132 -0.003592252731323238
v 0.018122775480151176 -0.0033336151391267868 -0.04026222229003906
v 0.016399774700403214 -0.005926616489887246 -0.03917241096496582
v 0.01951877400279045 -0.001110615208745012 -0.04166245460510254
v 0.014787774533033371 -0.008769616484642037 -0.03827238082885742
v 0.01982477493584156 0.0015493854880332851 -0.0428924560546875
v 0.014451775699853897 -0.013636615127325065 -0.03438234329223633
v 0.02712777443230152 0.00840338505804538 -0.027402400970458988
v 0.02712777443230152 0.00840338505804538 -0.027402400970458988
v 0.02712777443230152 0.00840338505804538 -0.027402400970458988
v 0.0266827754676342 0.009628385305404656 -0.030952453613281253
v 0.0266827754676342 0.009628385305404656 -0.030952453613281253
v 0.026687774807214737 0.007384384050965304 -0.023792266845703125
v 0.026687774807214737 0.007384384050965304 -0.023792266845703125
v 0.02576577477157116 0.010902384296059602 -0.03456234931945801
v 0.02576577477157116 0.010902384296059602 -0.03456234931945801
v 0.02680877596139908 0.006080385297536846 -0.020292282104492188
v 0.02680877596139908 0.006080385297536846 -0.020292282104492188
v 0.034481775015592575 -0.0025456156581640244 -0.0009722709655761713
v 0.036000773310661316 -0.004937615245580673 0.001237630844116212
v 0.036000773310661316 -0.004937615245580673 0.001237630844116212
v 0.03971577435731888 -0.0054056160151958466 0.0002777576446533215
v 0.03971577435731888 -0.0054056160151958466 0.0002777576446533215
v 0.04013277590274811 -0.011637616902589798 0.0028576850891113307
v 0.04013277590274811 -0.011637616902589798 0.0028576850891113307
v 0.025395775213837624 0.0016963854432105983 -0.016112327575683594
v 0.025395775213837624 0.0016963854432105983 -0.016112327575683594
v 0.02679077535867691 -0.0018996149301528955 -0.0104522705078125
v 0.025141775608062744 0.00040038488805293755 -0.012642383575439453
v 0.02988477423787117 -0.018705613911151886 0.0012776851654052776
v 0.01581677421927452 -0.02165661379694939 -0.021162271499633786
v 0.015673775225877762 -0.021704614162445072 -0.017652273178100582
v 0.015356775373220444 -0.02061161398887635 -0.024482250213623043
v 0.015435773879289627 -0.021554615348577503 -0.014152288436889643
v 0.015383774414658546 -0.021717615425586704 -0.01064229011535644
v 0.014787774533033371 -0.019545614719390876 -0.027722358703613278
v 0.014787774533033371 -0.019545614719390876 -0.027722358703613278
v 0.018227774649858475 -0.02080661430954933 -0.0053722858428955035
v 0.014065774157643318 -0.018297616392374046 -0.030822277069091793
v 0.013380775228142738 -0.01200861483812333 -0.03715229034423828
v 0.01996377483010292 0.004306385293602934 -0.04450225830078125
v 0.02168777585029602 0.007014384493231764 -0.04267239570617676
v 0.023242775350809097 0.009643385186791411 -0.04058241844177246
v 0.023242775350809097 0.009643385186791411 -0.04058241844177246
v 0.013126775622367859 -0.016856614500284202 -0.03371238708496093
v 0.024446774274110794 0.01218138448894023 -0.03825235366821289
v 0.0269857756793499 0.004740385338664051 -0.016762256622314453
v 0.028637774288654327 -0.0009366162121295945 -0.007562398910522461
v 0.030432775616645813 -0.00015261583030223952 -0.004712343215942383
v 0.033671773970127106 -0.0006206147372722634 -0.003902435302734375
v 0.043349772691726685 -0.005803614854812622 -0.00011229515075683465
v 0.043349772691726685 -0.005803614854812622 -0.00011229515075683465
v 0.043349772691726685 -0.005803614854812622 -0.00011229515075683465
v 0.04212677478790283 -0.01013461500406265 0.004747629165649417
v 0.04212677478790283 -0.01013461500406265 0.004747629165649417
v 0.03530377522110939 -0.015976615250110626 0.004697561264038089
v 0.04054677486419678 -0.013153616338968275 0.005607604980468753
v 0.03256777673959732 -0.017395615577697754 0.0029177665710449258
v 0.015417775139212608 -0.0220206156373024 -0.007152318954467768
v 0.015417775139212608 -0.0220206156373024 -0.007152318954467768
v 0.026778774335980415 -0.018385615199804306 0.0031075477600097695
v 0.023656774312257767 -0.01817961409687996 0.0015676021575927776
v 0.020946774631738663 -0.019634615629911423 -0.00019240379333495657
v 0.018251774832606316 -0.021087616682052612 -0.0019323825836181593
v 0.015856774523854256 -0.004162615165114412 -0.04244232177734375
v 0.017664775252342224 -0.0012346152216196158 -0.04358243942260742
v 0.013705775141716003 -0.006590615957975397 -0.041242361068725586
v 0.012736774981021881 -0.01075761392712594 -0.03902244567871094
v 0.01796877570450306 0.0014783851802348989 -0.04571223258972168
v 0.012154774740338326 -0.015302617102861413 -0.036472320556640625
v 0.02808377519249916 0.010386385023593897 -0.024602413177490238
v 0.02808377519249916 0.010386385023593897 -0.024602413177490238
v 0.02808377519249916 0.010386385023593897 -0.024602413177490238
v 0.027689773589372635 0.011639384552836411 -0.02807235717773438
v 0.027689773589372635 0.011639384552836411 -0.02807235717773438
v 0.026821773499250412 0.01298838481307029 -0.031522274017333984
v 0.026821773499250412 0.01298838481307029 -0.031522274017333984
v 0.02804277464747429 0.009187385439872736 -0.021022319793701175
v 0.025157775729894638 0.01467738486826419 -0.035912275314331055
v 0.025157775729894638 0.01467738486826419 -0.035912275314331055
v 0.02824377454817295 0.00790038518607616 -0.017462253570556644
v 0.03657977655529976 -0.0004396159201860433 -0.0022923946380615234
v 0.03790277615189552 -0.0026666149497032166 -0.00037240982055664003
v 0.03790277615189552 -0.0026666149497032166 -0.00037240982055664003
v 0.04152177274227142 -0.0028376150876283646 -0.0008423328399658197
v 0.04152177274227142 -0.0028376150876283646 -0.0008423328399658197
v 0.04470977559685707 -0.008270613849163055 0.0014777183532714861
v 0.04470977559685707 -0.008270613849163055 0.0014777183532714861
v 0.042869776487350464 -0.0064306147396564475 0.004017591476440431
v 0.038419775664806366 -0.015599615871906279 0.006547689437866214
v 0.038419775664806366 -0.015599615871906279 0.006547689437866214
v 0.027129774913191795 0.003318384289741513 -0.013212442398071289
v 0.027236774563789368 0.00161638483405113 -0.009862422943115234
v 0.029859773814678192 -0.018826615065336227 0.00476765632629395
v 0.012857774272561073 -0.023072615265846256 -0.019532442092895504
v 0.012686774134635925 -0.022491615265607837 -0.022972345352172848
v 0.012614775449037552 -0.022736616432666782 -0.01600241661071777
v 0.012329773977398872 -0.021665614098310478 -0.02633237838745117
v 0.012520775198936462 -0.022749613970518116 -0.012472391128540034
v 0.012556774541735649 -0.023058615624904636 -0.0089423656463623
v 0.011898774653673172 -0.020751614123582847 -0.029632329940795895
v 0.011898774653673172 -0.020751614123582847 -0.029632329940795895
v 0.015520775690674782 -0.022445615381002426 -0.003682374954223628
v 0.011427775025367737 -0.01976361498236657 -0.032872438430786126
v 0.012092774733901024 -0.009506616741418847 -0.04089236259460449
v 0.01116577535867691 -0.013661615550518045 -0.03895235061645508
v 0.017595775425434113 0.004452385008335103 -0.04734230041503906
v 0.01977677457034588 0.0074503850191831485 -0.04598236083984375
v 0.01977677457034588 0.0074503850191831485 -0.04598236083984375
v 0.021432776004076004 0.010523384436964978 -0.04381227493286133
v 0.021432776004076004 0.010523384436964978 -0.04381227493286133
v 0.022683775052428246 0.013268384151160708 -0.04149222373962402
v 0.010826773941516876 -0.018505614250898368 -0.035942316055297845
v 0.023563776165246964 0.015887383371591558 -0.03919243812561036
v 0.028477774932980537 0.006498385220766064 -0.01386237144470215
v 0.029145775362849236 0.00272538512945175 -0.006912231445312501
v 0.03250977396965027 0.0021873842924833285 -0.006012439727783204
v 0.03573877364397049 0.001605384051799773 -0.0050623416900634766
v 0.04489477351307869 -0.0031516160815954213 -0.001452445983886718
v 0.04647877439856529 -0.009359616786241531 -0.0014922618865966775
v 0.04647877439856529 -0.009359616786241531 -0.0014922618865966775
v 0.04469077289104462 -0.009013615548610686 0.00697755813598633
v 0.04469077289104462 -0.009013615548610686 0.00697755813598633
v 0.043509773910045624 -0.012409616261720656 0.0072076320648193385
v 0.0325617752969265 -0.01732461526989937 0.006467580795288089
v 0.0325617752969265 -0.01732461526989937 0.006467580795288089
v 0.03540777415037155 -0.01626261696219444 0.008287668228149418
v 0.03540777415037155 -0.01626261696219444 0.008287668228149418
v 0.04125477373600006 -0.014967616647481917 0.008307695388793949
v 0.04125477373600006 -0.014967616647481917 0.008307695388793949
v 0.012650774791836739 -0.023491613566875458 -0.005432367324829096
v 0.012650774791836739 -0.023491613566875458 -0.005432367324829096
v 0.026758775115013123 -0.019139613956212997 0.006527662277221684
v 0.026758775115013123 -0.019139613956212997 0.006527662277221684
v 0.023652775213122368 -0.018666613847017288 0.004967689514160161
v 0.02092377468943596 -0.019933614879846573 0.003217697143554692
v 0.018310774117708206 -0.021479614078998566 0.0014977455139160204
v 0.015573775395751 -0.022789616137742996 -0.00021243095397948712
v 0.013490775600075722 -0.004596617072820673 -0.04418230056762695
v 0.015852775424718857 -0.0014916155487299067 -0.04601240158081055
v 0.011408774182200432 -0.00743461400270463 -0.04367232322692871
v 0.015484774485230446 0.0015013851225376023 -0.04822230339050293
v 0.009951774030923843 -0.016875617206096656 -0.0387122631072998
v 0.028759773820638657 0.013608384877443308 -0.025252342224121097
v 0.02901177480816841 0.012351384386420245 -0.02173233032226563
v 0.027710774913430214 0.014972385019063943 -0.0284724235534668
v 0.026344776153564453 0.016225384548306458 -0.03148245811462403
v 0.026344776153564453 0.016225384548306458 -0.03148245811462403
v 0.02920377440750599 0.011120384559035298 -0.01812243461608887
v 0.02388077601790428 0.018333384767174714 -0.03679227828979493
v 0.02388077601790428 0.018333384767174714 -0.03679227828979493
v 0.029816774651408195 0.009702384471893307 -0.014582395553588869
v 0.03955377638339996 0.0000763852149248122 -0.0005424022674560547
v 0.03748277574777603 0.0028363838791847225 -0.0013923645019531257
v 0.042810775339603424 -0.0003416147083044058 -0.002592325210571289
v 0.04610377550125122 -0.00511261448264122 0.0011277198791503917
v 0.04610377550125122 -0.00511261448264122 0.0011277198791503917
v 0.04610377550125122 -0.00511261448264122 0.0011277198791503917
v 0.04610377550125122 -0.00511261448264122 0.0011277198791503917
v 0.04790777340531349 -0.009383615106344223 0.0016276836395263694
v 0.04790777340531349 -0.009383615106344223 0.0016276836395263694
v 0.04637477546930313 -0.007318615913391112 0.004717588424682619
v 0.04637477546930313 -0.007318615913391112 0.004717588424682619
v 0.04376877471804619 -0.005004614591598509 0.006747722625732423
v 0.04376877471804619 -0.005004614591598509 0.006747722625732423
v 0.04376877471804619 -0.005004614591598509 0.006747722625732423
v 0.038388773798942566 -0.016090616583824154 0.010117769241333011
v 0.0281467754393816 0.005135385319590566 -0.009882450103759767
v 0.029738774523139 -0.018498614430427548 0.008207559585571293
v 0.029738774523139 -0.018498614430427548 0.008207559585571293
v 0.029738774523139 -0.018498614430427548 0.008207559585571293
v 0.009797774255275726 -0.02395761385560036 -0.01783227920532226
v 0.00984877534210682 -0.023942615836858753 -0.021352291107177727
v 0.009600775316357613 -0.02322861552238465 -0.024772405624389645
v 0.00971277430653572 -0.023938614875078205 -0.01429224014282226
v 0.009339774027466774 -0.02259661629796029 -0.028192281723022457
v 0.009690774604678154 -0.024069614708423618 -0.010752439498901362
v 0.009746775031089783 -0.024399615824222565 -0.007222414016723628
v 0.008971774950623512 -0.021760616451501853 -0.03154230117797851
v 0.008971774950623512 -0.021760616451501853 -0.03154230117797851
v 0.012738775461912155 -0.02390361577272415 -0.0019423961639404245
v 0.00859377533197403 -0.020843613892793662 -0.0348522663116455
v 0.013391774147748947 -0.003664614632725726 -0.045902252197265625
v 0.009604774415493011 -0.010242614895105372 -0.04351234436035156
v 0.010437775403261185 -0.012110617011785516 -0.041242361068725586
v 0.015117775648832321 0.004347383975982655 -0.05017232894897461
v 0.015117775648832321 0.004347383975982655 -0.05017232894897461
v 0.017024774104356766 0.007359385490417469 -0.04896235466003418
v 0.017024774104356766 0.007359385490417469 -0.04896235466003418
v 0.017024774104356766 0.007359385490417469 -0.04896235466003418
v 0.019316773861646652 0.011230384930968274 -0.04678225517272949
v 0.020650774240493774 0.014325384981930245 -0.04442238807678223
v 0.021709773689508438 0.016966383904218663 -0.042182445526123054
v 0.009000774472951889 -0.015118613839149484 -0.041222333908081055
v 0.008108774200081825 -0.019615616649389274 -0.03801226615905761
v 0.02521977573633194 0.01729938387870788 -0.03414225578308106
v 0.02521977573633194 0.01729938387870788 -0.03414225578308106
v 0.022357774898409843 0.019455384463071813 -0.03974223136901856
v 0.022357774898409843 0.019455384463071813 -0.03974223136901856
v 0.030584774911403656 0.0079013854265213 -0.011282444000244142
v 0.03160477429628372 0.00553738512098789 -0.00844240188598633
v 0.03411577641963959 0.004127385094761847 -0.007022380828857423
v 0.036219775676727295 0.004704384133219718 -0.00407242774963379
v 0.04638977348804474 -0.0006016157567501074 -0.0023622512817382812
v 0.04804377257823944 -0.002226615324616432 0.00009775161743164111
v 0.0486757755279541 -0.008198615163564682 0.0010275840759277361
v 0.0486757755279541 -0.008198615163564682 0.0010275840759277361
v 0.045309774577617645 -0.011511616408824919 0.00955772399902344
v 0.044826775789260864 -0.008174616843461989 0.010207653045654299
v 0.044826775789260864 -0.008174616843461989 0.010207653045654299
v 0.044106774032115936 -0.014518614858388899 0.009997606277465824
v 0.044106774032115936 -0.014518614858388899 0.009997606277465824
v 0.044106774032115936 -0.014518614858388899 0.009997606277465824
v 0.03251177445054054 -0.017248615622520443 0.009957551956176761
v 0.03557077422738075 -0.017874617129564282 0.011337757110595707
v 0.041457775980234146 -0.01664161682128906 0.011137723922729496
v 0.041457775980234146 -0.01664161682128906 0.011137723922729496
v 0.009835774078965187 -0.024823617190122604 -0.003692388534545893
v 0.009835774078965187 -0.024823617190122604 -0.003692388534545893
v 0.02365877479314804 -0.01908861473202705 0.008367776870727543
v 0.02365877479314804 -0.01908861473202705 0.008367776870727543
v 0.026809774339199066 -0.019259616732597348 0.009927749633789066
v 0.02096177451312542 -0.020374614745378494 0.00664758682250977
v 0.02096177451312542 -0.020374614745378494 0.00664758682250977
v 0.018390774726867676 -0.021917615085840225 0.004927635192871099
v 0.01569877564907074 -0.023296616971492767 0.003237724304199224
v 0.012833774089813232 -0.024358615279197693 0.0015575885772705132
v 0.01085677556693554 -0.005288615822792064 -0.045902252197265625
v 0.013215774670243263 -0.0011206157505512346 -0.048522233963012695
v 0.009064774960279465 -0.008241616189479838 -0.045902252197265625
v 0.012928774580359459 0.0014713853597640878 -0.050742387771606445
v 0.012928774580359459 0.0014713853597640878 -0.050742387771606445
v 0.01858377456665039 0.009769383817911138 -0.04782223701477051
v 0.01858377456665039 0.009769383817911138 -0.04782223701477051
v 0.007481774315237999 -0.018114615231752406 -0.04097223281860351
v 0.028574775904417038 0.016977384686470025 -0.025622367858886722
v 0.02978077530860901 0.01560138445347547 -0.022362232208251957
v 0.030752774327993393 0.014194384217262265 -0.019052267074584964
v 0.027205774560570717 0.018285384401679032 -0.028702259063720707
v 0.025833774358034134 0.01954038441181182 -0.03162240982055665
v 0.03169877454638481 0.012477384880185124 -0.015622377395629886
v 0.022931775078177452 0.0218873843550682 -0.037292242050170905
v 0.024431774392724037 0.020710384473204606 -0.034452438354492194
v 0.03236377611756325 0.01102238520979881 -0.011952400207519533
v 0.041134774684906006 0.003079384565353393 -0.0011522769927978522
v 0.03982877358794212 0.006624383851885795 -0.002452373504638673
v 0.044176775962114334 0.0023693852126598354 -0.0014722347259521489
v 0.04930677264928818 -0.004690613597631454 0.0028476715087890634
v 0.04930677264928818 -0.004690613597631454 0.0028476715087890634
v 0.04930677264928818 -0.004690613597631454 0.0028476715087890634
v 0.050972774624824524 -0.010579615831375122 0.0016877651214599633
v 0.050972774624824524 -0.010579615831375122 0.0016877651214599633
v 0.050972774624824524 -0.010579615831375122 0.0016877651214599633
v 0.050972774624824524 -0.010579615831375122 0.0016877651214599633
v 0.04962277412414551 -0.009794615209102629 0.00435757637023926
v 0.04962277412414551 -0.009794615209102629 0.00435757637023926
v 0.04767777398228645 -0.0040776152163743955 0.006167650222778321
v 0.04767777398228645 -0.0040776152163743955 0.006167650222778321
v 0.04767777398228645 -0.0040776152163743955 0.006167650222778321
v 0.04313277453184128 -0.005402617156505582 0.011117696762084963
v 0.04313277453184128 -0.005402617156505582 0.011117696762084963
v 0.038694776594638824 -0.019142616540193554 0.01206755638122559
v 0.029674775898456573 -0.01823661476373672 0.011657714843750003
v 0.029674775898456573 -0.01823661476373672 0.011657714843750003
v 0.006891774013638496 -0.02503161504864693 -0.01964235305786132
v 0.006826775148510933 -0.02499061450362206 -0.016092300415039056
v 0.006786774843931198 -0.024665616452693943 -0.02314233779907226
v 0.006632775068283081 -0.02418161556124688 -0.02663230895996093
v 0.006798774003982544 -0.025053616613149646 -0.012552261352539057
v 0.006440775468945503 -0.023619614541530616 -0.030112266540527337
v 0.00682777538895607 -0.0252746157348156 -0.009002447128295893
v 0.006873775273561478 -0.025552615523338318 -0.005442380905151361
v 0.006188774481415749 -0.022897616028785713 -0.03355240821838378
v 0.006188774481415749 -0.022897616028785713 -0.03355240821838378
v 0.009948775172233582 -0.025330614298582077 -0.00016236305236815842
v 0.005793774500489235 -0.021853614598512656 -0.036862373352050774
v 0.005793774500489235 -0.021853614598512656 -0.036862373352050774
v 0.010754775255918503 -0.003377614542841922 -0.04837226867675781
v 0.008144775405526161 -0.013273615390062343 -0.04361224174499512
v 0.007277775555849075 -0.011161614209413539 -0.0458524227142334
v 0.012216774746775627 0.0043953843414783365 -0.05247235298156738
v 0.012216774746775627 0.0043953843414783365 -0.05247235298156738
v 0.014258773997426033 0.007356384769082058 -0.05163240432739258
v 0.014258773997426033 0.007356384769082058 -0.05163240432739258
v 0.016033774241805077 0.010237384587526311 -0.05037236213684082
v 0.017386775463819504 0.012784384191036214 -0.048882246017456055
v 0.018529774621129036 0.015339384786784638 -0.04703235626220703
v 0.019575774669647217 0.01794438436627387 -0.044932365417480476
v 0.02040877565741539 0.020522383973002423 -0.042602300643920905
v 0.02040877565741539 0.020522383973002423 -0.042602300643920905
v 0.006671775132417679 -0.01634761691093446 -0.04365229606628417
v 0.005248775705695152 -0.02051161602139474 -0.04003238677978515
v 0.005248775705695152 -0.02051161602139474 -0.04003238677978515
v 0.02096177451312542 0.022924384102225293 -0.040052413940429694
v 0.03309277445077896 0.009038385003805159 -0.00882244110107422
v 0.03457077592611313 0.006764383986592291 -0.006342411041259767
v 0.03580377623438835 0.007250385358929633 -0.002672433853149416
v 0.045879773795604706 0.0006303843110799792 0.000837564468383789
v 0.04687477648258209 -0.0015066154301166526 0.0034277439117431645
v 0.05194477736949921 -0.007278613746166229 0.001697778701782228
v 0.05194477736949921 -0.007278613746166229 0.001697778701782228
v 0.050068773329257965 -0.0070856139063835135 0.005597591400146486
v 0.050068773329257965 -0.0070856139063835135 0.005597591400146486
v 0.044794775545597076 -0.0016736146062612518 0.0065877437591552734
v 0.04651077464222908 -0.010491617023944851 0.012637615203857424
v 0.0463927760720253 -0.013863615691661831 0.01233768463134766
v 0.0463927760720253 -0.013863615691661831 0.01233768463134766
v 0.042337775230407715 -0.0026156157255172708 0.00903773307800293
v 0.045233774930238724 -0.007407616823911664 0.013667583465576174
v 0.045233774930238724 -0.007407616823911664 0.013667583465576174
v 0.045233774930238724 -0.007407616823911664 0.013667583465576174
v 0.044638775289058685 -0.017228614538908 0.01253771781921387
v 0.032792773097753525 -0.018599614500999447 0.013177633285522464
v 0.035899773240089417 -0.019308615475893017 0.01459765434265137
v 0.04190877452492714 -0.019729614257812497 0.012097597122192388
v 0.04190877452492714 -0.019729614257812497 0.012097597122192388
v 0.0070487745106220245 -0.0262296162545681 -0.0019323825836181582
v 0.0070487745106220245 -0.0262296162545681 -0.0019323825836181582
v 0.023813774809241295 -0.019600614905357357 0.011707544326782232
v 0.021066773682832718 -0.020821616053581234 0.010027647018432622
v 0.026862774044275284 -0.0192166157066822 0.013317584991455082
v 0.018492775037884712 -0.022346615791320797 0.008367776870727544
v 0.018492775037884712 -0.022346615791320797 0.008367776870727544
v 0.015814775601029396 -0.023762617260217667 0.006707668304443365
v 0.015814775601029396 -0.023762617260217667 0.006707668304443365
v 0.012968774884939194 -0.024895615875720978 0.0050575733184814505
v 0.010115774348378181 -0.025974616408348083 0.0033576488494873103
v 0.008574774488806725 -0.006032615900039683 -0.04819226264953613
v 0.010458774864673615 -0.0010736156255006903 -0.050672292709350586
v 0.010458774864673615 -0.0010736156255006903 -0.050672292709350586
v 0.0063767749816179276 -0.008735615760087977 -0.047852277755737305
v 0.009963775053620338 0.0015183854848146322 -0.052782297134399414
v 0.004792774096131325 -0.01919061690568925 -0.043202400207519524
v 0.004792774096131325 -0.01919061690568925 -0.043202400207519524
v 0.027591776102781296 0.02020838484168052 -0.025722265243530277
v 0.02909177541732788 0.018883384764194485 -0.022592306137084964
v 0.03030477464199066 0.017398383468389508 -0.019342422485351566
v 0.031249774619936943 0.01572538539767265 -0.01595234870910645
v 0.026172775775194168 0.021520383656024926 -0.0287623405456543
v 0.02443777397274971 0.022692384198307984 -0.031582355499267585
v 0.03245777636766434 0.014457385055720803 -0.011742353439331058
v 0.02134077437222004 0.02521038427948951 -0.03737235069274903
v 0.023018773645162582 0.023996384814381592 -0.03450226783752442
v 0.03419577330350876 0.012655384838581083 -0.008862257003784183
v 0.0419897735118866 0.004932384938001633 -0.0003323554992675792
v 0.03866277635097504 0.008338384330272673 -0.005172252655029299
v 0.04348677396774292 0.003097385168075562 0.0019876956939697257
v 0.0520077720284462 -0.012680616229772566 0.0041177272796630885
v 0.0520077720284462 -0.012680616229772566 0.0041177272796630885
v 0.0520077720284462 -0.012680616229772566 0.0041177272796630885
v 0.054104775190353394 -0.010190613567829132 0.0004975795745849632
v 0.054104775190353394 -0.010190613567829132 0.0004975795745849632
v 0.054104775190353394 -0.010190613567829132 0.0004975795745849632
v 0.054104775190353394 -0.010190613567829132 0.0004975795745849632
v 0.05278077721595764 -0.009765613824129103 0.004817724227905275
v 0.05278077721595764 -0.009765613824129103 0.004817724227905275
v 0.05278077721595764 -0.009765613824129103 0.004817724227905275
v 0.04175177589058876 -0.0024506151676177952 0.012477636337280273
v 0.04357077553868294 -0.004604615271091458 0.014757633209228517
v 0.03893577307462692 -0.02041361480951309 0.01618766784667969
v 0.04182877391576767 -0.020867615938186642 0.014217615127563482
v 0.02991577424108982 -0.018968615680932995 0.014977693557739261
v 0.02991577424108982 -0.018968615680932995 0.014977693557739261
v 0.003913775086402893 -0.026034615933895115 -0.017892360687255852
v 0.003925774246454239 -0.025993615388870243 -0.021432399749755852
v 0.0038637742400169373 -0.025972615927457813 -0.014342308044433589
v 0.0038657747209072113 -0.025720614939928062 -0.024982452392578118
v 0.00375177338719368 -0.025277614593505866 -0.028542280197143548
v 0.003882773220539093 -0.02611961588263512 -0.010792255401611323
v 0.0036227740347385406 -0.024729616940021522 -0.03208231925964355
v 0.003930773586034775 -0.0263616144657135 -0.007232427597045892
v 0.004061773419380188 -0.02686561644077301 -0.0036923885345458924
v 0.0034367740154266357 -0.024027615785598762 -0.03557229042053222
v 0.0034367740154266357 -0.024027615785598762 -0.03557229042053222
v 0.0034367740154266357 -0.024027615785598762 -0.03557229042053222
v 0.00720677524805069 -0.026884615421295166 0.0015976428985595764
v 0.003030773252248764 -0.022903613746166236 -0.03895235061645507
v 0.003030773252248764 -0.022903613746166236 -0.03895235061645507
v 0.008083775639533997 -0.003657614812254917 -0.05039238929748535
v 0.008083775639533997 -0.003657614812254917 -0.05039238929748535
v 0.0058627743273973465 -0.014331616461277018 -0.04612231254577637
v 0.004815774038434029 -0.0119256153702736 -0.04818224906921387
v 0.011213773861527443 0.00745638459920882 -0.05373239517211914
v 0.009075773879885674 0.004475384950637805 -0.05433225631713867
v 0.009075773879885674 0.004475384950637805 -0.05433225631713867
v 0.013184774667024612 0.010437384247779834 -0.05274224281311035
v 0.014743775129318237 0.013330384157598007 -0.051212310791015625
v 0.016090774908661842 0.01610538363456725 -0.04947233200073243
v 0.017190774902701378 0.01878138445317744 -0.04745244979858399
v 0.018275775015354156 0.021457385271787633 -0.04537224769592286
v 0.018275775015354156 0.021457385271787633 -0.04537224769592286
v 0.01886877417564392 0.023904385045170774 -0.04283237457275391
v 0.004262775182723999 -0.017489615827798854 -0.046182394027709954
v 0.004262775182723999 -0.017489615827798854 -0.046182394027709954
v 0.002706773579120636 -0.021813616156578074 -0.042392253875732415
v 0.002706773579120636 -0.021813616156578074 -0.042392253875732415
v 0.019222775474190712 0.02622738480567931 -0.04010224342346192
v 0.03435077518224716 0.009403385221958159 -0.005182266235351564
v 0.0398617759346962 0.008055385202169418 0.0007677078247070295
v 0.0381917729973793 0.010058384388685226 -0.0015623569488525412
v 0.04440877586603165 0.0009023845195770273 0.004207611083984375
v 0.05233577638864517 -0.013664614409208298 0.00029754638671875304
v 0.05233577638864517 -0.013664614409208298 0.00029754638671875304
v 0.04269977658987045 0.0006923843175172822 0.007437705993652344
v 0.04845977574586868 -0.01234861463308334 0.014557600021362308
v 0.04845977574586868 -0.01234861463308334 0.014557600021362308
v 0.04708077386021614 -0.009617615491151806 0.016067743301391605
v 0.04708077386021614 -0.009617615491151806 0.016067743301391605
v 0.048330776393413544 -0.015516616404056546 0.013397693634033207
v 0.04092777520418167 0.00032738409936428303 0.010437726974487305
v 0.04492277652025223 -0.007167614996433255 0.017197608947753906
v 0.044955775141716 -0.020848616957664486 0.013027667999267583
v 0.044955775141716 -0.020848616957664486 0.013027667999267583
v 0.044955775141716 -0.020848616957664486 0.013027667999267583
v 0.03296377509832382 -0.019462615251541134 0.016537666320800785
v 0.03584577515721321 -0.02042661607265472 0.018057584762573246
v 0.0042027756571769714 -0.027476616203784943 -0.00015234947204589234
v 0.0042027756571769714 -0.027476616203784943 -0.00015234947204589234
v 0.02124277502298355 -0.021201614290475842 0.013447761535644536
v 0.023987773805856705 -0.01998261362314224 0.015067577362060552
v 0.018638774752616882 -0.022730614989995953 0.011817693710327154
v 0.026994775980710983 -0.01953361555933952 0.016677618026733402
v 0.01595277525484562 -0.024197615683078762 0.01018762588500977
v 0.013183774426579475 -0.02547761425375938 0.008547544479370122
v 0.013183774426579475 -0.02547761425375938 0.008547544479370122
v 0.010334774851799011 -0.02663261443376541 0.006847620010375983
v 0.010334774851799011 -0.02663261443376541 0.006847620010375983
v 0.007403774186968803 -0.02759561687707901 0.005127668380737311
v 0.00587877444922924 -0.006373614072799694 -0.05012226104736328
v 0.00587877444922924 -0.006373614072799694 -0.05012226104736328
v 0.007556775584816933 -0.001182615756988537 -0.05257225036621094
v 0.0038497745990753174 -0.009313616901636134 -0.05001235008239746
v 0.0038497745990753174 -0.009313616901636134 -0.05001235008239746
v 0.006785774603486061 0.0015753842890262482 -0.054442405700683594
v 0.006785774603486061 0.0015753842890262482 -0.054442405700683594
v 0.0021357759833335876 -0.020193614065647136 -0.04554224014282226
v 0.02780977450311184 0.02198238484561443 -0.022542238235473636
v 0.026134774088859558 0.023206384852528565 -0.025722265243530277
v 0.029204774647951126 0.020600384101271626 -0.01924228668212891
v 0.03049277514219284 0.01889938488602638 -0.016222238540649418
v 0.031207773834466934 0.01676138490438461 -0.013342380523681644
v 0.02468777447938919 0.024596383795142167 -0.028692245483398444
v 0.0231027752161026 0.025920383632183068 -0.03157234191894532
v 0.03285277634859085 0.01592738553881645 -0.008412361145019535
v 0.01949777454137802 0.02834638394415378 -0.037252426147460944
v 0.02150377444922924 0.027238383889198296 -0.03446245193481446
v 0.036685775965452194 0.010611385107040404 -0.0070223808288574245
v 0.04109577462077141 0.0057643838226795205 0.0030877590179443346
v 0.03639877587556839 0.01199838425964117 -0.0037922859191894557
v 0.04219677299261093 0.0034453850239515318 0.005327701568603515
v 0.05498477444052696 -0.012492615729570389 0.003117561340332034
v 0.05498477444052696 -0.012492615729570389 0.003117561340332034
v 0.05440177395939827 -0.0154116153717041 0.003957748413085941
v 0.05440177395939827 -0.0154116153717041 0.003957748413085941
v 0.0558047741651535 -0.013735614717006683 -0.0005824565887451142
v 0.0558047741651535 -0.013735614717006683 -0.0005824565887451142
v 0.04807177558541298 -0.01907161623239517 0.013427734375000003
v 0.04133077338337898 -0.002196615561842915 0.015947580337524414
v 0.03995977342128754 0.0002963840961456329 0.013727664947509766
v 0.042372774332761765 -0.005003616213798519 0.018117666244506836
v 0.04140477627515793 -0.022858615964651104 0.017477750778198246
v 0.03832777589559555 -0.02251661568880081 0.019177675247192386
v 0.044537775218486786 -0.02299261465668678 0.015797615051269535
v 0.044537775218486786 -0.02299261465668678 0.015797615051269535
v 0.030036775395274162 -0.01946061477065086 0.018307685852050785
v 0.030036775395274162 -0.01946061477065086 0.018307685852050785
v 0.00098477303981781 -0.027093615382909778 -0.019662380218505852
v 0.0009077750146389008 -0.02690161392092705 -0.016112327575683587
v 0.0009447745978832245 -0.026955615729093555 -0.023222446441650384
v 0.0008877739310264587 -0.02684561535716057 -0.012552261352539057
v 0.0009207762777805328 -0.026735614985227592 -0.02681231498718261
v 0.0009347759187221527 -0.026383616030216224 -0.03046226501464843
v 0.0009037740528583527 -0.02696461603045464 -0.008972406387329096
v 0.000859774649143219 -0.025854613631963737 -0.03407239913940429
v 0.000859774649143219 -0.025854613631963737 -0.03407239913940429
v 0.0009907744824886322 -0.027266614139080048 -0.005412340164184564
v 0.0011367760598659515 -0.02782261371612549 -0.001852273941040033
v 0.0006587766110897064 -0.025097616016864784 -0.03765225410461425
v 0.004409775137901306 -0.028345614671707153 0.003357648849487311
v 0.0002707764506340027 -0.02399061620235444 -0.04112243652343749
v 0.005101773887872696 -0.003734614700078976 -0.05199241638183594
v 0.0033327750861644745 -0.015182614326477061 -0.048612356185913086
v 0.0033327750861644745 -0.015182614326477061 -0.048612356185913086
v 0.0023117735981941223 -0.012514613568782817 -0.05059242248535156
v 0.0023117735981941223 -0.012514613568782817 -0.05059242248535156
v 0.0023117735981941223 -0.012514613568782817 -0.05059242248535156
v 0.00793677568435669 0.007568385452032077 -0.055422306060791016
v 0.010087775066494942 0.010559383779764163 -0.054772377014160156
v 0.005752773955464363 0.004593385383486736 -0.0558323860168457
v 0.01188577525317669 0.013580384664237487 -0.05343222618103027
v 0.013387775048613548 0.016514383256435384 -0.05176234245300294
v 0.014562774449586868 0.01934138499200343 -0.04976224899291993
v 0.015807773917913437 0.02216038480401038 -0.047892332077026374
v 0.015807773917913437 0.02216038480401038 -0.047892332077026374
v 0.0164357740432024 0.02465638518333434 -0.045382261276245124
v 0.0164357740432024 0.02465638518333434 -0.045382261276245124
v 0.01707577519118786 0.02714938484132289 -0.042852401733398444
v 0.0012857764959335327 -0.018072616308927546 -0.048332452774047845
v -0.000325225293636322 -0.022459615021944056 -0.044412374496459954
v 0.031165774911642075 0.017796384170651432 -0.010742425918579105
v 0.03459077328443527 0.013966384343802927 -0.005992412567138675
v 0.017369775101542473 0.02934538386762141 -0.04001235961914063
v 0.03765677660703659 0.010972384363412857 0.001957654953002927
v 0.038812775164842606 0.008516384288668634 0.004187583923339842
v 0.036052774637937546 0.013070384971797466 -0.00036239624023437793
v 0.05470677465200424 -0.01751161366701126 0.0005576610565185586
v 0.05470677465200424 -0.01751161366701126 0.0005576610565185586
v 0.05470677465200424 -0.01751161366701126 0.0005576610565185586
v 0.040686774998903275 0.0033493842929601687 0.008547544479370117
v 0.04843077436089516 -0.012010615319013592 0.018667697906494144
v 0.04843077436089516 -0.012010615319013592 0.018667697906494144
v 0.05050477385520935 -0.014248616993427273 0.017257690429687503
v 0.04623577371239662 -0.00967461615800857 0.019667625427246097
v 0.04623577371239662 -0.00967461615800857 0.019667625427246097
v 0.05119277536869049 -0.01735061407089233 0.014457702636718753
v 0.039087776094675064 0.0030503850430250194 0.011637687683105469
v 0.04366777464747429 -0.007574614137411113 0.020537614822387695
v 0.04776877537369728 -0.02276961505413055 0.014057636260986333
v 0.04776877537369728 -0.02276961505413055 0.014057636260986333
v 0.032854773104190826 -0.020321615040302273 0.01988768577575684
v 0.035569775849580765 -0.021617613732814785 0.02131772041320801
v 0.0013097748160362244 -0.028636615723371506 0.001637697219848639
v 0.0013097748160362244 -0.028636615723371506 0.001637697219848639
v 0.021358774974942207 -0.02133461460471153 0.01685762405395508
v 0.01875077560544014 -0.022854615002870556 0.01529765129089356
v 0.024165775626897812 -0.02027661725878715 0.01842761039733887
v 0.016097774729132652 -0.02442161366343498 0.01370763778686524
v 0.027076775208115578 -0.01957561448216438 0.02001762390136719
v 0.027076775208115578 -0.01957561448216438 0.02001762390136719
v 0.013366775587201118 -0.02588061615824699 0.012087583541870122
v 0.010531775653362274 -0.027178615331649777 0.010417699813842779
v 0.0075757745653390884 -0.02818561717867851 0.008697748184204109
v 0.0075757745653390884 -0.02818561717867851 0.008697748184204109
v 0.004537774249911308 -0.028962615877389908 0.0069577693939209045
v 0.004537774249911308 -0.028962615877389908 0.0069577693939209045
v 0.0028887763619422913 -0.006520614027977001 -0.051592350006103516
v 0.00437377393245697 -0.0011216159909963727 -0.05400228500366211
v 0.0009677745401859283 -0.009575616568326962 -0.051772356033325195
v 0.0009677745401859283 -0.009575616568326962 -0.051772356033325195
v 0.003421775996685028 0.0017273854464292403 -0.055692434310913086
v 0.003421775996685028 0.0017273854464292403 -0.055692434310913086
v -0.0008952245116233826 -0.020757615566253673 -0.047612428665161126
v 0.027608774602413177 0.02383838407695293 -0.018392324447631843
v 0.02624477446079254 0.02482238411903381 -0.022712230682373054
v 0.02466777339577675 0.02622838504612445 -0.025692224502563484
v 0.028996774926781654 0.022025384008884426 -0.015692234039306644
v 0.03000577539205551 0.01990038529038429 -0.013112306594848638
v 0.02306177467107773 0.027637384831905358 -0.02852225303649903
v 0.021488774567842484 0.029028384014964097 -0.03141236305236817
v 0.03258177638053894 0.016931384801864624 -0.005042314529418949
v 0.030800774693489075 0.018752384930849075 -0.007422447204589848
v 0.01746177487075329 0.031298384070396416 -0.036982297897338874
v 0.019646774977445602 0.030272385105490678 -0.03424239158630372
v 0.03985977545380592 0.006017385050654413 0.006397724151611326
v 0.03438577428460121 0.015107384882867336 -0.002662420272827152
v 0.05674377456307411 -0.015570614486932755 0.0021176338195800816
v 0.05674377456307411 -0.015570614486932755 0.0021176338195800816
v 0.05711177736520767 -0.017746616154909134 -0.0010123252868652305
v 0.05711177736520767 -0.017746616154909134 -0.0010123252868652305
v 0.05082577466964722 -0.02098261564970016 0.014487743377685552
v 0.03867277503013611 -0.00007361546158790213 0.016887664794921875
v 0.039748772978782654 -0.002868615090847011 0.01900768280029297
v 0.03760477527976036 0.0026803854852914845 0.01474761962890625
v 0.04092377424240112 -0.005574613809585567 0.021307706832885742
v 0.0438767746090889 -0.025149613618850705 0.018627643585205085
v 0.0438767746090889 -0.025149613618850705 0.018627643585205085
v 0.04089577496051788 -0.02447961643338203 0.0205676555633545
v 0.038339775055646896 -0.02292661368846893 0.02270770072937012
v 0.04713677614927292 -0.025110613554716107 0.016927719116210944
v 0.029973775148391724 -0.01990561559796333 0.021617650985717777
v -0.002058226615190506 -0.027869615703821186 -0.017862319946289056
v -0.0019922256469726562 -0.028202615678310398 -0.02139234542846679
v -0.002056226134300232 -0.027800615876913074 -0.01431226730346679
v -0.002047225832939148 -0.028089616447687156 -0.02495241165161132
v -0.00208122655749321 -0.027724616229534153 -0.010722398757934563
v -0.001993224024772644 -0.027840614318847663 -0.028612375259399407
v -0.0018102265894412994 -0.02746661379933358 -0.03239226341247558
v -0.002018224447965622 -0.027962613850831985 -0.007132291793823236
v -0.0018732249736785889 -0.02692461386322976 -0.036072254180908196
v -0.0018732249736785889 -0.02692461386322976 -0.036072254180908196
v -0.0019352249801158905 -0.028167616575956345 -0.003572225570678705
v -0.0017992258071899414 -0.028852615505456924 -0.0000622272491455014
v -0.002211224287748337 -0.025994613766670237 -0.039662361145019524
v 0.0014127753674983978 -0.029255613684654236 0.0052175521850586
v -0.002725224941968918 -0.024697616696357737 -0.0430922508239746
v 0.0019717738032341003 -0.0036996155977249263 -0.05320239067077637
v 0.0007617734372615814 -0.01583561673760415 -0.05114245414733886
v -0.0008112266659736633 -0.012740615755319607 -0.05223226547241211
v -0.0008112266659736633 -0.012740615755319607 -0.05223226547241211
v 0.004537774249911308 0.007714385166764246 -0.05684232711791992
v 0.00676177442073822 0.010681385174393642 -0.056412458419799805
v 0.008694775402545929 0.013695384375751006 -0.055242300033569336
v 0.002207774668931961 0.004829384386539446 -0.056722402572631836
v 0.010499775409698486 0.016732383519411077 -0.0538623332977295
v 0.01184377446770668 0.019676383584737767 -0.05197238922119141
v 0.013080773875117302 0.022600384429097165 -0.050132274627685554
v 0.013080773875117302 0.022600384429097165 -0.050132274627685554
v 0.013950774446129799 0.025309383869171132 -0.04790234565734864
v 0.013950774446129799 0.025309383869171132 -0.04790234565734864
v 0.014508774504065514 0.027796383947134008 -0.04532241821289063
v 0.014903774484992027 0.03010038472712039 -0.042582273483276374
v -0.0015342235565185547 -0.01871061697602273 -0.050632238388061516
v -0.0032782256603240967 -0.023238614201545726 -0.04650235176086425
v 0.029246775433421135 0.020676385611295697 -0.009872436523437505
v 0.015249773859977722 0.03229938447475433 -0.0397324562072754
v 0.036671776324510574 0.011290384456515314 0.0053677558898925755
v 0.0355517752468586 0.013810385018587112 0.003127574920654294
v 0.03741777315735817 0.00851438380777836 0.007427692413330076
v 0.034026775509119034 0.015964385122060776 0.0007777214050292933
v 0.0381917729973793 0.005756383761763574 0.009497642517089842
v 0.047329775989055634 -0.012384615838527674 0.02225756645202637
v 0.047329775989055634 -0.012384615838527674 0.02225756645202637
v 0.047329775989055634 -0.012384615838527674 0.02225756645202637
v 0.049741774797439575 -0.014620617032051081 0.021547555923461918
v 0.052143774926662445 -0.016493614763021466 0.01708769798278809
v 0.044878773391246796 -0.010170616209506983 0.023097753524780277
v 0.0530867725610733 -0.019357614219188687 0.01623773574829102
v 0.036640774458646774 0.005429385229945185 0.012617588043212889
v 0.0420827753841877 -0.008191615343093867 0.023657560348510746
v 0.050502777099609375 -0.024260614067316052 0.015807628631591804
v 0.050502777099609375 -0.024260614067316052 0.015807628631591804
v 0.03280677646398544 -0.02066961675882339 0.023287773132324222
v 0.035764776170253754 -0.02139161527156829 0.024717569351196293
v -0.0017202235758304596 -0.029342614114284515 0.0034976005554199284
v -0.0017202235758304596 -0.029342614114284515 0.0034976005554199284
v 0.021317774429917336 -0.020886614918708798 0.0202476978302002
v 0.01862277463078499 -0.022304616868495938 0.018717765808105472
v 0.015992775559425354 -0.023939616978168484 0.017257690429687507
v 0.024091774597764015 -0.019726615399122235 0.021817684173583988
v 0.013288775458931923 -0.02554061636328697 0.015687704086303718
v 0.02696177363395691 -0.018978614360094067 0.023417711257934574
v 0.02696177363395691 -0.018978614360094067 0.023417711257934574
v 0.01044977456331253 -0.026911616325378414 0.014067649841308599
v 0.00749877467751503 -0.027957614511251446 0.012337684631347663
v 0.004482774063944817 -0.028726615011692044 0.010587692260742194
v 0.0014377757906913757 -0.029365614056587216 0.00882768630981446
v 0.0014377757906913757 -0.029365614056587216 0.00882768630981446
v -0.0002032257616519928 -0.006512615829706204 -0.05276226997375488
v 0.0010357759892940521 -0.000948615372180951 -0.05494236946105957
v 0.0010357759892940521 -0.000948615372180951 -0.05494236946105957
v -0.0021532252430915833 -0.009606614708900464 -0.05313229560852051
v -0.00013022497296333313 0.002014383673667895 -0.05624222755432129
v -0.003878224641084671 -0.021452616900205623 -0.049762248992919915
v 0.025933776050806046 0.02585438452661037 -0.02012228965759278
v 0.026824776083230972 0.024833384901285168 -0.014852285385131841
v 0.02435777522623539 0.027563383802771565 -0.022642374038696296
v 0.022815775126218796 0.02911438420414924 -0.025392293930053718
v 0.02797677367925644 0.022720385342836377 -0.012352228164672857
v 0.021272774785757065 0.030550384894013398 -0.028242349624633796
v 0.019650774076581 0.03195838630199432 -0.031112432479858405
v 0.03215877339243889 0.017785385251045227 -0.0016024112701416055
v 0.030413774773478508 0.019645385444164276 -0.004032373428344731
v 0.02866477519273758 0.021450385451316833 -0.006492376327514653
v 0.01761377416551113 0.033124383538961404 -0.033892393112182624
v 0.015377774834632874 0.034187383949756615 -0.036622285842895515
v 0.051455773413181305 -0.01618561521172523 0.019957542419433597
v 0.05332277715206146 -0.02209861576557159 0.01636767387390137
v 0.035945773124694824 0.002003384754061703 0.01770758628845215
v 0.037019774317741394 -0.0007966160774230913 0.019827604293823242
v 0.03827677667140961 -0.0034246146678924513 0.02211761474609375
v 0.034981776028871536 0.0048613846302032505 0.015637636184692383
v 0.03931977599859238 -0.006210613995790476 0.02435755729675293
v 0.04661477357149124 -0.0266876146197319 0.02029776573181153
v 0.04661477357149124 -0.0266876146197319 0.02029776573181153
v 0.04350677505135536 -0.02621461451053619 0.02215766906738282
v 0.04350677505135536 -0.02621461451053619 0.02215766906738282
v 0.040846776217222214 -0.02471561357378959 0.024197578430175788
v 0.03856077417731285 -0.022720616310834878 0.02617764472961426
v 0.04998777434229851 -0.026260614395141598 0.01872777938842774
v 0.04998777434229851 -0.026260614395141598 0.01872777938842774
v 0.029925774782896042 -0.019231613725423806 0.024787664413452152
v -0.005072224885225296 -0.029000613838434223 -0.019542455673217766
v -0.005095224827528 -0.02855661511421204 -0.016042232513427727
v -0.005086224526166916 -0.029430616647005085 -0.02300238609313964
v -0.005068223923444748 -0.028501614928245548 -0.012472391128540032
v -0.005178224295377731 -0.029422614723443992 -0.02652239799499511
v -0.005040224641561508 -0.028539616614580158 -0.008882284164428704
v -0.0047882236540317535 -0.02896061539649964 -0.0304422378540039
v -0.0044572241604328156 -0.028464615345001228 -0.03439235687255859
v -0.0049982257187366486 -0.028649616986513138 -0.0053124427795410096
v -0.00477222353219986 -0.027672614902257926 -0.03799223899841308
v -0.00477222353219986 -0.027672614902257926 -0.03799223899841308
v -0.004924226552248001 -0.02894461527466774 -0.0017623901367187435
v -0.004865225404500961 -0.029168616980314255 0.0017976760864257878
v -0.005135226994752884 -0.026847615838050853 -0.04160237312316894
v -0.0016632266342639923 -0.029534615576267242 0.007087707519531257
v -0.0016632266342639923 -0.029534615576267242 0.007087707519531257
v -0.005798224359750748 -0.025323614478111277 -0.04498243331909179
v -0.0012552253901958466 -0.0035776160657405975 -0.054012298583984375
v -0.0012552253901958466 -0.0035776160657405975 -0.054012298583984375
v -0.0026122257113456726 -0.01592261716723443 -0.0528724193572998
v -0.0026122257113456726 -0.01592261716723443 -0.0528724193572998
v -0.004057224839925766 -0.012704614549875272 -0.053812265396118164
v 0.0031607747077941895 0.010839384049177158 -0.05752229690551758
v 0.0008667744696140289 0.007922384887933719 -0.05772233009338379
v 0.0053627751767635345 0.01380538474768399 -0.05686235427856445
v 0.00728677399456501 0.016801383346319185 -0.05556225776672364
v -0.0014252252876758575 0.005178384482860552 -0.05704236030578613
v 0.00893777422606945 0.019827384501695623 -0.05391240119934083
v 0.01028977520763874 0.02287338487803935 -0.052232265472412116
v 0.01028977520763874 0.02287338487803935 -0.052232265472412116
v 0.011174775660037994 0.025644384324550618 -0.05009245872497559
v 0.011174775660037994 0.025644384324550618 -0.05009245872497559
v 0.011834774166345596 0.028287384659051885 -0.0476822853088379
v 0.012252774089574814 0.030661385506391515 -0.045002222061157234
v 0.012570774182677269 0.03288838267326354 -0.04217243194580079
v -0.004997223615646362 -0.018753614276647578 -0.052252292633056634
v -0.004997223615646362 -0.018753614276647578 -0.052252292633056634
v -0.00638822466135025 -0.023853614926338206 -0.04845237731933593
v 0.02531377598643303 0.026742383837699887 -0.01719236373901368
v 0.027115773409605026 0.02334838360548019 -0.008982419967651372
v 0.012846775352954865 0.03500238433480262 -0.039242267608642585
v 0.034599773585796356 0.014052384532988073 0.006557703018188473
v 0.03531677648425102 0.011226383969187738 0.00862765312194824
v 0.033414773643016815 0.016528384760022163 0.004277706146240231
v 0.035948775708675385 0.00833038426935673 0.010627746582031248
v 0.03181977570056915 0.01865738444030285 0.0018875598907470662
v 0.04665277525782585 -0.012195616960525507 0.026277542114257816
v 0.04942477494478226 -0.01363061368465423 0.025277614593505863
v 0.04942477494478226 -0.01363061368465423 0.025277614593505863
v 0.05300777405500412 -0.017091616988182064 0.021637678146362308
v 0.05354577302932739 -0.018472615629434582 0.018997669219970707
v 0.04345477372407913 -0.010607615113258357 0.02644777297973633
v 0.05570477247238159 -0.021715614944696423 0.01820755004882813
v 0.034258775413036346 0.007836384698748592 0.013677597045898436
v 0.0404127761721611 -0.008839614689350123 0.026637554168701175
v 0.053388774394989014 -0.024951614439487454 0.017597675323486335
v 0.03311377391219139 -0.019599616527557366 0.026677608489990238
v 0.03646077588200569 -0.021046616137027734 0.027897596359252933
v -0.004823226481676102 -0.0294446162879467 0.005347728729248054
v -0.004823226481676102 -0.0294446162879467 0.005347728729248054
v 0.020986774936318398 -0.019367616623640053 0.023437738418579105
v 0.018247773870825768 -0.020813614130020138 0.021937608718872074
v 0.015546774491667747 -0.022375617176294323 0.02044773101806641
v 0.012863773852586746 -0.024015616625547406 0.018957614898681648
v 0.023809775710105896 -0.01812761649489402 0.025087594985961918
v 0.01009177416563034 -0.025492615997791287 0.017377614974975593
v 0.026677776128053665 -0.016962613910436623 0.02714776992797852
v 0.026677776128053665 -0.016962613910436623 0.02714776992797852
v 0.026677776128053665 -0.016962613910436623 0.02714776992797852
v 0.00725177489221096 -0.026852615177631375 0.015797615051269538
v 0.004321776330471039 -0.027933616191148754 0.014117717742919929
v 0.0012987740337848663 -0.02855461463332176 0.012387752532958991
v -0.0017362236976623535 -0.029032614082098004 0.010637760162353523
v -0.0034612268209457397 -0.0064326152205467346 -0.053522348403930664
v -0.00238022580742836 -0.000608615577220929 -0.055182456970214844
v -0.00238022580742836 -0.000608615577220929 -0.055182456970214844
v -0.005492225289344788 -0.009456615895032895 -0.05405235290527344
v -0.003681223839521408 0.002395384013652789 -0.05630230903625488
v -0.007502224296331406 -0.021131616085767756 -0.050952434539794915
v -0.007502224296331406 -0.021131616085767756 -0.050952434539794915
v 0.02361077442765236 0.02847938425838947 -0.019552230834960944
v 0.025898775085806847 0.025495383888483044 -0.011432409286499029
v 0.024681774899363518 0.027680383995175358 -0.013882398605346687
v 0.022046774625778198 0.03019938431680202 -0.022172451019287116
v 0.020562775433063507 0.03170038387179374 -0.024932384490966804
v 0.019121775403618813 0.03306338563561439 -0.027792453765869148
v 0.017413774505257607 0.0344603843986988 -0.030592441558837898
v 0.03015177510678768 0.02062138542532921 -0.0005922317504882858
v 0.028140775859355927 0.02222338505089283 -0.0030622482299804735
v 0.02633577585220337 0.02396538481116295 -0.005572319030761724
v 0.015285775065422058 0.03565238416194915 -0.033332347869873054
v 0.012777775526046753 0.03652238473296165 -0.03596234321594239
v 0.052445776760578156 -0.015218615531921382 0.024507761001586918
v 0.03431377559900284 0.0013163853436708496 0.020647764205932617
v 0.033296775072813034 0.0041723847389221235 0.01859760284423828
v 0.03551177307963371 -0.0013836156576871822 0.022857666015625
v 0.0364367738366127 -0.004345614463090891 0.02489757537841797
v 0.03252577409148216 0.007185384631156925 0.0166776180267334
v 0.037477776408195496 -0.007070615887641901 0.02722764015197754
v 0.04956177622079849 -0.02744461596012115 0.022187709808349616
v 0.04626677557826042 -0.02743361517786979 0.023867607116699226
v 0.04626677557826042 -0.02743361517786979 0.023867607116699226
v 0.04340377449989319 -0.026358615607023232 0.025907754898071296
v 0.04340377449989319 -0.026358615607023232 0.025907754898071296
v 0.04107377678155899 -0.024234615266323083 0.027807712554931648
v 0.0391937755048275 -0.021390616893768304 0.02949762344360352
v 0.0391937755048275 -0.021390616893768304 0.02949762344360352
v 0.05309577286243439 -0.026952616870403286 0.020437717437744148
v 0.05309577286243439 -0.026952616870403286 0.020437717437744148
v 0.029875773936510086 -0.017795614898204797 0.026677608489990238
v 0.029875773936510086 -0.017795614898204797 0.026677608489990238
v -0.008114226162433624 -0.02960961684584618 -0.017732381820678704
v -0.008142225444316864 -0.030250616371631626 -0.02112245559692382
v -0.008092224597930908 -0.029249615967273716 -0.014212369918823235
v -0.008225224912166595 -0.030819617211818702 -0.024472236633300774
v -0.008057225495576859 -0.029198616743087772 -0.010642290115356438
v -0.008574225008487701 -0.03089361637830735 -0.027792453765869134
v -0.008034225553274155 -0.029237616807222366 -0.007062435150146478
v -0.006945226341485977 -0.029736615717411048 -0.032672405242919915
v -0.0072412267327308655 -0.029327616095542915 -0.03627228736877441
v -0.008000224828720093 -0.029391616582870483 -0.003492355346679681
v -0.007748223841190338 -0.02843061462044717 -0.03980231285095214
v -0.007748223841190338 -0.02843061462044717 -0.03980231285095214
v -0.007989224046468735 -0.029380615800619125 0.0000777244567871159
v -0.007929224520921707 -0.02969861403107643 0.0036277770996093815
v -0.00830022618174553 -0.027250614017248164 -0.043312311172485345
v -0.004820223897695541 -0.029414616525173184 0.008917570114135749
v -0.004820223897695541 -0.029414616525173184 0.008917570114135749
v -0.009042225778102875 -0.02569761499762536 -0.04670238494873046
v -0.004587225615978241 -0.003309614956378949 -0.05427241325378418
v -0.004587225615978241 -0.003309614956378949 -0.05427241325378418
v -0.006223224103450775 -0.015647616237401973 -0.054042339324951165
v -0.006223224103450775 -0.015647616237401973 -0.054042339324951165
v -0.007582224905490875 -0.012362614274024976 -0.054822444915771484
v 0.0016707740724086761 0.013945384882390487 -0.05774235725402832
v -0.0006132237613201141 0.011110384017229068 -0.058092355728149414
v -0.002896226942539215 0.00828338414430617 -0.05790233612060547
v 0.003882773220539093 0.01685538515448569 -0.05697226524353028
v 0.005810774862766266 0.019801385700702653 -0.05550241470336915
v -0.005066223442554474 0.00558938458561896 -0.05684232711791992
v 0.007282774895429611 0.022846383973956098 -0.05392241477966309
v 0.007282774895429611 0.022846383973956098 -0.05392241477966309
v 0.008248774334788322 0.025752384215593328 -0.05202245712280274
v 0.008248774334788322 0.025752384215593328 -0.05202245712280274
v 0.008912775665521622 0.028450384736061086 -0.0497124195098877
v 0.00942777469754219 0.031001385301351537 -0.04725241661071778
v 0.009809775277972221 0.03337838500738143 -0.044552326202392585
v 0.010058775544166565 0.03553438559174537 -0.04165244102478028
v -0.008658226579427719 -0.01838861405849458 -0.05333232879638671
v -0.008658226579427719 -0.01838861405849458 -0.05333232879638671
v -0.009974226355552673 -0.02354261651635171 -0.04970240592956542
v 0.022898774594068527 0.029363384470343586 -0.016372442245483405
v 0.024724774062633514 0.025835383683443066 -0.00809240341186524
v 0.010089775547385216 0.03722338378429412 -0.03845238685607911
v 0.03233877569437027 0.01667238399386406 0.007717609405517575
v 0.03315577656030655 0.013849384151399137 0.009827613830566403
v 0.03349977359175682 0.010753383859992029 0.011637687683105467
v 0.0312647745013237 0.019238384440541267 0.0054175853729248
v 0.029657773673534393 0.021343383938074112 0.002917766571044917
v 0.04747777432203293 -0.01561861485242843 0.029257774353027347
v 0.04439477622509003 -0.013443615287542336 0.02913761138916016
v 0.05020877346396446 -0.015259616076946253 0.02727770805358887
v 0.05020877346396446 -0.015259616076946253 0.02727770805358887
v 0.055775776505470276 -0.0169876143336296 0.023837566375732425
v 0.055720776319503784 -0.019579615443944928 0.021037578582763675
v 0.04134177416563034 -0.011639613658189767 0.029177665710449222
v 0.05663877725601196 -0.025396615266799923 0.01901769638061524
v 0.031829774379730225 0.010212384164333347 0.014737606048583983
v 0.03835177421569824 -0.009933616966009133 0.029557704925537113
v 0.0359087735414505 -0.018634613603353493 0.028767585754394535
v 0.0359087735414505 -0.018634613603353493 0.028767585754394535
v 0.032621774822473526 -0.01695361360907554 0.02875757217407227
v 0.032621774822473526 -0.01695361360907554 0.02875757217407227
v -0.009291224181652069 -0.030777614563703544 -0.030972242355346673
v -0.0079142265021801 -0.029739614576101303 0.007197618484497077
v -0.0079142265021801 -0.029739614576101303 0.007197618484497077
v -0.0079142265021801 -0.029739614576101303 0.007197618484497077
v 0.017882775515317917 -0.0190456137061119 0.02501773834228516
v 0.020650774240493774 -0.01746361702680587 0.02646756172180176
v 0.020650774240493774 -0.01746361702680587 0.02646756172180176
v 0.015147775411605835 -0.020617615431547158 0.02355766296386719
v 0.012402774766087532 -0.022166617214679715 0.022047758102416996
v 0.00968177430331707 -0.023792617022991177 0.020577669143676765
v 0.02347877435386181 -0.016054615378379815 0.028157711029052738
v 0.02347877435386181 -0.016054615378379815 0.028157711029052738
v 0.006892774254083633 -0.025259613990783688 0.019057750701904304
v 0.02959277480840683 -0.015500616282224648 0.029147624969482425
v 0.0040167756378650665 -0.0263846144080162 0.01740765571594239
v 0.0010977759957313538 -0.02747261524200439 0.015807628631591804
v -0.001868225634098053 -0.028347615152597424 0.014167547225952155
v -0.004865225404500961 -0.029136616736650463 0.012487649917602546
v -0.006779223680496216 -0.00620161369442941 -0.054012298583984375
v -0.006779223680496216 -0.00620161369442941 -0.054012298583984375
v -0.005753226578235626 -0.00016861595213414456 -0.054842233657836914
v -0.00893622636795044 -0.009057614952325833 -0.054772377014160156
v -0.007085226476192474 0.0029223840683698533 -0.05556225776672363
v -0.011102225631475449 -0.020979616791009913 -0.052402257919311516
v -0.011102225631475449 -0.020979616791009913 -0.052402257919311516
v 0.021209774538874626 0.031167384237051007 -0.018882274627685554
v 0.0234367735683918 0.027960384264588353 -0.010562419891357429
v 0.022034775465726852 0.030021384358406063 -0.013042449951171882
v 0.01947077549993992 0.03289338573813438 -0.02151226997375489
v 0.01811477541923523 0.03420738503336906 -0.024322271347045905
v 0.016917774453759193 0.035331383347511285 -0.02722239494323731
v 0.014699773862957954 0.03638338297605514 -0.029882431030273444
v 0.02760477364063263 0.022937383502721786 0.00042772293090819803
v 0.02558477595448494 0.02451038360595703 -0.0021023750305175838
v 0.02377377450466156 0.026251384988427162 -0.0046422481536865295
v 0.012579774484038353 0.03768938407301902 -0.032542228698730476
v 0.009956775233149529 0.03854438662528991 -0.035102367401123054
v 0.053541772067546844 -0.017351616173982613 0.027397632598876957
v 0.053541772067546844 -0.017351616173982613 0.027397632598876957
v 0.058250777423381805 -0.022305615246295925 0.020237684249877933
v 0.03170577436685562 0.003509385511279111 0.021587610244750977
v 0.03266477584838867 0.0005683843046426825 0.02352762222290039
v 0.03074977546930313 0.006427384912967686 0.01958775520324707
v 0.03363177552819252 -0.0023846160620450917 0.025487661361694336
v 0.03446177393198013 -0.00544061511754989 0.027417659759521484
v 0.030078774318099022 0.009530384093523029 0.017757654190063473
v 0.03537077456712723 -0.008286613970994942 0.02985763549804688
v 0.052585773169994354 -0.027907613664865487 0.023967742919921882
v 0.052585773169994354 -0.027907613664865487 0.023967742919921882
v 0.04928077384829521 -0.027644615620374673 0.025677680969238288
v 0.046195775270462036 -0.02752361446619033 0.027627706527709968
v 0.046195775270462036 -0.02752361446619033 0.027627706527709968
v 0.043790772557258606 -0.02553161606192588 0.029507637023925788
v 0.043790772557258606 -0.02553161606192588 0.029507637023925788
v 0.04216677322983742 -0.02275161445140838 0.031237602233886722
v 0.04216677322983742 -0.02275161445140838 0.031237602233886722
v 0.03867277503013611 -0.017118614166975014 0.03027772903442383
v 0.05612277239561081 -0.027496613562107083 0.0223376750946045
v -0.011156223714351654 -0.02994361519813538 -0.015942335128784173
v -0.01118522509932518 -0.03070861473679543 -0.019392251968383782
v -0.011294223368167877 -0.03137061372399331 -0.02269244194030761
v -0.011110223829746246 -0.029760614037513736 -0.012382268905639641
v -0.011504225432872772 -0.03182461485266686 -0.02578234672546386
v -0.011064223945140839 -0.029839616268873218 -0.008812427520751946
v -0.01188722625374794 -0.03191961720585824 -0.028992414474487298
v -0.011052224785089493 -0.029920615255832672 -0.005242347717285149
v -0.009748224169015884 -0.030749615281820304 -0.034422397613525384
v -0.01029922440648079 -0.02991361543536187 -0.03790235519409179
v -0.011043224483728409 -0.029984615743160248 -0.0016722679138183527
v -0.01085122674703598 -0.028863616287708293 -0.041452407836914056
v -0.01085122674703598 -0.028863616287708293 -0.041452407836914056
v -0.011010225862264633 -0.030142616480588913 0.001887559890747077
v -0.011005226522684097 -0.03016161546111107 0.005457639694213874
v -0.011005226522684097 -0.03016161546111107 0.005457639694213874
v -0.011640224605798721 -0.02739061415195466 -0.044792413711547845
v 0.02636377513408661 -0.014448616653680794 0.02985763549804688
v -0.0079142265021801 -0.029650613665580746 0.010767698287963874
v -0.012578226625919342 -0.025601614266633998 -0.0481123924255371
v -0.007909223437309265 -0.002936614677310002 -0.05414223670959473
v -0.007909223437309265 -0.002936614677310002 -0.05414223670959473
v -0.009889226406812668 -0.015224616974592221 -0.05498242378234863
v -0.011239226907491684 -0.011782616376876843 -0.05530238151550293
v -0.002158224582672119 0.014266384765505779 -0.05805230140686035
v 0.00008777529001235962 0.01696938462555407 -0.05771231651306153
v -0.004420224577188492 0.011529384180903423 -0.05800223350524902
v -0.006620224565267563 0.008752385154366481 -0.05745244026184082
v 0.002325773239135742 0.019664384424686418 -0.05675244331359864
v 0.004271775484085083 0.0226633846759796 -0.05540227890014649
v 0.004271775484085083 0.0226633846759796 -0.05540227890014649
v -0.00856422632932663 0.006086384877562511 -0.0561223030090332
v 0.005265774205327034 0.025641385465860356 -0.05373239517211915
v 0.005265774205327034 0.025641385465860356 -0.05373239517211915
v 0.005900774151086807 0.02840038388967513 -0.051562309265136726
v 0.0063667744398117065 0.030950384214520444 -0.049142360687255866
v 0.006794774904847145 0.03351238369941711 -0.04665231704711915
v 0.007080774754285812 0.035790383815765374 -0.04386234283447266
v 0.007175775244832039 0.037621386349201195 -0.040742397308349616
v -0.01235322654247284 -0.01789061725139619 -0.054172277450561516
v -0.013619225472211838 -0.02309461683034898 -0.05067229270935058
v -0.013619225472211838 -0.02309461683034898 -0.05067229270935058
v 0.020372774451971054 0.03188738599419594 -0.015562295913696296
v 0.02228977531194687 0.028262384235858917 -0.0071523189544677795
v 0.007086774334311485 0.03902038559317588 -0.03742241859436036
v 0.030167775228619576 0.019338384270668033 0.008927583694458004
v 0.031037773936986923 0.01648938469588757 0.01106762886047363
v 0.031662773340940475 0.013485384173691276 0.013097763061523434
v 0.028801774606108665 0.021697385236620903 0.006477594375610346
v 0.027028774842619896 0.02360738441348076 0.003937721252441401
v 0.050648774951696396 -0.017726615071296685 0.02985763549804688
v 0.044624775648117065 -0.0168556161224842 0.031137704849243168
v 0.04158977419137955 -0.01517661660909652 0.030397653579711918
v 0.057764776051044464 -0.018504615873098366 0.026057720184326175
v 0.05866777524352074 -0.019287616014480587 0.02263760566711426
v 0.03858477622270584 -0.013441614806652062 0.030117750167846683
v 0.05944877490401268 -0.025559615343809124 0.02132773399353028
v 0.02951277419924736 0.012636384926736358 0.01590776443481445
v 0.03554477542638779 -0.011806614696979516 0.030387639999389652
v 0.035628773272037506 -0.015307616442441933 0.029867649078369144
v 0.04181477427482605 -0.018845614045858376 0.031077623367309574
v 0.03260377421975136 -0.013722617179155343 0.030087709426879886
v -0.012399226427078247 -0.0316816158592701 -0.03239226341247558
v -0.010967224836349487 -0.030258614569902417 0.009037733078002937
v -0.010967224836349487 -0.030258614569902417 0.009037733078002937
v 0.014792773872613907 -0.0187506154179573 0.02658772468566895
v 0.017542773857712746 -0.01707161590456962 0.02794766426086426
v 0.017542773857712746 -0.01707161590456962 0.02794766426086426
v 0.02030077576637268 -0.015201617032289498 0.029147624969482425
v 0.012030774727463722 -0.02037061378359794 0.025157690048217777
v 0.009293774142861366 -0.02201461419463157 0.023727655410766605
v 0.00651177391409874 -0.023521617054939267 0.022217750549316413
v 0.023141775280237198 -0.01347361505031585 0.030507564544677738
v 0.00371677428483963 -0.025007616728544232 0.020727634429931648
v 0.02946477383375168 -0.01233661547303199 0.030657768249511722
v 0.0008477754890918732 -0.026210613548755642 0.019167661666870124
v -0.0020462237298488617 -0.02737561613321304 0.017617702484130866
v -0.004992224276065826 -0.028347615152597424 0.015977621078491218
v -0.007965225726366043 -0.029209613800048825 0.01431775093078614
v -0.010141223669052124 -0.0057486146688461425 -0.05413222312927246
v -0.010141223669052124 -0.0057486146688461425 -0.05413222312927246
v -0.008978225290775299 0.00027338415384291404 -0.054032325744628906
v -0.012510225176811218 -0.008346617221832288 -0.05498242378234863
v -0.01029922440648079 0.003473384305834758 -0.05442237854003906
v -0.014792226254940033 -0.020235616713762294 -0.052742242813110345
v 0.018706774339079857 0.03385938331484794 -0.018102407455444343
v 0.020847775042057037 0.0302863847464323 -0.009672403335571296
v 0.01927277445793152 0.03224438428878784 -0.01219224929809571
v 0.016583774238824844 0.03566638380289077 -0.020642280578613288
v 0.016597773879766464 0.03556138277053832 -0.023892402648925788
v 0.014463774859905243 0.03725838661193847 -0.026502370834350593
v 0.01220177486538887 0.03851038590073585 -0.02913236618041993
v 0.02504977583885193 0.0252583846449852 0.0013875961303710881
v 0.02298177406191826 0.02675638534128666 -0.001162290573120123
v 0.021217774599790573 0.02855038456618786 -0.003692388534545905
v 0.0096327755600214 0.039384383708238595 -0.031652450561523444
v 0.006843775510787964 0.04002138227224349 -0.034022331237792976
v 0.0475887730717659 -0.018797613680362694 0.03129768371582032
v 0.053631775081157684 -0.019642613828182214 0.03072762489318848
v 0.053631775081157684 -0.019642613828182214 0.03072762489318848
v 0.0568377748131752 -0.019216615706682198 0.029037714004516605
v 0.06105177477002144 -0.022210616618394848 0.022287607192993168
v 0.029002774506807327 0.005610384047031408 0.022467613220214844
v 0.029896775260567665 0.0025813840329647116 0.024307727813720703
v 0.03084477409720421 -0.00041261501610278503 0.026167631149291992
v 0.02814377471804619 0.008635384961962705 0.020557641983032223
v 0.031669773161411285 -0.0035246144980192124 0.02796769142150879
v 0.03250877559185028 -0.006527613848447793 0.030057668685913086
v 0.027460774406790733 0.011741384863853458 0.018737554550170895
v 0.03261277452111244 -0.01019561663269996 0.030777692794799808
v 0.05531277507543564 -0.028826616704463952 0.02598762512207032
v 0.05531277507543564 -0.028826616704463952 0.02598762512207032
v 0.05226077511906624 -0.027768615633249276 0.02759766578674317
v 0.04925277456641197 -0.027058616280555718 0.029247760772705085
v 0.04658477380871773 -0.02655361592769622 0.031107664108276374
v 0.04658477380871773 -0.02655361592769622 0.031107664108276374
v 0.04517977684736252 -0.023802615702152245 0.03203773498535157
v 0.04517977684736252 -0.023802615702152245 0.03203773498535157
v 0.044635772705078125 -0.02049861475825309 0.03191757202148438
v 0.058932773768901825 -0.027945615351200097 0.024557590484619148
v -0.014247223734855652 -0.030644614249467853 -0.017702341079711907
v -0.01417822390794754 -0.030264616012573246 -0.01413226127624511
v -0.014355223625898361 -0.03161261603236199 -0.021202325820922845
v -0.014520224183797836 -0.032247614115476615 -0.024252414703369134
v -0.014132224023342133 -0.030240613967180256 -0.01055240631103515
v -0.014736223965883255 -0.032567616552114494 -0.02672243118286132
v -0.014100223779678345 -0.030443616211414337 -0.0069823265075683524
v -0.015112224966287613 -0.03263061493635178 -0.03026223182678222
v -0.014106225222349167 -0.030513614416122437 -0.003422260284423821
v -0.012879226356744766 -0.031229615211486823 -0.03588223457336425
v -0.013418223708868027 -0.030416615307331096 -0.039372444152832024
v -0.014083225280046463 -0.030686616897583008 0.00013756752014160837
v -0.014169223606586456 -0.028912615031003962 -0.04270243644714355
v -0.014169223606586456 -0.028912615031003962 -0.04270243644714355
v -0.014031223952770233 -0.030983615666627884 0.0037076473236084054
v -0.014012224972248077 -0.030966617166996002 0.0072977542877197335
v -0.014012224972248077 -0.030966617166996002 0.0072977542877197335
v -0.015074227005243301 -0.027275614440441142 -0.04598236083984374
v 0.025955773890018463 -0.011417616158723824 0.031377553939819336
v -0.010953225195407867 -0.030122615396976467 0.012627601623535163
v -0.01612522453069687 -0.024887613952159892 -0.04865241050720214
v -0.011130224913358688 -0.0024826154112815974 -0.05346226692199707
v -0.011130224913358688 -0.0024826154112815974 -0.05346226692199707
v -0.013668224215507507 -0.014463614672422421 -0.05509233474731445
v -0.014937225729227066 -0.010932616889476788 -0.05514240264892578
v -0.005912225693464279 0.014831384643912303 -0.057732343673706055
v -0.003704223781824112 0.017448384314775453 -0.05780243873596192
v -0.0014782249927520752 0.019869385287165628 -0.05738234519958497
v -0.00808122381567955 0.012093384750187385 -0.0573422908782959
v -0.010147225111722946 0.009301384910941112 -0.05651235580444336
v 0.0009317733347415924 0.022137384861707674 -0.0565023422241211
v 0.0022767744958400726 0.025078384205698953 -0.05483245849609376
v 0.0022767744958400726 0.025078384205698953 -0.05483245849609376
v -0.011900223791599274 0.0066183842718601105 -0.05492234230041504
v 0.0028297752141952515 0.02796238474547862 -0.05309224128723145
v 0.003240775316953659 0.030651384964585294 -0.05086231231689454
v 0.0036047734320163727 0.033215384930372224 -0.04841232299804688
v 0.0038817748427391052 0.0355473831295967 -0.04569244384765626
v 0.004097774624824524 0.0376443862915039 -0.04277229309082032
v 0.004097774624824524 0.03922238573431968 -0.03953242301940919
v -0.01608922705054283 -0.016909614205360423 -0.05401229858398437
v -0.017312224954366684 -0.02226061373949052 -0.05096244812011718
v -0.017312224954366684 -0.02226061373949052 -0.05096244812011718
v 0.01755177415907383 0.0341033861041069 -0.014732360839843757
v 0.019763775169849396 0.03061438538134098 -0.006242275238037116
v 0.003955774009227753 0.04044338315725326 -0.0361924171447754
v 0.02770877443253994 0.02180738374590874 0.010017633438110346
v 0.028485774993896484 0.018911384046077732 0.01218771934509277
v 0.028934774920344353 0.015730384737253193 0.014017581939697262
v 0.02645077556371689 0.024235384538769722 0.007537603378295893
v 0.024682775139808655 0.02614738419651985 0.004897594451904291
v 0.050527773797512054 -0.02046761661767959 0.032227754592895515
v 0.06034177541732788 -0.018727615475654595 0.02801775932312012
v 0.06126277521252632 -0.019477616995573037 0.024777650833129886
v 0.06206877529621124 -0.025547616183757775 0.02372765541076661
v 0.026861775666475296 0.014851384796202186 0.01688766479492187
v -0.015566226094961166 -0.03231561556458474 -0.03378224372863769
v -0.013989225029945374 -0.030887614935636517 0.010897636413574226
v 0.01167377457022667 -0.018407616764307015 0.028147697448730472
v 0.01167377457022667 -0.018407616764307015 0.028147697448730472
v 0.014446774497628212 -0.01672661677002906 0.02949762344360352
v 0.014446774497628212 -0.01672661677002906 0.02949762344360352
v 0.017178773880004883 -0.014792613685131066 0.030587673187255863
v 0.019954774528741837 -0.012732613831758492 0.03158760070800781
v 0.00890977494418621 -0.020100615918636315 0.02676773071289063
v 0.006159774959087372 -0.021787613630294793 0.025367736816406253
v 0.00339377298951149 -0.023423615843057626 0.023957729339599613
v 0.02268277481198311 -0.01037961617112159 0.03214764595031738
v 0.0005947761237621307 -0.024925615638494488 0.022507667541503913
v 0.028001774102449417 -0.009846616536378854 0.031357765197753906
v -0.002251226454973221 -0.026269614696502682 0.020997762680053718
v -0.005117226392030716 -0.027554616332054135 0.01946759223937989
v -0.008040226995944977 -0.028631616383790966 0.017847776412963874
v -0.011009223759174347 -0.02955461665987968 0.01617765426635743
v -0.013478226959705353 -0.00516861677169801 -0.05368232727050781
v -0.013478226959705353 -0.00516861677169801 -0.05368232727050781
v -0.012154225260019302 0.0007813852280378223 -0.053052425384521484
v -0.016035225242376328 -0.007448613643646252 -0.0546722412109375
v -0.016035225242376328 -0.007448613643646252 -0.0546722412109375
v -0.013393227010965347 0.004023384302854526 -0.052982330322265625
v -0.018435224890708923 -0.019074615091085444 -0.05241227149963378
v 0.01566077396273613 0.03594238311052322 -0.017242431640625007
v 0.018244775012135506 0.032611384987831116 -0.008782386779785163
v 0.016503775492310524 0.03441738337278366 -0.011312246322631843
v 0.014171775430440903 0.03761038556694984 -0.023132324218750007
v 0.011788774281740189 0.03904438391327857 -0.02568244934082032
v 0.009217774495482445 0.03997638449072837 -0.02817225456237794
v 0.022652775049209595 0.027756385505199432 0.0022776126861572205
v 0.020070774480700493 0.0286753848195076 -0.00020241737365723293
v 0.018800774589180946 0.031013384461402893 -0.0027823448181152413
v 0.006482774391770363 0.04063338413834571 -0.030542373657226573
v 0.003598775714635849 0.04117138683795928 -0.032772302627563484
v 0.04751277342438698 -0.02169061452150344 0.033347606658935554
v 0.05645177513360977 -0.02038361504673957 0.0326375961303711
v 0.05645177513360977 -0.02038361504673957 0.0326375961303711
v 0.053402774035930634 -0.02164561673998832 0.033927679061889655
v 0.05964277684688568 -0.019308615475893014 0.031397581100463874
v 0.06363577395677567 -0.02219161391258239 0.024847745895385746
v 0.027012774720788002 0.0044803842902183585 0.02507758140563965
v 0.026257775723934174 0.007661385461688047 0.02332758903503418
v 0.027907773852348328 0.0013783853501081525 0.026787757873535156
v 0.028794774785637856 -0.0017136149108409819 0.028427600860595703
v 0.025484774261713028 0.010780384764075284 0.02152776718139648
v 0.029729774221777916 -0.0047396160662174155 0.03009772300720215
v 0.03004777431488037 -0.008275616914033883 0.031337738037109375
v 0.02470477484166622 0.01381138432770968 0.01964759826660156
v 0.0580957755446434 -0.02938361465930938 0.028237581253051765
v 0.0580957755446434 -0.02938361465930938 0.028237581253051765
v 0.05480077490210533 -0.028783615678548806 0.02972769737243653
v 0.05480077490210533 -0.028783615678548806 0.02972769737243653
v 0.051910772919654846 -0.02754061669111251 0.031307697296142585
v 0.049143776297569275 -0.027072615921497338 0.03286767005920411
v 0.04799077659845352 -0.024797614663839333 0.03359770774841309
v 0.04799077659845352 -0.024797614663839333 0.03359770774841309
v 0.04799077659845352 -0.024797614663839333 0.03359770774841309
v 0.061507776379585266 -0.027726616710424416 0.027067661285400398
v -0.017257224768400192 -0.03057561442255974 -0.01592230796813964
v -0.01737222447991371 -0.03127161413431168 -0.019612312316894524
v -0.01721622422337532 -0.030389614403247837 -0.012282371520996087
v -0.01761622354388237 -0.03226661682128907 -0.023672342300415032
v -0.01718122512102127 -0.03070161491632462 -0.00871229171752929
v -0.018039226531982422 -0.0329246148467064 -0.027902364730834954
v -0.017190225422382355 -0.03086761385202408 -0.00517225265502929
v -0.018414225429296494 -0.03273161500692368 -0.031552314758300774
v -0.017172224819660187 -0.03113861382007599 -0.0016224384307861259
v -0.016068223863840103 -0.031493615359067924 -0.03719234466552734
v -0.01668822392821312 -0.030239615589380275 -0.0404822826385498
v -0.017155226320028305 -0.03132861480116844 0.001947641372680671
v -0.01750822365283966 -0.028396613895893107 -0.043492317199707024
v -0.01750822365283966 -0.028396613895893107 -0.043492317199707024
v -0.01712922379374504 -0.03145061433315277 0.005547761917114265
v -0.01712922379374504 -0.03145061433315277 0.005547761917114265
v -0.017016224563121796 -0.03176761418581009 0.009167671203613288
v -0.018549226224422455 -0.02636561542749406 -0.0463724136352539
v 0.025227773934602737 -0.008207615464925759 0.03206777572631836
v -0.013985224068164825 -0.030532617121934887 0.014507770538330085
v -0.019689224660396576 -0.023873616009950648 -0.04876232147216796
v -0.019689224660396576 -0.023873616009950648 -0.04876232147216796
v -0.014239225536584854 -0.0019816160202026484 -0.05241227149963379
v -0.014239225536584854 -0.0019816160202026484 -0.05241227149963379
v -0.017325226217508316 -0.013427615165710461 -0.054552316665649414
v -0.018469225615262985 -0.009988617151975644 -0.05427241325378418
v -0.018469225615262985 -0.009988617151975644 -0.05427241325378418
v -0.009420223534107208 0.015483384951949107 -0.056832313537597656
v -0.007239226251840591 0.018181383609771715 -0.05722236633300782
v -0.004983223974704742 0.020697385072708116 -0.057212352752685554
v -0.0027032233774662018 0.022801384329795824 -0.05670237541198731
v -0.0027032233774662018 0.022801384329795824 -0.05670237541198731
v -0.011437226086854935 0.012710385024547565 -0.05592226982116699
v -0.013311225920915604 0.009919384494423854 -0.05479240417480469
v -0.0003292262554168701 0.024194383993744836 -0.05579233169555665
v -0.0003292262554168701 0.024194383993744836 -0.05579233169555665
v -0.00021022558212280273 0.027101384475827207 -0.05424237251281739
v -0.014949224889278412 0.007179385051131236 -0.0531923770904541
v 0.00005177408456802368 0.02988138422369956 -0.052232265472412116
v 0.0003547742962837219 0.032628383487462984 -0.0500023365020752
v 0.0006427764892578125 0.03514738380908965 -0.047442436218261726
v 0.0008747763931751251 0.03730938583612441 -0.04454231262207032
v 0.001011773943901062 0.03895938396453857 -0.04131245613098145
v 0.0009977743029594421 0.04043138399720191 -0.03804230690002442
v -0.0194622240960598 -0.015604615211486829 -0.05301237106323242
v -0.0194622240960598 -0.015604615211486829 -0.05301237106323242
v -0.020770225673913956 -0.02091461420059205 -0.050482273101806634
v 0.014709774404764175 0.036241382360458374 -0.01383233070373536
v 0.013539774343371391 0.03770338371396064 -0.01976227760314942
v 0.017573773860931396 0.033289384096860886 -0.005312442779541023
v 0.0006357729434967041 0.04144038259983062 -0.03477239608764649
v 0.025759775191545486 0.02109838463366032 0.013137578964233393
v 0.02503977343440056 0.024026384577155117 0.010967731475830073
v 0.026284774765372276 0.017981383949518207 0.015077590942382809
v 0.023814775049686432 0.0264543853700161 0.008437633514404292
v 0.022113773971796036 0.02840738371014595 0.005807638168334955
v 0.050384774804115295 -0.02307061478495597 0.0347275733947754
v 0.06300777196884155 -0.018220614641904824 0.03030776977539063
v 0.06375077366828918 -0.01958461478352546 0.027177572250366214
v 0.06445777416229248 -0.025228615850210183 0.02661776542663575
v 0.02398877590894699 0.01686438545584679 0.017757654190063473
v -0.018837224692106247 -0.03230161592364312 -0.03505229949951171
v -0.016998223960399628 -0.03146861493587494 0.012797594070434577
v 0.011344775557518005 -0.016377616673707955 0.03108763694763184
v 0.011344775557518005 -0.016377616673707955 0.03108763694763184
v 0.00857277400791645 -0.01816261559724807 0.02976775169372559
v 0.00857277400791645 -0.01816261559724807 0.02976775169372559
v 0.014074774459004402 -0.014426615089178078 0.03217768669128418
v 0.016759775578975677 -0.012231614440679543 0.03287768363952637
v 0.01944577507674694 -0.009601615369319909 0.033127546310424805
v 0.005832774564623833 -0.020012617111206048 0.028477668762207035
v 0.0030387751758098602 -0.021650616079568856 0.02705764770507813
v 0.0002707764506340027 -0.023325614631175988 0.025697708129882816
v 0.022131774574518204 -0.007033616304397576 0.03288769721984863
v -0.002496223896741867 -0.024976614862680428 0.02432775497436524
v 0.027549773454666138 -0.006331615149974816 0.03161764144897461
v -0.005321227014064789 -0.026411615312099453 0.022857666015625007
v -0.008188225328922272 -0.027708616107702252 0.02130770683288575
v -0.011071223765611649 -0.028952617198228833 0.01971769332885743
v -0.013976223766803741 -0.030126616358757016 0.01809763908386231
v -0.016762226819992065 -0.004408616572618497 -0.052782297134399414
v -0.016762226819992065 -0.004408616572618497 -0.052782297134399414
v -0.016762226819992065 -0.004408616572618497 -0.052782297134399414
v -0.015187226235866547 0.0012833848595619087 -0.05169224739074707
v -0.01939922571182251 -0.006645616143941891 -0.05321240425109863
v -0.016373224556446075 0.004527384415268887 -0.05134224891662598
v -0.021726224571466446 -0.01765061542391778 -0.05152225494384765
v -0.021726224571466446 -0.01765061542391778 -0.05152225494384765
v 0.012730775400996208 0.03794238343834876 -0.01634240150451661
v 0.015852775424718857 0.03514538332819939 -0.007852315902709968
v 0.014009775593876839 0.03686238452792168 -0.010392427444458016
v 0.011267775669693947 0.03929438441991805 -0.022252321243286143
v 0.008771775290369987 0.04044238477945327 -0.0247023105621338
v 0.006096774712204933 0.04114138334989547 -0.0270524024963379
v 0.019914774224162102 0.029814384877681732 0.0032577514648437435
v 0.018032774329185486 0.03155238553881645 0.0007076263427734305
v 0.01672777533531189 0.03376738354563713 -0.0018322467803955154
v 0.003238774836063385 0.04164538532495498 -0.02929234504699708
v 0.00022277608513832092 0.041932385414838784 -0.03139233589172364
v 0.056001774966716766 -0.022011615335941308 0.03615760803222657
v 0.059137776494026184 -0.020556613802909844 0.03485774993896485
v 0.059137776494026184 -0.020556613802909844 0.03485774993896485
v 0.05284077674150467 -0.024066615849733346 0.03713774681091309
v 0.062238775193691254 -0.01902161538600921 0.03377771377563477
v 0.06622477620840073 -0.02217061445116996 0.027537584304809574
v 0.025016773492097855 0.00321138463914395 0.02762770652770996
v 0.024164773523807526 0.006396384909749037 0.026057720184326172
v 0.02340877428650856 0.009613385424017911 0.024277687072753903
v 0.025906775146722794 0.00005738437175751378 0.029087543487548828
v 0.02687477506697178 -0.002997616305947297 0.03065776824951172
v 0.022597774863243103 0.012690384872257715 0.02226758003234863
v 0.021784774959087372 0.01572038419544697 0.020467758178710934
v 0.05735577642917633 -0.029506616294383996 0.03191757202148438
v 0.05735577642917633 -0.029506616294383996 0.03191757202148438
v 0.06062077730894089 -0.028609614819288247 0.030587673187255866
v 0.05418877303600311 -0.028711616992950433 0.03364777565002442
v 0.05106877535581589 -0.027251616120338433 0.035317659378051765
v 0.05106877535581589 -0.027251616120338433 0.035317659378051765
v 0.06381877511739731 -0.02725661545991897 0.029647588729858405
v -0.020359225571155548 -0.030914615839719776 -0.01767230033874511
v -0.020284224301576614 -0.030555617064237598 -0.014002323150634759
v -0.020502224564552307 -0.031736616045236594 -0.021542310714721673
v -0.020259223878383636 -0.030741617083549503 -0.010412454605102532
v -0.020858224481344223 -0.032546617090702064 -0.02547240257263183
v -0.020262226462364197 -0.031149614602327347 -0.006912231445312493
v -0.02132822573184967 -0.03284061700105668 -0.029252290725708
v -0.0202542245388031 -0.03162061423063278 -0.003422260284423821
v -0.02172822505235672 -0.03240961581468583 -0.03286242485046386
v -0.02024022489786148 -0.031938616186380386 0.00012755393981934304
v -0.019287224858999252 -0.03103661537170411 -0.03816223144531249
v -0.01992722600698471 -0.029700614511966716 -0.041162252426147454
v -0.020210225135087967 -0.03217961639165878 0.003717660903930671
v -0.020210225135087967 -0.03217961639165878 0.003717660903930671
v -0.020864225924015045 -0.027541615068912517 -0.043872356414794915
v -0.020864225924015045 -0.027541615068912517 -0.043872356414794915
v -0.02013922482728958 -0.032370615750551224 0.0073876380920410226
v -0.02004922553896904 -0.032346613705158234 0.011087656021118171
v -0.02202422544360161 -0.025288615375757228 -0.04641222953796386
v 0.02475077472627163 -0.004684615880250924 0.03239774703979492
v -0.016911223530769348 -0.03126061707735061 0.016437768936157234
v -0.023121226578950882 -0.022533614188432704 -0.048352241516113274
v -0.023121226578950882 -0.022533614188432704 -0.048352241516113274
v -0.023121226578950882 -0.022533614188432704 -0.048352241516113274
v -0.01722322404384613 -0.0014366153627634161 -0.05089235305786133
v -0.02074122428894043 -0.012288615107536328 -0.05355238914489746
v -0.02074122428894043 -0.012288615107536328 -0.05355238914489746
v -0.022078223526477814 -0.009046614170074475 -0.053002357482910156
v -0.010670226067304611 0.01893338561058043 -0.056132316589355476
v -0.012736223638057709 0.01610738411545752 -0.055342435836792
v -0.008313223719596863 0.02158638462424277 -0.056292295455932624
v -0.008313223719596863 0.02158638462424277 -0.056292295455932624
v -0.005808226764202118 0.02392238378524779 -0.05599236488342286
v -0.005808226764202118 0.02392238378524779 -0.05599236488342286
v -0.0031062252819538116 0.025769384577870355 -0.05524230003356934
v -0.014641225337982178 0.013278384692966926 -0.05420231819152832
v -0.01635422557592392 0.010447384789586055 -0.05286240577697754
v -0.003087226301431656 0.02870638482272624 -0.053382396697998054
v -0.017806224524974823 0.007681384682655323 -0.05117225646972656
v -0.0029052235186100006 0.031557384878396974 -0.051252365112304694
v -0.002684224396944046 0.0342113859951496 -0.048832416534423835
v -0.0024242252111434937 0.03650038689374923 -0.046012401580810554
v -0.002154223620891571 0.03828338533639907 -0.04283237457275391
v -0.0018942244350910187 0.039971385151147835 -0.03953242301940919
v -0.0017762258648872375 0.04122738540172576 -0.036132335662841804
v -0.022659223526716232 -0.014253616333007825 -0.052222251892089844
v -0.022659223526716232 -0.014253616333007825 -0.052222251892089844
v -0.024025224149227142 -0.019431617110967647 -0.049672365188598626
v -0.024025224149227142 -0.019431617110967647 -0.049672365188598626
v 0.012068774551153183 0.03853238373994827 -0.01291227340698243
v 0.01060277409851551 0.03953838348388671 -0.018822431564331065
v 0.014978773891925812 0.035576384514570236 -0.004392385482788094
v -0.0035212263464927673 0.041535384953021996 -0.033512353897094734
v 0.023159775882959366 0.023341383785009388 0.014217615127563471
v 0.02344377338886261 0.02002138458192349 0.01592755317687988
v 0.022427774965763092 0.026227384805679325 0.011837720870971674
v 0.021314773708581924 0.02875638380646706 0.009327650070190423
v 0.019684774801135063 0.03077138401567936 0.006737709045410149
v 0.06555977463722229 -0.01770361512899398 0.032607555389404304
v 0.06656777858734131 -0.019301615655422204 0.029597759246826175
v 0.0669107735157013 -0.02531361579895019 0.02923774719238282
v 0.021088775247335434 0.018844384700059894 0.01872777938842773
v -0.02202422544360161 -0.031405616551637656 -0.03615236282348632
v -0.019904226064682007 -0.03231661394238472 0.014737606048583991
v 0.011003775522112846 -0.01416161656379699 0.03389763832092285
v 0.008232774212956429 -0.016107615083456032 0.032697677612304694
v 0.008232774212956429 -0.016107615083456032 0.032697677612304694
v 0.005459774285554886 -0.017972614616155617 0.03140759468078614
v 0.013635775074362755 -0.01184361428022384 0.034517765045166016
v 0.01606777496635914 -0.009039614349603646 0.03425765037536621
v 0.01881677471101284 -0.006233613938093178 0.033957719802856445
v 0.002665773034095764 -0.01972761377692222 0.03005766868591309
v -0.00005822628736495972 -0.021632615476846688 0.02882766723632813
v -0.0028182268142700195 -0.023378614336252206 0.027497768402099613
v 0.021636774763464928 -0.003429615870118134 0.03313755989074707
v -0.005549225956201553 -0.025172613561153405 0.02620768547058106
v -0.008340224623680115 -0.026739615947008126 0.024767637252807624
v -0.01117122545838356 -0.02816461399197578 0.023237705230712898
v -0.014021225273609161 -0.02948861569166183 0.02166771888732911
v -0.01691022515296936 -0.03071261569857597 0.02002763748168946
v -0.01985122635960579 -0.003665614873170864 -0.05122232437133789
v -0.01985122635960579 -0.003665614873170864 -0.05122232437133789
v -0.018079224973917007 0.0017793849110603222 -0.04996228218078613
v -0.02245822548866272 -0.00600261613726617 -0.05108237266540527
v -0.02245822548866272 -0.00600261613726617 -0.05108237266540527
v -0.019164226949214935 0.004964385181665409 -0.04937243461608887
v -0.024746224284172058 -0.016067616641521464 -0.05047225952148437
v 0.010013774037361145 0.04010138660669327 -0.015392303466796884
v 0.013179775327444077 0.037360385060310364 -0.006922245025634774
v 0.011407773941755295 0.03917838633060455 -0.009462356567382821
v 0.008158775046467781 0.04064538329839706 -0.021242380142211924
v 0.005616774782538414 0.04156938567757606 -0.02358245849609376
v 0.002883773297071457 0.04217438399791717 -0.025812387466430674
v 0.017722774296998978 0.03246038407087326 0.0041975975036621024
v 0.016124775633215904 0.03443938493728638 0.0016477108001708908
v 0.014343773946166039 0.03623838350176811 -0.0008924007415771565
v -0.000024225562810897827 0.04248438403010368 -0.027912378311157237
v -0.003237225115299225 0.042314384132623666 -0.029862403869628917
v 0.05587977543473244 -0.024873614311218255 0.0388176441192627
v 0.05885377526283264 -0.022644616663455956 0.03808760643005372
v 0.061887774616479874 -0.020883616060018532 0.03691768646240235
v 0.061887774616479874 -0.020883616060018532 0.03691768646240235
v 0.05380677431821823 -0.027865614742040627 0.037577629089355476
v 0.05380677431821823 -0.027865614742040627 0.037577629089355476
v 0.06477277725934982 -0.018895614892244332 0.03600764274597169
v 0.06783077120780945 -0.02246961370110511 0.03092765808105469
v 0.022003773599863052 0.00488338433206082 0.028667688369750977
v 0.02290777489542961 0.0016633849591016837 0.02991771697998047
v 0.021000774577260017 0.008044384419918067 0.027427673339843747
v 0.020781774073839188 0.011636384762823587 0.024827718734741207
v 0.023883774876594543 -0.0014726147055625846 0.03127765655517578
v 0.019749775528907776 0.014587384648621088 0.023087739944458004
v 0.01883077435195446 0.017581384629011158 0.0213477611541748
v 0.05690677464008331 -0.02914761379361152 0.03566765785217286
v 0.06002677232027054 -0.029896616935729974 0.033977746963500984
v 0.06002677232027054 -0.029896616935729974 0.033977746963500984
v 0.06326177716255188 -0.029276616871356957 0.032647609710693366
v 0.06633977591991425 -0.02778061479330062 0.031957626342773444
v -0.023381225764751434 -0.03026961535215378 -0.015622377395629876
v -0.02361222356557846 -0.030587613582611087 -0.019232273101806634
v -0.023340225219726562 -0.03049961477518082 -0.012092351913452141
v -0.02346222475171089 -0.031600616872310645 -0.02343225479125976
v -0.023360226303339005 -0.03110761567950249 -0.008622407913208001
v -0.02402622625231743 -0.03205161541700364 -0.02706241607666015
v -0.023360226303339005 -0.031727615743875504 -0.0051822662353515556
v -0.024546224623918533 -0.03201261535286904 -0.030672311782836907
v -0.02335522696375847 -0.03232961520552635 -0.0017223358154296803
v -0.024850226938724518 -0.03130661696195603 -0.03416228294372558
v -0.023298226296901703 -0.032933615148067474 0.0018177032470703199
v -0.023298226296901703 -0.032933615148067474 0.0018177032470703199
v -0.022395223379135132 -0.030224613845348365 -0.038832426071166985
v -0.023064225912094116 -0.02877061441540719 -0.04137229919433593
v -0.02327122539281845 -0.03307661414146423 0.005517721176147468
v -0.02420622482895851 -0.02651561424136163 -0.04388236999511718
v -0.02420622482895851 -0.02651561424136163 -0.04388236999511718
v -0.023126225918531418 -0.03328161686658859 0.009347677230834968
v -0.022971224039793015 -0.03321961686015129 0.013097763061523444
v -0.025363225489854813 -0.023895613849163066 -0.04589223861694335
v -0.025363225489854813 -0.023895613849163066 -0.04589223861694335
v -0.01981322467327118 -0.031957615166902535 0.018367767333984382
v -0.026345226913690567 -0.020983614027500163 -0.04746222496032714
v -0.026345226913690567 -0.020983614027500163 -0.04746222496032714
v -0.020144224166870117 -0.0008286163210868945 -0.049152374267578125
v -0.023603226989507675 -0.010760616511106503 -0.051932334899902344
v -0.0249682255089283 -0.008597616106271754 -0.050252437591552734
v -0.013909224420785904 0.019534384831786145 -0.05449223518371583
v -0.011555224657058716 0.022348385304212556 -0.054882287979125984
v -0.011555224657058716 0.022348385304212556 -0.054882287979125984
v -0.016004223376512527 0.016642384231090535 -0.053602457046508796
v -0.008993227034807205 0.02494338527321814 -0.05494236946105958
v -0.008993227034807205 0.02494338527321814 -0.05494236946105958
v -0.00611022487282753 0.027021383866667737 -0.05428242683410645
v -0.017657224088907242 0.013732384890317905 -0.05216240882873535
v -0.019134223461151123 0.010864384472370137 -0.0505824089050293
v -0.006123226135969162 0.02996138483285903 -0.05216240882873536
v -0.020403224974870682 0.008048385381698598 -0.048842430114746094
v -0.0060112252831459045 0.032863385975360856 -0.049972295761108405
v -0.00576222687959671 0.035286385565996156 -0.04723238945007325
v -0.00541822612285614 0.037350386381149285 -0.04418230056762696
v -0.005027223378419876 0.039168383926153176 -0.04095244407653809
v -0.004559226334095001 0.040618382394313805 -0.037492275238037116
v -0.025127224624156952 -0.012474615126848233 -0.050852298736572266
v -0.02693222463130951 -0.01768961548805238 -0.048332452774047845
v 0.009593775495886803 0.04095638543367386 -0.011972427368164071
v 0.007745774462819099 0.04140538349747657 -0.017812252044677745
v 0.012636775150895119 0.038103386759757996 -0.0034523010253906337
v -0.006665226072072983 0.0417293831706047 -0.031602382659912116
v 0.02045777440071106 0.025428384542465213 0.015037775039672846
v 0.020504774525761604 0.02195038460195065 0.01684761047363281
v 0.019886774942278862 0.02841238491237164 0.012587547302246087
v 0.018725775182247162 0.03092138469219208 0.010157585144042962
v 0.017355775460600853 0.03323138505220413 0.007707595825195305
v 0.06784477829933167 -0.017588615417480462 0.034937620162963874
v 0.06881777942180634 -0.019324615597724908 0.032047748565673835
v 0.06922077387571335 -0.026090614497661584 0.03180766105651856
v 0.019551774486899376 0.010881384834647184 0.026707649230957028
v 0.017915774136781693 0.020536385476589206 0.019597768783569332
v -0.0249682255089283 -0.029768615961074836 -0.037512302398681634
v -0.02273622527718544 -0.033209614455699914 0.016737699508667
v 0.01044977456331253 -0.011307615786790839 0.036107778549194336
v 0.007781775668263435 -0.013583615422248832 0.035257577896118164
v 0.005064774304628372 -0.015720617026090615 0.03417754173278809
v 0.005064774304628372 -0.015720617026090615 0.03417754173278809
v 0.002368774265050888 -0.017900615930557244 0.033097743988037116
v 0.012742774561047554 -0.008549615740776053 0.03562760353088379
v 0.01515977457165718 -0.005858615040779106 0.03515768051147461
v 0.01811877451837063 -0.002696614712476723 0.03409767150878906
v -0.00040822476148605347 -0.019783616065978997 0.03183770179748536
v -0.003153223544359207 -0.02168361470103263 0.030607700347900394
v -0.005858223885297775 -0.023617614060640328 0.0294177532196045
v 0.020807774737477303 -0.0000776145607232976 0.03213763236999512
v -0.008594226092100143 -0.025425616651773446 0.02811765670776368
v -0.011323224753141403 -0.027187615633010857 0.0267477035522461
v -0.014118224382400513 -0.028701614588499062 0.025227546691894538
v -0.01697322353720665 -0.02999161556363105 0.02358770370483399
v -0.01978522539138794 -0.03139661625027656 0.021967649459838874
v -0.022683225572109222 -0.003080615773797046 -0.04891228675842285
v -0.020952224731445312 0.0022693853825330626 -0.048122406005859375
v -0.025067225098609924 -0.005554616451263438 -0.0482022762298584
v -0.025067225098609924 -0.005554616451263438 -0.0482022762298584
v -0.021805226802825928 0.0052253846079110995 -0.04724240303039551
v -0.007190223783254623 0.04061938449740409 -0.03519225120544434
v -0.027089223265647888 -0.014248616993427287 -0.04862236976623535
v 0.007506774738430977 0.0424443855881691 -0.014432430267333993
v 0.01096777431666851 0.040015384554862976 -0.006002426147460946
v 0.00929577462375164 0.04194238409399986 -0.008552312850952157
v 0.005247775465250015 0.042349383234977715 -0.020142316818237315
v 0.002577774226665497 0.042968384921550744 -0.022382259368896495
v -0.00020622462034225464 0.043402384966611855 -0.02450227737426759
v 0.015732774510979652 0.03525938466191292 0.005167722702026359
v 0.013913774862885475 0.03705638647079468 0.0025875568389892496
v 0.012145774438977242 0.038879383355379105 0.00003767013549803824
v -0.003199223428964615 0.04343238472938537 -0.026452302932739268
v -0.006385225802659988 0.042975384742021554 -0.028142452239990245
v 0.059005774557590485 -0.025764614343643178 0.04021763801574708
v 0.05651877447962761 -0.028786614537239064 0.03926777839660645
v 0.05651877447962761 -0.028786614537239064 0.03926777839660645
v 0.06183077394962311 -0.023252613842487325 0.039867639541625984
v 0.06449077278375626 -0.02086961641907691 0.03915762901306153
v 0.06449077278375626 -0.02086961641907691 0.03915762901306153
v 0.0671507716178894 -0.01865961402654647 0.038367748260498054
v 0.06969177722930908 -0.022853616625070565 0.033747673034667976
v 0.01977577432990074 0.0030783843249082635 0.0308377742767334
v 0.018673773854970932 0.006212385371327407 0.029717683792114258
v 0.01748577505350113 0.009280385449528701 0.028867721557617184
v 0.01799277402460575 0.013535385020077234 0.025587558746337887
v 0.016715774312615395 0.016350384801626212 0.023887634277343747
v 0.015591774135828018 0.019192384555935863 0.02215766906738281
v 0.05938377231359482 -0.030434615910053246 0.037467718124389655
v 0.05938377231359482 -0.030434615910053246 0.037467718124389655
v 0.06258877366781235 -0.03004761412739753 0.03602766990661622
v 0.06584477424621582 -0.02961661666631698 0.03481769561767579
v 0.06876077502965927 -0.028234615921974175 0.03462767601013184
v -0.02657022699713707 -0.029350616037845615 -0.016992330551147454
v -0.02657022699713707 -0.029350616037845615 -0.016992330551147454
v -0.026405226439237595 -0.029937613755464557 -0.0136423110961914
v -0.026405226439237595 -0.029937613755464557 -0.0136423110961914
v -0.02561822533607483 -0.03057261556386948 -0.021672248840332024
v -0.02561822533607483 -0.03057261556386948 -0.021672248840332024
v -0.02643822506070137 -0.030901614576578144 -0.010322332382202141
v -0.02643822506070137 -0.030901614576578144 -0.010322332382202141
v -0.026363223791122437 -0.030644614249467857 -0.025072336196899407
v -0.026363223791122437 -0.030644614249467857 -0.025072336196899407
v -0.02647322416305542 -0.031678617000579834 -0.00694227218627929
v -0.02647322416305542 -0.031678617000579834 -0.00694227218627929
v -0.026995226740837097 -0.03061961382627488 -0.028542280197143548
v -0.026995226740837097 -0.03061961382627488 -0.028542280197143548
v -0.026451226323843002 -0.03262461721897125 -0.003592252731323235
v -0.026451226323843002 -0.03262461721897125 -0.003592252731323235
v -0.02740422636270523 -0.030199617147445686 -0.03201222419738769
v -0.02740422636270523 -0.030199617147445686 -0.03201222419738769
v -0.02644522488117218 -0.0332886166870594 -0.00015234947204589104
v -0.02644522488117218 -0.0332886166870594 -0.00015234947204589104
v -0.02644522488117218 -0.0332886166870594 -0.00015234947204589104
v -0.02745722234249115 -0.029160615056753166 -0.03539228439331054
v -0.02745722234249115 -0.029160615056753166 -0.03539228439331054
v -0.02639022469520569 -0.03376961499452591 0.003477573394775398
v -0.026102226227521896 -0.02747761458158494 -0.04122233390808105
v -0.026258226484060287 -0.034108616411685944 0.007507562637329109
v -0.02737422287464142 -0.025008615106344233 -0.04307222366333007
v -0.02737422287464142 -0.025008615106344233 -0.04307222366333007
v -0.02737422287464142 -0.025008615106344233 -0.04307222366333007
v -0.026074226945638657 -0.034146614372730255 0.011477708816528327
v -0.02585422620177269 -0.03404361382126808 0.015107631683349616
v -0.02839222550392151 -0.022087614983320247 -0.04469227790832519
v -0.02839222550392151 -0.022087614983320247 -0.04469227790832519
v -0.022644225507974625 -0.03269161656498908 0.020327568054199226
v -0.029057227075099945 -0.01887761428952218 -0.045772314071655266
v -0.022884223610162735 -0.00019161589443684668 -0.04696226119995117
v -0.027509227395057678 -0.008149616420269023 -0.047312259674072266
v -0.027509227395057678 -0.008149616420269023 -0.047312259674072266
v -0.01692122593522072 0.019971385598182668 -0.052352428436279304
v -0.01692122593522072 0.019971385598182668 -0.052352428436279304
v -0.014613226056098938 0.02289138361811637 -0.0529623031616211
v -0.014613226056098938 0.02289138361811637 -0.0529623031616211
v -0.014613226056098938 0.02289138361811637 -0.0529623031616211
v -0.012017223984003067 0.02556338533759116 -0.05309224128723145
v -0.01888522505760193 0.017008384689688672 -0.05130243301391602
v -0.01888522505760193 0.017008384689688672 -0.05130243301391602
v -0.009192224591970444 0.02795138396322726 -0.05283236503601075
v -0.020500224083662033 0.014034384861588468 -0.04990243911743164
v -0.020500224083662033 0.014034384861588468 -0.04990243911743164
v -0.021758224815130234 0.011099385097622861 -0.04819226264953613
v -0.021758224815130234 0.011099385097622861 -0.04819226264953613
v -0.009225226938724518 0.030942384153604497 -0.05068230628967286
v -0.022894226014614105 0.008153384551405896 -0.04647231101989746
v -0.022894226014614105 0.008153384551405896 -0.04647231101989746
v -0.009049225598573685 0.03363438323140143 -0.04816222190856934
v -0.008714225143194199 0.03587238490581512 -0.04521226882934571
v -0.008290223777294159 0.03779038414359092 -0.0420522689819336
v -0.007781226187944412 0.03940638527274131 -0.03871226310729981
v -0.02693522721529007 -0.010867614299058925 -0.04869222640991211
v -0.029215224087238312 -0.015565615147352229 -0.04636240005493164
v 0.007432775571942329 0.04368338733911514 -0.011072397232055674
v 0.005034774541854858 0.043440386652946465 -0.01677227020263673
v 0.010429775342345238 0.04075038433074951 -0.002522230148315439
v -0.009904224425554276 0.04052338376641273 -0.032882452011108405
v -0.009561225771903992 0.042078383266925805 -0.02952241897583009
v 0.017181774601340294 0.02356638386845589 0.0180675983428955
v 0.018244775012135506 0.027679383754730228 0.015167713165283196
v 0.01737077534198761 0.030554383993148807 0.013347625732421868
v 0.016204774379730225 0.03315538540482521 0.011067628860473626
v 0.014956774190068245 0.035656385123729706 0.008697748184204093
v 0.06999677419662476 -0.01668561622500419 0.037357568740844734
v 0.07110877335071564 -0.019437614828348153 0.034287691116333015
v 0.07148477435112 -0.026371616870164864 0.03480768203735352
v 0.0161677747964859 0.012264384888112552 0.027877569198608395
v 0.014599774032831192 0.0221443846821785 0.020627737045288082
v -0.02727622538805008 -0.02888261526823044 -0.02005243301391601
v -0.02727622538805008 -0.02888261526823044 -0.02005243301391601
v -0.027195222675800323 -0.028131615370512016 -0.03852224349975585
v -0.027195222675800323 -0.028131615370512016 -0.03852224349975585
v -0.02563522383570671 -0.033772613853216164 0.018697738647460944
v 0.009519774466753006 -0.007965616881847373 0.03710770606994629
v 0.007111774757504463 -0.010565616190433494 0.03707766532897949
v 0.004635775461792946 -0.013276614248752585 0.03674769401550293
v 0.0019577741622924805 -0.015580616891384116 0.03577756881713867
v 0.0019577741622924805 -0.015580616891384116 0.03577756881713867
v -0.0007832236588001251 -0.017713613808155053 0.03467774391174317
v 0.011759774759411812 -0.005285616964101784 0.03642773628234863
v 0.013928774744272232 -0.002785615622997276 0.03549766540527344
v 0.017670774832367897 0.001199385151267059 0.032747745513916016
v -0.0035102255642414093 -0.01980361714959144 0.033567667007446296
v -0.006256226450204849 -0.021766614168882363 0.032407760620117194
v -0.008917223662137985 -0.02387761697173118 0.031327724456787116
v -0.011647224426269531 -0.025728616863489144 0.03006768226623536
v -0.014393225312232971 -0.027441617101430886 0.028647661209106452
v -0.01715022698044777 -0.029010616242885583 0.02712774276733399
v -0.019846227020025253 -0.030653614550828927 0.025557756423950202
v -0.022638224065303802 -0.03198461607098579 0.023897647857666023
v -0.025231223553419113 -0.0025536157190799817 -0.04618239402770996
v -0.02381322532892227 0.0031503848731517688 -0.04596233367919922
v -0.02770622819662094 -0.005057614296674739 -0.045542240142822266
v -0.02770622819662094 -0.005057614296674739 -0.045542240142822266
v -0.024330224841833115 0.004976384341716756 -0.04529237747192383
v -0.024330224841833115 0.004976384341716756 -0.04529237747192383
v -0.010362226516008377 0.03918338567018508 -0.036262273788452155
v -0.02894722670316696 -0.012056615203619014 -0.04667234420776367
v 0.005060775205492973 0.044872384518384933 -0.013512372970581065
v 0.008768774569034576 0.042709384113550186 -0.005032300949096689
v 0.00700877420604229 0.04458038508892059 -0.007572412490844736
v 0.0024397745728492737 0.04418538510799407 -0.019042253494262706
v -0.00031722337007522583 0.04464538395404815 -0.02118229866027833
v -0.003220226615667343 0.04478338360786437 -0.023162364959716807
v 0.013155775144696236 0.03751838579773903 0.006097555160522452
v 0.011365775018930435 0.03935638442635536 0.00352764129638671
v 0.009592775255441666 0.04117238521575928 0.0009577274322509675
v -0.006259225308895111 0.0445403829216957 -0.02492237091064454
v -0.009375225752592087 0.043885383754968636 -0.02640223503112794
v 0.016363775357604027 0.02654238417744637 0.016937732696533196
v 0.05913277715444565 -0.02944561466574668 0.040907621383667
v 0.05913277715444565 -0.02944561466574668 0.040907621383667
v 0.06207377463579178 -0.02593761682510375 0.04253768920898438
v 0.06453077495098114 -0.023117616772651662 0.04217767715454102
v 0.06670277565717697 -0.020283617079257955 0.04171776771545411
v 0.06670277565717697 -0.020283617079257955 0.04171776771545411
v 0.0693017765879631 -0.018113616853952397 0.040907621383667
v 0.07249977439641953 -0.02265361696481704 0.03573775291442872
v 0.016486775130033493 0.004289384931325919 0.03156757354736328
v 0.015289774164557457 0.007389385253191001 0.030637741088867188
v 0.014035774394869804 0.010444384068250663 0.029697656631469723
v 0.014778774231672287 0.015093384310603147 0.026377677917480465
v 0.013440774753689766 0.017847385257482536 0.024657726287841793
v 0.01212877407670021 0.020613383501768116 0.022907733917236325
v 0.06218477338552475 -0.031136617064476003 0.03929758071899415
v 0.06218477338552475 -0.031136617064476003 0.03929758071899415
v 0.06520877778530121 -0.030177615582942956 0.03785777091979981
v 0.06838377565145493 -0.029632616788148873 0.03743767738342286
v 0.07143877446651459 -0.028412614017724984 0.03752756118774415
v -0.02936222404241562 -0.028804615139961246 -0.01505231857299804
v -0.029262222349643707 -0.027519617229700092 -0.017992258071899407
v -0.029484227299690247 -0.03011361509561539 -0.011912345886230462
v -0.028400227427482605 -0.029055614024400715 -0.023172378540039056
v -0.029562227427959442 -0.031431615352630615 -0.008722305297851556
v -0.02909022569656372 -0.028836615383625037 -0.02654242515563964
v -0.02909022569656372 -0.028836615383625037 -0.02654242515563964
v -0.02959122508764267 -0.032620616257190704 -0.005452394485473626
v -0.02960122376680374 -0.028459616005420692 -0.029932260513305657
v -0.02960122376680374 -0.028459616005420692 -0.029932260513305657
v -0.02957422286272049 -0.03355961665511131 -0.002092361450195305
v -0.029964223504066467 -0.027876615524292 -0.0334024429321289
v -0.029964223504066467 -0.027876615524292 -0.0334024429321289
v -0.02956022322177887 -0.03423761576414108 0.0012977123260498123
v -0.02956022322177887 -0.03423761576414108 0.0012977123260498123
v -0.029753223061561584 -0.02691061422228814 -0.036812305450439446
v -0.029753223061561584 -0.02691061422228814 -0.036812305450439446
v -0.02945222705602646 -0.03481661528348923 0.00479769706726075
v -0.028922222554683685 -0.02583761513233186 -0.04008245468139648
v -0.028922222554683685 -0.02583761513233186 -0.04008245468139648
v -0.029155224561691284 -0.03521761670708656 0.01010775566101075
v -0.030100226402282715 -0.023050613701343547 -0.04166245460510253
v -0.028915226459503174 -0.03514161705970764 0.013637542724609382
v -0.028730228543281555 -0.03473461419343948 0.01715755462646485
v -0.030970223248004913 -0.019943613559007655 -0.04289245605468749
v 0.015953775495290756 -0.0005206149071454926 0.03428769111633301
v -0.02547522634267807 -0.033218614757061 0.022257566452026374
v -0.03133322298526764 -0.01654861494898797 -0.04374241828918456
v -0.0257602259516716 0.000790383666753759 -0.04481244087219238
v -0.030112221837043762 -0.008919615298509608 -0.04480242729187012
v -0.030112221837043762 -0.008919615298509608 -0.04480242729187012
v -0.019619226455688477 0.020204383879899968 -0.04981231689453126
v -0.019619226455688477 0.020204383879899968 -0.04981231689453126
v -0.01738922670483589 0.023176385089755048 -0.05057239532470704
v -0.01738922670483589 0.023176385089755048 -0.05057239532470704
v -0.015006225556135178 0.026066385209560384 -0.05106234550476075
v -0.012241225689649582 0.028662385419011106 -0.051052331924438484
v -0.02153322473168373 0.017215384170413007 -0.04873228073120118
v -0.023168224841356277 0.014200384728610505 -0.047402381896972656
v -0.024284224957227707 0.011122385039925565 -0.04567241668701172
v -0.012248225510120392 0.03158338367938994 -0.04873228073120118
v -0.02526022493839264 0.007857384160161008 -0.04407238960266113
v -0.01192222535610199 0.0339713841676712 -0.0459122657775879
v -0.011475224047899246 0.03611038625240325 -0.042872428894042976
v -0.010915223509073257 0.037788383662700646 -0.03963232040405274
v -0.031077228486537933 -0.013045616447925578 -0.04425239562988281
v 0.00473877415060997 0.04584038257598877 -0.010032415390014659
v 0.002502772957086563 0.045755386352539056 -0.015842437744140635
v 0.00797477550804615 0.04317338392138481 -0.0015823841094970799
v -0.012932226061820984 0.039088383316993706 -0.033802270889282234
v -0.012653224170207977 0.04095638543367385 -0.03066229820251466
v -0.012463226914405823 0.042933382093906396 -0.027642250061035167
v 0.013855773955583572 0.025115383788943294 0.019287586212158196
v 0.015539774671196938 0.029516384005546573 0.01589775085449218
v 0.014604775235056877 0.03243938460946083 0.01410770416259765
v 0.013421773910522461 0.03510238230228424 0.011937618255615227
v 0.011953774839639664 0.037398383021354675 0.0095076560974121
v 0.058418773114681244 -0.02871861681342124 0.04338765144348145
v 0.07193877547979355 -0.016179613769054402 0.040067672729492194
v 0.07280977070331573 -0.018856614828109734 0.037367582321167
v 0.0738067775964737 -0.025873616337776177 0.03769755363464356
v 0.012739775702357292 0.013451384380459792 0.02853775024414062
v 0.01078677549958229 0.02371238544583321 0.021527767181396477
v -0.0298372283577919 -0.026875615119934086 -0.02128243446350097
v -0.029304228723049164 -0.03501761704683304 0.007447719573974617
v -0.02848222851753235 -0.03422961384057998 0.020667552947998054
v 0.006334774196147919 -0.007355615496635428 0.038687705993652344
v 0.008469775319099426 -0.004581615328788749 0.03773760795593262
v 0.003968775272369385 -0.010246615856885901 0.038707733154296875
v 0.0014217756688594818 -0.01294461637735366 0.038057565689086914
v -0.0011982247233390808 -0.01549961417913436 0.037337541580200195
v -0.0011982247233390808 -0.01549961417913436 0.037337541580200195
v -0.003957226872444153 -0.0176166146993637 0.03626775741577149
v 0.010580774396657944 -0.0019936151802539743 0.03658771514892578
v 0.012575775384902954 0.0003413837403059084 0.03508758544921875
v 0.014486774802207947 0.002355383709073074 0.033377647399902344
v -0.006651226431131363 -0.019836615771055215 0.035337686538696296
v -0.009373225271701813 -0.021884616464376443 0.03424763679504395
v -0.012079223990440369 -0.023904614150524132 0.03310775756835938
v -0.014739226549863815 -0.025961615145206444 0.03192758560180665
v -0.017502225935459137 -0.027640614658594125 0.03048777580261231
v -0.02023322507739067 -0.02920561656355857 0.028937578201293952
v -0.022919226437807083 -0.03071561455726623 0.027317762374877937
v -0.0255582258105278 -0.0321546159684658 0.025687694549560554
v -0.028130225837230682 -0.0016686152666807272 -0.04398226737976074
v -0.025608226656913757 0.004246383905410757 -0.042612314224243164
v -0.025608226656913757 0.004246383905410757 -0.042612314224243164
v -0.03016522526741028 -0.004577614367008219 -0.04303240776062012
v -0.01331622526049614 0.037440385669469826 -0.037002325057983405
v 0.0022517740726470947 0.04683338478207588 -0.012432336807250987
v 0.006151774898171425 0.04492838680744171 -0.004142284393310557
v 0.003818776458501816 0.04604038596153259 -0.006632328033447276
v -0.0002442263066768646 0.04626138508319854 -0.018032312393188487
v -0.0031112246215343475 0.04654538631439208 -0.020102262496948253
v -0.006140224635601044 0.04640538245439529 -0.02192234992980958
v 0.010304775089025497 0.03945338353514671 0.00695776939392089
v 0.008660774677991867 0.04147838428616524 0.004437685012817373
v 0.006856774911284447 0.04323838651180267 0.0018377304077148342
v -0.009212225675582886 0.04601538181304931 -0.023552417755126964
v -0.012314226478338242 0.0452003851532936 -0.024862289428710948
v 0.013556774705648422 0.02813438512384892 0.018197774887084954
v 0.06215277314186096 -0.030243616551160802 0.04260754585266114
v 0.06215277314186096 -0.030243616551160802 0.04260754585266114
v 0.06457077711820602 -0.025052614510059346 0.045377731323242194
v 0.06226177513599396 -0.028316617012023915 0.045937776565551765
v 0.06666577607393265 -0.02213761582970618 0.044947624206542976
v 0.06888477504253387 -0.019466616213321675 0.04433774948120118
v 0.06888477504253387 -0.019466616213321675 0.04433774948120118
v 0.07110877335071564 -0.01686161383986472 0.04361772537231446
v 0.07380277663469315 -0.022019617259502404 0.03889775276184083
v 0.013169774785637856 0.005380384624004371 0.032347679138183594
v 0.011894775554537773 0.008457385003566749 0.03140759468078613
v 0.010632773861289024 0.01154738478362561 0.030407667160034176
v 0.011338774114847183 0.016237385571002967 0.02690768241882324
v 0.009918775409460068 0.018995385617017753 0.025167703628540036
v 0.00850677490234375 0.02183638513088227 0.02345776557922363
v 0.06475577503442764 -0.029877614229917516 0.04092764854431153
v 0.06475577503442764 -0.029877614229917516 0.04092764854431153
v 0.06793677806854248 -0.03027161583304404 0.039617776870727546
v 0.07069776952266693 -0.029926616698503484 0.04128766059875489
v 0.07401376962661743 -0.02814161404967307 0.04023766517639161
v -0.03242122381925583 -0.02878961712121964 -0.013342380523681634
v -0.0321982279419899 -0.027076616883277897 -0.016272306442260735
v -0.03189922869205475 -0.02534761652350426 -0.019182443618774407
v -0.03262922167778015 -0.03069761395454407 -0.010452270507812493
v -0.030760228633880615 -0.026741616427898414 -0.024512290954589837
v -0.03269622474908829 -0.032345615327358246 -0.007332324981689446
v -0.03127922862768173 -0.026275616139173515 -0.027872323989868157
v -0.03273822367191315 -0.03351461514830589 -0.0040123462677001875
v -0.031730227172374725 -0.02574561536312104 -0.03130245208740234
v -0.032717227935791016 -0.03449461609125137 -0.0006523132324218673
v -0.032717227935791016 -0.03449461609125137 -0.0006523132324218673
v -0.03178422152996063 -0.024982616305351264 -0.03479242324829101
v -0.03268122673034668 -0.035154614597558975 0.0026776790618896562
v -0.031192228198051453 -0.023961614817380912 -0.038252353668212884
v -0.03253122419118881 -0.035651616752147675 0.005877733230590828
v -0.03206722438335419 -0.03592561185359955 0.012287616729736337
v -0.03234422206878662 -0.03581961244344711 0.00898766517639161
v -0.03237822651863098 -0.020930614322423945 -0.03964233398437499
v -0.031817227602005005 -0.035555616021156304 0.015717744827270515
v -0.03173322230577469 -0.03508561477065086 0.019367694854736335
v -0.03297822177410126 -0.017578616738319407 -0.04073238372802734
v -0.028198227286338806 -0.03336661681532859 0.024067640304565437
v -0.03316822648048401 -0.01405961439013482 -0.041602373123168945
v -0.027711227536201477 0.001422384753823271 -0.04192233085632324
v -0.027711227536201477 0.001422384753823271 -0.04192233085632324
v -0.031825222074985504 -0.007330615073442469 -0.04269242286682129
v -0.031825222074985504 -0.007330615073442469 -0.04269242286682129
v -0.021901223808526993 0.020289383828639974 -0.04693222045898438
v -0.021901223808526993 0.020289383828639974 -0.04693222045898438
v -0.019926223903894424 0.023299384862184514 -0.04788231849670411
v -0.019926223903894424 0.023299384862184514 -0.04788231849670411
v -0.017712224274873734 0.026288384571671475 -0.048562288284301765
v -0.015127226710319519 0.029044384136795987 -0.048832416534423835
v -0.02385222539305687 0.01730038598179816 -0.04586243629455567
v -0.025408226996660233 0.014212384819984426 -0.04450225830078125
v -0.026359226554632187 0.010951384902000419 -0.04277229309082031
v -0.014899224042892456 0.03165238350629806 -0.046212434768676765
v -0.0271892249584198 0.0074203852564096355 -0.041112422943115234
v -0.014528226107358932 0.03398738428950309 -0.043342351913452155
v -0.01400122418999672 0.03596938401460647 -0.0402822494506836
v -0.03246522694826126 -0.010479614138603219 -0.04203224182128906
v 0.0019607730209827423 0.04787438362836838 -0.008982419967651378
v -0.00037522614002227783 0.047503381967544556 -0.01471233367919923
v 0.0050177741795778275 0.044990383088588715 -0.0007023811340332131
v -0.015569224953651428 0.03937938436865806 -0.03142237663269044
v -0.01581922546029091 0.03736038506031036 -0.0344223976135254
v -0.015472225844860077 0.04163138568401336 -0.028592348098754893
v -0.015404224395751953 0.044139385223388665 -0.02600240707397462
v 0.011435775086283684 0.02616638503968716 0.01990771293640136
v 0.012746775522828102 0.031174384057521824 0.016717672348022454
v 0.011567775160074234 0.033950384706258774 0.014737606048583977
v 0.010247774422168732 0.03654938563704491 0.012587547302246085
v 0.00874677486717701 0.03887638449668884 0.010207653045654288
v 0.07424477487802505 -0.015267614275217048 0.0426175594329834
v 0.07465577125549316 -0.018426615744829167 0.04033756256103516
v 0.07519977539777756 -0.024951614439487447 0.041007757186889655
v 0.00926477462053299 0.014442384243011482 0.02898764610290527
v 0.00698777474462986 0.024978384375572208 0.022067546844482415
v -0.03198222815990448 -0.024393614381551746 -0.02242231369018554
v -0.03145122528076172 -0.03414661437273025 0.022777557373046882
v 0.005136774852871895 -0.003820614889264098 0.03902769088745117
v 0.0026447735726833344 -0.006676614284515372 0.039847612380981445
v 0.007198775187134743 -0.0012006144970655359 0.03759765625
v 0.0006297752261161804 -0.009887617081403724 0.0396575927734375
v -0.0018012262880802155 -0.012796614319086066 0.03941774368286133
v -0.00443122535943985 -0.015270616859197608 0.03877758979797363
v -0.00443122535943985 -0.015270616859197608 0.03877758979797363
v -0.007119223475456238 -0.017587617039680474 0.03796768188476563
v 0.009164774790406227 0.0011293850839138111 0.035837650299072266
v 0.011153774335980415 0.0033263843506574704 0.03409767150878906
v -0.009820226579904556 -0.019791614264249795 0.0370476245880127
v -0.012494225054979324 -0.02202861383557319 0.03611755371093751
v -0.015288226306438446 -0.023862615227699273 0.03481769561767579
v -0.018032226711511612 -0.025718614459037774 0.03348755836486817
v -0.02063322439789772 -0.0278676152229309 0.03230762481689454
v -0.023370224982500076 -0.029459614306688302 0.03073763847351075
v -0.026061225682497025 -0.030796613544225686 0.02898764610290528
v -0.02867322415113449 -0.03198961541056632 0.027147769927978523
v -0.030292227864265442 -0.0010686162859201522 -0.041042327880859375
v -0.026380226016044617 0.004053384065628043 -0.03960227966308594
v -0.0324622243642807 -0.004451613873243341 -0.04038238525390625
v -0.01620522513985634 0.035476386547088616 -0.03746223449707032
v -0.0005732253193855286 0.04866838455200195 -0.011352300643920909
v 0.0031447745859622955 0.04675338417291641 -0.0031924247741699323
v 0.001219775527715683 0.048441383987665176 -0.0055623054504394635
v -0.0030632242560386658 0.048081383109092705 -0.016922235488891612
v -0.006050225347280502 0.04808738455176353 -0.01883244514465333
v -0.009069226682186127 0.0480273850262165 -0.020652294158935557
v 0.0070647746324539185 0.04084738343954086 0.007657766342163077
v 0.005363775417208672 0.042800385504961014 0.005127668380737295
v 0.0035277754068374634 0.044520385563373566 0.002577543258666982
v -0.01215522363781929 0.0474683865904808 -0.022112369537353526
v -0.015236224979162216 0.04649038612842559 -0.023272275924682628
v 0.010806774720549583 0.029391385614871982 0.018847703933715813
v 0.009014774113893509 0.02721638418734074 0.02053761482238769
v 0.06461377441883087 -0.0299176163971424 0.044297695159912116
v 0.06461377441883087 -0.0299176163971424 0.044297695159912116
v 0.06461377441883087 -0.0299176163971424 0.044297695159912116
v 0.06713677942752838 -0.024132616817951192 0.0479576587677002
v 0.0661567747592926 -0.027266614139080037 0.04753756523132325
v 0.06893877685070038 -0.021204616874456395 0.047617673873901374
v 0.0709947794675827 -0.018430616706609716 0.04701757431030274
v 0.0709947794675827 -0.018430616706609716 0.04701757431030274
v 0.0709947794675827 -0.018430616706609716 0.04701757431030274
v 0.07312377542257309 -0.015555616468191136 0.04650759696960449
v 0.07312377542257309 -0.015555616468191136 0.04650759696960449
v 0.07658777385950089 -0.021720614284276952 0.041277647018432624
v 0.009773774072527885 0.006315384060144431 0.03302764892578125
v 0.008467774838209152 0.009391384199261672 0.0320277214050293
v 0.007128775119781494 0.01236238423734904 0.030747652053833004
v 0.00787377543747425 0.017315384000539787 0.027437686920166012
v 0.006395773962140083 0.019981384277343757 0.02553772926330566
v 0.004920775070786476 0.022814385592937476 0.023777723312377926
v 0.06737177073955536 -0.030079614371061315 0.042667627334594734
v 0.07317277789115906 -0.029297616332769384 0.043627738952636726
v 0.07638777792453766 -0.027343615889549245 0.04274773597717286
v -0.03516222536563873 -0.026906616985797886 -0.014622449874877924
v -0.03551522642374039 -0.029107615351676944 -0.0118722915649414
v -0.034689225256443024 -0.024830617010593418 -0.017412424087524407
v -0.03414422273635864 -0.022915616631507877 -0.020262241363525387
v -0.0357782244682312 -0.03131461516022682 -0.009032249450683587
v -0.03265722841024399 -0.02395561710000039 -0.025732278823852532
v -0.03587822616100311 -0.033065617084503174 -0.005892276763916009
v -0.032933227717876434 -0.023330613970756538 -0.02913236618041992
v -0.03589722514152527 -0.0343296155333519 -0.002522230148315422
v -0.03344222158193588 -0.022779613733291633 -0.032652378082275384
v -0.03589622676372528 -0.035099614411592484 0.0009176731109619219
v -0.03589622676372528 -0.035099614411592484 0.0009176731109619219
v -0.03320622444152832 -0.0219046138226986 -0.03620243072509765
v -0.035798221826553345 -0.03580361604690552 0.004277706146240242
v -0.035606227815151215 -0.03611861169338226 0.007607698440551766
v -0.03530922532081604 -0.03632461279630661 0.010957717895507821
v -0.034928224980831146 -0.03623061627149582 0.014327764511108407
v -0.03403622657060623 -0.018559616059064872 -0.03741240501403808
v -0.03456622362136841 -0.03570661693811416 0.017777681350708015
v -0.03526122868061066 -0.03453261405229568 0.022197723388671882
v -0.03452622890472412 -0.015030615031719216 -0.0384523868560791
v -0.03056422621011734 -0.03300661593675613 0.025327682495117194
v -0.03440522402524948 -0.011439613997936257 -0.03923225402832031
v -0.02813122421503067 0.0011253841221332465 -0.038442373275756836
v -0.02813122421503067 0.0011253841221332465 -0.038442373275756836
v -0.033802226185798645 -0.007922615855932244 -0.039812326431274414
v -0.033802226185798645 -0.007922615855932244 -0.039812326431274414
v -0.02405722439289093 0.020227383822202672 -0.04386234283447266
v -0.02405722439289093 0.020227383822202672 -0.04386234283447266
v -0.02222822606563568 0.02325238473713397 -0.04492235183715821
v -0.02006322517991066 0.02620038390159606 -0.04570245742797852
v -0.0176682248711586 0.029062384739518155 -0.04615235328674317
v -0.025832224637269974 0.017195384949445714 -0.04272222518920899
v -0.027197226881980896 0.014080384746193877 -0.041292428970336914
v -0.028118222951889038 0.010726384818553916 -0.039472341537475586
v -0.017277225852012634 0.03148038312792777 -0.04340243339538575
v -0.02733122557401657 0.007350385189056388 -0.037522315979003906
v -0.016870226711034775 0.03372438251972198 -0.04055237770080567
v -0.0010972246527671814 0.04944238439202309 -0.007982254028320323
v -0.0031582266092300415 0.04932738468050957 -0.013632297515869151
v 0.0017697736620903015 0.04639338701963425 0.00012755393981932564
v -0.018371224403381348 0.03755038231611251 -0.031892299652099616
v -0.018362224102020264 0.040013384073972695 -0.029252290725708018
v -0.018553223460912704 0.0353143848478794 -0.0347123146057129
v -0.018451225012540817 0.04284338653087615 -0.02698230743408204
v -0.018354225903749466 0.04544838517904281 -0.0244123935699463
v 0.009570775553584099 0.03233838453888894 0.01710772514343261
v 0.008279774338006973 0.03512938320636749 0.015197753906249993
v 0.00683477520942688 0.03758138418197632 0.012977600097656241
v 0.005330774933099747 0.03994838520884514 0.010697603225708
v 0.06649477779865265 -0.02972261607646941 0.04583764076232911
v 0.06649477779865265 -0.02972261607646941 0.04583764076232911
v 0.07689377665519714 -0.018322616815567006 0.04263758659362794
v 0.07636577636003494 -0.014084614813327779 0.045877695083618164
v 0.07636577636003494 -0.014084614813327779 0.045877695083618164
v 0.07733477652072906 -0.024122614413499822 0.04363775253295899
v 0.005764774978160858 0.015291384421288974 0.029327630996704098
v 0.0055577754974365234 0.028247384354472164 0.020857572555541985
v 0.0034777745604515076 0.0258913841098547 0.022317647933959954
v 0.06991277635097504 -0.029869616031646718 0.04493761062622071
v -0.033732227981090546 -0.021529614925384525 -0.02341222763061523
v -0.03388822823762894 -0.03345361724495887 0.025187730789184577
v 0.003786776214838028 -0.0003376156091689978 0.03866767883300781
v 0.001722775399684906 -0.0028196144849061875 0.04030776023864746
v -0.0000092238187789917 -0.007626615464687339 0.040407657623291016
v 0.005750775337219238 0.0019633844494819724 0.0367276668548584
v -0.002584226429462433 -0.00990661606192588 0.040697574615478516
v -0.005095224827528 -0.012506615370512 0.04063773155212402
v -0.007736224681138992 -0.014928616583347312 0.04012775421142578
v -0.007736224681138992 -0.014928616583347312 0.04012775421142578
v -0.010436225682497025 -0.017270617187023152 0.03944754600524903
v 0.007779775187373161 0.004225384443998345 0.03493762016296387
v -0.013160225003957748 -0.01937561482191085 0.038427591323852546
v -0.015863224864006042 -0.021554615348577492 0.037467718124389655
v -0.018588226288557053 -0.02366161718964576 0.03640770912170411
v -0.02133922651410103 -0.025561615824699395 0.035067558288574226
v -0.024070225656032562 -0.02725661545991897 0.03349757194519044
v -0.02676122635602951 -0.028923615813255303 0.03188776969909669
v -0.029387228190898895 -0.03054461628198623 0.030097723007202155
v -0.03184922784566879 -0.031981617212295525 0.02782773971557618
v -0.030927225947380066 -0.0013266149908304297 -0.037322282791137695
v -0.030927225947380066 -0.0013266149908304297 -0.037322282791137695
v -0.025811225175857544 0.0033793840557336725 -0.036182403564453125
v -0.03435622155666351 -0.005154617130756387 -0.0372624397277832
v -0.03435622155666351 -0.005154617130756387 -0.0372624397277832
v -0.018886223435401917 0.03318538516759872 -0.037562370300292976
v -0.003563225269317627 0.05004938691854477 -0.010262250900268565
v -0.00014622509479522705 0.04799038544297218 -0.0023324489593505968
v -0.0020752251148223877 0.0497053861618042 -0.004662275314331066
v -0.006012223660945892 0.04952538385987281 -0.015682220458984385
v -0.009048223495483398 0.04939038306474685 -0.017472267150878917
v -0.012067224830389023 0.04912838339805602 -0.01903223991394044
v 0.003738775849342346 0.042125385254621506 0.008307695388793937
v 0.002074774354696274 0.044163383543491364 0.005867719650268545
v 0.00030977651476860046 0.04599738493561745 0.0034077167510986224
v -0.015001226216554642 0.048432383686304085 -0.02024245262145997
v -0.0180642269551754 0.04750138521194457 -0.021372318267822276
v 0.0075797755271196365 0.030368383973836902 0.019087553024291985
v 0.06896277517080307 -0.027152616530656804 0.049677610397338874
v 0.07033977657556534 -0.0235496163368225 0.04971766471862794
v 0.06898877024650574 -0.030290614813566197 0.04821777343750001
v 0.06898877024650574 -0.030290614813566197 0.04821777343750001
v 0.07100177556276321 -0.020169615745544423 0.05037760734558106
v 0.07299277186393738 -0.01726161688566207 0.049767732620239265
v 0.07299277186393738 -0.01726161688566207 0.049767732620239265
v 0.07713676989078522 -0.015853613615036 0.04379773139953614
v 0.07713676989078522 -0.015853613615036 0.04379773139953614
v 0.07548877596855164 -0.014666616916656484 0.04917764663696289
v 0.07878877222537994 -0.020968616008758535 0.04368758201599122
v 0.07878877222537994 -0.020968616008758535 0.04368758201599122
v 0.0063847750425338745 0.00725138373672963 0.03380775451660156
v 0.005047773942351341 0.010297384113073356 0.032657623291015625
v 0.0036387741565704346 0.013146384619176395 0.031097650527954098
v 0.0043207742273807526 0.018053384497761733 0.027587652206420895
v 0.002862773835659027 0.020875385031104095 0.025847673416137692
v 0.001393776386976242 0.0237133838236332 0.02409768104553222
v 0.07575477659702301 -0.0286206156015396 0.04594755172729493
v 0.07243376970291138 -0.030276615172624578 0.04703760147094727
v 0.07877177000045776 -0.02663661539554595 0.04508757591247559
v -0.03764022886753082 -0.024606615304946903 -0.015742301940917962
v -0.038241222500801086 -0.027066614478826526 -0.01315236091613769
v -0.038665227591991425 -0.029535613954067234 -0.01048231124877929
v -0.03688322752714157 -0.022182613611221317 -0.018292427062988278
v -0.03607422858476639 -0.01982761546969414 -0.021072387695312497
v -0.038919225335121155 -0.03179361671209335 -0.007562398910522454
v -0.034049227833747864 -0.020919617265462882 -0.02682232856750488
v -0.03902622312307358 -0.03341461718082428 -0.004242420196533195
v -0.033961221575737 -0.020158614963293083 -0.030332326889038082
v -0.03908022493124008 -0.03464861586689949 -0.0008122920989990157
v -0.03908022493124008 -0.03464861586689949 -0.0008122920989990157
v -0.03449222445487976 -0.019501615315675742 -0.03389239311218261
v -0.039031222462654114 -0.035348616540431976 0.002687692642211922
v -0.038902223110198975 -0.03591461479663849 0.006107568740844734
v -0.038617223501205444 -0.03612861782312393 0.009537696838378915
v -0.03821222484111786 -0.03634461760520935 0.012947559356689462
v -0.03821222484111786 -0.03634461760520935 0.012947559356689462
v -0.03760722279548645 -0.036167614161968224 0.01630759239196778
v -0.03481222689151764 -0.01598861441016198 -0.034982442855834954
v -0.036618225276470184 -0.03537561371922492 0.019437551498413093
v -0.037584222853183746 -0.033525615930557244 0.02457761764526368
v -0.037584222853183746 -0.033525615930557244 0.02457761764526368
v -0.03455522656440735 -0.012421615421772012 -0.03586244583129883
v -0.0006492249667644501 -0.005365613847970953 0.04115772247314453
v -0.03421522676944733 -0.00888661667704583 -0.036672353744506836
v -0.027927227318286896 0.0006173849105834884 -0.03473234176635742
v -0.023945223540067673 0.022938385605812062 -0.04161238670349122
v -0.025783225893974304 0.019990384578704824 -0.04058241844177247
v -0.025783225893974304 0.019990384578704824 -0.04058241844177247
v -0.022035226225852966 0.02591538429260253 -0.04253244400024415
v -0.019808225333690643 0.028798384591937055 -0.043142318725585944
v -0.027712225914001465 0.017083384096622457 -0.03945231437683106
v -0.028571225702762604 0.013838384300470343 -0.03769230842590332
v -0.02799922227859497 0.01076338440179824 -0.03563237190246582
v -0.019506223499774933 0.031210385262966146 -0.04048228263854981
v -0.026293225586414337 0.0056553836911916655 -0.03481245040893555
v -0.004406224936246872 0.05050238221883774 -0.007082223892211925
v -0.006133224815130234 0.050524383783340454 -0.012352228164672862
v -0.0015512257814407349 0.04768238216638565 0.0009377002716064347
v -0.021053224802017212 0.035501383244991296 -0.03208231925964356
v -0.021118223667144775 0.03813538327813148 -0.029612302780151374
v -0.021369226276874542 0.04111738502979278 -0.027542352676391612
v -0.021205224096775055 0.033110383898019784 -0.034742355346679694
v -0.021475225687026978 0.044056385755538933 -0.025302410125732432
v -0.02120322361588478 0.04631338268518447 -0.0223524570465088
v 0.006244774907827377 0.03333838284015656 0.017437696456909173
v 0.004835775122046471 0.03598538413643837 0.015437602996826163
v 0.003420773893594742 0.038660384714603424 0.013467550277709952
v 0.001892775297164917 0.04102138429880142 0.011197566986083976
v 0.07953477650880814 -0.018007613718509664 0.04484772682189942
v 0.07953477650880814 -0.018007613718509664 0.04484772682189942
v 0.07837577164173126 -0.013092614710330953 0.048797607421875
v 0.07955677807331085 -0.015121616423130025 0.04630756378173828
v 0.08060677349567413 -0.0236116163432598 0.04498767852783204
v 0.08060677349567413 -0.0236116163432598 0.04498767852783204
v 0.002226773649454117 0.015953384339809425 0.02943754196166992
v 0.004101775586605072 0.031010385602712635 0.01891756057739257
v 0.002038773149251938 0.028896383941173557 0.020777702331542962
v -0.0000672265887260437 0.02661438472568989 0.02241754531860351
v -0.03491922467947006 -0.01843561604619027 -0.024362325668334957
v -0.03901822865009308 -0.0347096137702465 0.021567583084106452
v -0.03901822865009308 -0.0347096137702465 0.021567583084106452
v -0.03553622215986252 -0.03204261511564254 0.027797698974609382
v 0.0023227743804454803 0.002839384600520142 0.037587642669677734
v 0.0003527738153934479 0.0006723850965499966 0.03970766067504883
v -0.001825224608182907 -0.001742616295814505 0.041237592697143555
v -0.0033262260258197784 -0.0071656145155429745 0.04176759719848633
v 0.004378773272037506 0.005130384117364891 0.03578758239746094
v -0.005933225154876709 -0.009501613676547995 0.041817665100097656
v -0.00843922421336174 -0.012028615921735755 0.04189777374267578
v -0.011318225413560867 -0.014544613659381858 0.041147708892822266
v -0.011318225413560867 -0.014544613659381858 0.041147708892822266
v -0.013845223933458328 -0.016570616513490666 0.04048776626586915
v -0.016571223735809326 -0.0187036171555519 0.03951764106750489
v -0.01930522546172142 -0.02082961425185203 0.038497686386108405
v -0.022074226289987564 -0.022870615124702447 0.037367582321167
v -0.02483222633600235 -0.02481961622834205 0.03606772422790528
v -0.027563221752643585 -0.02665561437606811 0.034557580947875984
v -0.03025122731924057 -0.02838261425495147 0.03275775909423829
v -0.03281122446060181 -0.030152615159749978 0.030717611312866218
v -0.03263522684574127 -0.003256615251302727 -0.03492236137390137
v -0.03263522684574127 -0.003256615251302727 -0.03492236137390137
v -0.02956322580575943 -0.002317614853382118 -0.033472299575805664
v -0.026036225259304047 0.002781383693218224 -0.03265237808227539
v -0.032610222697257996 -0.006775613874197014 -0.034702301025390625
v -0.032610222697257996 -0.006775613874197014 -0.034702301025390625
v -0.032610222697257996 -0.006775613874197014 -0.034702301025390625
v -0.026776224374771118 0.007932385429739945 -0.0334322452545166
v -0.02149122580885887 0.030809383839368813 -0.03742241859436036
v -0.006540223956108093 0.05098538473248482 -0.008992433547973645
v -0.0035122260451316833 0.049050383269786835 -0.00156235694885255
v -0.005662225186824799 0.050221383571624756 -0.004062414169311535
v -0.009055227041244507 0.05058938264846802 -0.014252424240112315
v -0.012136224657297134 0.05042638629674911 -0.015912294387817393
v -0.014888226985931396 0.0499843843281269 -0.017122268676757823
v 0.00034477561712265015 0.04329438507556915 0.008937597274780263
v -0.0013682246208190918 0.045090384781360626 0.00643777847290038
v -0.0030932240188121796 0.04710538685321808 0.0041177272796630755
v -0.017523225396871567 0.04927638545632362 -0.01809239387512208
v -0.020708225667476654 0.048143386840820306 -0.01912236213684083
v 0.07150377333164215 -0.02901761606335639 0.05031776428222657
v 0.07150377333164215 -0.02901761606335639 0.05031776428222657
v 0.07192177325487137 -0.02597961574792861 0.05161762237548829
v 0.0730217695236206 -0.022733613848686208 0.05194759368896485
v 0.07422177493572235 -0.01958061382174491 0.051847696304321296
v 0.07503277063369751 -0.016257613897323598 0.05257773399353028
v 0.07503277063369751 -0.016257613897323598 0.05257773399353028
v 0.07757877558469772 -0.013552613556385028 0.05220770835876465
v 0.08187177777290344 -0.020435616374015798 0.045737743377685554
v 0.002955775707960129 0.008107384666800506 0.034447669982910156
v 0.0015647746622562408 0.011028384789824493 0.03298759460449219
v 0.00013977661728858948 0.013844384811818607 0.03132772445678711
v 0.0008267760276794434 0.018884385004639632 0.02788758277893066
v -0.0006202235817909241 0.02170138433575631 0.026137590408325192
v -0.0021042264997959137 0.024449383839964874 0.024287700653076165
v 0.07496577501296997 -0.028431616723537435 0.04924774169921876
v 0.07829677313566208 -0.027851615101099004 0.04831767082214356
v 0.08103176951408386 -0.025831613689661016 0.04764771461486817
v 0.08103176951408386 -0.025831613689661016 0.04764771461486817
v 0.08103176951408386 -0.025831613689661016 0.04764771461486817
v -0.040647223591804504 -0.024549614638090137 -0.014082431793212885
v -0.03970922529697418 -0.021775614470243457 -0.01627230644226074
v -0.03970922529697418 -0.021775614470243457 -0.01627230644226074
v -0.041323222219944 -0.02729461714625359 -0.011692285537719721
v -0.041787222027778625 -0.02995061501860619 -0.009032249450683587
v -0.038450226187705994 -0.018952615559101108 -0.01833224296569824
v -0.038450226187705994 -0.018952615559101108 -0.01833224296569824
v -0.03649722784757614 -0.015973616391420368 -0.02234244346618652
v -0.03649722784757614 -0.015973616391420368 -0.02234244346618652
v -0.042051225900650024 -0.03212461620569229 -0.00591230392456054
v -0.03461422771215439 -0.017676614224910743 -0.027902364730834957
v -0.042180225253105164 -0.03360161557793617 -0.0024824142456054614
v -0.03479922562837601 -0.016901616007089622 -0.03147244453430175
v -0.042173221707344055 -0.03448561578989029 0.001107692718505867
v -0.042173221707344055 -0.03448561578989029 0.001107692718505867
v -0.042159222066402435 -0.03530461713671684 0.004597663879394539
v -0.042159222066402435 -0.03530461713671684 0.004597663879394539
v -0.04195122420787811 -0.035648614168167114 0.008077621459960946
v -0.04195122420787811 -0.035648614168167114 0.008077621459960946
v -0.04154422879219055 -0.03586561232805252 0.011557579040527352
v -0.04154422879219055 -0.03586561232805252 0.011557579040527352
v -0.040973223745822906 -0.035818614065647125 0.015007734298706063
v -0.040973223745822906 -0.035818614065647125 0.015007734298706063
v -0.040087223052978516 -0.03520261496305465 0.018307685852050788
v -0.040087223052978516 -0.03520261496305465 0.018307685852050788
v -0.035175226628780365 -0.013359613716602332 -0.03248238563537598
v -0.03953322768211365 -0.03181761503219604 0.026687622070312507
v -0.03953322768211365 -0.03181761503219604 0.026687622070312507
v -0.0411132276058197 -0.03289061412215232 0.023627758026123054
v -0.03416222333908081 -0.009997613728046424 -0.033492326736450195
v -0.004261225461959839 -0.004072615876793852 0.042177677154541016
v -0.028457224369049072 0.00005638413131236337 -0.031212329864501953
v -0.02385122701525688 0.025587383657693853 -0.03930234909057618
v -0.02580222487449646 0.022713385522365563 -0.03840231895446778
v -0.027926228940486908 0.019967384636402123 -0.03748226165771485
v -0.027926228940486908 0.019967384636402123 -0.03748226165771485
v -0.021803226321935654 0.028446383774280538 -0.04003238677978516
v -0.028345227241516113 0.0169443842023611 -0.0355823040008545
v -0.028797224164009094 0.014035384170711034 -0.03400230407714844
v -0.027761228382587433 0.011056384071707719 -0.031792402267456055
v -0.024904225021600723 0.005574384704232209 -0.03088235855102539
v -0.00876222550868988 0.051104385405778885 -0.00705242156982423
v -0.009073223918676376 0.05114038288593292 -0.0108623504638672
v -0.004973225295543671 0.048563383519649506 0.001557588577270497
v -0.02358022704720497 0.03318038582801818 -0.03198242187500001
v -0.02366422489285469 0.035883385688066476 -0.029592275619506843
v -0.024032223969697952 0.0389333851635456 -0.027592420578002937
v -0.024334225803613663 0.041985385119915 -0.025582313537597667
v -0.023705225437879562 0.030676385387778275 -0.034492254257202155
v -0.024369224905967712 0.0447733849287033 -0.023142337799072276
v -0.023944225162267685 0.046847384423017495 -0.020052433013916026
v 0.0027777738869190216 0.034109383821487434 0.017627716064453118
v 0.0013147741556167603 0.03666338324546814 0.01553773880004882
v -0.00014222413301467896 0.03936038538813591 0.013617753982543937
v -0.001676224172115326 0.041747383773326874 0.01154756546020507
v 0.08215677738189697 -0.01717061549425124 0.04735755920410157
v 0.08063777536153793 -0.011558614671230304 0.05115771293640137
v 0.08189677447080612 -0.014152616262435903 0.04892754554748535
v 0.08298077434301376 -0.022883616387844075 0.04773759841918946
v -0.0012172237038612366 0.016794383525848396 0.02983760833740234
v 0.0006047748029232025 0.03173938393592835 0.01903772354125976
v -0.0014872252941131592 0.029509384185075763 0.020767688751220696
v -0.0034752264618873596 0.027468385174870494 0.022857666015624993
v -0.03742922842502594 -0.015973616391420368 -0.020472288131713864
v -0.03742922842502594 -0.015973616391420368 -0.020472288131713864
v -0.03566822409629822 -0.015272613614797597 -0.025472402572631832
v -0.03566822409629822 -0.015272613614797597 -0.025472402572631832
v -0.042412228882312775 -0.03371261432766914 0.02040767669677735
v -0.0378132238984108 -0.03060661628842353 0.029227733612060554
v -0.0378132238984108 -0.03060661628842353 0.029227733612060554
v -0.0011112242937088013 0.0037563852965831843 0.038347721099853516
v 0.0009517744183540344 0.005986385047435768 0.036487579345703125
v -0.003215223550796509 0.001457383856177339 0.040047645568847656
v -0.00549822673201561 -0.0008856151252984908 0.0414276123046875
v -0.006775226444005966 -0.006439615041017523 0.04276776313781738
v -0.009311225265264511 -0.008903615176677693 0.04305768013000488
v -0.011914223432540894 -0.011252615600824347 0.04267764091491699
v -0.01458122581243515 -0.013467613607645026 0.041977643966674805
v -0.01458122581243515 -0.013467613607645026 0.041977643966674805
v -0.017288226634263992 -0.01563061401247977 0.04107761383056641
v -0.020001225173473358 -0.01791861653327941 0.04045772552490235
v -0.02281622588634491 -0.019963614642620076 0.03937768936157227
v -0.025584224611520767 -0.021852616220712655 0.0379476547241211
v -0.028358228504657745 -0.023809615522623055 0.03657770156860352
v -0.03110622614622116 -0.02575461566448211 0.03505754470825196
v -0.03372422605752945 -0.027584616094827645 0.033167600631713874
v -0.03372422605752945 -0.027584616094827645 0.033167600631713874
v -0.03604622185230255 -0.02919261530041694 0.031017541885375984
v -0.03604622185230255 -0.02919261530041694 0.031017541885375984
v -0.031208224594593048 -0.00503861531615258 -0.03229236602783203
v -0.02986922860145569 -0.0029786154627800053 -0.029802322387695312
v -0.026939228177070618 0.002589384093880647 -0.02918243408203125
v -0.032812222838401794 -0.007971614599227912 -0.03114223480224609
v -0.032812222838401794 -0.007971614599227912 -0.03114223480224609
v -0.025950226932764053 0.00849038548767566 -0.029492378234863285
v -0.023732226341962814 0.02812638506293296 -0.036912441253662116
v -0.006917227059602737 0.05004638433456421 -0.0009522438049316517
v -0.009144224226474762 0.05075138434767723 -0.0036723613739013785
v -0.012243226170539856 0.05111638456583023 -0.012652397155761731
v -0.016078226268291473 0.05061938613653183 -0.014302253723144542
v -0.0033262260258197784 0.043978385627269745 0.00925755500793456
v -0.004872225224971771 0.04635138437151909 0.007227659225463857
v -0.006688226014375687 0.04781738668680191 0.00457763671874999
v -0.019978225231170654 0.049736384302377694 -0.01569223403930665
v -0.023354224860668182 0.04851438477635383 -0.016742229461669932
v 0.07461177557706833 -0.027733616530895223 0.05272769927978516
v 0.07461177557706833 -0.027733616530895223 0.05272769927978516
v 0.07465177774429321 -0.02514461427927016 0.053877592086792
v 0.07558777928352356 -0.022014614194631566 0.05407762527465821
v 0.07616477459669113 -0.01871361583471297 0.0547776222229004
v 0.07731277495622635 -0.01540461555123328 0.05516767501831055
v 0.07731277495622635 -0.01540461555123328 0.05516767501831055
v 0.07914577424526215 -0.011880613863468158 0.05460762977600098
v 0.08419477939605713 -0.019806616008281697 0.048597574234008796
v -0.0004442259669303894 0.008970385417342193 0.03505754470825195
v -0.001859225332736969 0.01185138430446387 0.0334477424621582
v -0.003243226557970047 0.014767384156584747 0.03188776969909668
v -0.0026032254099845886 0.019752385094761855 0.028297662734985348
v -0.004070226103067398 0.02250038459897042 0.02647757530212402
v -0.005542226135730743 0.025168385356664665 0.0245676040649414
v 0.07783177495002747 -0.028816614300012578 0.051807641983032234
v 0.08058777451515198 -0.02721361443400382 0.05101776123046876
v 0.08058777451515198 -0.02721361443400382 0.05101776123046876
v 0.08335977792739868 -0.025306615978479375 0.05027770996093751
v 0.08335977792739868 -0.025306615978479375 0.05027770996093751
v 0.08335977792739868 -0.025306615978479375 0.05027770996093751
v -0.04373622685670853 -0.024682614952325824 -0.01250243186950683
v -0.04373622685670853 -0.024682614952325824 -0.01250243186950683
v -0.04273122549057007 -0.02165261656045914 -0.014462232589721674
v -0.04273122549057007 -0.02165261656045914 -0.014462232589721674
v -0.04148522764444351 -0.018668614327907566 -0.016212224960327145
v -0.04148522764444351 -0.018668614327907566 -0.016212224960327145
v -0.04439322650432587 -0.027512613683938984 -0.0101022720336914
v -0.04439322650432587 -0.027512613683938984 -0.0101022720336914
v -0.044717222452163696 -0.029941614717245102 -0.0071523189544677665
v -0.03996722400188446 -0.015615615993738178 -0.017722368240356442
v -0.035630226135253906 -0.012764614075422292 -0.022672414779663082
v -0.035630226135253906 -0.012764614075422292 -0.022672414779663082
v -0.04502222687005997 -0.031928613781929016 -0.003922224044799798
v -0.035029225051403046 -0.014384616166353233 -0.02908229827880859
v -0.04507322609424591 -0.03297261521220207 -0.00039243698120116456
v -0.04507322609424591 -0.03297261521220207 -0.00039243698120116456
v -0.04507322609424591 -0.03297261521220207 -0.00039243698120116456
v -0.04524122178554535 -0.03410261496901512 0.003107547760009773
v -0.04524122178554535 -0.03410261496901512 0.003107547760009773
v -0.04525822401046753 -0.035005614161491394 0.006587743759155281
v -0.04525822401046753 -0.035005614161491394 0.006587743759155281
v -0.044839225709438324 -0.034990616142749786 0.010137557983398444
v -0.04424722492694855 -0.03483361378312111 0.013657569885253913
v -0.043449223041534424 -0.03442361578345298 0.017077684402465827
v -0.03435122221708298 -0.010988615453243263 -0.03009223937988281
v -0.03435122221708298 -0.010988615453243263 -0.03009223937988281
v -0.0412222221493721 -0.029610615223646157 0.028527736663818366
v -0.04289422184228897 -0.03067261725664138 0.025587558746337898
v -0.044536225497722626 -0.032145615667104714 0.02264761924743653
v -0.007861226797103882 -0.0032426156103610897 0.042647600173950195
v -0.029162228107452393 -0.000402614474296576 -0.027802228927612305
v -0.02581922337412834 0.025362385436892503 -0.0361623764038086
v -0.027934223413467407 0.022609384730458253 -0.035322427749633796
v -0.02844822406768799 0.019870385527610772 -0.03390240669250489
v -0.02844822406768799 0.019870385527610772 -0.03390240669250489
v -0.028185226023197174 0.01741738431155681 -0.03240227699279786
v -0.028185226023197174 0.01741738431155681 -0.03240227699279786
v -0.028487227857112885 0.014585384167730801 -0.030592441558837894
v -0.0268242247402668 0.011816384270787232 -0.028282403945922855
v -0.026123225688934326 0.005342384800314897 -0.027202367782592773
v -0.01222822442650795 0.051424384117126465 -0.009312391281127942
v -0.012045226991176605 0.051271386444568634 -0.006172418594360363
v -0.00839722529053688 0.04954138398170471 0.0020575523376464735
v -0.026116225868463516 0.03344938531517982 -0.029402256011962898
v -0.025995224714279175 0.030676385387778275 -0.03164243698120118
v -0.026505224406719208 0.036453384906053536 -0.02740240097045899
v -0.02704722434282303 0.039648383855819695 -0.02564239501953126
v -0.02720622718334198 0.042530383914709084 -0.023362398147583018
v -0.025967225432395935 0.028011385351419442 -0.03394222259521485
v -0.026986226439476013 0.044981382787227624 -0.020592451095581065
v -0.026472225785255432 0.046906381845474236 -0.017502307891845714
v -0.0007192268967628479 0.03486238420009614 0.017787694931030266
v -0.002189226448535919 0.037533383816480644 0.015857696533203118
v -0.0036822259426116943 0.04019838571548462 0.014047622680664054
v -0.005231224000453949 0.04268638417124748 0.012087583541870109
v 0.08398077636957169 -0.016662616282701482 0.050417661666870124
v 0.08291277289390564 -0.01056561619043349 0.05363774299621582
v 0.08291277289390564 -0.01056561619043349 0.05363774299621582
v 0.08433777093887329 -0.013159614056348789 0.051367759704589844
v 0.08428177237510681 -0.022094614803791036 0.05131769180297852
v 0.08428177237510681 -0.022094614803791036 0.05131769180297852
v -0.0046252235770225525 0.01767538487911225 0.03030776977539062
v -0.0028052255511283875 0.03264638409018517 0.019557714462280266
v -0.004881225526332855 0.030387384817004207 0.02129769325256347
v -0.006957225501537323 0.028044383972883228 0.022957563400268548
v -0.03865522891283035 -0.012614615261554723 -0.01963233947753906
v -0.035373225808143616 -0.011987615376710897 -0.026852369308471676
v -0.035373225808143616 -0.011987615376710897 -0.026852369308471676
v -0.045833222568035126 -0.03303261473774909 0.019367694854736335
v -0.039430223405361176 -0.028290614485740655 0.031157732009887702
v -0.0024642236530780792 0.006848383694887169 0.03707766532897949
v -0.004635225981473923 0.0044073853641748515 0.03841757774353027
v -0.006789226084947586 0.002159385010600099 0.04012775421142578
v -0.009067226201295853 -0.00016161613166331323 0.041527748107910156
v -0.010297223925590515 -0.005670614540576925 0.043487548828125
v -0.012811224907636642 -0.008043617010116567 0.04364776611328125
v -0.015417225658893585 -0.010317616164684285 0.04317760467529297
v -0.01804722473025322 -0.012496616691350928 0.04247760772705078
v -0.01804722473025322 -0.012496616691350928 0.04247760772705078
v -0.020728226751089096 -0.014605615288019172 0.04149770736694336
v -0.020728226751089096 -0.014605615288019172 0.04149770736694336
v -0.023496225476264954 -0.01669061556458472 0.04051756858825684
v -0.02632022649049759 -0.018910616636276235 0.03992772102355958
v -0.029128223657608032 -0.020902615040540688 0.03853774070739747
v -0.031912222504615784 -0.022832617163658135 0.037017583847045905
v -0.031912222504615784 -0.022832617163658135 0.037017583847045905
v -0.03462022542953491 -0.024779614061117165 0.035337686538696296
v -0.03462022542953491 -0.024779614061117165 0.035337686538696296
v -0.0371682271361351 -0.02666561678051948 0.03341770172119141
v -0.03191622346639633 -0.005688615143299109 -0.028612375259399414
v -0.030813224613666534 -0.003612615168094641 -0.0263824462890625
v -0.028011225163936615 0.002187384292483324 -0.02602243423461914
v -0.033629223704338074 -0.00868161395192147 -0.027862310409545895
v -0.027176223695278168 0.008657384663820262 -0.025922298431396488
v -0.010351225733757019 0.05023138225078583 -0.0007622241973877065
v -0.012030225247144699 0.05090738460421562 -0.0035324096679687613
v -0.015583224594593048 0.051191382110118866 -0.010772228240966809
v -0.01917022466659546 0.05054738372564316 -0.012102365493774424
v -0.006884224712848663 0.04460538551211357 0.00961756706237792
v -0.008535224944353104 0.046971384435892105 0.0074877738952636615
v -0.010238226503133774 0.04871838539838791 0.004927635192871083
v -0.022658225148916245 0.04982738196849823 -0.013272285461425792
v -0.025787226855754852 0.048299387097358704 -0.014132261276245128
v 0.07709577679634094 -0.028151616454124437 0.055367708206176765
v 0.07709577679634094 -0.028151616454124437 0.055367708206176765
v 0.07712377607822418 -0.024598617106676088 0.056087732315063484
v 0.07745877653360367 -0.021223615854978548 0.05691766738891602
v 0.07812077552080154 -0.017728615552186952 0.057497739791870124
v 0.07927078008651733 -0.014228615909814822 0.057637691497802734
v 0.07927078008651733 -0.014228615909814822 0.057637691497802734
v 0.08098077774047852 -0.010817617177963245 0.05712771415710449
v 0.0866357758641243 -0.019417613744735707 0.05119776725769044
v 0.0866357758641243 -0.019417613744735707 0.05119776725769044
v -0.0038502253592014313 0.00983038544654847 0.0355677604675293
v -0.005192223936319351 0.012839384377002723 0.034117698669433594
v -0.006635226309299469 0.01565638557076455 0.032397747039794915
v -0.006088227033615112 0.02040038444101811 0.028477668762207028
v -0.0075562261044979095 0.023020384833216674 0.026527643203735348
v -0.008973225951194763 0.025880385190248496 0.024897575378417962
v 0.0801747739315033 -0.028251614421606053 0.05447769165039063
v 0.0801747739315033 -0.028251614421606053 0.05447769165039063
v 0.08293377608060837 -0.026746615767478932 0.05378770828247071
v 0.08570177853107452 -0.025040615350008 0.05301761627197266
v 0.08570177853107452 -0.025040615350008 0.05301761627197266
v -0.045794226229190826 -0.02167361602187157 -0.012732267379760737
v -0.046629227697849274 -0.024595614522695545 -0.01053237915039062
v -0.046629227697849274 -0.024595614522695545 -0.01053237915039062
v -0.044637225568294525 -0.01861861720681191 -0.014472246170043942
v -0.043233223259449005 -0.01551761478185654 -0.015882253646850582
v -0.04710622876882553 -0.027244616299867633 -0.007952451705932612
v -0.04710622876882553 -0.027244616299867633 -0.007952451705932612
v -0.047425225377082825 -0.029499616473913193 -0.005022287368774407
v -0.047425225377082825 -0.029499616473913193 -0.005022287368774407
v -0.04183322191238403 -0.01241661608219147 -0.01730227470397949
v -0.03772422671318054 -0.009589616209268575 -0.021932363510131832
v -0.03462522476911545 -0.009590614587068563 -0.02467226982116699
v -0.04788222163915634 -0.03140561655163765 -0.0019223690032958915
v -0.04788222163915634 -0.03140561655163765 -0.0019223690032958915
v -0.048211224377155304 -0.03275061398744583 0.0015275478363037183
v -0.04838922619819641 -0.033600617200136185 0.005037546157836922
v -0.047901228070259094 -0.03346261382102966 0.00864768028259278
v -0.04740322381258011 -0.03345261514186859 0.012227773666381843
v -0.046796225011348724 -0.03345061466097831 0.01581764221191407
v -0.04255222529172897 -0.026723615825176232 0.030347585678100593
v -0.04471222311258316 -0.029088616371154778 0.02811765670776368
v -0.04630222171545029 -0.030170615762472146 0.02484774589538575
v -0.04770122468471527 -0.030908614397048947 0.021407604217529304
v -0.011460226029157639 -0.002554615959525099 0.04267764091491699
v -0.02992422878742218 -0.000990616157650953 -0.024642229080200195
v -0.028299227356910706 0.025305384770035737 -0.03330230712890626
v -0.02941722422838211 0.022211384028196328 -0.031832456588745124
v -0.02832122892141342 0.018698384985327714 -0.02930235862731934
v -0.02832122892141342 0.018698384985327714 -0.02930235862731934
v -0.028540223836898804 0.015236384235322468 -0.027362346649169925
v -0.028540223836898804 0.015236384235322468 -0.027362346649169925
v -0.028681226074695587 0.011872384697198863 -0.02529239654541016
v -0.028681226074695587 0.011872384697198863 -0.02529239654541016
v -0.02904922515153885 0.005572384223341937 -0.025022268295288086
v -0.015205226838588715 0.051285386085510254 -0.007362365722656261
v -0.014693226665258408 0.05109338462352753 -0.004062414169311535
v -0.011970225721597672 0.04967738687992096 0.0020775794982910048
v -0.028368227183818817 0.030776385217905038 -0.02886223793029786
v -0.02876322716474533 0.033780384808778756 -0.026942253112792976
v -0.028310224413871765 0.027997383847832673 -0.031072378158569343
v -0.02936422824859619 0.0369143858551979 -0.025172233581542976
v -0.029654227197170258 0.03985238447785377 -0.023082256317138682
v -0.029611222445964813 0.042519383132457726 -0.020592451095581065
v -0.029273226857185364 0.04474938660860061 -0.017812252044677745
v -0.028616227209568024 0.04638238251209259 -0.014742374420166026
v -0.004256226122379303 0.03549738228321076 0.017907619476318352
v -0.005659226328134537 0.038506384938955314 0.016507625579833977
v -0.007229223847389221 0.04109238460659981 0.014577627182006827
v -0.008937224745750427 0.043262384831905365 0.012247562408447255
v 0.08633977174758911 -0.01595761626958846 0.053287744522094734
v 0.08633977174758911 -0.01595761626958846 0.053287744522094734
v 0.08319677412509918 -0.00908461585640906 0.05641770362854004
v 0.08319677412509918 -0.00908461585640906 0.05641770362854004
v 0.08689377456903458 -0.012134615331888187 0.053937673568725586
v 0.08689377456903458 -0.012134615331888187 0.053937673568725586
v 0.08769677579402924 -0.022295616567134847 0.05290770530700684
v -0.008057225495576859 0.018456384539604194 0.030677556991577145
v -0.006298225373029709 0.03341938555240632 0.019967555999755852
v -0.00839022547006607 0.03095638379454613 0.021447658538818352
v -0.010416224598884583 0.028609383851289753 0.02315759658813476
v -0.04105222225189209 -0.009727615863084798 -0.019872426986694332
v -0.048979222774505615 -0.03161161392927169 0.017977714538574226
v -0.04035622626543045 -0.02520561590790748 0.032877683639526374
v -0.005894225090742111 0.007666384801268586 0.03746771812438965
v -0.008052226155996323 0.005332384258508691 0.03900766372680664
v -0.010274223983287811 0.0029333848506212326 0.04034757614135742
v -0.012831225991249084 0.00043738447129727337 0.041867733001708984
v -0.013819225132465363 -0.004766616970300665 0.04400777816772461
v -0.016263224184513092 -0.007089614868164053 0.04391765594482422
v -0.018837224692106247 -0.009226616472005834 0.043457746505737305
v -0.021433226764202118 -0.011291615664958945 0.04245758056640625
v -0.024142224341630936 -0.013415616005659095 0.041617631912231445
v -0.024142224341630936 -0.013415616005659095 0.041617631912231445
v -0.026930227875709534 -0.01550261676311492 0.040747642517089844
v -0.026930227875709534 -0.01550261676311492 0.040747642517089844
v -0.029770225286483765 -0.01757461577653884 0.0397477149963379
v -0.029770225286483765 -0.01757461577653884 0.0397477149963379
v -0.029770225286483765 -0.01757461577653884 0.0397477149963379
v -0.032603226602077484 -0.019644614309072488 0.038607597351074226
v -0.032603226602077484 -0.019644614309072488 0.038607597351074226
v -0.035398222506046295 -0.021624613553285592 0.03712773323059083
v -0.0379762277007103 -0.02342161536216735 0.035137653350830085
v -0.03236422687768936 -0.0069386139512062125 -0.025112390518188477
v -0.0321052223443985 -0.0008126161992549947 -0.02293229103088379
v -0.030556224286556244 0.0023513846099376626 -0.02360224723815918
v -0.029864221811294556 0.008752385154366488 -0.02370238304138184
v -0.01361522451043129 0.050367385149002075 -0.0009324550628662221
v -0.018531225621700287 0.050969384610652924 -0.008542299270629895
v -0.02189222350716591 0.05038338527083397 -0.0096724033355713
v -0.010572224855422974 0.04553438723087311 0.010057687759399404
v -0.012286223471164703 0.04739038646221161 0.007547616958618154
v -0.013951227068901062 0.04874938726425171 0.004717588424682607
v -0.025042224675416946 0.04917038232088089 -0.01070237159729005
v -0.027913227677345276 0.04754638671875 -0.011502265930175792
v 0.07901977002620697 -0.027529615908861146 0.05790758132934571
v 0.07901977002620697 -0.027529615908861146 0.05790758132934571
v 0.07901977002620697 -0.027529615908861146 0.05790758132934571
v 0.07917577028274536 -0.023862615227699266 0.058657646179199226
v 0.07970777153968811 -0.020275615155696855 0.059397697448730476
v 0.08001377433538437 -0.016574613749980913 0.06015777587890626
v 0.08144677430391312 -0.013124614953994737 0.06006765365600586
v 0.08144677430391312 -0.013124614953994737 0.06006765365600586
v 0.08336277306079865 -0.010232616215944276 0.05945777893066406
v 0.08336277306079865 -0.010232616215944276 0.05945777893066406
v 0.08621877431869507 -0.009363614022731769 0.0559077262878418
v 0.08621877431869507 -0.009363614022731769 0.0559077262878418
v 0.08621877431869507 -0.009363614022731769 0.0559077262878418
v 0.08910477161407471 -0.018570616841316213 0.0535576343536377
v -0.007141225039958954 0.010898385196924218 0.03633761405944824
v -0.008594226092100143 0.013722384348511703 0.03461766242980957
v -0.010047223418951035 0.016474384814500816 0.0328075885772705
v -0.009533226490020752 0.0210653841495514 0.028727769851684567
v -0.010984227061271667 0.02372738532721997 0.026857614517211907
v -0.01245022565126419 0.026301383972167976 0.024917602539062493
v 0.08204277604818344 -0.0284186154603958 0.05684757232666016
v 0.08503477275371552 -0.027463614940643297 0.05631756782531739
v 0.08766277134418488 -0.024720616638660417 0.05577754974365235
v 0.08766277134418488 -0.024720616638660417 0.05577754974365235
v -0.04874422401189804 -0.021588616073131565 -0.01044225692749023
v -0.047556228935718536 -0.01857361570000649 -0.012502431869506832
v -0.049653224647045135 -0.024458616971969608 -0.00822234153747558
v -0.04635722190141678 -0.01548261567950249 -0.014082431793212887
v -0.04499922692775726 -0.012391615658998493 -0.015422344207763668
v -0.049771226942539215 -0.02696361392736435 -0.005882263183593744
v -0.05013122409582138 -0.029019616544246674 -0.003072261810302728
v -0.044137224555015564 -0.009440615773200992 -0.017402410507202145
v -0.03929022699594498 -0.0068226158618927045 -0.021012306213378906
v -0.035721227526664734 -0.006832614541053777 -0.022652387619018555
v -0.0506342276930809 -0.03038661554455757 0.00011777877807617862
v -0.05082022398710251 -0.03116261586546898 0.0036077499389648507
v -0.05072322487831116 -0.03159661591053009 0.007177591323852546
v -0.05042122304439545 -0.03182561695575714 0.010787725448608405
v -0.04975222796201706 -0.03169361501932144 0.014387607574462898
v -0.04365722835063934 -0.024188615381717675 0.03246760368347169
v -0.04577522724866867 -0.026036616414785378 0.029737710952758796
v -0.04737022519111633 -0.02729461714625358 0.02652764320373536
v -0.04934822767972946 -0.028614614158868783 0.023537635803222663
v -0.05079822242259979 -0.029258616268634793 0.020077705383300788
v -0.01498822495341301 -0.0017016157507896328 0.04276776313781738
v -0.033715225756168365 -0.003914615139365201 -0.022892236709594727
v -0.03065122663974762 0.025202384218573563 -0.030372381210327155
v -0.030887223780155182 0.022131385281682008 -0.028322458267211918
v -0.029725223779678345 0.01717738434672355 -0.026772260665893558
v -0.03013022243976593 0.015004384331405158 -0.024342298507690433
v -0.03110622614622116 0.011869384907186026 -0.02269244194030762
v -0.03110622614622116 0.011869384907186026 -0.02269244194030762
v -0.03133722394704819 0.0055953841656446405 -0.022422313690185547
v -0.017832227051258087 0.05084938555955887 -0.0049922466278076285
v -0.016880225390195847 0.050291385501623154 -0.0015223026275634876
v -0.015531226992607117 0.049505382776260376 0.0016677379608154186
v -0.030537225306034088 0.02794638462364673 -0.028132438659667976
v -0.030796222388744354 0.030915385112166398 -0.026162385940551765
v -0.03134922683238983 0.03400538489222526 -0.024372339248657234
v -0.0318722277879715 0.037031382322311394 -0.022492408752441413
v -0.03203222155570984 0.039818383753299706 -0.020252227783203135
v -0.031724222004413605 0.042220383882522576 -0.017652273178100596
v -0.031200222671031952 0.04419238492846489 -0.014892339706420909
v -0.030517227947711945 0.04567338526248932 -0.011922359466552745
v -0.007802225649356842 0.03622738271951676 0.018287658691406243
v -0.009356226772069931 0.0390743836760521 0.01669764518737792
v -0.011006224900484085 0.0416833832859993 0.014767646789550773
v -0.012691225856542587 0.04363938421010971 0.012247562408447255
v 0.08870477974414825 -0.015030615031719196 0.05589771270751953
v 0.085478775203228 -0.008022613823413835 0.05870771408081055
v 0.0891827791929245 -0.01090961694717406 0.05676770210266113
v 0.089811772108078 -0.021846614778041826 0.05570769309997559
v -0.01152222603559494 0.01911838352680207 0.030897617340087887
v -0.009877223521471024 0.0338013842701912 0.019877672195434563
v -0.01191522553563118 0.03130938485264779 0.02138757705688476
v -0.013925224542617798 0.028807384893298153 0.022927761077880852
v -0.04316122829914093 -0.007187616080045704 -0.01972222328186035
v -0.05195922404527664 -0.029769614338874813 0.016517639160156257
v -0.04139922559261322 -0.022110614925622933 0.035007715225219734
v -0.009259223937988281 0.00860338471829892 0.03802776336669922
v -0.011461224406957626 0.006185384467244157 0.03936767578125
v -0.013684224337339401 0.0038343854248523803 0.040767669677734375
v -0.01609322428703308 0.0014273840934038255 0.04175758361816406
v -0.017286226153373718 -0.0037726145237684154 0.043547630310058594
v -0.019564226269721985 -0.005780614912509909 0.043567657470703125
v -0.02212122455239296 -0.007974617183208455 0.04350757598876953
v -0.02476322650909424 -0.010085616260766974 0.04256772994995117
v -0.027524225413799286 -0.012202616780996314 0.04184770584106445
v -0.03037622570991516 -0.014278616756200782 0.04100775718688965
v -0.03037622570991516 -0.014278616756200782 0.04100775718688965
v -0.03322022408246994 -0.016268614679574956 0.03984761238098145
v -0.03322022408246994 -0.016268614679574956 0.03984761238098145
v -0.0360112264752388 -0.018151614814996712 0.03833770751953126
v -0.0360112264752388 -0.018151614814996712 0.03833770751953126
v -0.03891122341156006 -0.020329616963863366 0.03729772567749024
v -0.03891122341156006 -0.020329616963863366 0.03729772567749024
v -0.03485022485256195 -0.0008156150579452561 -0.021032333374023438
v -0.03315122425556183 0.002399384975433345 -0.021682262420654297
v -0.030909225344657898 0.019118383526802056 -0.026182413101196293
v -0.03235822170972824 0.00869938544929027 -0.021242380142211918
v -0.021091226488351822 0.050402384251356125 -0.006062269210815441
v -0.024298224598169327 0.049599386751651764 -0.007142305374145519
v -0.014401223510503769 0.0459003821015358 0.010057687759399404
v -0.01610422506928444 0.047392383217811584 0.0072076320648193255
v -0.017636224627494812 0.048664383590221405 0.0042376518249511615
v -0.02719922363758087 0.04816538468003273 -0.008132457733154307
v -0.029889225959777832 0.04657438397407532 -0.008892297744750987
v 0.08089577406644821 -0.0267956145107746 0.060357570648193366
v 0.08089577406644821 -0.0267956145107746 0.060357570648193366
v 0.0808887779712677 -0.022844616323709474 0.061567544937133796
v 0.08137176930904388 -0.019077613949775682 0.06225776672363282
v 0.08233777433633804 -0.015343613922595964 0.0626676082611084
v 0.0835527777671814 -0.011829614639282213 0.06270766258239746
v 0.0835527777671814 -0.011829614639282213 0.06270766258239746
v 0.0835527777671814 -0.011829614639282213 0.06270766258239746
v 0.08544277399778366 -0.008867613971233354 0.06196761131286621
v 0.08869276940822601 -0.007921613752841937 0.0582277774810791
v 0.08869276940822601 -0.007921613752841937 0.0582277774810791
v 0.09143877029418945 -0.0186256170272827 0.05597758293151856
v -0.010526224970817566 0.011811384931206712 0.03685760498046875
v -0.011990226805210114 0.014615384861826904 0.035077571868896484
v -0.01348622515797615 0.0172793846577406 0.033177614212036126
v -0.012998227030038834 0.02167338505387307 0.02891755104064941
v -0.014475226402282715 0.02416238561272622 0.026887655258178704
v -0.015953224152326584 0.0265323854982853 0.024777650833129876
v 0.08394177258014679 -0.027742616832256303 0.0600576400756836
v 0.08627577126026154 -0.025673616677522645 0.05942773818969727
v 0.08627577126026154 -0.025673616677522645 0.05942773818969727
v 0.08960478007793427 -0.02425761520862578 0.05846762657165528
v 0.08960478007793427 -0.02425761520862578 0.05846762657165528
v -0.050442226231098175 -0.02159061655402184 -0.008662223815917964
v -0.050109222531318665 -0.018596615642309192 -0.010442256927490231
v -0.049184225499629974 -0.015495616942644123 -0.011962413787841793
v -0.05202622711658478 -0.024298615753650665 -0.00531244277954101
v -0.04792122542858124 -0.012352615594863895 -0.013342380523681637
v -0.04674922674894333 -0.009245615452528003 -0.014992237091064451
v -0.05171522498130798 -0.026437614113092422 -0.003972291946411127
v -0.05232422798871994 -0.027618616819381714 -0.0010123252868652283
v -0.046191222965717316 -0.0063516162335872685 -0.01740241050720215
v -0.04022722691297531 -0.0038656145334243818 -0.01917243003845215
v -0.03690922260284424 -0.0038876160979270983 -0.020882368087768555
v -0.05302122235298157 -0.02861461415886879 0.0022077560424804753
v -0.053400225937366486 -0.02951761707663536 0.005657672882080085
v -0.05327822268009186 -0.029976613819599148 0.009277582168579109
v -0.05276922881603241 -0.029929615557193753 0.01294755935668946
v -0.04408522695302963 -0.022033616900444024 0.03332757949829102
v -0.046535223722457886 -0.023267615586519234 0.031057596206665043
v -0.04853222519159317 -0.024539615958929055 0.028217554092407234
v -0.05050022155046463 -0.02578861638903617 0.025297641754150398
v -0.052375227212905884 -0.02673261612653732 0.022077560424804694
v -0.0535312220454216 -0.027231615036725994 0.018587589263916023
v -0.01855422556400299 -0.0007846150547265911 0.04304766654968262
v -0.03282122313976288 0.02506038546562194 -0.027372360229492194
v -0.03312722593545914 0.022138385102152817 -0.02549242973327637
v -0.03245122730731964 0.014979384839534754 -0.021622419357299808
v -0.03356822580099106 0.011858385056257243 -0.02007222175598145
v -0.03356822580099106 0.011858385056257243 -0.02007222175598145
v -0.03392522782087326 0.005479384213685985 -0.02015233039855957
v -0.020149223506450653 0.050006382167339325 -0.00248241424560548
v -0.018980223685503006 0.04929238557815552 0.0009377002716064344
v -0.03294222801923752 0.02799838408827781 -0.025422334671020515
v -0.03324722498655319 0.031033385545015328 -0.023492336273193366
v -0.03378122299909592 0.034058384597301476 -0.021642446517944343
v -0.03406122326850891 0.036909386515617364 -0.019552230834960944
v -0.03394722193479538 0.03948938474059104 -0.017142295837402354
v -0.03356822580099106 0.041753385215997696 -0.014622449874877938
v -0.03289622813463211 0.043547384440898895 -0.011892318725585948
v -0.0318722277879715 0.044812384992837906 -0.007842302322387706
v -0.011438224464654922 0.03655338287353516 0.018207550048828118
v -0.013086225837469101 0.03929238393902779 0.016567707061767568
v -0.014789223670959473 0.04174838587641716 0.014537572860717765
v -0.016541223973035812 0.04383838549256325 0.012137651443481435
v 0.09109477698802948 -0.01294961571693419 0.05885767936706543
v 0.08785277605056763 -0.006698615849018083 0.061107635498046875
v 0.08785277605056763 -0.006698615849018083 0.061107635498046875
v 0.09169677644968033 -0.009549614042043672 0.05917763710021973
v 0.09110477566719055 -0.01599861681461333 0.05779767036437989
v 0.09218377619981766 -0.02166761457920073 0.058077573776245124
v -0.014990225434303284 0.019762385636568076 0.031107664108276364
v -0.013474225997924805 0.03401938453316689 0.019717693328857415
v -0.015420224517583847 0.0312853828072548 0.021157741546630852
v -0.017429225146770477 0.02905838564038277 0.022657632827758782
v -0.0521412268280983 -0.021591614931821823 -0.006892442703247065
v -0.04356922209262848 -0.0036766156554222146 -0.017482280731201172
v -0.05451022833585739 -0.02747261524200439 0.015027761459350593
v -0.04192322492599487 -0.01832261681556701 0.0361776351928711
v -0.04192322492599487 -0.01832261681556701 0.0361776351928711
v -0.04451322555541992 -0.019878614693880074 0.03418755531311036
v -0.04451322555541992 -0.019878614693880074 0.03418755531311036
v -0.012657225131988525 0.00947938486933709 0.0384676456451416
v -0.0148802250623703 0.007047384977340707 0.03972768783569336
v -0.01716422662138939 0.004601385444402703 0.04075765609741211
v -0.019565224647521973 0.0023363847285509205 0.04211759567260742
v -0.02048422396183014 -0.002524616196751585 0.04299759864807129
v -0.022414226084947586 -0.004263617098331442 0.04295754432678223
v -0.02529822662472725 -0.0066556148231029415 0.04321765899658203
v -0.02807922661304474 -0.008821614086627952 0.04270768165588379
v -0.03086022287607193 -0.010825615376234046 0.04160761833190918
v -0.03378622233867645 -0.012862615287303916 0.04086756706237793
v -0.036631226539611816 -0.014799617230892173 0.03979754447937012
v -0.03938622772693634 -0.016635615378618233 0.03827762603759766
v -0.0378132238984108 -0.0008466150611639065 -0.01903223991394043
v -0.03570922464132309 0.002289384603500362 -0.019382238388061523
v -0.03400822728872299 0.019222384318709367 -0.02379226684570313
v -0.03142022341489792 0.01772338524460792 -0.023512363433837894
v -0.03498922288417816 0.008612385019659993 -0.01890230178833008
v -0.023436225950717926 0.04948938637971878 -0.0035223960876464952
v -0.026482224464416504 0.04833638668060303 -0.004662275314331065
v -0.018215224146842957 0.04566938430070877 0.009507656097412099
v -0.019786223769187927 0.047110386192798615 0.006567716598510732
v -0.021164223551750183 0.04816238582134247 0.003357648849487294
v -0.02921222150325775 0.046738386154174805 -0.005752325057983409
v 0.08274577558040619 -0.025601614266633974 0.06317758560180664
v 0.08274577558040619 -0.025601614266633974 0.06317758560180664
v 0.08268778026103973 -0.021586615592241273 0.06452775001525879
v 0.0838557779788971 -0.017811615020036684 0.0643775463104248
v 0.08430977165699005 -0.013806615024805055 0.06561756134033203
v 0.08642777800559998 -0.010418616235256181 0.06459760665893555
v 0.08642777800559998 -0.010418616235256181 0.06459760665893555
v 0.08771777153015137 -0.00605661422014235 0.06489777565002441
v 0.09061577916145325 -0.006568614393472658 0.06091761589050293
v 0.09408577531576157 -0.018609616905450807 0.05837774276733399
v -0.014021225273609161 0.012470385059714326 0.036957740783691406
v -0.015490226447582245 0.015230384655296811 0.035187721252441406
v -0.017009224742650986 0.017777383327484138 0.03319764137268066
v -0.01648922637104988 0.022237384691834457 0.029067754745483395
v -0.017986226826906204 0.024369385093450553 0.026727676391601556
v -0.01946522668004036 0.026767384260892875 0.024627685546874993
v 0.0858517736196518 -0.026925615966320024 0.06281757354736328
v 0.08904977142810822 -0.026834614574909196 0.061457633972167976
v 0.08904977142810822 -0.026834614574909196 0.061457633972167976
v 0.0912797749042511 -0.023720614612102495 0.06112766265869141
v 0.0912797749042511 -0.023720614612102495 0.06112766265869141
v -0.052167221903800964 -0.018640615046024326 -0.008152246475219723
v -0.051669225096702576 -0.015556614845991136 -0.009582281112670895
v -0.050596222281455994 -0.012430615723133089 -0.010952234268188473
v -0.054297223687171936 -0.0219816155731678 -0.003992319107055659
v -0.053685225546360016 -0.02491961419582367 -0.0023722648620605412
v -0.049354225397109985 -0.009299617260694507 -0.012382268905639647
v -0.04807822406291962 -0.006206616759300235 -0.01394224166870117
v -0.05464322865009308 -0.025702614337205887 0.0007777214050293026
v -0.046841226518154144 -0.003220615908503536 -0.015362262725830078
v -0.041046224534511566 -0.0007156152278184929 -0.017312288284301758
v -0.05529722571372986 -0.026501614600419998 0.004127740859985358
v -0.055346228182315826 -0.027117613703012466 0.007697582244873053
v -0.05512922257184982 -0.0274796150624752 0.011377573013305671
v -0.047198228538036346 -0.020718615502119057 0.03241777420043946
v -0.047198228538036346 -0.020718615502119057 0.03241777420043946
v -0.049267224967479706 -0.021678615361452096 0.0296776294708252
v -0.05119922757148743 -0.022715616971254342 0.02678775787353516
v -0.05293722450733185 -0.023593615740537636 0.02367758750915528
v -0.05437822639942169 -0.02421261370182037 0.020357608795166023
v -0.05561622232198715 -0.024614617228507992 0.01693773269653321
v -0.022429224103689194 -0.00021361559629439348 0.04321765899658203
v -0.034431226551532745 0.02502338401973247 -0.024432420730590827
v -0.03557722270488739 0.021859385073184964 -0.02298235893249512
v -0.035186223685741425 0.015151384286582466 -0.01897239685058594
v -0.03490922600030899 0.01839838549494743 -0.020782232284545902
v -0.03620922565460205 0.011794384568929669 -0.017702341079711918
v -0.03620922565460205 0.011794384568929669 -0.017702341079711918
v -0.036732226610183716 0.00542538426816463 -0.018052339553833008
v -0.02240222692489624 0.04900038242340088 0.00000762939453123912
v -0.035241223871707916 0.028042385354638096 -0.02272224426269532
v -0.035572223365306854 0.03103338554501533 -0.020712375640869148
v -0.03587622195482254 0.03390838578343391 -0.018652439117431648
v -0.035978227853775024 0.03664438426494598 -0.0164022445678711
v -0.0357242226600647 0.039136383682489395 -0.013962268829345712
v -0.034939222037792206 0.041117385029792786 -0.01139235496520997
v -0.03383622318506241 0.04275238513946533 -0.008752346038818368
v -0.03126322478055954 0.04489138722419739 -0.003732442855834971
v -0.015116225928068161 0.036681383848190315 0.01802754402160644
v -0.016812223941087723 0.03920038416981698 0.016147613525390615
v -0.018567226827144623 0.04146038368344307 0.013957738876342765
v -0.020273223519325256 0.043439384549856186 0.011437654495239247
v 0.09412377327680588 -0.011930614709854112 0.06100773811340332
v 0.09352177381515503 -0.01548761501908301 0.05997776985168457
v 0.09071177244186401 -0.0049416162073612074 0.06381773948669434
v 0.09071177244186401 -0.0049416162073612074 0.06381773948669434
v 0.0927937775850296 -0.008292615413665758 0.06212759017944336
v 0.09420277178287506 -0.021463613957166658 0.060717582702636726
v -0.01852022483944893 0.020198384299874313 0.031107664108276364
v -0.017031226307153702 0.03391638398170472 0.0192575454711914
v -0.01895122602581978 0.031275384128093726 0.02064776420593261
v -0.020944226533174515 0.028809385374188427 0.02232766151428222
v -0.05427222698926926 -0.01891661435365677 -0.005552291870117183
v -0.04428722709417343 -0.0004926156252622639 -0.015472412109375
v -0.05660922825336456 -0.024774614721536633 0.013387680053710943
v -0.04263722151517868 -0.014855615794658652 0.03780770301818848
v -0.04525022208690643 -0.01643161475658416 0.03586769104003907
v -0.047606222331523895 -0.017638616263866418 0.03351759910583497
v -0.01611722633242607 0.010228384286165246 0.03865766525268555
v -0.018316224217414856 0.007812384516000756 0.03988766670227051
v -0.02061222493648529 0.005370384082198152 0.04088759422302246
v -0.02310122549533844 0.0030143838375806904 0.0420377254486084
v -0.025543224066495895 -0.0029886160045862102 0.04288768768310547
v -0.02845022827386856 -0.005339615046977987 0.04278755187988281
v -0.03131422400474548 -0.007434614002704611 0.04234766960144043
v -0.03415822237730026 -0.009340614080429068 0.04135775566101074
v -0.037035226821899414 -0.011239614337682715 0.040477752685546875
v -0.039777226746082306 -0.013042613863944999 0.0390777587890625
v -0.03885422646999359 0.002323385328054424 -0.017652273178100586
v -0.037703223526477814 0.008522383868694302 -0.016652345657348636
v -0.02557222545146942 0.047924384474754333 -0.0011622905731201278
v -0.028523221611976624 0.0465603843331337 -0.002382278442382823
v -0.02192222699522972 0.04523538425564766 0.008747577667236318
v -0.023287225514650345 0.046359382569789886 0.005577564239501943
v -0.024559225887060165 0.04734638333320618 0.0022976398468017474
v -0.03363622725009918 0.04274938255548477 -0.005482435226440439
v 0.0849267765879631 -0.024641614407300935 0.06613755226135254
v 0.0849267765879631 -0.024641614407300935 0.06613755226135254
v 0.08558177947998047 -0.02035361528396605 0.06604766845703125
v 0.08679378032684326 -0.01645061373710631 0.06580758094787598
v 0.08815677464008331 -0.012867614626884447 0.06497764587402344
v 0.08983577787876129 -0.009086616337299333 0.06428766250610352
v 0.08983577787876129 -0.009086616337299333 0.06428766250610352
v 0.08983577787876129 -0.009086616337299333 0.06428766250610352
v 0.0936717763543129 -0.018182616680860506 0.06184768676757813
v -0.017520226538181305 0.013189384713768968 0.03715777397155762
v -0.019016224890947342 0.015907384455204017 0.03538775444030761
v -0.020559225231409073 0.01824938505887986 0.03319764137268066
v -0.020030226558446884 0.022356383502483375 0.02878761291503906
v -0.02153022587299347 0.02461438439786435 0.026617765426635735
v -0.02297322452068329 0.026482384651899345 0.024107694625854485
v 0.08817178010940552 -0.026247616857290254 0.06505775451660156
v 0.09165577590465546 -0.026470616459846483 0.06370759010314941
v 0.09165577590465546 -0.026470616459846483 0.06370759010314941
v 0.09286577999591827 -0.023602616041898714 0.06366777420043945
v -0.05389122664928436 -0.015775617212057114 -0.007002353668212887
v -0.05317022651433945 -0.012613616883754732 -0.008472442626953122
v -0.05215722322463989 -0.009435616433620455 -0.009962320327758787
v -0.05552322417497635 -0.022536616772413254 -0.0007424354553222606
v -0.05591822415590286 -0.019355613738298416 -0.002412319183349605
v -0.05071822553873062 -0.006320614367723468 -0.01121234893798828
v -0.049058228731155396 -0.0032776147127151515 -0.012302398681640625
v -0.05651422590017319 -0.023318614810705185 0.0025677680969238333
v -0.04744622856378555 -0.00021661631762981713 -0.013412237167358398
v -0.0418902263045311 0.002400385215878483 -0.015622377395629883
v -0.057072222232818604 -0.024058613926172256 0.006067752838134771
v -0.05716622620820999 -0.024631615728139874 0.009727716445922857
v -0.04983522742986679 -0.01869161427021026 0.03103756904602051
v -0.04983522742986679 -0.01869161427021026 0.03103756904602051
v -0.05190322548151016 -0.01972361654043197 0.028347730636596683
v -0.05365022271871567 -0.020560614764690392 0.025357723236083988
v -0.055263228714466095 -0.02126461640000343 0.022207736968994144
v -0.05653922259807587 -0.0216706171631813 0.018817663192749027
v -0.05748222768306732 -0.02178561687469482 0.015287637710571294
v -0.025901224464178085 0.0006433837115764713 0.04292774200439453
v -0.03662322461605072 0.024862384423613545 -0.021552324295043952
v -0.03715922683477402 0.02146438509225845 -0.020012378692626957
v -0.037998221814632416 0.014909384772181507 -0.016772270202636722
v -0.03833422809839249 0.017718385905027386 -0.019212245941162113
v -0.03884422779083252 0.011660384945571419 -0.015342235565185549
v -0.03884422779083252 0.011660384945571419 -0.015342235565185549
v -0.03964322805404663 0.0053883846849203075 -0.01594233512878418
v -0.03716922551393509 0.027904383838176724 -0.0196523666381836
v -0.03724922239780426 0.030741384252905842 -0.01750230789184571
v -0.03736822307109833 0.033529385924339294 -0.015292406082153327
v -0.03715022653341293 0.036129385232925415 -0.012932300567626962
v -0.03653722256422043 0.038475386798381805 -0.010442256927490243
v -0.03553122282028198 0.04058338329195976 -0.007842302322387704
v -0.03321722149848938 0.04248838499188423 -0.0021722316741943455
v -0.030641227960586548 0.04448438435792923 -0.00042223930358887705
v -0.018633224070072174 0.03629038482904435 0.017227649688720696
v -0.020434226840734482 0.03873438388109207 0.015337705612182609
v -0.02222222462296486 0.0409453846514225 0.013147592544555655
v -0.02385122701525688 0.042703382670879364 0.010457754135131827
v 0.09147877991199493 -0.011950615793466554 0.06375765800476074
v 0.09147877991199493 -0.011950615793466554 0.06375765800476074
v 0.09272877871990204 -0.01500061526894568 0.06291770935058594
v 0.09384477138519287 -0.02098261564970015 0.06398773193359375
v -0.022085227072238922 0.02061338350176812 0.0310676097869873
v -0.020514223724603653 0.03354138508439065 0.018547773361206048
v -0.022390224039554596 0.030833384022116665 0.019947767257690423
v -0.02435222640633583 0.028317384421825412 0.021597623825073235
v -0.05598122626543045 -0.01616961508989334 -0.004142284393310543
v -0.045092225074768066 0.002621384337544438 -0.013722419738769531
v -0.05812322348356247 -0.021686613559722897 0.01166772842407227
v -0.04545522481203079 -0.012802615761756888 0.03660774230957031
v -0.0426742285490036 -0.011123616248369208 0.03801774978637695
v -0.048096224665641785 -0.014299616217613213 0.03475761413574219
v -0.05022022873163223 -0.015446614474058144 0.03220772743225098
v -0.019599225372076035 0.010938385501503953 0.0387876033782959
v -0.021758224815130234 0.008448384702205667 0.03981757164001465
v -0.023955225944519043 0.006133385002613077 0.04106760025024414
v -0.026394225656986237 0.0037693846970796676 0.041707754135131836
v -0.028668224811553955 -0.0018226150423288252 0.04225754737854004
v -0.031542226672172546 -0.0039556156843900585 0.042357683181762695
v -0.034501224756240845 -0.005874615162610998 0.04211759567260742
v -0.037348225712776184 -0.007671616971492758 0.041057586669921875
v -0.03998122364282608 -0.009390614926815024 0.039557695388793945
v -0.04051922261714935 0.008503384888172146 -0.014482259750366213
v -0.02772122621536255 0.046088382601737976 0.0010175704956054586
v -0.02535422518849373 0.04417138546705246 0.007537603378295889
v -0.02666822448372841 0.04526638239622116 0.004327774047851552
v -0.03538622707128525 0.040210384875535965 -0.004322290420532235
v 0.08804277330636978 -0.022924616932868944 0.06633758544921875
v 0.08804277330636978 -0.022924616932868944 0.06633758544921875
v 0.08897177875041962 -0.01909861713647841 0.06587767601013184
v 0.08897177875041962 -0.01909861713647841 0.06587767601013184
v 0.08997977524995804 -0.015599615871906267 0.06473755836486816
v 0.08997977524995804 -0.015599615871906267 0.06473755836486816
v 0.09200277924537659 -0.018294613808393465 0.0644676685333252
v 0.09200277924537659 -0.018294613808393465 0.0644676685333252
v -0.021035224199295044 0.013845385052263745 0.0372776985168457
v -0.022546224296092987 0.016593385487794883 0.035557746887207024
v -0.024138223379850388 0.01886838488280774 0.03330755233764648
v -0.023604225367307663 0.022539384663105018 0.028587579727172848
v -0.025054223835468292 0.024344384670257575 0.0260477066040039
v -0.026456225663423538 0.026100384071469314 0.02346777915954589
v 0.09059678018093109 -0.025424614548683153 0.06671762466430664
v 0.09370677173137665 -0.02396561577916144 0.06608772277832031
v 0.09370677173137665 -0.02396561577916144 0.06608772277832031
v -0.05523022264242172 -0.012901615351438524 -0.005532264709472654
v -0.05429922789335251 -0.009672615677118303 -0.006972312927246092
v -0.05307122319936752 -0.006501615047454836 -0.008312225341796873
v -0.05735522508621216 -0.020075615495443344 0.0008475780487060591
v -0.05752922594547272 -0.016718614846467972 -0.0008223056793212854
v -0.051669225096702576 -0.0033666156232357047 -0.009612321853637695
v -0.049796223640441895 -0.0003596153110265755 -0.010512351989746094
v -0.05831322818994522 -0.020814616233110428 0.004327774047851567
v -0.04803622514009476 0.0027843844145536397 -0.01157236099243164
v -0.042750224471092224 0.005542384460568425 -0.014022350311279299
v -0.05842822790145874 -0.021332614123821255 0.007987737655639654
v -0.05246122181415558 -0.016564615070819848 0.029747724533081058
v -0.05246122181415558 -0.016564615070819848 0.029747724533081058
v -0.05441422760486603 -0.01762361451983451 0.02691769599914551
v -0.05574122816324234 -0.018203616142272942 0.023867607116699222
v -0.057231225073337555 -0.018673613667488095 0.02064776420593262
v -0.058316223323345184 -0.018825616687536236 0.017167568206787113
v -0.059056222438812256 -0.01871661469340324 0.013557672500610355
v -0.028995223343372345 0.0015673842281103227 0.04189777374267578
v -0.03859022259712219 0.02454038523137569 -0.018562316894531257
v -0.038791224360466 0.02121038362383842 -0.01702237129211426
v -0.03891322761774063 0.014509384520351883 -0.013452291488647464
v -0.03867022693157196 0.017902385443449017 -0.015282392501831058
v -0.040987223386764526 0.011438384652137753 -0.01274228096008301
v -0.040987223386764526 0.011438384652137753 -0.01274228096008301
v -0.03848222643136978 0.027483385056257244 -0.01629233360290528
v -0.038377225399017334 0.030306383967399594 -0.0140523910522461
v -0.03837822377681732 0.03304138407111168 -0.011762380599975593
v -0.037915222346782684 0.03559138625860214 -0.009322404861450204
v -0.036962226033210754 0.037958383560180664 -0.006782293319702157
v -0.03512922674417496 0.03986938297748566 -0.0008323192596435636
v -0.032583221793174744 0.0419783852994442 0.0011975765228271391
v -0.029777228832244873 0.043805383145809174 0.00287771224975585
v -0.02214822545647621 0.03580638393759728 0.016447544097900384
v -0.02387922629714012 0.037943385541439056 0.01425766944885253
v -0.02561122551560402 0.03991638496518135 0.011887550354003898
v -0.02724122256040573 0.04156338423490524 0.009167671203613273
v 0.09125977754592896 -0.021565616130828844 0.06582760810852051
v 0.09125977754592896 -0.021565616130828844 0.06582760810852051
v 0.09125977754592896 -0.021565616130828844 0.06582760810852051
v -0.025720223784446716 0.020666385069489486 0.03073763847351074
v -0.023884225636720657 0.03289738297462464 0.017627716064453118
v -0.025731224566698074 0.03016738407313824 0.01905775070190429
v -0.02773422747850418 0.027719384059309963 0.020747661590576165
v -0.05708622187376022 -0.013324614614248276 -0.002392292022705075
v -0.04593122750520706 0.005841383710503576 -0.01220226287841797
v -0.059400223195552826 -0.018418613821268078 0.009897708892822269
v -0.04548622667789459 -0.00914161652326583 0.03700757026672363
v -0.048023223876953125 -0.010680615901947013 0.03519773483276367
v -0.04288622736930847 -0.007478617131710044 0.03869771957397461
v -0.050358228385448456 -0.01202061399817466 0.03309774398803711
v -0.052612222731113434 -0.013083614408969872 0.03079771995544434
v -0.023064225912094116 0.011500384658575067 0.038727760314941406
v -0.02508922666311264 0.008998384699225434 0.03980755805969238
v -0.02721422165632248 0.006701383739709863 0.04082775115966797
v -0.02966322749853134 0.0048673842102289295 0.041127681732177734
v -0.031709223985672 -0.000517616048455229 0.04187774658203125
v -0.03447222709655762 -0.002409614622592917 0.04166769981384277
v -0.03726722300052643 -0.004141615703701964 0.04079771041870117
v -0.04006122797727585 -0.005880616605281821 0.03977775573730469
v -0.043476223945617676 0.0086623840034008 -0.012422323226928713
v -0.028536222875118256 0.042723383754491806 0.006027698516845694
v -0.03696022182703018 0.037537384778261185 -0.003172397613525399
v -0.024573225528001785 0.014208384789526471 0.0370175838470459
v -0.02617722377181053 0.016783384606242187 0.035197734832763665
v -0.027795225381851196 0.018985383212566383 0.032957553863525384
v -0.027198225259780884 0.02246538549661637 0.028187751770019528
v -0.028623223304748535 0.02416138537228108 0.02550768852233886
v -0.029917225241661072 0.025549383834004406 0.022647619247436516
v -0.056379228830337524 -0.010005615651607515 -0.003932237625122068
v -0.05526422709226608 -0.006763614714145661 -0.005302429199218748
v -0.05390022695064545 -0.0036046151071786894 -0.006602287292480468
v -0.05853922665119171 -0.017298616468906403 0.002657651901245121
v -0.05856522172689438 -0.013857614248991013 0.0009777545928955108
v -0.05222422629594803 -0.0005536153912544268 -0.007682323455810547
v -0.05038922280073166 0.002567384392023085 -0.008632421493530273
v -0.05898922681808472 -0.017854616045951843 0.006277561187744145
v -0.04830722510814667 0.005736384540796278 -0.0092923641204834
v -0.05469522625207901 -0.014033615589141839 0.02823758125305176
v -0.05469522625207901 -0.014033615589141839 0.02823758125305176
v -0.05603722482919693 -0.015079613775014872 0.025457620620727543
v -0.05603722482919693 -0.015079613775014872 0.025457620620727543
v -0.05747222155332565 -0.015642616897821423 0.022377729415893558
v -0.05869722366333008 -0.015770614147186276 0.018997669219970707
v -0.059574224054813385 -0.015705615282058712 0.015447616577148441
v -0.06002022325992584 -0.015415616333484646 0.011807680130004886
v -0.03208122402429581 0.002841385081410417 0.04080772399902344
v -0.03922022879123688 0.02414438501000404 -0.014942407608032232
v -0.03924122452735901 0.0208043847233057 -0.013352394104003911
v -0.03940122574567795 0.017434384673833844 -0.011662244796752933
v -0.0405002236366272 0.014072384685277937 -0.01037240028381348
v -0.04308422654867172 0.011267384514212607 -0.009912252426147463
v -0.04308422654867172 0.011267384514212607 -0.009912252426147463
v -0.039302222430706024 0.027046384289860722 -0.01277232170104981
v -0.03935322165489197 0.029877385124564167 -0.010522365570068366
v -0.039051227271556854 0.032559383660554886 -0.008132457733154304
v -0.038332223892211914 0.03514338284730911 -0.00563240051269532
v -0.03627622872591019 0.036838382482528687 0.0002777576446533121
v -0.03415822237730026 0.039077386260032654 0.002477645874023429
v -0.0315302237868309 0.04108738526701927 0.004417657852172842
v -0.0254652239382267 0.034916386008262634 0.015317678451538079
v -0.027174226939678192 0.03686538338661194 0.012997627258300773
v -0.028832226991653442 0.03858938440680504 0.010437726974487296
v -0.03024422377347946 0.03995038568973541 0.007507562637329093
v -0.02940022200345993 0.020949384197592742 0.030527591705322262
v -0.027111224830150604 0.03197338432073594 0.01652765274047851
v -0.028969228267669678 0.029265385121107105 0.017967700958251946
v -0.031052224338054657 0.026873383671045307 0.019677639007568352
v -0.05804222822189331 -0.010438613593578339 -0.0006422996520996071
v -0.045864224433898926 0.008656384423375128 -0.00967240333557129
v -0.045864224433898926 0.008656384423375128 -0.00967240333557129
v -0.0601402223110199 -0.015009615570306776 0.008137702941894535
v -0.04557422548532486 -0.005448617041110984 0.03743767738342285
v -0.04813522845506668 -0.007040616124868385 0.03574776649475098
v -0.05042722821235657 -0.008496616035699837 0.033757686614990234
v -0.042732223868370056 -0.0038836151361465367 0.038797616958618164
v -0.0524982288479805 -0.009648613631725304 0.031537771224975586
v -0.054701223969459534 -0.010397616773843758 0.02915763854980469
v -0.026515226811170578 0.011844384483993062 0.0384676456451416
v -0.028369225561618805 0.009365385398268708 0.039647579193115234
v -0.03020622581243515 0.0065973848104477015 0.0405275821685791
v -0.03302622586488724 0.006463384255766877 0.039937734603881836
v -0.03441522270441055 0.0008953846991062255 0.04102754592895508
v -0.0371532216668129 -0.0006776154041290193 0.040497541427612305
v -0.039927221834659576 -0.0022656153887510213 0.03951764106750488
v -0.037980228662490845 0.03448938578367233 -0.002072334289550789
v -0.028141222894191742 0.014485384337604055 0.03683757781982422
v -0.02979322522878647 0.01668138429522515 0.03464770317077636
v -0.031484223902225494 0.018769383430480964 0.03235769271850585
v -0.030882224440574646 0.022511385381221778 0.027767658233642575
v -0.03224022686481476 0.023819385096430785 0.024807691574096673
v -0.03334422409534454 0.02490438520908356 0.02167773246765136
v -0.05716022849082947 -0.007114615291357041 -0.0021023750305175764
v -0.0558842271566391 -0.003910616040229798 -0.003452301025390624
v -0.05432422459125519 -0.0008116159588098537 -0.004662275314331055
v -0.059734225273132324 -0.014439616352319716 0.004467725753784183
v -0.059428222477436066 -0.010942615568637848 0.002797603607177737
v -0.05280522257089615 0.0023283846676349627 -0.005912303924560548
v -0.05077922344207764 0.005723385140299795 -0.0065124034881591806
v -0.04830622673034668 0.008868385106325148 -0.0067722797393798845
v -0.04830622673034668 0.008868385106325148 -0.0067722797393798845
v -0.05669622868299484 -0.010277613997459406 0.025907754898071293
v -0.05669622868299484 -0.010277613997459406 0.025907754898071293
v -0.05741722881793976 -0.01278961449861526 0.02416777610778809
v -0.05741722881793976 -0.01278961449861526 0.02416777610778809
v -0.05882122367620468 -0.012823615223169322 0.0208277702331543
v -0.0599222257733345 -0.012704614549875256 0.017367601394653324
v -0.06061522662639618 -0.012455616146326062 0.0137476921081543
v -0.060631223022937775 -0.012044616043567656 0.01009774208068848
v -0.03390722721815109 0.003924384713172921 0.040657758712768555
v -0.03959422558546066 0.02371738478541374 -0.011332273483276372
v -0.039801225066185 0.020358383655548092 -0.009812355041503911
v -0.040643222630023956 0.01700838468968868 -0.0084223747253418
v -0.04275622218847275 0.013961385004222391 -0.007552385330200199
v -0.04556722193956375 0.011410385370254515 -0.007162332534790042
v -0.04556722193956375 0.011410385370254515 -0.007162332534790042
v -0.039795227348804474 0.02658138424158096 -0.009182453155517583
v -0.03968222439289093 0.029351385310292244 -0.006892442703247077
v -0.0392962247133255 0.03204638510942459 -0.004482269287109382
v -0.03739722818136215 0.03376538306474686 0.0014076232910156174
v -0.03536522388458252 0.035990383476018906 0.0035877227783203047
v -0.03305922448635101 0.03814738243818283 0.005707740783691398
v -0.02858922630548477 0.0337383858859539 0.013977766036987298
v -0.03001922369003296 0.03533438593149185 0.011297702789306632
v -0.03159722685813904 0.03686738386750221 0.008627653121948234
v -0.03306722640991211 0.020485384389758117 0.02974772453308105
v -0.030176222324371338 0.030787384137511257 0.015197753906249993
v -0.032057225704193115 0.028138384222984317 0.016667604446411126
v -0.03425522893667221 0.025875383988022808 0.018437623977661126
v -0.05888022482395172 -0.007527615875005722 0.0011875629425048845
v -0.060186222195625305 -0.01151461526751518 0.006427764892578128
v -0.045197226107120514 -0.0018276162445545114 0.03697776794433594
v -0.04794422537088394 -0.0033736154437065046 0.03566765785217285
v -0.050470225512981415 -0.0049036145210266035 0.034047603607177734
v -0.05235522240400314 -0.0062646158039569785 0.031937599182128906
v -0.04257422685623169 -0.0002326145768165503 0.03847765922546387
v -0.05406622588634491 -0.0071326158940792014 0.030007600784301758
v -0.05603022873401642 -0.007308617234230035 0.027377605438232422
v -0.02997422218322754 0.011896384879946717 0.038037776947021484
v -0.031633228063583374 0.009241385385394105 0.03916764259338379
v -0.03597922623157501 0.005719384178519258 0.03916764259338379
v -0.036858223378658295 0.0027603842318058105 0.040117740631103516
v -0.03966222703456879 0.001267384737730035 0.03915762901306152
v -0.038777224719524384 0.03133438527584076 -0.0009722709655761788
v -0.031675226986408234 0.014182385057210931 0.03605771064758301
v -0.033475227653980255 0.01643838360905648 0.034097671508789056
v -0.03517422825098038 0.018272385001182563 0.03162765502929687
v -0.0344972237944603 0.021938383579254157 0.026917695999145504
v -0.035773225128650665 0.02326138503849507 0.023897647857666012
v -0.036718226969242096 0.024054383859038356 0.020477771759033196
v -0.05754122883081436 -0.004286617040634155 -0.00014233589172363186
v -0.05615122616291046 -0.0011446159332990649 -0.001442432403564453
v -0.05459722876548767 0.0019303839653730386 -0.0027422904968261723
v -0.05991022288799286 -0.008053615689277647 0.004767656326293947
v -0.05278322845697403 0.004851384088397025 -0.003942251205444337
v -0.05045222491025925 0.009419385343790054 -0.003402233123779299
v -0.05045222491025925 0.009419385343790054 -0.003402233123779299
v -0.04787422716617584 0.01176838483661413 -0.004202365875244143
v -0.0586952269077301 -0.009971614927053446 0.022697687149047855
v -0.0586952269077301 -0.009971614927053446 0.022697687149047855
v -0.05775522440671921 -0.007085613906383509 0.024297714233398438
v -0.060078226029872894 -0.009732615202665326 0.01932764053344727
v -0.060078226029872894 -0.009732615202665326 0.01932764053344727
v -0.06068422645330429 -0.00942161679267883 0.015707731246948246
v -0.060864225029945374 -0.009061615914106366 0.012077569961547853
v -0.060564227402210236 -0.008581615984439848 0.008397579193115236
v -0.03488222509622574 0.008726384490728387 0.03848767280578613
v -0.040017224848270416 0.023236384615302086 -0.007772445678710943
v -0.04062722623348236 0.01989438384771347 -0.006382226943969731
v -0.042496226727962494 0.01678338460624218 -0.005402326583862308
v -0.0450582280755043 0.014099384658038614 -0.004752397537231449
v -0.040021225810050964 0.02604738436639309 -0.005602359771728522
v -0.03979022800922394 0.028770385310053825 -0.0033123493194580143
v -0.037716224789619446 0.030445383861660957 0.0023276805877685477
v -0.03605922311544418 0.03272538632154465 0.004507541656494134
v -0.03410022705793381 0.034898385405540466 0.0066576004028320234
v -0.03139122575521469 0.032229386270046234 0.01235771179199218
v -0.03267822414636612 0.03361538425087929 0.0095376968383789
v -0.03669622540473938 0.01989738456904889 0.028957605361938473
v -0.03309422731399536 0.029445383697748188 0.013727664947509759
v -0.035029225051403046 0.026899384334683422 0.015237569808959956
v -0.0373782217502594 0.02484938502311707 0.016977548599243157
v -0.058892227709293365 -0.004718616604804992 0.003297567367553712
v -0.05268222838640213 0.0071673840284347526 -0.00210237503051758
v -0.05268222838640213 0.0071673840284347526 -0.00210237503051758
v -0.04764722287654877 0.00028138421475888085 0.03530764579772949
v -0.044897228479385376 0.0016993843019008719 0.03679776191711426
v -0.05002922564744949 -0.0013056155294179843 0.0334477424621582
v -0.05251922458410263 -0.0028566159307956626 0.03157758712768555
v -0.05372922867536545 -0.0037516150623559882 0.030277729034423828
v -0.042079225182533264 0.0033273845911026083 0.037877559661865234
v -0.05493922531604767 -0.004646614193916315 0.028977632522583008
v -0.0567852258682251 -0.004357613623142236 0.026097774505615234
v -0.03338422626256943 0.011548385024070748 0.03737759590148926
v -0.03798622637987137 0.007728384807705888 0.03755760192871094
v -0.03900722414255142 0.004591384902596482 0.0384976863861084
v -0.03884722292423248 0.027981383726000786 0.00008773803710936879
v -0.03524322807788849 0.013744384981691846 0.035477638244628906
v -0.0369972288608551 0.01565638557076455 0.03318762779235839
v -0.03861622512340546 0.017336383461952216 0.030617713928222653
v -0.03801322728395462 0.021185385063290603 0.025947570800781247
v -0.03909122198820114 0.02221138402819634 0.022637605667114254
v -0.03987922519445419 0.023053385317325596 0.018867731094360348
v -0.05761522799730301 -0.0015196148306131359 0.0019176006317138676
v -0.05629422515630722 0.0016233846545219424 0.0005276203155517575
v -0.054669223725795746 0.004571383818984032 -0.0007722377777099619
v -0.06004222482442856 -0.005159616470336912 0.006797552108764649
v -0.049765221774578094 0.011969384737312794 -0.00098228454589844
v -0.052201226353645325 0.009647384285926819 0.000037670135498044734
v -0.04716022312641144 0.014253384433686733 -0.0018823146820068392
v -0.05901622772216797 -0.006826616823673244 0.02097773551940918
v -0.05901622772216797 -0.006826616823673244 0.02097773551940918
v -0.05827222764492035 -0.003979615867137904 0.022897720336914062
v -0.06027022749185562 -0.006464615464210506 0.017647743225097656
v -0.06027022749185562 -0.006464615464210506 0.017647743225097656
v -0.06053122878074646 -0.006097614765167233 0.014067649841308595
v -0.06047322601079941 -0.005679614841938016 0.010467767715454103
v -0.0367722287774086 0.010836385190486917 0.03664755821228027
v -0.0402672216296196 0.022587385028600693 -0.004072427749633794
v -0.04189622402191162 0.019653383642435074 -0.003022432327270512
v -0.044349223375320435 0.01660938560962677 -0.0024824142456054727
v -0.03980422765016556 0.025464383885264397 -0.002072334289550787
v -0.03843122720718384 0.02724638395011425 0.00348758697509765
v -0.03689322620630264 0.02953738532960415 0.005577564239501946
v -0.03503422439098358 0.03169138357043266 0.007627725601196282
v -0.033986225724220276 0.030551385134458545 0.010657548904418938
v -0.040139228105545044 0.01894838362932206 0.027897596359252926
v -0.03567422181367874 0.027788383886218074 0.012007713317871087
v -0.03772222250699997 0.025348383933305744 0.013507604598999018
v -0.04027422517538071 0.02358738519251347 0.015137672424316401
v -0.05888822674751282 -0.0018906146287918078 0.005377769470214844
v -0.05435522645711899 0.0071503836661577225 0.001277685165405272
v -0.05435522645711899 0.0071503836661577225 0.001277685165405272
v -0.046882227063179016 0.0037533845752477724 0.034357547760009766
v -0.04952322691679001 0.00224538519978524 0.03275775909423828
v -0.044032223522663116 0.00519338436424733 0.035657644271850586
v -0.05214722454547882 0.0007113851606845925 0.031047582626342773
v -0.05490122735500336 -0.0015956144779920515 0.0284576416015625
v -0.041189223527908325 0.0066293850541114885 0.03690767288208008
v -0.05718422681093216 -0.0013636145740747398 0.024867773056030273
v -0.0400962233543396 0.009857384487986573 0.035887718200683594
v -0.03984622657299042 0.02492738515138626 0.0014376640319824162
v -0.03864922374486923 0.012864384800195701 0.03464770317077637
v -0.0403832271695137 0.014667384326457984 0.03221774101257324
v -0.04211222380399704 0.0164523832499981 0.029717683792114254
v -0.041411228477954865 0.020288385450840003 0.02486777305603027
v -0.04230022430419922 0.02116438373923302 0.021407604217529293
v -0.04290122538805008 0.021888384595513347 0.01657772064208984
v -0.057804226875305176 0.0013243854045867929 0.003917694091796875
v -0.057804226875305176 0.0013243854045867929 0.003917694091796875
v -0.05622222274541855 0.004362383857369424 0.0025677680969238273
v -0.05622222274541855 0.004362383857369424 0.0025677680969238273
v -0.0597982257604599 -0.0023006144911050775 0.008917570114135742
v -0.05142422765493393 0.01208538468927145 0.002297639846801755
v -0.04887622594833374 0.014298385009169579 0.0012676715850830046
v -0.05371822416782379 0.00967138446867466 0.003447771072387693
v -0.046271227300167084 0.016448384150862694 0.0002877712249755823
v -0.05939622223377228 -0.0035866145044565157 0.01956772804260254
v -0.058643221855163574 -0.0007836148142814589 0.02164769172668457
v -0.05998922884464264 -0.003182616084814068 0.016087770462036133
v -0.05998922884464264 -0.003182616084814068 0.016087770462036133
v -0.06034322828054428 -0.0027286149561405156 0.012517690658569336
v -0.06034322828054428 -0.0027286149561405156 0.012517690658569336
v -0.04098522663116455 0.02248038351535797 -0.0006623268127441456
v -0.04360022395849228 0.018380384892225266 -0.0008323192596435588
v -0.04000822454690933 0.024506384506821632 0.004857778549194331
v -0.038276225328445435 0.026630384847521782 0.006837606430053705
v -0.0362442284822464 0.028642384335398677 0.008777618408203118
v -0.043434225022792816 0.017815385013818748 0.026717662811279293
v -0.04260122776031494 0.02152638509869576 0.018987655639648434
v -0.03806822746992111 0.02603438496589661 0.010177612304687495
v -0.04041222482919693 0.02396938391029835 0.011657714843749995
v -0.043017223477363586 0.02222138457000256 0.013087749481201167
v -0.05900522321462631 0.0010203849524259585 0.007387638092041016
v -0.05900522321462631 0.0010203849524259585 0.007387638092041016
v -0.05566522479057312 0.006956385448575021 0.004727602005004881
v -0.04874122887849808 0.0056193843483924935 0.03183770179748535
v -0.045898228883743286 0.007054384797811516 0.03324770927429199
v -0.0513492226600647 0.004069384187459953 0.03013777732849121
v -0.043138228356838226 0.008531384170055396 0.034737586975097656
v -0.05364822596311569 0.002385385334491736 0.028267621994018555
v -0.05558222532272339 0.0007543843239545882 0.026617765426635742
v -0.05677122622728348 0.001525385305285459 0.02341771125793457
v -0.04194222390651703 0.011730385012924678 0.03358769416809082
v -0.042850226163864136 0.02015138417482376 0.0008077621459960893
v -0.04157122224569321 0.02239338494837284 0.0028777122497558546
v -0.04367122799158096 0.01350938435643912 0.031127691268920895
v -0.04508122801780701 0.014934384264051921 0.028217554092407223
v -0.04449022561311722 0.018929384648799903 0.023607730865478512
v -0.04514722526073456 0.019668385386466983 0.020487546920776364
v -0.04560122638940811 0.020408384501934055 0.014387607574462885
v -0.04542122781276703 0.020023385062813762 0.017707586288452145
v -0.05729422718286514 0.004000384360551836 0.006067752838134765
v -0.05729422718286514 0.004000384360551836 0.006067752838134765
v -0.05968422442674637 0.0006093848496675516 0.010997772216796875
v -0.05968422442674637 0.0006093848496675516 0.010997772216796875
v -0.05031122267246246 0.014350384473800661 0.004537582397460934
v -0.052673228085041046 0.012034384533762934 0.005707740783691404
v -0.04774022847414017 0.016475385054945946 0.0034675598144531215
v -0.0549212247133255 0.009544383734464647 0.0069277286529541
v -0.045148223638534546 0.018381383270025253 0.0022876262664794883
v -0.05945022404193878 -0.0003116149455308874 0.018187761306762695
v -0.05802122503519058 0.0022783838212490125 0.020197629928588867
v -0.06001122295856476 0.0002293847501277956 0.014647722244262695
v -0.04211922734975815 0.022259384393692017 0.006287574768066401
v -0.04007522761821747 0.024026384577155117 0.008267641067504878
v -0.0464252233505249 0.016305383294820792 0.025277614593505856
v -0.04266022890806198 0.02224938571453095 0.009667634963989253
v -0.04523122310638428 0.020391384139657024 0.011007547378540034
v -0.05812222510576248 0.0036693848669528983 0.009587764739990234
v -0.056713223457336426 0.006719384342432024 0.008227586746215819
v -0.047786228358745575 0.00887738540768624 0.030817747116088864
v -0.05048322677612305 0.007280385121703154 0.029147624969482422
v -0.04491622745990753 0.010352384299039848 0.032297611236572266
v -0.052851222455501556 0.00551238469779492 0.02724766731262207
v -0.055034227669239044 0.0036793854087591228 0.025357723236083984
v -0.05616322159767151 0.004574384540319448 0.022197723388671875
v -0.043761223554611206 0.020312383770942688 0.004297733306884761
v -0.04666022211313248 0.012068384326994426 0.029687643051147457
v -0.04805522412061691 0.013465384952723985 0.02674770355224609
v -0.047268226742744446 0.01724738441407681 0.02208757400512695
v -0.047842226922512054 0.017972383648157123 0.01894760131835937
v -0.047939226031303406 0.018697384744882587 0.012267589569091793
v -0.0480482280254364 0.018393384292721752 0.01565766334533691
v -0.05848022550344467 0.0032383836805820495 0.013177633285522461
v -0.051415227353572845 0.014378384687006475 0.007917642593383786
v -0.04897422343492508 0.016582384705543518 0.006707668304443356
v -0.05361822247505188 0.011926384642720224 0.009177684783935543
v -0.046295225620269775 0.018426384776830673 0.005567550659179683
v -0.05557522177696228 0.009238384664058687 0.010477542877197264
v -0.05846622586250305 0.002774383872747425 0.016727685928344727
v -0.05688222497701645 0.005283385515213017 0.018807649612426758
v -0.04465822875499725 0.020425384864211082 0.007617712020874019
v -0.04907922446727753 0.01454338431358338 0.023557662963867184
v -0.04721522331237793 0.01851538568735123 0.008897542953491207
v -0.05727122724056244 0.006348384544253352 0.011817693710327147
v -0.04937222599983215 0.010406384244561202 0.027997732162475582
v -0.051881223917007446 0.008603384718298917 0.02616763114929199
v -0.0541682243347168 0.006694383919239049 0.024207592010498047
v -0.0552242249250412 0.007666384801268582 0.02095770835876465
v -0.050615228712558746 0.011631384491920476 0.024917602539062497
v -0.04987622797489166 0.0154483849182725 0.02031755447387695
v -0.05028822273015976 0.016053384169936184 0.016987562179565426
v -0.04972722381353378 0.0165063850581646 0.010117769241333004
v -0.05016122758388519 0.016347385942935947 0.013567686080932614
v -0.05720522254705429 0.00581738539040089 0.015357732772827147
v -0.05216022580862045 0.01429538428783417 0.011387586593627926
v -0.05420122295618057 0.01170238479971886 0.012697696685791014
v -0.05608522891998291 0.008974384516477588 0.014007568359374998
v -0.055830225348472595 0.00840038433670998 0.01753759384155273
v -0.05160422623157501 0.012675384990870958 0.02168774604797363
v -0.05296822637319565 0.00968338549137116 0.02295756340026855
v -0.05369822680950165 0.010512385517358785 0.019597768783569332
v -0.05224122852087021 0.013485384173691276 0.018357753753662106
v -0.05252322554588318 0.014063384383916858 0.01491761207580566
v -0.05424622446298599 0.011259384453296665 0.016207695007324215
vt 0.7199810147285461 0.29511404037475586
vt 0.7164679765701294 0.30119800567626953
vt 0.7223340272903442 0.30225199460983276
vt 0.7258700132369995 0.2971459627151489
vt 0.7277929782867432 0.30426597595214844
vt 0.7245950102806091 0.28998804092407227
vt 0.7241060137748718 0.3087660074234009
vt 0.7327110171318054 0.30010300874710083
vt 0.731486976146698 0.29203200340270996
vt 0.7178599834442139 0.2882779836654663
vt 0.7289729714393616 0.31037795543670654
vt 0.7187849879264832 0.3074769973754883
vt 0.7323819994926453 0.3067389726638794
vt 0.7300180196762085 0.2840529680252075
vt 0.7225970029830933 0.2822819948196411
vt 0.7142999768257141 0.293645977973938
vt 0.7256709933280945 0.3143889904022217
vt 0.7207229733467102 0.31311100721359253
vt 0.7359679937362671 0.3050000071525574
vt 0.7382590174674988 0.2942039966583252
vt 0.7376160025596619 0.28710997104644775
vt 0.7144280076026917 0.2811930179595947
vt 0.642874002456665 0.6687520146369934
vt 0.7102749943733215 0.2875490188598633
vt 0.7306519746780396 0.3156050443649292
vt 0.7336199879646301 0.3118460178375244
vt 0.6362919807434082 0.7046440243721008
vt 0.7155129909515381 0.3121330142021179
vt 0.6369550228118896 0.6962860226631165
vt 0.713254988193512 0.3065810203552246
vt 0.3963170051574707 0.6232569813728333
vt 0.7364550232887268 0.30839598178863525
vt 0.7364839911460876 0.30221498012542725
vt 0.7387549877166748 0.29970699548721313
vt 0.7360550165176392 0.27713096141815186
vt 0.7276690006256104 0.275130033493042
vt 0.7191659808158875 0.27380502223968506
vt 0.6380469799041748 0.6866090297698975
vt 0.7100380063056946 0.3001750111579895
vt 0.6376330256462097 0.6756389737129211
vt 0.7074699997901917 0.2927049994468689
vt 0.7224029898643494 0.3182790279388428
vt 0.7274799942970276 0.31950199604034424
vt 0.717365026473999 0.3171199560165405
vt 0.38853999972343445 0.6150029897689819
vt 0.7390289902687073 0.3037160038948059
vt 0.38479700684547424 0.587602972984314
vt 0.7446460127830505 0.29083001613616943
vt 0.38802799582481384 0.5973219871520996
vt 0.7443230152130127 0.2970229983329773
vt 0.38154101371765137 0.5782600045204163
vt 0.7445729970932007 0.2839890122413635
vt 0.6375399827957153 0.659850001335144
vt 0.7057219743728638 0.28111499547958374
vt 0.6463720202445984 0.6514009833335876
vt 0.7101680040359497 0.2735440135002136
vt 0.6277989745140076 0.6710619926452637
vt 0.48277199268341064 0.6641759872436523
vt 0.7326729893684387 0.32051897048950195
vt 0.4898650050163269 0.6750509738922119
vt 0.7356359958648682 0.3165000081062317
vt 0.4050210118293762 0.6226419806480408
vt 0.49715301394462585 0.6861010193824768
vt 0.7384129762649536 0.31241798400878906
vt 0.23920400440692902 0.6703140139579773
vt 0.6296949982643127 0.7008349895477295
vt 0.24832700192928314 0.663673996925354
vt 0.6269770264625549 0.7094650268554688
vt 0.7107769846916199 0.3174179792404175
vt 0.6304680109024048 0.6920610070228577
vt 0.39944300055503845 0.6161559820175171
vt 0.3910520076751709 0.6061019897460938
vt 0.7438349723815918 0.30208003520965576
vt 0.7333199977874756 0.267304003238678
vt 0.7440239787101746 0.2772189974784851
vt 0.7242100238800049 0.26589399576187134
vt 0.7148640155792236 0.265300989151001
vt 0.6298099756240845 0.6821929812431335
vt 0.7190470099449158 0.32230401039123535
vt 0.7242230176925659 0.32358503341674805
vt 0.18900400400161743 0.6454039812088013
vt 0.4762359857559204 0.652758002281189
vt 0.7296810150146484 0.32470595836639404
vt 0.2507759928703308 0.6554459929466248
vt 0.7140629887580872 0.32073700428009033
vt 0.3935590088367462 0.611719012260437
vt 0.39629700779914856 0.5902040004730225
vt 0.39294499158859253 0.5801870226860046
vt 0.7532020211219788 0.2883709669113159
vt 0.39866501092910767 0.5995420217514038
vt 0.742313027381897 0.2685500383377075
vt 0.3893350064754486 0.569786012172699
vt 0.752714991569519 0.279729962348938
vt 0.6245689988136292 0.6588320136070251
vt 0.6339210271835327 0.6478750109672546
vt 0.6432979702949524 0.6397789716720581
vt 0.705079972743988 0.26522600650787354
vt 0.6197969913482666 0.6787390112876892
vt 0.19327199459075928 0.658843994140625
vt 0.46852201223373413 0.6644719839096069
vt 0.47619199752807617 0.6761450171470642
vt 0.4841189980506897 0.6874079704284668
vt 0.4081389904022217 0.6140239834785461
vt 0.4926930069923401 0.6978719830513
vt 0.24737200140953064 0.6855310201644897
vt 0.6239960193634033 0.6970509886741638
vt 0.25123199820518494 0.6729289889335632
vt 0.6209970116615295 0.7050020098686218
vt 0.2602030038833618 0.658381998538971
vt 0.7102640271186829 0.3244220018386841
vt 0.6230530142784119 0.6886889934539795
vt 0.40012499690055847 0.6083189845085144
vt 0.7392759919166565 0.2586100101470947
vt 0.7295640110969543 0.25727903842926025
vt 0.7515739798545837 0.2704809904098511
vt 0.7197269797325134 0.2567709684371948
vt 0.6142060160636902 0.666388988494873
vt 0.6521350145339966 0.6320160031318665
vt 0.709721028804779 0.25729095935821533
vt 0.2635200023651123 0.6446639895439148
vt 0.7151970267295837 0.3264249563217163
vt 0.32465898990631104 0.5043690204620361
vt 0.7206649780273438 0.32756996154785156
vt 0.3174850046634674 0.5050789713859558
vt 0.7263169884681702 0.32858598232269287
vt 0.17825199663639069 0.6565650105476379
vt 0.3093999922275543 0.5047739744186401
vt 0.7320610284805298 0.3302910327911377
vt 0.258899986743927 0.6671990156173706
vt 0.40713798999786377 0.5937550067901611
vt 0.4042769968509674 0.583076000213623
vt 0.4007889926433563 0.5718140006065369
vt 0.4082539975643158 0.604299008846283
vt 0.7491099834442139 0.2603600025177002
vt 0.39723700284957886 0.5593699812889099
vt 0.7611449956893921 0.27287304401397705
vt 0.6207069754600525 0.6449419856071472
vt 0.6115260124206543 0.6592190265655518
vt 0.6404889822006226 0.6322299838066101
vt 0.6072409749031067 0.6779450178146362
vt 0.6140859723091125 0.6871100068092346
vt 0.18490000069141388 0.667946994304657
vt 0.19692599773406982 0.6724799871444702
vt 0.46243199706077576 0.6769440174102783
vt 0.4709799885749817 0.6886399984359741
vt 0.4182629883289337 0.6102880239486694
vt 0.4794420003890991 0.700016975402832
vt 0.2552269995212555 0.691735029220581
vt 0.6187469959259033 0.6954740285873413
vt 0.25690698623657227 0.6793220043182373
vt 0.2579079866409302 0.6723020076751709
vt 0.2727400064468384 0.6562770009040833
vt 0.7120509743690491 0.3311699628829956
vt 0.26813098788261414 0.666267991065979
vt 0.7353209853172302 0.24814999103546143
vt 0.7458760142326355 0.24958598613739014
vt 0.7247989773750305 0.2473430037498474
vt 0.39162200689315796 0.5478420257568359
vt 0.7587680220603943 0.2628999948501587
vt 0.7142230272293091 0.24727898836135864
vt 0.6284270286560059 0.6319389939308167
vt 0.5983319878578186 0.6680399775505066
vt 0.6486499905586243 0.6200760006904602
vt 0.703669011592865 0.2484239935874939
vt 0.2794640064239502 0.646477997303009
vt 0.32744699716567993 0.4976699948310852
vt 0.7172709703445435 0.3316720128059387
vt 0.32044899463653564 0.49831104278564453
vt 0.7225930094718933 0.33259499073028564
vt 0.31302300095558167 0.4992220401763916
vt 0.17199000716209412 0.6694430112838745
vt 0.30552199482917786 0.49835801124572754
vt 0.26363301277160645 0.6734139919281006
vt 0.41751399636268616 0.5995190143585205
vt 0.41533100605010986 0.5867519974708557
vt 0.4115079939365387 0.5750629901885986
vt 0.40709298849105835 0.5632969737052917
vt 0.7565119862556458 0.2516779899597168
vt 0.4042919874191284 0.546796977519989
vt 0.6075770258903503 0.6423559784889221
vt 0.6154980063438416 0.6302390098571777
vt 0.5978900194168091 0.6553490161895752
vt 0.6359360218048096 0.6187180280685425
vt 0.6047769784927368 0.6887059807777405
vt 0.596705973148346 0.6812229752540588
vt 0.2524240016937256 0.7089099884033203
vt 0.6117579936981201 0.694707989692688
vt 0.17801499366760254 0.6817820072174072
vt 0.2986310124397278 0.4963589906692505
vt 0.18868300318717957 0.6816610097885132
vt 0.20359200239181519 0.6851469874382019
vt 0.456496000289917 0.6892449855804443
vt 0.428739994764328 0.6054419875144958
vt 0.46658000349998474 0.7042930126190186
vt 0.265980988740921 0.6837310194969177
vt 0.2864989936351776 0.6551820039749146
vt 0.3259829878807068 0.491100013256073
vt 0.2795940041542053 0.6667569875717163
vt 0.27326101064682007 0.6756899952888489
vt 0.4112510085105896 0.5570129752159119
vt 0.7306510210037231 0.2372570037841797
vt 0.7418879866600037 0.23843097686767578
vt 0.7531399726867676 0.24031198024749756
vt 0.7193310260772705 0.2368760108947754
vt 0.39712798595428467 0.5355330109596252
vt 0.7671549916267395 0.2546039819717407
vt 0.6574209928512573 0.6088560223579407
vt 0.7078419923782349 0.23727703094482422
vt 0.6229379773139954 0.6177809834480286
vt 0.587270975112915 0.6618859767913818
vt 0.6440730094909668 0.6068000197410583
vt 0.5868409872055054 0.6746450066566467
vt 0.26774701476097107 0.6992120146751404
vt 0.3165949881076813 0.49291300773620605
vt 0.3093720078468323 0.492484986782074
vt 0.3023410141468048 0.49143004417419434
vt 0.42640799283981323 0.5898230075836182
vt 0.42275500297546387 0.5773670077323914
vt 0.4177500009536743 0.566448986530304
vt 0.38898301124572754 0.5242930054664612
vt 0.7646459937095642 0.24300098419189453
vt 0.41726499795913696 0.5458040237426758
vt 0.4100089967250824 0.5344539880752563
vt 0.6022549867630005 0.6283299922943115
vt 0.5943800210952759 0.6392790079116821
vt 0.6094750165939331 0.6165059804916382
vt 0.5855010151863098 0.64860999584198
vt 0.6305249929428101 0.6053619980812073
vt 0.5961980223655701 0.6922299861907959
vt 0.2507610023021698 0.7289469838142395
vt 0.6045399904251099 0.6976609826087952
vt 0.5868549942970276 0.6863459944725037
vt 0.2690640091896057 0.716480016708374
vt 0.18408599495887756 0.6909279823303223
vt 0.17527100443840027 0.6950410008430481
vt 0.29488998651504517 0.4901660084724426
vt 0.18846899271011353 0.6919440031051636
vt 0.20093299448490143 0.7005109786987305
vt 0.4506610035896301 0.7032409906387329
vt 0.2784290015697479 0.687961995601654
vt 0.29230499267578125 0.6664379835128784
vt 0.32572901248931885 0.4834890365600586
vt 0.286532998085022 0.6772469878196716
vt 0.33188000321388245 0.4790700078010559
vt 0.42397400736808777 0.5572069883346558
vt 0.7372859716415405 0.2267950177192688
vt 0.7253140211105347 0.22604596614837646
vt 0.7492560148239136 0.22830802202224731
vt 0.7613319754600525 0.23062896728515625
vt 0.7132470011711121 0.22584998607635498
vt 0.40228399634361267 0.5228379964828491
vt 0.6524670124053955 0.594914972782135
vt 0.7008950114250183 0.22598397731781006
vt 0.6167730093002319 0.6043630242347717
vt 0.5743160247802734 0.6562619805335999
vt 0.5752609968185425 0.6688269972801208
vt 0.6384860277175903 0.5930500030517578
vt 0.5763859748840332 0.6807860136032104
vt 0.9796329736709595 0.4329169988632202
vt 0.28342199325561523 0.7027760148048401
vt 0.3387939929962158 0.466949999332428
vt 0.3205229938030243 0.487978994846344
vt 0.31358399987220764 0.4866830110549927
vt 0.3063879907131195 0.48577404022216797
vt 0.29916200041770935 0.48486000299453735
vt 0.21452100574970245 0.7102429866790771
vt 0.45925500988960266 0.7141339778900146
vt 0.4408639967441559 0.5909979939460754
vt 0.4349159896373749 0.5789409875869751
vt 0.4295569956302643 0.5675060153007507
vt 0.39405500888824463 0.5113139748573303
vt 0.7737069725990295 0.233739972114563
vt 0.4299899935722351 0.5451400279998779
vt 0.4230610132217407 0.5335180163383484
vt 0.41572898626327515 0.5216420292854309
vt 0.5885229706764221 0.6274279952049255
vt 0.5951449871063232 0.6159989833831787
vt 0.5812249779701233 0.6366109848022461
vt 0.6018319725990295 0.603958010673523
vt 0.5723429918289185 0.6438480019569397
vt 0.6245189905166626 0.5919250249862671
vt 0.24972400069236755 0.7520269751548767
vt 0.5967910289764404 0.7019640207290649
vt 0.9991040229797363 0.4681040048599243
vt 0.587797999382019 0.6971049904823303
vt 0.9880030155181885 0.45792603492736816
vt 0.27150601148605347 0.7375730276107788
vt 0.34853801131248474 0.4544050097465515
vt 0.577364981174469 0.6920660138130188
vt 0.9766669869422913 0.4471679925918579
vt 0.2883169949054718 0.7221419811248779
vt 0.33928200602531433 0.45838600397109985
vt 0.29224300384521484 0.48437100648880005
vt 0.18611299991607666 0.7046430110931396
vt 0.2878589928150177 0.48929399251937866
vt 0.1990949958562851 0.7145180106163025
vt 0.28502199053764343 0.4891110062599182
vt 0.4399850070476532 0.6025630235671997
vt 0.47411900758743286 0.7152169942855835
vt 0.2930850088596344 0.6900410056114197
vt 0.3310540020465851 0.4712409973144531
vt 0.31840500235557556 0.48113399744033813
vt 0.324194997549057 0.4759789705276489
vt 0.436365008354187 0.5568879842758179
vt 0.7319589853286743 0.2150300145149231
vt 0.7444769740104675 0.21629899740219116
vt 0.7193289995193481 0.21426701545715332
vt 0.7572129964828491 0.21819400787353516
vt 0.7701629996299744 0.22081100940704346
vt 0.661109983921051 0.5825480222702026
vt 0.7063350081443787 0.21403300762176514
vt 0.4078719913959503 0.50975501537323
vt 0.6465960144996643 0.5806139707565308
vt 0.6104729771614075 0.5914009809494019
vt 0.5620530247688293 0.6500769853591919
vt 0.5633580088615417 0.6633210182189941
vt 0.5648229718208313 0.6759300231933594
vt 0.9690849781036377 0.42204201221466064
vt 0.6323069930076599 0.5791640281677246
vt 0.9650599956512451 0.43581199645996094
vt 0.33081600069999695 0.4628159999847412
vt 0.31092000007629395 0.47971099615097046
vt 0.303413987159729 0.4788540005683899
vt 0.29623299837112427 0.47841596603393555
vt 0.21191200613975525 0.7265560030937195
vt 0.2804119884967804 0.4928550124168396
vt 0.45140498876571655 0.7037019729614258
vt 0.4444510042667389 0.6122859716415405
vt 0.4688130021095276 0.7259119749069214
vt 0.4486609995365143 0.5794669985771179
vt 0.45092201232910156 0.6016790270805359
vt 0.44237399101257324 0.5678660273551941
vt 0.39952099323272705 0.49800097942352295
vt 0.7832940220832825 0.2239840030670166
vt 0.44270598888397217 0.5448219776153564
vt 0.43627700209617615 0.5328490138053894
vt 0.4292759895324707 0.5206620097160339
vt 0.4218420088291168 0.5084660053253174
vt 0.5802180171012878 0.6175490021705627
vt 0.5731949806213379 0.6299229860305786
vt 0.5863519906997681 0.6051899790763855
vt 0.6008149981498718 0.5918629765510559
vt 0.5617560148239136 0.6365150213241577
vt 0.6182360053062439 0.5785229802131653
vt 0.2727360129356384 0.7624679803848267
vt 0.3499450087547302 0.44507598876953125
vt 0.9975100159645081 0.4822160005569458
vt 0.3604229986667633 0.4410820007324219
vt 0.9864559769630432 0.472383975982666
vt 0.37151798605918884 0.43671101331710815
vt 0.9751819968223572 0.4622989892959595
vt 0.34014201164245605 0.44924700260162354
vt 0.3873629868030548 0.4303619861602783
vt 0.9607110023498535 0.44885098934173584
vt 0.33083099126815796 0.4538080096244812
vt 0.2891870141029358 0.47846901416778564
vt 0.1856510043144226 0.718861997127533
vt 0.2860589921474457 0.48368799686431885
vt 0.1952359974384308 0.7299860119819641
vt 0.2804949879646301 0.48599499464035034
vt 0.4466939866542816 0.7149530053138733
vt 0.6028410196304321 0.7416009902954102
vt 0.4539340138435364 0.7270200252532959
vt 0.45603400468826294 0.590641975402832
vt 0.6596760153770447 0.6620799899101257
vt 0.32293701171875 0.4678570032119751
vt 0.31629499793052673 0.4735419750213623
vt 0.44931599497795105 0.5565170049667358
vt 0.7393109798431396 0.20385098457336426
vt 0.7261859774589539 0.20265698432922363
vt 0.7526209950447083 0.20553898811340332
vt 0.7127739787101746 0.20179498195648193
vt 0.7659749984741211 0.20782899856567383
vt 0.7795330286026001 0.2106339931488037
vt 0.6548749804496765 0.5679770112037659
vt 0.698951005935669 0.20132100582122803
vt 0.4138700067996979 0.49633002281188965
vt 0.6400039792060852 0.5662819743156433
vt 0.5911750197410583 0.5924490094184875
vt 0.6049990057945251 0.5787069797515869
vt 0.550715982913971 0.6425909996032715
vt 0.5515180230140686 0.6567739844322205
vt 0.9643769860267639 0.3955709934234619
vt 0.5529549717903137 0.6708629727363586
vt 0.9591109752655029 0.41084301471710205
vt 0.9545580148696899 0.4250490069389343
vt 0.6253939867019653 0.565322995185852
vt 0.9499149918556213 0.43830597400665283
vt 0.32198798656463623 0.4591139554977417
vt 0.30829399824142456 0.4720950126647949
vt 0.3006080090999603 0.4719190001487732
vt 0.29349398612976074 0.4723479747772217
vt 0.27535200119018555 0.4892680048942566
vt 0.4339280128479004 0.7100759744644165
vt 0.6112809777259827 0.7306429743766785
vt 0.45065799355506897 0.6232849955558777
vt 0.46553099155426025 0.7391600012779236
vt 0.4571850001811981 0.6123110055923462
vt 0.4554939866065979 0.5681869983673096
vt 0.6732850074768066 0.6445080041885376
vt 0.4620009958744049 0.5793200135231018
vt 0.6720439791679382 0.6576020121574402
vt 0.46297699213027954 0.6008260250091553
vt 0.6574699878692627 0.6745089888572693
vt 0.40531298518180847 0.48430001735687256
vt 0.7932599782943726 0.21385902166366577
vt 0.45639199018478394 0.5447369813919067
vt 0.7175959944725037 0.632194995880127
vt 0.4499010145664215 0.5323299765586853
vt 0.44310399889945984 0.5199779868125916
vt 0.4360480010509491 0.5074430108070374
vt 0.42843499779701233 0.494966983795166
vt 0.5725669860839844 0.6086009740829468
vt 0.5638089776039124 0.6229209899902344
vt 0.576898992061615 0.5949220061302185
vt 0.5510269999504089 0.6287739872932434
vt 0.6110460162162781 0.5653250217437744
vt 0.3511910140514374 0.4352189898490906
vt 0.34100401401519775 0.43964695930480957
vt 0.36142200231552124 0.4307689666748047
vt 0.37169700860977173 0.4263399839401245
vt 0.9634600281715393 0.467818021774292
vt 0.33109599351882935 0.44438499212265015
vt 0.3904210031032562 0.416890025138855
vt 0.9452049732208252 0.45096099376678467
vt 0.3214870095252991 0.4495190382003784
vt 0.2818549871444702 0.47944796085357666
vt 0.28455400466918945 0.47255802154541016
vt 0.27556800842285156 0.482990026473999
vt 0.01522000040858984 0.5504299998283386
vt 0.27493101358413696 0.49597400426864624
vt 0.4443809986114502 0.694366991519928
vt 0.6089879870414734 0.711683988571167
vt 0.023333000019192696 0.566673994064331
vt 0.5982329845428467 0.7295140027999878
vt 0.4396879971027374 0.7273659706115723
vt 0.5884739756584167 0.7413529753684998
vt 0.2468779981136322 0.5049949884414673
vt 0.4498380124568939 0.7387509942054749
vt 0.5874980092048645 0.7567139863967896
vt 0.670117974281311 0.6704660058021545
vt 0.3140769898891449 0.4656530022621155
vt 0.4624229967594147 0.5567290186882019
vt 0.6851630210876465 0.6390669941902161
vt 0.7243859767913818 0.6437450051307678
vt 0.747534990310669 0.1926640272140503
vt 0.7337890267372131 0.19106000661849976
vt 0.7199410200119019 0.1898130178451538
vt 0.7613509893417358 0.19470900297164917
vt 0.7058150172233582 0.18885302543640137
vt 0.7752270102500916 0.19723796844482422
vt 0.7892240285873413 0.2001670002937317
vt 0.6480630040168762 0.5533040165901184
vt 0.6913480162620544 0.18818998336791992
vt 0.4201749861240387 0.4825279712677002
vt 0.6325039863586426 0.55206298828125
vt 0.5650920271873474 0.6103010177612305
vt 0.5804389715194702 0.5815920233726501
vt 0.5930500030517578 0.5796520113945007
vt 0.5395190119743347 0.6344959735870361
vt 0.6728060245513916 0.5524380207061768
vt 0.5397859811782837 0.648157000541687
vt 0.6716840267181396 0.5671229958534241
vt 0.9562770128250122 0.38113296031951904
vt 0.9496889710426331 0.39973700046539307
vt 0.9442629814147949 0.4148310422897339
vt 0.9397289752960205 0.4281870126724243
vt 0.5973259806632996 0.5661829710006714
vt 0.6171820163726807 0.5518869757652283
vt 0.3809959888458252 0.4219210147857666
vt 0.9541980028152466 0.4594830274581909
vt 0.4006499946117401 0.41071999073028564
vt 0.9353079795837402 0.44133996963500977
vt 0.312747985124588 0.45585596561431885
vt 0.30542200803756714 0.4630950093269348
vt 0.2982940077781677 0.46638500690460205
vt 0.2895379960536957 0.46601301431655884
vt 0.2714410126209259 0.48650097846984863
vt 0.2692430019378662 0.4914900064468384
vt 0.017581000924110413 0.5655829906463623
vt 0.5996209979057312 0.723825991153717
vt 0.46379101276397705 0.6214249730110168
vt 0.4581120014190674 0.6326509714126587
vt 0.4628959894180298 0.7516239881515503
vt 0.46989598870277405 0.6109430193901062
vt 0.6543520092964172 0.6865540146827698
vt 0.9263259768486023 0.4617730379104614
vt 0.6839100122451782 0.6521620154380798
vt 0.6828190088272095 0.6653969883918762
vt 0.6669589877128601 0.6822590231895447
vt 0.9396309852600098 0.4602000117301941
vt 0.41128799319267273 0.4702180027961731
vt 0.8033959865570068 0.2034289836883545
vt 0.4637500047683716 0.5321890115737915
vt 0.724174976348877 0.6199700236320496
vt 0.7307450175285339 0.6318879723548889
vt 0.45736798644065857 0.5196239948272705
vt 0.7177050113677979 0.6083719730377197
vt 0.4505319893360138 0.5067740082740784
vt 0.4432699978351593 0.4939199686050415
vt 0.43537500500679016 0.481050968170166
vt 0.5647209882736206 0.598438024520874
vt 0.551937997341156 0.6156110167503357
vt 0.5677279829978943 0.584758996963501
vt 0.5400769710540771 0.620926022529602
vt 0.6745030283927917 0.5382469892501831
vt 0.5403329730033875 0.6592239737510681
vt 0.9521589875221252 0.39252400398254395
vt 0.6023399829864502 0.5525109767913818
vt 0.3520669937133789 0.42505699396133423
vt 0.34183400869369507 0.429639995098114
vt 0.3316969871520996 0.43408799171447754
vt 0.36208999156951904 0.42040300369262695
vt 0.37180599570274353 0.4155210256576538
vt 0.32143598794937134 0.4394969940185547
vt 0.3907589912414551 0.40459704399108887
vt 0.3813199996948242 0.41036999225616455
vt 0.3107970058917999 0.4452279806137085
vt 0.2755419909954071 0.47408998012542725
vt 0.27804601192474365 0.46195197105407715
vt 0.2705419957637787 0.4798769950866699
vt 0.00395399983972311 0.5586860179901123
vt 0.26777100563049316 0.4997149705886841
vt 0.7733240127563477 0.7531039714813232
vt 0.01882999949157238 0.5783969759941101
vt 0.5946959853172302 0.7174649834632874
vt 0.7690119743347168 0.7285919785499573
vt 0.8430569767951965 0.771390974521637
vt 0.5863839983940125 0.7258470058441162
vt 0.7985299825668335 0.7486280202865601
vt 0.2586840093135834 0.5019310116767883
vt 0.5752769708633423 0.7471969723701477
vt 0.7810329794883728 0.7651540040969849
vt 0.23074699938297272 0.5083940029144287
vt 0.4506700038909912 0.7556310296058655
vt 0.6810510158538818 0.6787760257720947
vt 0.6955770254135132 0.6465799808502197
vt 0.7377049922943115 0.6434860229492188
vt 0.7421180009841919 0.17938196659088135
vt 0.7563750147819519 0.18133097887039185
vt 0.7278710007667542 0.17776399850845337
vt 0.7133839726448059 0.17649298906326294
vt 0.7705680131912231 0.18368101119995117
vt 0.698602020740509 0.17550700902938843
vt 0.7848640084266663 0.18641799688339233
vt 0.7992889881134033 0.18948298692703247
vt 0.6404770016670227 0.5384939908981323
vt 0.6835330128669739 0.174809992313385
vt 0.42681899666786194 0.4683040380477905
vt 0.6239849925041199 0.5378760099411011
vt 0.828781008720398 0.7390999794006348
vt 0.5530660152435303 0.6026319861412048
vt 0.584102988243103 0.5679240226745605
vt 0.5709319710731506 0.5708469748497009
vt 0.6618260145187378 0.543021023273468
vt 0.9532309770584106 0.3550119996070862
vt 0.6602389812469482 0.5573700070381165
vt 0.9482290148735046 0.3684599995613098
vt 0.9432669878005981 0.38153696060180664
vt 0.9389039874076843 0.3932510018348694
vt 0.9344249963760376 0.4053969979286194
vt 0.9298210144042969 0.4181870222091675
vt 0.41087400913238525 0.40371400117874146
vt 0.9251760244369507 0.4313510060310364
vt 0.5880680084228516 0.5538979768753052
vt 0.6080690026283264 0.5385209918022156
vt 0.8167449831962585 0.7328979969024658
vt 0.40035998821258545 0.3981820344924927
vt 0.3025810122489929 0.4529539942741394
vt 0.2960279881954193 0.46044301986694336
vt 0.28803500533103943 0.46030402183532715
vt 0.2655940055847168 0.485213041305542
vt 0.26147401332855225 0.4923020005226135
vt 0.006777000147849321 0.5731840133666992
vt 0.7772070169448853 0.7388539910316467
vt 0.5769889950752258 0.7324709892272949
vt 0.7874810099601746 0.7518060207366943
vt 0.25053301453590393 0.4938850402832031
vt 0.4719490110874176 0.6315709948539734
vt 0.47785499691963196 0.6203719973564148
vt 0.9208829998970032 0.47303998470306396
vt 0.2374120056629181 0.495947003364563
vt 0.22119100391864777 0.5235009789466858
vt 0.4618839919567108 0.765201985836029
vt 0.46588799357414246 0.6429949998855591
vt 0.9353129863739014 0.47292304039001465
vt 0.6949130296707153 0.6597239971160889
vt 0.694549024105072 0.673213005065918
vt 0.6761869788169861 0.6901400089263916
vt 0.9487329721450806 0.4682769775390625
vt 0.41756999492645264 0.45569199323654175
vt 0.8138369917869568 0.19279897212982178
vt 0.7373420000076294 0.6198989748954773
vt 0.7308989763259888 0.6080750226974487
vt 0.7439849972724915 0.6318119764328003
vt 0.4652920067310333 0.5065079927444458
vt 0.7246729731559753 0.5963879823684692
vt 0.45844998955726624 0.493306040763855
vt 0.7183480262756348 0.5846620202064514
vt 0.4509040117263794 0.4799349904060364
vt 0.4426940083503723 0.466713011264801
vt 0.555292010307312 0.5890269875526428
vt 0.5412390232086182 0.6074690222740173
vt 0.6764199733734131 0.5245519876480103
vt 0.5579540133476257 0.5749599933624268
vt 0.6640589833259583 0.5289409756660461
vt 0.5927519798278809 0.5397089719772339
vt 0.8042590022087097 0.726410984992981
vt 0.3527109920978546 0.41490697860717773
vt 0.3427079916000366 0.4197009801864624
vt 0.3326449990272522 0.42452895641326904
vt 0.32221901416778564 0.42970597743988037
vt 0.36245599389076233 0.40998196601867676
vt 0.3718790113925934 0.4047049880027771
vt 0.30883699655532837 0.4345499873161316
vt 0.3903430104255676 0.3929010033607483
vt 0.38116100430488586 0.39904099702835083
vt 0.29822298884391785 0.4420809745788574
vt 0.26978999376296997 0.47051703929901123
vt 0.2832399904727936 0.454338014125824
vt 0.2621690034866333 0.47704601287841797
vt 0.5830720067024231 0.7119179964065552
vt 0.8043069839477539 0.7355279922485352
vt 0.8327329754829407 0.7636899948120117
vt 0.00395399983972311 0.490011990070343
vt 0.012633999809622765 0.5446820259094238
vt 0.7813360095024109 0.7248759865760803
vt 0.8558229804039001 0.7697409987449646
vt 0.018055999651551247 0.5000659823417664
vt 0.7927359938621521 0.7379140257835388
vt 0.8246380090713501 0.7722960114479065
vt 0.22301000356674194 0.4955599904060364
vt 0.2139579951763153 0.5090410113334656
vt 0.6953709721565247 0.6870480179786682
vt 0.6841470003128052 0.6944739818572998
vt 0.706167995929718 0.6534579992294312
vt 0.7508190274238586 0.6435080170631409
vt 0.7510650157928467 0.16763901710510254
vt 0.7364959716796875 0.16570699214935303
vt 0.7656109929084778 0.16990196704864502
vt 0.721701979637146 0.16410303115844727
vt 0.7065790295600891 0.1628119945526123
vt 0.7801539897918701 0.17250001430511475
vt 0.6912130117416382 0.1618800163269043
vt 0.7947980165481567 0.1754080057144165
vt 0.8095239996910095 0.17861098051071167
vt 0.6322410106658936 0.5232980251312256
vt 0.6757150292396545 0.16122698783874512
vt 0.8398529887199402 0.7315260171890259
vt 0.43365299701690674 0.4536359906196594
vt 0.6146100163459778 0.5242419838905334
vt 0.8275200128555298 0.7251020073890686
vt 0.5430759787559509 0.5938159823417664
vt 0.6790450215339661 0.5111119747161865
vt 0.5742740035057068 0.5565119981765747
vt 0.5607600212097168 0.5603740215301514
vt 0.9400539994239807 0.356797993183136
vt 0.6513850092887878 0.5333499908447266
vt 0.9450690150260925 0.3434320092201233
vt 0.9350780248641968 0.36997199058532715
vt 0.9301069974899292 0.3828120231628418
vt 0.9251890182495117 0.3954169750213623
vt 0.920295000076294 0.408113956451416
vt 0.4209110140800476 0.39637601375579834
vt 0.9153980016708374 0.421085000038147
vt 0.4100069999694824 0.3911939859390259
vt 0.5778610110282898 0.5418279767036438
vt 0.7922220230102539 0.720550000667572
vt 0.5981670022010803 0.525409996509552
vt 0.8150659799575806 0.7186579704284668
vt 0.39947500824928284 0.3862220048904419
vt 0.2926590144634247 0.45482999086380005
vt 0.2667100131511688 0.4580810070037842
vt 0.27398601174354553 0.45013296604156494
vt 0.2563279867172241 0.4843590259552002
vt 0.00395399983972311 0.5325750112533569
vt 0.8467090129852295 0.7579569816589355
vt 0.24447199702262878 0.4840869903564453
vt 0.48425599932670593 0.6310700178146362
vt 0.9107339978218079 0.48003196716308594
vt 0.2117999941110611 0.5398759841918945
vt 0.4795140027999878 0.6425189971923828
vt 0.9229949712753296 0.4832730293273926
vt 0.23118199408054352 0.4833509922027588
vt 0.2036609947681427 0.5242850184440613
vt 0.18780800700187683 0.5595420002937317
vt 0.6744170188903809 0.702547013759613
vt 0.9468790292739868 0.48074400424957275
vt 0.7064059972763062 0.6664980053901672
vt 0.7072349786758423 0.6796820163726807
vt 0.42396700382232666 0.44073402881622314
vt 0.8243730068206787 0.1819639801979065
vt 0.7443730235099792 0.6080870032310486
vt 0.7507079839706421 0.6199749708175659
vt 0.738103985786438 0.5962399840354919
vt 0.75723797082901 0.6318510174751282
vt 0.7318649888038635 0.5843920111656189
vt 0.46667900681495667 0.47933000326156616
vt 0.7255759835243225 0.5726240277290344
vt 0.4587650001049042 0.46566498279571533
vt 0.719186007976532 0.5606740117073059
vt 0.45006200671195984 0.4519820213317871
vt 0.5453119874000549 0.5798869729042053
vt 0.6823340058326721 0.49790704250335693
vt 0.6667490005493164 0.5151730179786682
vt 0.547793984413147 0.565388023853302
vt 0.6863870024681091 0.48469001054763794
vt 0.6541079878807068 0.5192130208015442
vt 0.949787974357605 0.3299340009689331
vt 0.8028349876403809 0.7124050259590149
vt 0.34314200282096863 0.4098140001296997
vt 0.3532879948616028 0.4049530029296875
vt 0.33289799094200134 0.4145619869232178
vt 0.32346001267433167 0.4200400114059448
vt 0.3143410086631775 0.4264180064201355
vt 0.3626059889793396 0.39965295791625977
vt 0.37167099118232727 0.39404499530792236
vt 0.2979719936847687 0.4298800230026245
vt 0.3894290030002594 0.3817639946937561
vt 0.3805829882621765 0.38811200857162476
vt 0.2889460027217865 0.4481539726257324
vt 0.2587969899177551 0.4661940336227417
vt 0.28097501397132874 0.4431520104408264
vt 0.2514910101890564 0.47447699308395386
vt 0.016827000305056572 0.4852460026741028
vt 0.8223879933357239 0.7575960159301758
vt 0.026854999363422394 0.4790220260620117
vt 0.8313270211219788 0.749888002872467
vt 0.00596500001847744 0.4745830297470093
vt 0.017340000718832016 0.5298510193824768
vt 0.9356160163879395 0.48809802532196045
vt 0.20741799473762512 0.49445199966430664
vt 0.21699999272823334 0.48169803619384766
vt 0.19682000577449799 0.5084139704704285
vt 0.6972619891166687 0.7010589838027954
vt 0.7082719802856445 0.6930620074272156
vt 0.1979759931564331 0.5683429837226868
vt 0.6861379742622375 0.7086740136146545
vt 0.7171450257301331 0.659371018409729
vt 0.7637789845466614 0.6435539722442627
vt 0.7456340193748474 0.15365397930145264
vt 0.7604730129241943 0.15587598085403442
vt 0.730679988861084 0.1516910195350647
vt 0.7752760052680969 0.158424973487854
vt 0.7154309749603271 0.1501079797744751
vt 0.6996549963951111 0.14902400970458984
vt 0.7901710271835327 0.1611890196800232
vt 0.6836649775505066 0.14811396598815918
vt 0.8512030243873596 0.7241160273551941
vt 0.8050379753112793 0.16426599025726318
vt 0.8200650215148926 0.16758698225021362
vt 0.8386560082435608 0.7175310254096985
vt 0.44058001041412354 0.4385390281677246
vt 0.8261749744415283 0.711001992225647
vt 0.6699259877204895 0.501583993434906
vt 0.5634999871253967 0.5454210042953491
vt 0.7800319790840149 0.7150319814682007
vt 0.5497779846191406 0.5504639744758606
vt 0.690962016582489 0.472104012966156
vt 0.7674810290336609 0.7105140089988708
vt 0.9319850206375122 0.34542596340179443
vt 0.9271420240402222 0.3585439920425415
vt 0.9367030262947083 0.3322739601135254
vt 0.9221050143241882 0.371675968170166
vt 0.9169080257415771 0.3846219778060913
vt 0.9115480184555054 0.39755403995513916
vt 0.43142300844192505 0.38781797885894775
vt 0.90618497133255 0.4104750156402588
vt 0.4196470081806183 0.3837319612503052
vt 0.9012020230293274 0.4236069917678833
vt 0.4085479974746704 0.37923097610473633
vt 0.7905219793319702 0.7064539790153503
vt 0.8137059807777405 0.7045360207557678
vt 0.3063960075378418 0.42280304431915283
vt 0.28906700015068054 0.4367330074310303
vt 0.3981409966945648 0.3750779628753662
vt 0.2633419930934906 0.44619399309158325
vt 0.2553919851779938 0.45436400175094604
vt 0.27128300070762634 0.43871498107910156
vt 0.009630000218749046 0.5162609815597534
vt 0.028223000466823578 0.4637880325317383
vt 0.843733012676239 0.7409420013427734
vt 0.2393759936094284 0.47250497341156006
vt 0.493243008852005 0.6430529952049255
vt 0.8983129858970642 0.4889659881591797
vt 0.9096999764442444 0.49452900886535645
vt 0.1926169991493225 0.5405110120773315
vt 0.48711198568344116 0.653594970703125
vt 0.9250620007514954 0.49623703956604004
vt 0.2262759953737259 0.470317006111145
vt 0.1851010024547577 0.5236520171165466
vt 0.18467099964618683 0.5727409720420837
vt 0.9483190178871155 0.4939669966697693
vt 0.718621015548706 0.6719779968261719
vt 0.7199339866638184 0.6850320100784302
vt 0.4304780066013336 0.42527496814727783
vt 0.835053026676178 0.1709499955177307
vt 0.7579079866409302 0.608269989490509
vt 0.7516700029373169 0.5963789820671082
vt 0.7641270160675049 0.620265007019043
vt 0.7454280257225037 0.5844870209693909
vt 0.7269690036773682 0.6514670252799988
vt 0.7702059745788574 0.632070004940033
vt 0.7392370104789734 0.5726619958877563
vt 0.7330250144004822 0.5607489943504333
vt 0.4667769968509674 0.4506770372390747
vt 0.7266730070114136 0.548675000667572
vt 0.4576210081577301 0.4366539716720581
vt 0.7204809784889221 0.536296010017395
vt 0.6737880110740662 0.48809802532196045
vt 0.6573659777641296 0.5054429769515991
vt 0.5367270112037659 0.5565369725227356
vt 0.6779659986495972 0.4746659994125366
vt 0.6445040106773376 0.5090939998626709
vt 0.9413120150566101 0.31893301010131836
vt 0.8012089729309082 0.6984459757804871
vt 0.33125901222229004 0.40384697914123535
vt 0.3443309962749481 0.40036702156066895
vt 0.3536059856414795 0.3950279951095581
vt 0.32276999950408936 0.40974104404449463
vt 0.31442299485206604 0.41603100299835205
vt 0.36236798763275146 0.3894129991531372
vt 0.3711079955101013 0.38366997241973877
vt 0.287896990776062 0.4251589775085449
vt 0.29642701148986816 0.4184119701385498
vt 0.3881550133228302 0.37116801738739014
vt 0.3796769976615906 0.37761104106903076
vt 0.24737299978733063 0.4630190134048462
vt 0.27935001254081726 0.43175196647644043
vt 0.009700999595224857 0.5039830207824707
vt 0.01850299909710884 0.4712899923324585
vt 0.010510999709367752 0.45905303955078125
vt 0.02038400061428547 0.5139579772949219
vt 0.9371510148048401 0.5008860230445862
vt 0.2020840048789978 0.479483962059021
vt 0.1911419928073883 0.49244701862335205
vt 0.21241800487041473 0.4676179885864258
vt 0.17904099822044373 0.5065280199050903
vt 0.20887300372123718 0.5768100023269653
vt 0.698415994644165 0.7145100235939026
vt 0.7095540165901184 0.7065370082855225
vt 0.7211260199546814 0.6982719898223877
vt 0.19581300020217896 0.581529974937439
vt 0.7289069890975952 0.6638360023498535
vt 0.7552260160446167 0.14160197973251343
vt 0.7402250170707703 0.13923001289367676
vt 0.7702010273933411 0.14416003227233887
vt 0.7250699996948242 0.13718700408935547
vt 0.7853389978408813 0.14687401056289673
vt 0.7092810273170471 0.13585001230239868
vt 0.6926689743995667 0.1352580189704895
vt 0.8005009889602661 0.14983201026916504
vt 0.6761130094528198 0.13407301902770996
vt 0.8501459956169128 0.710394024848938
vt 0.8155189752578735 0.1530809998512268
vt 0.8306270241737366 0.15632998943328857
vt 0.8374590277671814 0.7036659717559814
vt 0.4475589990615845 0.42286598682403564
vt 0.8249250054359436 0.6971060037612915
vt 0.6610950231552124 0.4918630123138428
vt 0.7779809832572937 0.7014570236206055
vt 0.6826069951057434 0.46136099100112915
vt 0.7650579810142517 0.6971780061721802
vt 0.9238349795341492 0.3344069719314575
vt 0.9192500114440918 0.34733498096466064
vt 0.9143970012664795 0.3603529930114746
vt 0.9282940030097961 0.32138699293136597
vt 0.909214973449707 0.3735229969024658
vt 0.9035999774932861 0.3865860104560852
vt 0.4410969913005829 0.3786489963531494
vt 0.8977360129356384 0.3994939923286438
vt 0.4289270043373108 0.37539100646972656
vt 0.8920720219612122 0.41238903999328613
vt 0.417356014251709 0.3716070055961609
vt 0.40662500262260437 0.3679119944572449
vt 0.78855299949646 0.6927130222320557
vt 0.8123319745063782 0.6906219720840454
vt 0.30491799116134644 0.4117419719696045
vt 0.39642199873924255 0.36437201499938965
vt 0.2523370087146759 0.44243502616882324
vt 0.26078900694847107 0.43459099531173706
vt 0.24383899569511414 0.4509199857711792
vt 0.2692379951477051 0.42739903926849365
vt 0.23516200482845306 0.4600750207901001
vt 0.17928899824619293 0.5584729909896851
vt 0.5012840032577515 0.654151976108551
vt 0.8862180113792419 0.4962739944458008
vt 0.896124005317688 0.504393994808197
vt 0.9166380167007446 0.5024489760398865
vt 0.17158199846744537 0.5401579737663269
vt 0.9271649718284607 0.507964015007019
vt 0.22227700054645538 0.45696496963500977
vt 0.16593900322914124 0.5213609933853149
vt 0.1828629970550537 0.586234986782074
vt 0.9485359787940979 0.5072969794273376
vt 0.731095016002655 0.676751971244812
vt 0.7325400114059448 0.689848005771637
vt 0.43709900975227356 0.4092490077018738
vt 0.8457949757575989 0.15963196754455566
vt 0.77156001329422 0.6087459921836853
vt 0.7652980089187622 0.5967329740524292
vt 0.7592160105705261 0.5848240256309509
vt 0.7777810096740723 0.6207330226898193
vt 0.7529540061950684 0.5729489922523499
vt 0.7392569780349731 0.654915988445282
vt 0.7834830284118652 0.632606029510498
vt 0.7468529939651489 0.5610470175743103
vt 0.7406169772148132 0.5490660071372986
vt 0.7344599962234497 0.5369279980659485
vt 0.46473100781440735 0.42067599296569824
vt 0.7283220291137695 0.5246210098266602
vt 0.6651470065116882 0.47838300466537476
vt 0.6483839750289917 0.4954190254211426
vt 0.9454740285873413 0.3054119944572449
vt 0.6693980097770691 0.4646660089492798
vt 0.9326500296592712 0.308230996131897
vt 0.7996730208396912 0.6845380067825317
vt 0.3370169997215271 0.39674603939056396
vt 0.32138699293136597 0.39914798736572266
vt 0.3448939919471741 0.39069998264312744
vt 0.35329800844192505 0.3850259780883789
vt 0.31321799755096436 0.4053499698638916
vt 0.3618369996547699 0.37949299812316895
vt 0.3702529966831207 0.37373995780944824
vt 0.27779901027679443 0.42059803009033203
vt 0.2864310145378113 0.41397398710250854
vt 0.2950490117073059 0.407431960105896
vt 0.37849101424217224 0.36759400367736816
vt 0.38655099272727966 0.36103999614715576
vt 0.9065520167350769 0.5075680017471313
vt 0.9363530278205872 0.5131469964981079
vt 0.19798700511455536 0.4645259976387024
vt 0.1866379976272583 0.4764919877052307
vt 0.17440000176429749 0.4894360303878784
vt 0.2087710052728653 0.4535689949989319
vt 0.16097399592399597 0.5031729936599731
vt 0.20701900124549866 0.5902379751205444
vt 0.7001969814300537 0.7277740240097046
vt 0.22034800052642822 0.5862119793891907
vt 0.7113440036773682 0.7197329998016357
vt 0.722540020942688 0.7114440202713013
vt 0.7338380217552185 0.7032070159912109
vt 0.19349099695682526 0.5947849750518799
vt 0.9594119787216187 0.5151519775390625
vt 0.7409089803695679 0.6671040058135986
vt 0.7501059770584106 0.12683099508285522
vt 0.7651129961013794 0.12961798906326294
vt 0.7352870106697083 0.12409102916717529
vt 0.7803249955177307 0.13241302967071533
vt 0.7202510237693787 0.12175101041793823
vt 0.7956169843673706 0.13534200191497803
vt 0.7030209898948669 0.12182599306106567
vt 0.6854130029678345 0.12173700332641602
vt 0.8108170032501221 0.13841497898101807
vt 0.6688600182533264 0.11961299180984497
vt 0.8489429950714111 0.6966699957847595
vt 0.8259900212287903 0.14160096645355225
vt 0.8411759734153748 0.14483296871185303
vt 0.836372971534729 0.6899229884147644
vt 0.454459011554718 0.40685296058654785
vt 0.722599983215332 0.512116014957428
vt 0.8237529993057251 0.6832829713821411
vt 0.6525850296020508 0.4820929765701294
vt 0.9497140049934387 0.29197800159454346
vt 0.6869969964027405 0.4477989673614502
vt 0.7754470109939575 0.6874899864196777
vt 0.6734269857406616 0.45104002952575684
vt 0.9112259745597839 0.3361619710922241
vt 0.915507972240448 0.32338201999664307
vt 0.9067350029945374 0.34906303882598877
vt 0.9017919898033142 0.362138032913208
vt 0.9197660088539124 0.31074899435043335
vt 0.896245002746582 0.3754180073738098
vt 0.450080007314682 0.36904096603393555
vt 0.8899580240249634 0.38832199573516846
vt 0.4376550018787384 0.3666139841079712
vt 0.883857011795044 0.4009590148925781
vt 0.4257889986038208 0.3634740114212036
vt 0.4148080050945282 0.36031103134155273
vt 0.4043959975242615 0.35717499256134033
vt 0.6904579997062683 0.4330500364303589
vt 0.7865729928016663 0.6783940196037292
vt 0.8110520243644714 0.6768190264701843
vt 0.3288919925689697 0.3928210139274597
vt 0.30354300141334534 0.4010579586029053
vt 0.39445000886917114 0.35411596298217773
vt 0.24992600083351135 0.43057799339294434
vt 0.2409529983997345 0.4386169910430908
vt 0.2587350010871887 0.42313599586486816
vt 0.23174600303173065 0.44735395908355713
vt 0.26751700043678284 0.4161199927330017
vt 0.1551000028848648 0.5583879947662354
vt 0.16402499377727509 0.5761070251464844
vt 0.8826169967651367 0.5103909969329834
vt 0.9057009816169739 0.517287015914917
vt 0.9175230264663696 0.5144190192222595
vt 0.15024399757385254 0.5376650094985962
vt 0.9306110143661499 0.5234659910202026
vt 0.21910299360752106 0.4436590075492859
vt 0.14674900472164154 0.5174829959869385
vt 0.9458580017089844 0.5201060175895691
vt 0.7443230152130127 0.6811190247535706
vt 0.7436209917068481 0.6958659887313843
vt 0.4435810148715973 0.3927450180053711
vt 0.8563050031661987 0.1480330228805542
vt 0.7856190204620361 0.6092450022697449
vt 0.7793499827384949 0.5972549915313721
vt 0.773078978061676 0.5852839946746826
vt 0.7667919993400574 0.573403000831604
vt 0.7921339869499207 0.6213070154190063
vt 0.7605429887771606 0.5615010261535645
vt 0.0476359985768795 0.4805600047111511
vt 0.7549319863319397 0.6569539904594421
vt 0.7998759746551514 0.6334829926490784
vt 0.7544260025024414 0.5495719909667969
vt 0.7482950091362 0.5375409722328186
vt 0.7424150109291077 0.5253009796142578
vt 0.7364569902420044 0.5129789710044861
vt 0.6565089821815491 0.4685080051422119
vt 0.6398550271987915 0.4851840138435364
vt 0.9370200037956238 0.29514002799987793
vt 0.6603789925575256 0.4548109769821167
vt 0.9241350293159485 0.2978399991989136
vt 0.6931279897689819 0.4187150001525879
vt 0.7981020212173462 0.6701800227165222
vt 0.33634600043296814 0.38652503490448
vt 0.31179100275039673 0.39480799436569214
vt 0.3198069930076599 0.38859403133392334
vt 0.3443880081176758 0.380560040473938
vt 0.3526439964771271 0.37517499923706055
vt 0.3610070049762726 0.3700850009918213
vt 0.36908701062202454 0.3643139600753784
vt 0.2763499915599823 0.40951699018478394
vt 0.28511500358581543 0.4030519723892212
vt 0.2937900125980377 0.39670002460479736
vt 0.37700700759887695 0.35801196098327637
vt 0.38479599356651306 0.35130298137664795
vt 0.8922860026359558 0.5196290016174316
vt 0.18325400352478027 0.4607059955596924
vt 0.19485299289226532 0.4497010111808777
vt 0.17085899412631989 0.4726220369338989
vt 0.15737099945545197 0.48529499769210815
vt 0.20594699680805206 0.4396200180053711
vt 0.14253300428390503 0.49850499629974365
vt 0.20438100397586823 0.6036270260810852
vt 0.21774999797344208 0.5991740226745605
vt 0.7134389877319336 0.7326440215110779
vt 0.23142799735069275 0.5961179733276367
vt 0.7246699929237366 0.724515974521637
vt 0.7356579899787903 0.715965986251831
vt 0.06972000002861023 0.5547890067100525
vt 0.7471100091934204 0.7072880268096924
vt 0.18990999460220337 0.608089029788971
vt 0.9561870098114014 0.5283409953117371
vt 0.052191998809576035 0.4990040063858032
vt 0.7497559785842896 0.6681489944458008
vt 0.7599949836730957 0.11472499370574951
vt 0.745278000831604 0.11166602373123169
vt 0.7752060294151306 0.11770898103713989
vt 0.7309309840202332 0.10858601331710815
vt 0.7905780076980591 0.12067699432373047
vt 0.71697998046875 0.10515397787094116
vt 0.805965006351471 0.12369400262832642
vt 0.6946809887886047 0.11058402061462402
vt 0.6788340210914612 0.10772502422332764
vt 0.8212969899177551 0.126787006855011
vt 0.6624510288238525 0.10454797744750977
vt 0.8480139970779419 0.6829010248184204
vt 0.8365610241889954 0.12998199462890625
vt 0.8517709970474243 0.13322103023529053
vt 0.835299015045166 0.6762030124664307
vt 0.46110299229621887 0.38997501134872437
vt 0.7306320071220398 0.5005210041999817
vt 0.8226019740104675 0.6694080233573914
vt 0.6439210176467896 0.4725010395050049
vt 0.941506028175354 0.28194499015808105
vt 0.676701009273529 0.43745100498199463
vt 0.7730609774589539 0.6731150150299072
vt 0.6635100245475769 0.4413360357284546
vt 0.8987889885902405 0.33773696422576904
vt 0.9028570055961609 0.3251439929008484
vt 0.9069719910621643 0.31269198656082153
vt 0.8944039940834045 0.35067200660705566
vt 0.8893790245056152 0.3639969825744629
vt 0.9112229943275452 0.30017995834350586
vt 0.4584200084209442 0.359046995639801
vt 0.8830940127372742 0.37683796882629395
vt 0.44580399990081787 0.3574090003967285
vt 0.8762639760971069 0.3890340328216553
vt 0.43376898765563965 0.3549560308456421
vt 0.42265400290489197 0.3522909879684448
vt 0.41207998991012573 0.3495650291442871
vt 0.4020099937915802 0.346843957901001
vt 0.6794130206108093 0.4234750270843506
vt 0.7849609851837158 0.6637750267982483
vt 0.8099039793014526 0.6625810265541077
vt 0.3276279866695404 0.3824009895324707
vt 0.3022710084915161 0.39048898220062256
vt 0.3922719955444336 0.3442699909210205
vt 0.2479429990053177 0.41875600814819336
vt 0.23864400386810303 0.4264340400695801
vt 0.22907499969005585 0.43462300300598145
vt 0.25708600878715515 0.4117100238800049
vt 0.2662050127983093 0.40505003929138184
vt 0.1340309977531433 0.5774120092391968
vt 0.1321139931678772 0.5539669990539551
vt 0.1524219959974289 0.5878790020942688
vt 0.8786630034446716 0.5196229815483093
vt 0.9021679759025574 0.5308600068092346
vt 0.9168949723243713 0.5272169709205627
vt 0.1292479932308197 0.5323820114135742
vt 0.9418420195579529 0.5325559973716736
vt 0.2166759967803955 0.43039798736572266
vt 0.12592700123786926 0.5120530128479004
vt 0.0724010020494461 0.5289649963378906
vt 0.7526689767837524 0.6920890212059021
vt 0.07055400311946869 0.5075179934501648
vt 0.757082998752594 0.6790810227394104
vt 0.7036179900169373 0.10055500268936157
vt 0.450206995010376 0.37592804431915283
vt 0.7247480154037476 0.4881080389022827
vt 0.8669829964637756 0.13649797439575195
vt 0.7932850122451782 0.5979120135307312
vt 0.026355000212788582 0.454043984413147
vt 0.7996019721031189 0.6099129915237427
vt 0.7870349884033203 0.5859360098838806
vt 0.7807599902153015 0.5739399790763855
vt 0.7744920253753662 0.5620189905166626
vt 0.04507900029420853 0.46104001998901367
vt 0.8065549731254578 0.6218569874763489
vt 0.7683470249176025 0.5500580072402954
vt 0.06835900247097015 0.48802995681762695
vt 0.7622640132904053 0.5380539894104004
vt 0.7562950253486633 0.5259259939193726
vt 0.75040602684021 0.5136929750442505
vt 0.7444679737091064 0.50136798620224
vt 0.647612988948822 0.45898401737213135
vt 0.9464340209960938 0.2687720060348511
vt 0.9286680221557617 0.28486400842666626
vt 0.6507520079612732 0.44541800022125244
vt 0.9157410264015198 0.28754496574401855
vt 0.6814709901809692 0.409604012966156
vt 0.7969390153884888 0.6552730202674866
vt 0.33542200922966003 0.3761259913444519
vt 0.3105050027370453 0.3844130039215088
vt 0.31853801012039185 0.37831300497055054
vt 0.3434019982814789 0.3699129819869995
vt 0.35161200165748596 0.3652679920196533
vt 0.3598969876766205 0.3612309694290161
vt 0.36767300963401794 0.3550710082054138
vt 0.27509599924087524 0.39860999584198
vt 0.28394201397895813 0.3923180103302002
vt 0.29258400201797485 0.38615596294403076
vt 0.37526199221611023 0.34866899251937866
vt 0.3827750086784363 0.34175699949264526
vt 0.15642200410366058 0.6122599840164185
vt 0.8859710097312927 0.5325549840927124
vt 0.9288150072097778 0.5363349914550781
vt 0.18066400289535522 0.4452090263366699
vt 0.168286994099617 0.4561619758605957
vt 0.1925169974565506 0.43508899211883545
vt 0.15499700605869293 0.4678720235824585
vt 0.14046600461006165 0.4801449775695801
vt 0.20386900007724762 0.42578303813934326
vt 0.12354499846696854 0.4926689863204956
vt 0.20104800164699554 0.6166970133781433
vt 0.9668840169906616 0.5371789932250977
vt 0.21462899446487427 0.6122859716415405
vt 0.22820700705051422 0.6089879870414734
vt 0.7272329926490784 0.7374230027198792
vt 0.24203699827194214 0.6077690124511719
vt 0.7380279898643494 0.7288519740104675
vt 0.07421500235795975 0.5764049887657166
vt 0.7494860291481018 0.7210689783096313
vt 0.0910089984536171 0.5389450192451477
vt 0.9529880285263062 0.5413230061531067
vt 0.7700300216674805 0.10276103019714355
vt 0.7547969818115234 0.09955400228500366
vt 0.7404680252075195 0.09637600183486938
vt 0.7855179905891418 0.10582900047302246
vt 0.7273330092430115 0.09321600198745728
vt 0.8010150194168091 0.10888200998306274
vt 0.7138910293579102 0.08966702222824097
vt 0.8164669871330261 0.11192899942398071
vt 0.6890130043029785 0.09654200077056885
vt 0.6733999848365784 0.09295201301574707
vt 0.8318560123443604 0.11507397890090942
vt 0.6567569971084595 0.08920800685882568
vt 0.8469870090484619 0.6692289710044861
vt 0.8471590280532837 0.11831599473953247
vt 0.7187290191650391 0.47575104236602783
vt 0.8624299764633179 0.12161999940872192
vt 0.834430992603302 0.6623209714889526
vt 0.06484200060367584 0.4683040380477905
vt 0.7385450005531311 0.488988995552063
vt 0.8216350078582764 0.6551070213317871
vt 0.6351919770240784 0.46367400884628296
vt 0.933426022529602 0.2718470096588135
vt 0.6660680174827576 0.42799603939056396
vt 0.6531270146369934 0.43220198154449463
vt 0.8902400135993958 0.3266580104827881
vt 0.8863869905471802 0.33894503116607666
vt 0.8941559791564941 0.314424991607666
vt 0.8982920050621033 0.30215901136398315
vt 0.8825029730796814 0.3518400192260742
vt 0.4660939872264862 0.34846699237823486
vt 0.8770120143890381 0.365323007106781
vt 0.9026839733123779 0.28989601135253906
vt 0.4534069895744324 0.34793996810913086
vt 0.8697159886360168 0.37701499462127686
vt 0.4413439929485321 0.34607696533203125
vt 0.4301370084285736 0.3439450263977051
vt 0.41944798827171326 0.3415980339050293
vt 0.40926599502563477 0.3392510414123535
vt 0.3994410037994385 0.3369370102882385
vt 0.6682479977607727 0.4145439863204956
vt 0.6829370260238647 0.3955199718475342
vt 0.8092979788780212 0.6480460166931152
vt 0.32642799615859985 0.3720859885215759
vt 0.3009929955005646 0.38013601303100586
vt 0.3898800015449524 0.3346019983291626
vt 0.2463800013065338 0.4070590138435364
vt 0.23688100278377533 0.4143710136413574
vt 0.2269580066204071 0.42204999923706055
vt 0.255825012922287 0.4003700017929077
vt 0.26507899165153503 0.3940160274505615
vt 0.13462799787521362 0.6019530296325684
vt 0.11289499700069427 0.5691630244255066
vt 0.11125600337982178 0.5471180081367493
vt 0.8998690247535706 0.5441790223121643
vt 0.9141640067100525 0.5403739809989929
vt 0.10939300060272217 0.5255129933357239
vt 0.9390990138053894 0.5451549887657166
vt 0.2148129940032959 0.4173409938812256
vt 0.1069369986653328 0.5047490000724792
vt 0.08966399729251862 0.5170630216598511
vt 0.09292200207710266 0.561627984046936
vt 0.08778899908065796 0.49665796756744385
vt 0.699537992477417 0.08575397729873657
vt 0.7325429916381836 0.47657597064971924
vt 0.8776599764823914 0.125
vt 0.8008720278739929 0.5867570042610168
vt 0.023506000638008118 0.4349830150604248
vt 0.8069999814033508 0.5987910032272339
vt 0.0419749990105629 0.44200801849365234
vt 0.7946950197219849 0.5746849775314331
vt 0.7884910106658936 0.5626779794692993
vt 0.7822960019111633 0.5506510138511658
vt 0.060947999358177185 0.4491690397262573
vt 0.7761620283126831 0.5386080145835876
vt 0.08518300205469131 0.47661399841308594
vt 0.7702159881591797 0.5265250205993652
vt 0.7643269896507263 0.5143679976463318
vt 0.7583360075950623 0.5021340250968933
vt 0.7523930072784424 0.4898719787597656
vt 0.6380029916763306 0.45017701387405396
vt 0.9385830163955688 0.2589629888534546
vt 0.9206100106239319 0.27463197708129883
vt 0.6402040123939514 0.43663299083709717
vt 0.9074419736862183 0.2773129940032959
vt 0.670058012008667 0.40107202529907227
vt 0.3342539966106415 0.3656790256500244
vt 0.30922600626945496 0.3741700053215027
vt 0.31724900007247925 0.36807000637054443
vt 0.34192898869514465 0.35862696170806885
vt 0.35083499550819397 0.3595559597015381
vt 0.35847198963165283 0.352586030960083
vt 0.36606699228286743 0.34606999158859253
vt 0.27411600947380066 0.38783401250839233
vt 0.282929003238678 0.3817540407180786
vt 0.2914470136165619 0.3758200407028198
vt 0.3734560012817383 0.3393230438232422
vt 0.3805670142173767 0.33225399255752563
vt 0.11439099907875061 0.5915889739990234
vt 0.1344580054283142 0.6250510215759277
vt 0.8746910095214844 0.542730987071991
vt 0.8875470161437988 0.5484849810600281
vt 0.9257209897041321 0.5490919947624207
vt 0.17886799573898315 0.43004900217056274
vt 0.1663990020751953 0.440140962600708
vt 0.15326599776744843 0.45095503330230713
vt 0.19089600443840027 0.42072904109954834
vt 0.13894300162792206 0.4623450040817261
vt 0.12295500189065933 0.47408103942871094
vt 0.20235900580883026 0.41217195987701416
vt 0.10526599735021591 0.48521900177001953
vt 0.19865700602531433 0.6298900246620178
vt 0.964709997177124 0.5502139925956726
vt 0.21178799867630005 0.6256099939346313
vt 0.22468499839305878 0.6218469738960266
vt 0.2370550036430359 0.6196309924125671
vt 0.7405329942703247 0.7414839863777161
vt 0.07780999690294266 0.5951930284500122
vt 0.7499330043792725 0.7335489988327026
vt 0.09399499744176865 0.5828800201416016
vt 0.9505419731140137 0.5542100071907043
vt 0.7645959854125977 0.08759099245071411
vt 0.7803040146827698 0.09081000089645386
vt 0.7489370107650757 0.08415001630783081
vt 0.7356989979743958 0.081138014793396
vt 0.796006977558136 0.09392702579498291
vt 0.7252640128135681 0.07857000827789307
vt 0.8116229772567749 0.0970039963722229
vt 0.7104489803314209 0.074878990650177
vt 0.8270940184593201 0.10008299350738525
vt 0.684535026550293 0.08194202184677124
vt 0.6689929962158203 0.07798200845718384
vt 0.8424959778785706 0.1032940149307251
vt 0.652646005153656 0.07327401638031006
vt 0.8465250134468079 0.65550297498703
vt 0.8578799962997437 0.10658597946166992
vt 0.726502001285553 0.46414101123809814
vt 0.8732200264930725 0.11003398895263672
vt 0.8338660001754761 0.6485540270805359
vt 0.07993199676275253 0.4562159776687622
vt 0.7463939785957336 0.47749900817871094
vt 0.8217170238494873 0.6412540078163147
vt 0.6257910132408142 0.4555419683456421
vt 0.9254410266876221 0.26178503036499023
vt 0.6551679968833923 0.41909003257751465
vt 0.642100989818573 0.4235230088233948
vt 0.8811169862747192 0.3162440061569214
vt 0.8773900270462036 0.32819700241088867
vt 0.8741819858551025 0.34004104137420654
vt 0.8852400183677673 0.30415797233581543
vt 0.8896350264549255 0.29198503494262695
vt 0.8717880249023438 0.3527179956436157
vt 0.4603100121021271 0.3386800289154053
vt 0.8646990060806274 0.36474698781967163
vt 0.8941569924354553 0.2796260118484497
vt 0.4486219882965088 0.33715999126434326
vt 0.43735799193382263 0.3353070020675659
vt 0.4265750050544739 0.33337104320526123
vt 0.416238009929657 0.3313720226287842
vt 0.40628498792648315 0.32940196990966797
vt 0.3966279923915863 0.327286958694458
vt 0.6568830013275146 0.40597403049468994
vt 0.6710960268974304 0.3871909976005554
vt 0.8099049925804138 0.6333640217781067
vt 0.3251279890537262 0.3618600368499756
vt 0.29986199736595154 0.36994802951812744
vt 0.38725700974464417 0.32508599758148193
vt 0.24526099860668182 0.39549195766448975
vt 0.2354079931974411 0.4021979570388794
vt 0.22526200115680695 0.40946298837661743
vt 0.25484800338745117 0.38922297954559326
vt 0.2642830014228821 0.3831859827041626
vt 0.11496300250291824 0.6142140030860901
vt 0.8992000222206116 0.557673990726471
vt 0.9123960137367249 0.5535420179367065
vt 0.9364280104637146 0.5576059818267822
vt 0.21342499554157257 0.40435898303985596
vt 0.6956449747085571 0.07107400894165039
vt 0.740369975566864 0.4650750160217285
vt 0.0025790000800043344 0.40914297103881836
vt 0.8085430264472961 0.5756099820137024
vt 0.020640000700950623 0.41596001386642456
vt 0.8145899772644043 0.5877280235290527
vt 0.038777001202106476 0.4229699969291687
vt 0.05747099965810776 0.4300910234451294
vt 0.8024150133132935 0.5634769797325134
vt 0.7962260246276855 0.5513870120048523
vt 0.7901120185852051 0.5392810106277466
vt 0.07649599760770798 0.43695902824401855
vt 0.7840970158576965 0.5271779894828796
vt 0.0932300016283989 0.4617680311203003
vt 0.7781260013580322 0.5150449872016907
vt 0.7721930146217346 0.5028889775276184
vt 0.766219973564148 0.49069398641586304
vt 0.7602409720420837 0.4784489870071411
vt 0.627780020236969 0.44197797775268555
vt 0.9307060241699219 0.2490140199661255
vt 0.912319004535675 0.26448601484298706
vt 0.42119500041007996 0.7307389974594116
vt 0.6290990114212036 0.42838096618652344
vt 0.8990470170974731 0.26697999238967896
vt 0.6583439707756042 0.3927620053291321
vt 0.33278700709342957 0.35531699657440186
vt 0.30803799629211426 0.36403703689575195
vt 0.3159469962120056 0.35802000761032104
vt 0.34941399097442627 0.35072803497314453
vt 0.35686999559402466 0.3437260389328003
vt 0.3641749918460846 0.33691203594207764
vt 0.27340400218963623 0.3773050308227539
vt 0.2820720076560974 0.371487021446228
vt 0.29058900475502014 0.3657039999961853
vt 0.3712629973888397 0.329941987991333
vt 0.37808701395988464 0.32267796993255615
vt 0.09588900208473206 0.6042370200157166
vt 0.133201003074646 0.6464840173721313
vt 0.8747779726982117 0.5556110143661499
vt 0.11397899687290192 0.6365020275115967
vt 0.8862559795379639 0.5628589987754822
vt 0.9230610132217407 0.562371015548706
vt 0.16493399441242218 0.42446303367614746
vt 0.17775499820709229 0.41527998447418213
vt 0.15185000002384186 0.43450701236724854
vt 0.13819700479507446 0.44513702392578125
vt 0.18981599807739258 0.40671300888061523
vt 0.12379699945449829 0.4563870429992676
vt 0.10654299706220627 0.46696001291275024
vt 0.20126700401306152 0.39883196353912354
vt 0.19684599339962006 0.6434879899024963
vt 0.9621409773826599 0.563605010509491
vt 0.21000200510025024 0.6387569904327393
vt 0.9753559827804565 0.5596290230751038
vt 0.2228260040283203 0.6347129940986633
vt 0.23475399613380432 0.6315010190010071
vt 0.08038599789142609 0.6142240166664124
vt 0.24478299915790558 0.6297280192375183
vt 0.7524769902229309 0.7461599707603455
vt 0.947655975818634 0.5671330094337463
vt 0.7748219966888428 0.07569199800491333
vt 0.7583100199699402 0.07223600149154663
vt 0.7909470200538635 0.07887202501296997
vt 0.7402430176734924 0.06820100545883179
vt 0.8067409992218018 0.08197897672653198
vt 0.7221599817276001 0.06373399496078491
vt 0.822272002696991 0.08501499891281128
vt 0.706807017326355 0.060099005699157715
vt 0.8377649784088135 0.08818298578262329
vt 0.6807479858398438 0.06724900007247925
vt 0.6654890179634094 0.06288301944732666
vt 0.8532189726829529 0.09146100282669067
vt 0.649823009967804 0.05731201171875
vt 0.8462640047073364 0.64205002784729
vt 0.7204089760780334 0.4516099691390991
vt 0.868690013885498 0.0948839783668518
vt 0.7343819737434387 0.45259296894073486
vt 0.834073007106781 0.6348009705543518
vt 0.09351900219917297 0.44365596771240234
vt 0.7542999982833862 0.4661340117454529
vt 0.671438992023468 0.373371958732605
vt 0.8224009871482849 0.6270020008087158
vt 0.6158030033111572 0.4481239914894104
vt 0.9174100160598755 0.25178098678588867
vt 0.6438480019569397 0.41061699390411377
vt 0.4176560044288635 0.7176039814949036
vt 0.6308320164680481 0.414950966835022
vt 0.8719980120658875 0.3063510060310364
vt 0.8679630160331726 0.3185720443725586
vt 0.8644930124282837 0.33066797256469727
vt 0.4744270145893097 0.3232079744338989
vt 0.8620569705963135 0.34239500761032104
vt 0.8763049840927124 0.2940399646759033
vt 0.8809490203857422 0.2817729711532593
vt 0.46696001291275024 0.33052003383636475
vt 0.8621919751167297 0.3536750078201294
vt 0.45568299293518066 0.3283129930496216
vt 0.8857300281524658 0.2692450284957886
vt 0.44449999928474426 0.3265420198440552
vt 0.4335789978504181 0.32483696937561035
vt 0.4230540096759796 0.3231779932975769
vt 0.4128899872303009 0.3215399980545044
vt 0.40297600626945496 0.3198690414428711
vt 0.39339300990104675 0.31793999671936035
vt 0.4221009910106659 0.6946319937705994
vt 0.6453949809074402 0.3978140354156494
vt 0.6591619849205017 0.37939900159835815
vt 0.3236739933490753 0.35182297229766846
vt 0.3403570055961609 0.34841299057006836
vt 0.29887399077415466 0.3599269986152649
vt 0.3844650089740753 0.3153809905052185
vt 0.23437699675559998 0.39035797119140625
vt 0.24451999366283417 0.3842009902000427
vt 0.22393999993801117 0.3970140218734741
vt 0.25436899065971375 0.3783720135688782
vt 0.26383599638938904 0.37265002727508545
vt 0.09512700140476227 0.6261569857597351
vt 0.8975399732589722 0.5717599987983704
vt 0.9103839993476868 0.5670089721679688
vt 0.9335389733314514 0.5712249875068665
vt 0.21230800449848175 0.3915190100669861
vt 0.691972017288208 0.056416988372802734
vt 0.748320996761322 0.4537149667739868
vt 0.018024999648332596 0.3968850374221802
vt 0.8223279714584351 0.5767300128936768
vt 0 0.3896980285644531
vt 0.8162180185317993 0.5644789934158325
vt 0.03591899946331978 0.4039640426635742
vt 0.05376699939370155 0.411234974861145
vt 0.07287599891424179 0.41842198371887207
vt 0.8100749850273132 0.5522580146789551
vt 0.8039649724960327 0.5400500297546387
vt 0.7979490160942078 0.5278869867324829
vt 0.09133700281381607 0.42559701204299927
vt 0.7919700145721436 0.5157359838485718
vt 0.10862100124359131 0.4498380422592163
vt 0.7860249876976013 0.5036150217056274
vt 0.7800289988517761 0.4914860129356384
vt 0.7740370035171509 0.4793429970741272
vt 0.768123984336853 0.46717900037765503
vt 0.41047999262809753 0.7397760152816772
vt 0.6165949702262878 0.43466198444366455
vt 0.9228709936141968 0.23930597305297852
vt 0.9040700197219849 0.2541940212249756
vt 0.4074310064315796 0.7268720269203186
vt 0.890658974647522 0.2565619945526123
vt 0.4146609902381897 0.6826210021972656
vt 0.646763026714325 0.384893000125885
vt 0.33122900128364563 0.3454049825668335
vt 0.3068639934062958 0.3540869951248169
vt 0.31464698910713196 0.3481929898262024
vt 0.3477410078048706 0.34144604206085205
vt 0.35494598746299744 0.33456099033355713
vt 0.361939013004303 0.32767295837402344
vt 0.2728559970855713 0.36701101064682007
vt 0.2814269959926605 0.36139702796936035
vt 0.2897610068321228 0.3557429909706116
vt 0.36877700686454773 0.3204370141029358
vt 0.37543201446533203 0.31288397312164307
vt 0.1126440018415451 0.6570730209350586
vt 0.1316079944372177 0.6672449707984924
vt 0.8733450174331665 0.5683450102806091
vt 0.09297899901866913 0.6472259759902954
vt 0.8842939734458923 0.576291024684906
vt 0.9206950068473816 0.576088011264801
vt 0.1507059931755066 0.4184330105781555
vt 0.163673996925354 0.4091169834136963
vt 0.176705002784729 0.4007589817047119
vt 0.13743500411510468 0.42843198776245117
vt 0.12343999743461609 0.43891704082489014
vt 0.18926000595092773 0.39305299520492554
vt 0.20050300657749176 0.38568997383117676
vt 0.20851199328899384 0.6517999768257141
vt 0.9719750285148621 0.5739099979400635
vt 0.9582669734954834 0.576574981212616
vt 0.2220029979944229 0.6478930115699768
vt 0.07238399982452393 0.6374040246009827
vt 0.23586000502109528 0.6434339880943298
vt 0.9447270035743713 0.5801169872283936
vt 0.769333004951477 0.06038999557495117
vt 0.7858560085296631 0.06371897459030151
vt 0.7517420053482056 0.057009994983673096
vt 0.8018810153007507 0.06691700220108032
vt 0.7343530058860779 0.05304598808288574
vt 0.817451000213623 0.06993997097015381
vt 0.7182689905166626 0.04893302917480469
vt 0.8328830003738403 0.07295602560043335
vt 0.702888011932373 0.0451350212097168
vt 0.848376989364624 0.07615196704864502
vt 0.677685022354126 0.05259901285171509
vt 0.663474977016449 0.047904014587402344
vt 0.714152991771698 0.4389500021934509
vt 0.863893985748291 0.07954597473144531
vt 0.6484220027923584 0.04101097583770752
vt 0.8464990258216858 0.6285139918327332
vt 0.7282869815826416 0.4399679899215698
vt 0.7424420118331909 0.44120895862579346
vt 0.8349140286445618 0.6208099722862244
vt 0.10847199708223343 0.4323509931564331
vt 0.7622169852256775 0.45493602752685547
vt 0.4109460115432739 0.6596059799194336
vt 0.6594460010528564 0.3658260107040405
vt 0.8238490223884583 0.6126539707183838
vt 0.9091560244560242 0.24141401052474976
vt 0.41345399618148804 0.7055780291557312
vt 0.632411003112793 0.4023669958114624
vt 0.40333500504493713 0.7141590118408203
vt 0.8584070205688477 0.3088189959526062
vt 0.8628699779510498 0.2962470054626465
vt 0.4805870056152344 0.3031250238418579
vt 0.854390025138855 0.32163000106811523
vt 0.4716140031814575 0.31144100427627563
vt 0.8515880107879639 0.33458101749420166
vt 0.4632419943809509 0.3197460174560547
vt 0.8674399852752686 0.2836580276489258
vt 0.8723520040512085 0.27118897438049316
vt 0.45177599787712097 0.3176920413970947
vt 0.8773769736289978 0.2586359977722168
vt 0.44058001041412354 0.31613898277282715
vt 0.42983999848365784 0.3147050142288208
vt 0.41940200328826904 0.31339800357818604
vt 0.40918999910354614 0.31216001510620117
vt 0.3989900052547455 0.3109619617462158
vt 0.38919898867607117 0.3095400333404541
vt 0.4082919955253601 0.6949229836463928
vt 0.6340929865837097 0.3902139663696289
vt 0.4064219892024994 0.6722180247306824
vt 0.6474720239639282 0.3717229962348938
vt 0.3222169876098633 0.34208399057388306
vt 0.33860599994659424 0.33877700567245483
vt 0.29787901043891907 0.3501180410385132
vt 0.38285699486732483 0.30358099937438965
vt 0.23376600444316864 0.37875598669052124
vt 0.22311200201511383 0.3848229646682739
vt 0.24435900151729584 0.3732590079307556
vt 0.25423699617385864 0.3678010106086731
vt 0.26350799202919006 0.36233198642730713
vt 0.8955950140953064 0.584941029548645
vt 0.9085069894790649 0.5812860131263733
vt 0.9312739968299866 0.5848820209503174
vt 0.211434006690979 0.3787989616394043
vt 0.688135027885437 0.04167497158050537
vt 0.7563220262527466 0.44255101680755615
vt 0.03345299884676933 0.3852280378341675
vt 0.015652000904083252 0.37783098220825195
vt 0.8300189971923828 0.5656409859657288
vt 0.823889970779419 0.5532559752464294
vt 0.0507269985973835 0.3924880027770996
vt 0.06883999705314636 0.39973801374435425
vt 0.08774399757385254 0.4074130058288574
vt 0.8177689909934998 0.5409349799156189
vt 0.8117300271987915 0.5286710262298584
vt 0.805715024471283 0.5164740085601807
vt 0.10676000267267227 0.4151110053062439
vt 0.7997990250587463 0.5043119788169861
vt 0.7938299775123596 0.49222999811172485
vt 0.7878289818763733 0.4801819920539856
vt 0.7819219827651978 0.4681769609451294
vt 0.7759770154953003 0.4561220407485962
vt 0.3973740041255951 0.7362210154533386
vt 0.9140669703483582 0.22881001234054565
vt 0.8956949710845947 0.24368298053741455
vt 0.3934909999370575 0.7233719825744629
vt 0.9185130000114441 0.21596300601959229
vt 0.882411003112793 0.2458840012550354
vt 0.4011940062046051 0.6846230030059814
vt 0.3295440077781677 0.335798978805542
vt 0.3056980073451996 0.34439802169799805
vt 0.31332701444625854 0.338595986366272
vt 0.34576600790023804 0.33205801248550415
vt 0.3526900112628937 0.3252689838409424
vt 0.35940998792648315 0.31824302673339844
vt 0.27233099937438965 0.35687100887298584
vt 0.280784010887146 0.3514360189437866
vt 0.2889530062675476 0.3460010290145874
vt 0.36595600843429565 0.3108850121498108
vt 0.3725079894065857 0.30281001329421997
vt 0.09282399713993073 0.6671249866485596
vt 0.11152400076389313 0.6773350238800049
vt 0.13028700649738312 0.6870989799499512
vt 0.8714020252227783 0.5808449983596802
vt 0.0738610029220581 0.6575859785079956
vt 0.2343049943447113 0.6570889949798584
vt 0.882203996181488 0.5889899730682373
vt 0.9191960096359253 0.590071976184845
vt 0.1490979939699173 0.4025779962539673
vt 0.13619999587535858 0.4120810031890869
vt 0.16097299754619598 0.3933590054512024
vt 0.17781299352645874 0.38747501373291016
vt 0.12261199951171875 0.4220470190048218
vt 0.18902699649333954 0.37980902194976807
vt 0.19999000430107117 0.37274396419525146
vt 0.21996599435806274 0.6607900261878967
vt 0.2065809965133667 0.6646069884300232
vt 0.9685009717941284 0.5863320231437683
vt 0.9553380012512207 0.5893459916114807
vt 0.9427570104598999 0.5932019948959351
vt 0.7812719941139221 0.04831498861312866
vt 0.7650439739227295 0.04432499408721924
vt 0.7970659732818604 0.05172300338745117
vt 0.7454259991645813 0.04250901937484741
vt 0.8126590251922607 0.05480998754501343
vt 0.7294570207595825 0.03803098201751709
vt 0.8280010223388672 0.05781000852584839
vt 0.7138209939002991 0.03377300500869751
vt 0.843330979347229 0.06080502271652222
vt 0.6983349919319153 0.030128002166748047
vt 0.7076879739761353 0.42619597911834717
vt 0.8588889837265015 0.06401503086090088
vt 0.6754680275917053 0.03809702396392822
vt 0.6628130078315735 0.03301501274108887
vt 0.7219240069389343 0.42716896533966064
vt 0.6486210227012634 0.024528026580810547
vt 0.8474159836769104 0.6149330139160156
vt 0.7365779876708984 0.42851001024246216
vt 0.7507920265197754 0.43006396293640137
vt 0.40023601055145264 0.6494659781455994
vt 0.8365300297737122 0.6067100167274475
vt 0.7700819969177246 0.44397300481796265
vt 0.3970479965209961 0.6622729897499084
vt 0.8259289860725403 0.5984500050544739
vt 0.9003620147705078 0.23089098930358887
vt 0.3996660113334656 0.7056789994239807
vt 0.3891420066356659 0.7101060152053833
vt 0.8491899967193604 0.29861199855804443
vt 0.47604501247406006 0.2893550395965576
vt 0.8445900082588196 0.3118150234222412
vt 0.8538299798965454 0.28563499450683594
vt 0.4679979979991913 0.299502968788147
vt 0.8407469987869263 0.32526397705078125
vt 0.4596019983291626 0.30878299474716187
vt 0.8588299751281738 0.2728630304336548
vt 0.8640580177307129 0.26022303104400635
vt 0.4478690028190613 0.3071039915084839
vt 0.8694300055503845 0.24769598245620728
vt 0.4367089867591858 0.30588197708129883
vt 0.4259519875049591 0.3048410415649414
vt 0.41538798809051514 0.30396902561187744
vt 0.40494900941848755 0.30323803424835205
vt 0.3944990038871765 0.3027080297470093
vt 0.3958370089530945 0.6971240043640137
vt 0.39282798767089844 0.6746559739112854
vt 0.32064899802207947 0.33264195919036865
vt 0.3366270065307617 0.32935798168182373
vt 0.2969219982624054 0.3405359983444214
vt 0.3789620101451874 0.29402899742126465
vt 0.2338470071554184 0.36767303943634033
vt 0.22229300439357758 0.37271201610565186
vt 0.24479499459266663 0.3627970218658447
vt 0.25432899594306946 0.3575630187988281
vt 0.26326900720596313 0.3522390127182007
vt 0.8930850028991699 0.5974810123443604
vt 0.906449019908905 0.5937989950180054
vt 0.9315069913864136 0.5981259942054749
vt 0.1694750040769577 0.3832949995994568
vt 0.21046200394630432 0.3661249876022339
vt 0.6820110082626343 0.02641397714614868
vt 0.7644670009613037 0.4317370057106018
vt 0.04865799844264984 0.37405502796173096
vt 0.031543999910354614 0.36657100915908813
vt 0.013737999834120274 0.35878896713256836
vt 0.837689995765686 0.5544700026512146
vt 0.8314419984817505 0.5419610142707825
vt 0.06549099832773209 0.3813140392303467
vt 0.08239900320768356 0.38858604431152344
vt 0.10264500230550766 0.39730703830718994
vt 0.82538902759552 0.5295569896697998
vt 0.8193889856338501 0.5172479748725891
vt 0.8135160207748413 0.5050389766693115
vt 0.12122499942779541 0.4054449796676636
vt 0.8075979948043823 0.49293696880340576
vt 0.8016660213470459 0.48093903064727783
vt 0.7957010269165039 0.4690430164337158
vt 0.7896639704704285 0.45716702938079834
vt 0.7837269902229309 0.44528400897979736
vt 0.9044370055198669 0.21804898977279663
vt 0.8871449828147888 0.23304402828216553
vt 0.37906500697135925 0.7196019887924194
vt 0.9081439971923828 0.20486700534820557
vt 0.874688982963562 0.23502397537231445
vt 0.38969099521636963 0.2942039966583252
vt 0.3882310092449188 0.6867290139198303
vt 0.3276839852333069 0.3265269994735718
vt 0.30461299419403076 0.33498597145080566
vt 0.3120099902153015 0.329321026802063
vt 0.34347400069236755 0.322782039642334
vt 0.3501319885253906 0.3160319924354553
vt 0.35650599002838135 0.3089909553527832
vt 0.2718529999256134 0.3469730019569397
vt 0.28020599484443665 0.34174901247024536
vt 0.2882480025291443 0.33648598194122314
vt 0.36270299553871155 0.3015010356903076
vt 0.36865100264549255 0.2934379577636719
vt 0.09179499745368958 0.6876479983329773
vt 0.07305499911308289 0.6753749847412109
vt 0.2310120016336441 0.6693329811096191
vt 0.11121100187301636 0.6973260045051575
vt 0.12989699840545654 0.7064290046691895
vt 0.8689259886741638 0.5931580066680908
vt 0.8792399764060974 0.6014869809150696
vt 0.9184970259666443 0.602620005607605
vt 0.13462600111961365 0.3959749937057495
vt 0.1467590034008026 0.3866400122642517
vt 0.15737499296665192 0.37738901376724243
vt 0.17824800312519073 0.3742309808731079
vt 0.18886999785900116 0.36655300855636597
vt 0.19936500489711761 0.3596370220184326
vt 0.21719799935817719 0.6732349991798401
vt 0.9785540103912354 0.5957469940185547
vt 0.9652379751205444 0.598501980304718
vt 0.9523680210113525 0.6017709970474243
vt 0.9413719773292542 0.6066889762878418
vt 0.31806400418281555 0.5641819834709167
vt 0.7781999707221985 0.03227102756500244
vt 0.31078699231147766 0.5534859895706177
vt 0.792851984500885 0.036611974239349365
vt 0.33459699153900146 0.5710830092430115
vt 0.7554000020027161 0.03350698947906494
vt 0.30357301235198975 0.5423970222473145
vt 0.8079410195350647 0.039792001247406006
vt 0.3437289893627167 0.580482006072998
vt 0.7405319809913635 0.02743399143218994
vt 0.2966580092906952 0.5309990048408508
vt 0.8230720162391663 0.04268598556518555
vt 0.35315999388694763 0.5896099805831909
vt 0.7249490022659302 0.022144973278045654
vt 0.28995901346206665 0.5193700194358826
vt 0.8382120132446289 0.04556399583816528
vt 0.3626739978790283 0.5991650223731995
vt 0.7089139819145203 0.01779097318649292
vt 0.28331100940704346 0.5075870156288147
vt 0.7008699774742126 0.4135029911994934
vt 0.8534129858016968 0.048484981060028076
vt 0.37201300263404846 0.6099240183830261
vt 0.6922370195388794 0.014665007591247559
vt 0.7149760127067566 0.4143419861793518
vt 0.6630799770355225 0.017799019813537598
vt 0.7304459810256958 0.41566699743270874
vt 0.38865700364112854 0.6401609778404236
vt 0.6511589884757996 0.007700026035308838
vt 0.8495519757270813 0.60104900598526
vt 0.7454699873924255 0.41739702224731445
vt 0.759103000164032 0.4192270040512085
vt 0.38651400804519653 0.6533089876174927
vt 0.8390340209007263 0.5923720002174377
vt 0.7779660224914551 0.4333530068397522
vt 0.38307398557662964 0.6658329963684082
vt 0.8908699750900269 0.22035300731658936
vt 0.374889999628067 0.7062199711799622
vt 0.9118180274963379 0.19108599424362183
vt 0.526419997215271 0.015109002590179443
vt 0.8401049971580505 0.2878299951553345
vt 0.47090500593185425 0.2774530053138733
vt 0.5314019918441772 0
vt 0.835237979888916 0.30142098665237427
vt 0.4632039964199066 0.28792595863342285
vt 0.5220649838447571 0.029824018478393555
vt 0.8452010154724121 0.27457600831985474
vt 0.45552200078964233 0.2977449893951416
vt 0.5180839896202087 0.044088006019592285
vt 0.8506489992141724 0.2616230249404907
vt 0.5144609808921814 0.057991981506347656
vt 0.8563910126686096 0.24895000457763672
vt 0.44377899169921875 0.296642005443573
vt 0.5110480189323425 0.0715780258178711
vt 0.8623600006103516 0.23650097846984863
vt 0.4325850009918213 0.2958899736404419
vt 0.42168599367141724 0.29523199796676636
vt 0.4109930098056793 0.2947089672088623
vt 0.4003640115261078 0.2943739891052246
vt 0.3838370144367218 0.6986209750175476
vt 0.37948399782180786 0.6777690052986145
vt 0.3190160095691681 0.3235529661178589
vt 0.33447200059890747 0.32024097442626953
vt 0.2960669994354248 0.33119601011276245
vt 0.3847920000553131 0.2852599620819092
vt 0.37419000267982483 0.2851029634475708
vt 0.22035600244998932 0.3601210117340088
vt 0.23645499348640442 0.35821104049682617
vt 0.24537399411201477 0.3527759909629822
vt 0.2544269859790802 0.3475719690322876
vt 0.2631010115146637 0.3424609899520874
vt 0.8898090124130249 0.6101589798927307
vt 0.9052119851112366 0.605800986289978
vt 0.9302560091018677 0.6118450164794922
vt 0.16746599972248077 0.3685460090637207
vt 0.2093989998102188 0.35318195819854736
vt 0.32431599497795105 0.5743340253829956
vt 0.7655439972877502 0.025478005409240723
vt 0.38074401021003723 0.6201320290565491
vt 0.6764810085296631 0.01384800672531128
vt 0.7725070118904114 0.4211609959602356
vt 0.06328299641609192 0.36336398124694824
vt 0.04697199910879135 0.35607004165649414
vt 0.029610000550746918 0.3482869863510132
vt 0.012016000226140022 0.33990299701690674
vt 0.8451189994812012 0.5432360172271729
vt 0.8389580249786377 0.5306360125541687
vt 0.07926800101995468 0.370618999004364
vt 0.09438300132751465 0.3774999976158142
vt 0.12064599990844727 0.3893740177154541
vt 0.8328999876976013 0.5181469917297363
vt 0.827019989490509 0.5058159828186035
vt 0.8211669921875 0.49360203742980957
vt 0.8153939843177795 0.48159003257751465
vt 0.8094220161437988 0.4697309732437134
vt 0.8034409880638123 0.45799803733825684
vt 0.7973420023918152 0.4463779926300049
vt 0.7914379835128784 0.4347839951515198
vt 0.8942679762840271 0.20734798908233643
vt 0.8767520189285278 0.222694993019104
vt 0.36492401361465454 0.7154309749603271
vt 0.8982729911804199 0.19400501251220703
vt 0.5069640278816223 0.08502399921417236
vt 0.8690109848976135 0.224107027053833
vt 0.3953999876976013 0.2854410409927368
vt 0.37578099966049194 0.6903510093688965
vt 0.32579800486564636 0.31760698556900024
vt 0.30347999930381775 0.32579100131988525
vt 0.31060901284217834 0.320376992225647
vt 0.3410089910030365 0.31379401683807373
vt 0.34727001190185547 0.3070570230484009
vt 0.35325801372528076 0.2999889850616455
vt 0.2715260088443756 0.33737099170684814
vt 0.27970901131629944 0.332273006439209
vt 0.2876479923725128 0.32721102237701416
vt 0.3589310050010681 0.2925260066986084
vt 0.3642210066318512 0.28468096256256104
vt 0.22881899774074554 0.35395896434783936
vt 0.07196599990129471 0.6908259987831116
vt 0.22841399908065796 0.681086003780365
vt 0.09370400011539459 0.7075250148773193
vt 0.11148300021886826 0.7173190116882324
vt 0.13046599924564362 0.7261229753494263
vt 0.8657600283622742 0.6052770018577576
vt 0.8755350112915039 0.6138719916343689
vt 0.9158989787101746 0.614995002746582
vt 0.1333550065755844 0.38017404079437256
vt 0.1449590027332306 0.37116503715515137
vt 0.15589399635791779 0.36254096031188965
vt 0.1779160052537918 0.3605250120162964
vt 0.18845300376415253 0.3532249927520752
vt 0.19880199432373047 0.34630900621414185
vt 0.21460400521755219 0.6860209703445435
vt 0.9744250178337097 0.6082339882850647
vt 0.9610289931297302 0.6101970076560974
vt 0.9495840072631836 0.6152039766311646
vt 0.9387850165367126 0.6211349964141846
vt 0.3047739863395691 0.565563976764679
vt 0.31215500831604004 0.5760089755058289
vt 0.2971160113811493 0.5544760227203369
vt 0.33216598629951477 0.5840839743614197
vt 0.2898690104484558 0.5430560111999512
vt 0.3409470021724701 0.5937100052833557
vt 0.7364439964294434 0.011205971240997314
vt 0.28286999464035034 0.5315290093421936
vt 0.35001999139785767 0.6031090021133423
vt 0.7199950218200684 0.005595028400421143
vt 0.27612999081611633 0.5198889970779419
vt 0.3592289984226227 0.6128889918327332
vt 0.7019780278205872 0.001118004322052002
vt 0.269555002450943 0.5082719922065735
vt 0.7074599862098694 0.40140700340270996
vt 0.3684079945087433 0.6228010058403015
vt 0.6840909719467163 0
vt 0.7210699915885925 0.4023929834365845
vt 0.3780120015144348 0.6322879791259766
vt 0.6665239930152893 0.0019950270652770996
vt 0.7412189841270447 0.4046900272369385
vt 0.3758249878883362 0.6449329853057861
vt 0.7544090151786804 0.40664196014404297
vt 0.7675610184669495 0.4086729884147644
vt 0.37288299202919006 0.6572849750518799
vt 0.10855600237846375 0.3838160037994385
vt 0.7857900261878967 0.4230990409851074
vt 0.3695180118083954 0.6696450114250183
vt 0.8801699876785278 0.21018701791763306
vt 0.3635149896144867 0.6979550123214722
vt 0.9063349962234497 0.17805200815200806
vt 0.4718010127544403 0.2538219690322876
vt 0.5365359783172607 0.026787996292114258
vt 0.4651950001716614 0.2656899690628052
vt 0.5415310263633728 0.011717021465301514
vt 0.4580549895763397 0.2766759991645813
vt 0.4508959949016571 0.28693801164627075
vt 0.5318830013275146 0.04102802276611328
vt 0.5276839733123779 0.05479001998901367
vt 0.5235739946365356 0.06836998462677002
vt 0.43918099999427795 0.28634798526763916
vt 0.5188770294189453 0.08184999227523804
vt 0.427964985370636 0.2859879732131958
vt 0.4168899953365326 0.28580403327941895
vt 0.4061180055141449 0.28564900159835815
vt 0.36628299951553345 0.6822149753570557
vt 0.31731000542640686 0.31480300426483154
vt 0.3322480022907257 0.31147897243499756
vt 0.29530200362205505 0.32211196422576904
vt 0.3899799883365631 0.27653002738952637
vt 0.37928900122642517 0.27658700942993164
vt 0.36910098791122437 0.2765690088272095
vt 0.21894200146198273 0.34766602516174316
vt 0.23681700229644775 0.3481459617614746
vt 0.2456829994916916 0.34291303157806396
vt 0.2544249892234802 0.3378570079803467
vt 0.2629460096359253 0.3328999876976013
vt 0.07657100260257721 0.6983019709587097
vt 0.8855879902839661 0.6226630210876465
vt 0.900538980960846 0.6185179948806763
vt 0.9266200065612793 0.6251389980316162
vt 0.16669100522994995 0.3544960021972656
vt 0.20880700647830963 0.33905601501464844
vt 0.3199769854545593 0.5871559977531433
vt 0.731158971786499 0.40355801582336426
vt 0.7806270122528076 0.41098201274871826
vt 0.06196900084614754 0.34576404094696045
vt 0.07761500030755997 0.35326898097991943
vt 0.04537000134587288 0.3382749557495117
vt 0.028025999665260315 0.3301889896392822
vt 0.010534999892115593 0.320904016494751
vt 0.852325975894928 0.5317590236663818
vt 0.846314013004303 0.5191320180892944
vt 0.09261699765920639 0.3605300188064575
vt 0.10686600208282471 0.36737799644470215
vt 0.12014299631118774 0.37381696701049805
vt 0.8404589891433716 0.5066149830818176
vt 0.8346289992332458 0.4943549633026123
vt 0.8288040161132812 0.4822579622268677
vt 0.8228939771652222 0.4703400135040283
vt 0.8170279860496521 0.4585670232772827
vt 0.8109980225563049 0.44704800844192505
vt 0.8049439787864685 0.435712993144989
vt 0.7989869713783264 0.4245859980583191
vt 0.8840749859809875 0.1970139741897583
vt 0.5126060247421265 0.09509199857711792
vt 0.8643789887428284 0.21332800388336182
vt 0.8891100287437439 0.18377798795700073
vt 0.40073299407958984 0.27657997608184814
vt 0.32382699847221375 0.30901098251342773
vt 0.30261901021003723 0.31703197956085205
vt 0.3094260096549988 0.31174802780151367
vt 0.3384239971637726 0.30514198541641235
vt 0.3442879915237427 0.29846298694610596
vt 0.3497909903526306 0.29143500328063965
vt 0.2713089883327484 0.3279399871826172
vt 0.2793459892272949 0.3230400085449219
vt 0.2871589958667755 0.3181929588317871
vt 0.3548640012741089 0.2841019630432129
vt 0.3595089912414551 0.2764829993247986
vt 0.22801700234413147 0.3433690071105957
vt 0.06307099759578705 0.7057300209999084
vt 0.22483700513839722 0.6941810250282288
vt 0.09339799731969833 0.7282580137252808
vt 0.07644999772310257 0.7165740132331848
vt 0.11206799745559692 0.7384499907493591
vt 0.13186700642108917 0.7473629713058472
vt 0.862151026725769 0.6175339818000793
vt 0.8715459704399109 0.6265609860420227
vt 0.9115399718284607 0.6274740099906921
vt 0.1322229951620102 0.364766001701355
vt 0.14385700225830078 0.35621702671051025
vt 0.15521599352359772 0.34823501110076904
vt 0.17747299373149872 0.3470109701156616
vt 0.18813300132751465 0.3398749828338623
vt 0.19862599670886993 0.33299195766448975
vt 0.2137649953365326 0.6985700130462646
vt 0.9687169790267944 0.619612991809845
vt 0.9556009769439697 0.6214669942855835
vt 0.9496260285377502 0.6321439743041992
vt 0.9350039958953857 0.6347690224647522
vt 0.29085901379585266 0.5669950246810913
vt 0.2985439896583557 0.5783470273017883
vt 0.3066740036010742 0.589667022228241
vt 0.2833369970321655 0.5554959774017334
vt 0.3285680115222931 0.5972869992256165
vt 0.2761619985103607 0.5438290238380432
vt 0.33751600980758667 0.6070700287818909
vt 0.2691580057144165 0.5322809815406799
vt 0.3466610014438629 0.6167250275611877
vt 0.2623560130596161 0.5206930041313171
vt 0.7008090019226074 0.3886380195617676
vt 0.35592299699783325 0.626350998878479
vt 0.7138739824295044 0.38939499855041504
vt 0.3655039966106415 0.6359429955482483
vt 0.7262030243873596 0.3906170129776001
vt 0.750298023223877 0.39407801628112793
vt 0.7379480004310608 0.39212900400161743
vt 0.36274200677871704 0.6486009955406189
vt 0.7631000280380249 0.39631497859954834
vt 0.7767599821090698 0.39811503887176514
vt 0.35975000262260437 0.6611469984054565
vt 0.793379008769989 0.41367900371551514
vt 0.356564998626709 0.6738219857215881
vt 0.5050449967384338 0.1057940125465393
vt 0.8700799942016602 0.20059502124786377
vt 0.35161900520324707 0.6991069912910461
vt 0.8952620029449463 0.1728839874267578
vt 0.4641120135784149 0.24174296855926514
vt 0.5459290146827698 0.03835499286651611
vt 0.45869600772857666 0.25414401292800903
vt 0.5511459708213806 0.02419102191925049
vt 0.4522959887981415 0.26565998792648315
vt 0.44582700729370117 0.27630698680877686
vt 0.5410569906234741 0.052204012870788574
vt 0.5364720225334167 0.06559699773788452
vt 0.5317419767379761 0.07898098230361938
vt 0.4341430068016052 0.27625203132629395
vt 0.5264649987220764 0.09257102012634277
vt 0.42274001240730286 0.2762880325317383
vt 0.41165900230407715 0.27645599842071533
vt 0.353532999753952 0.6869440078735352
vt 0.315667986869812 0.3063740134239197
vt 0.3299790024757385 0.30309295654296875
vt 0.2945980131626129 0.31325799226760864
vt 0.38401100039482117 0.2678680419921875
vt 0.3948349952697754 0.2675069570541382
vt 0.37359699606895447 0.2681809663772583
vt 0.3637999892234802 0.26853203773498535
vt 0.21861200034618378 0.33899497985839844
vt 0.23695999383926392 0.3383439779281616
vt 0.2458070069551468 0.3332059979438782
vt 0.2544119954109192 0.3282129764556885
vt 0.26286301016807556 0.3233270049095154
vt 0.8816760182380676 0.6362209916114807
vt 0.8965259790420532 0.6318640112876892
vt 0.9219380021095276 0.6384050250053406
vt 0.16632799804210663 0.3407529592514038
vt 0.2088879942893982 0.3257659673690796
vt 0.31544700264930725 0.6005640029907227
vt 0.7897049784660339 0.4009130001068115
vt 0.07680399715900421 0.3361070156097412
vt 0.06105700135231018 0.3269839882850647
vt 0.09159799665212631 0.34384703636169434
vt 0.04353699833154678 0.3211100101470947
vt 0.026566000655293465 0.31211400032043457
vt 0.01024600025266409 0.3017120361328125
vt 0.8595960140228271 0.5202159881591797
vt 0.8537350296974182 0.5075709819793701
vt 0.10570500046014786 0.3512269854545593
vt 0.1192450001835823 0.3581629991531372
vt 0.8479350209236145 0.49516499042510986
vt 0.8421220183372498 0.4829480051994324
vt 0.836326003074646 0.4709240198135376
vt 0.830390989780426 0.4590590000152588
vt 0.8243510127067566 0.4474179744720459
vt 0.8184159994125366 0.43599796295166016
vt 0.8122730255126953 0.4248239994049072
vt 0.80594801902771 0.41393399238586426
vt 0.8741229772567749 0.1871110200881958
vt 0.5193849802017212 0.10499900579452515
vt 0.8807839751243591 0.17311400175094604
vt 0.4058240056037903 0.26717299222946167
vt 0.32186299562454224 0.30086201429367065
vt 0.30168700218200684 0.3082770109176636
vt 0.30810800194740295 0.30327296257019043
vt 0.33576899766921997 0.2969050407409668
vt 0.3411639928817749 0.2902910113334656
vt 0.3461250066757202 0.2833769917488098
vt 0.27109000086784363 0.31853997707366943
vt 0.27907899022102356 0.3138279914855957
vt 0.2866840064525604 0.30912697315216064
vt 0.3505600094795227 0.2762700319290161
vt 0.3546209931373596 0.2688959836959839
vt 0.22799299657344818 0.33408498764038086
vt 0.21867600083351135 0.3304489850997925
vt 0.06114400178194046 0.7199670076370239
vt 0.22452899813652039 0.7056459784507751
vt 0.9756829738616943 0.6307389736175537
vt 0.09379299730062485 0.750294029712677
vt 0.07665199786424637 0.7396640181541443
vt 0.11254499852657318 0.761256992816925
vt 0.13389399647712708 0.7704520225524902
vt 0.291592001914978 0.7328029870986938
vt 0.8579729795455933 0.6298840045928955
vt 0.30489200353622437 0.7359390258789062
vt 0.8668079972267151 0.6397830247879028
vt 0.9086400270462036 0.641319990158081
vt 0.13134999573230743 0.34961998462677
vt 0.1432269960641861 0.3416299819946289
vt 0.1548680067062378 0.33421701192855835
vt 0.17730599641799927 0.33365297317504883
vt 0.18816499412059784 0.32690000534057617
vt 0.19883599877357483 0.32031702995300293
vt 0.9632660150527954 0.6305109858512878
vt 0.9452069997787476 0.6446750164031982
vt 0.9303820133209229 0.6477689743041992
vt 0.2849319875240326 0.5799949765205383
vt 0.2772670090198517 0.568198025226593
vt 0.2930450141429901 0.5916939973831177
vt 0.30160000920295715 0.6032559871673584
vt 0.2697570025920868 0.5563740134239197
vt 0.32464399933815 0.6107689738273621
vt 0.26258599758148193 0.5446829795837402
vt 0.3340359926223755 0.6204730272293091
vt 0.255513995885849 0.5330190062522888
vt 0.34357601404190063 0.6300680041313171
vt 0.2485799938440323 0.5215039849281311
vt 0.7078379988670349 0.3766149878501892
vt 0.3530519902706146 0.639510989189148
vt 0.7209960222244263 0.3777589797973633
vt 0.733676016330719 0.37932097911834717
vt 0.7463170289993286 0.38137102127075195
vt 0.7588840126991272 0.3839470148086548
vt 0.35010600090026855 0.6523820161819458
vt 0.7717980146408081 0.3867430090904236
vt 0.7892240285873413 0.3863829970359802
vt 0.3469330072402954 0.665353000164032
vt 0.799472987651825 0.40575098991394043
vt 0.34370800852775574 0.6783069968223572
vt 0.512037992477417 0.11662399768829346
vt 0.8595340251922607 0.19192802906036377
vt 0.3406299948692322 0.6913930177688599
vt 0.8886150121688843 0.16086697578430176
vt 0.45614099502563477 0.23061901330947876
vt 0.5547860264778137 0.05033499002456665
vt 0.45127901434898376 0.24297797679901123
vt 0.44599300622940063 0.2548229694366455
vt 0.44016000628471375 0.26584696769714355
vt 0.5495460033416748 0.06363201141357422
vt 0.5446439981460571 0.07653099298477173
vt 0.5398229956626892 0.08985602855682373
vt 0.42838698625564575 0.26624298095703125
vt 0.5342609882354736 0.10284698009490967
vt 0.4169749915599823 0.2666969895362854
vt 0.31427299976348877 0.2982640266418457
vt 0.32767799496650696 0.29517799615859985
vt 0.293938010931015 0.3044689893722534
vt 0.3883430063724518 0.25876402854919434
vt 0.37773099541664124 0.25950098037719727
vt 0.39936700463294983 0.257997989654541
vt 0.3677240014076233 0.26027798652648926
vt 0.3583590090274811 0.2611349821090698
vt 0.23708799481391907 0.3285369873046875
vt 0.2459239959716797 0.32339900732040405
vt 0.25451400876045227 0.3185030221939087
vt 0.2629300057888031 0.31379103660583496
vt 0.061108000576496124 0.7327799797058105
vt 0.9722740054130554 0.6396219730377197
vt 0.894989013671875 0.6443960070610046
vt 0.3179219961166382 0.7399439811706543
vt 0.8752599954605103 0.6501269936561584
vt 0.9173589944839478 0.6510609984397888
vt 0.1662759929895401 0.3272320032119751
vt 0.21890699863433838 0.31919199228286743
vt 0.20927199721336365 0.31395697593688965
vt 0.9589449763298035 0.6429659724235535
vt 0.31085601449012756 0.6142579913139343
vt 0.8002790212631226 0.39326298236846924
vt 0.09137199819087982 0.32727301120758057
vt 0.07756499946117401 0.31886500120162964
vt 0.05402100086212158 0.31522202491760254
vt 0.10509900003671646 0.3351939916610718
vt 0.04112900048494339 0.30455195903778076
vt 0.026367999613285065 0.29399800300598145
vt 0.01133699994534254 0.2823669910430908
vt 0.8670179843902588 0.5085999965667725
vt 0.8612909913063049 0.4959590435028076
vt 0.1184459999203682 0.34262800216674805
vt 0.8554970026016235 0.4837009906768799
vt 0.8495990037918091 0.4715440273284912
vt 0.8437409996986389 0.4595240354537964
vt 0.8377500176429749 0.4476900100708008
vt 0.8316059708595276 0.4360550045967102
vt 0.8252639770507812 0.4246090054512024
vt 0.8183749914169312 0.4133729934692383
vt 0.8101549744606018 0.4026310443878174
vt 0.5035790205001831 0.12802398204803467
vt 0.8634459972381592 0.1774110198020935
vt 0.5259900093078613 0.11622798442840576
vt 0.3275890052318573 0.6974440217018127
vt 0.8738909959793091 0.16053801774978638
vt 0.41058701276779175 0.25719600915908813
vt 0.32002800703048706 0.29312002658843994
vt 0.3007569909095764 0.29979896545410156
vt 0.3071399927139282 0.2951090335845947
vt 0.3330709934234619 0.28908395767211914
vt 0.33797499537467957 0.2825239896774292
vt 0.34224098920822144 0.2758280038833618
vt 0.2710759937763214 0.30920398235321045
vt 0.2789190113544464 0.3047139644622803
vt 0.2863459885120392 0.30026501417160034
vt 0.34593701362609863 0.26918303966522217
vt 0.34948399662971497 0.2620049715042114
vt 0.22813400626182556 0.32399600744247437
vt 0.0723399966955185 0.7611560225486755
vt 0.09355700016021729 0.773751974105835
vt 0.05418999865651131 0.7512140274047852
vt 0.9681959748268127 0.6526060104370117
vt 0.11361300200223923 0.7845540046691895
vt 0.13513599336147308 0.7951890230178833
vt 0.29517999291419983 0.745913028717041
vt 0.324523001909256 0.7315859794616699
vt 0.8852779865264893 0.6476510167121887
vt 0.3087260127067566 0.7495049834251404
vt 0.34277400374412537 0.722707986831665
vt 0.9044389724731445 0.6532139778137207
vt 0.13090600073337555 0.33466196060180664
vt 0.14306199550628662 0.32728803157806396
vt 0.15498700737953186 0.32040202617645264
vt 0.1774889975786209 0.3205510377883911
vt 0.1885640025138855 0.31414103507995605
vt 0.1993820071220398 0.3080500364303589
vt 0.9401689767837524 0.6576499938964844
vt 0.9546250104904175 0.6545959711074829
vt 0.9256880283355713 0.6604340076446533
vt 0.27940601110458374 0.593114972114563
vt 0.2714329957962036 0.5812320113182068
vt 0.2638300061225891 0.5692300200462341
vt 0.28754299879074097 0.6050320267677307
vt 0.29600098729133606 0.6175280213356018
vt 0.25646600127220154 0.5572299957275391
vt 0.3208490014076233 0.6240440011024475
vt 0.24911700189113617 0.5453929901123047
vt 0.3308500051498413 0.6336380243301392
vt 0.24171499907970428 0.5336980223655701
vt 0.7017409801483154 0.36385101079940796
vt 0.34059399366378784 0.6431030035018921
vt 0.7154939770698547 0.36495697498321533
vt 0.7287619709968567 0.3663569688796997
vt 0.7418519854545593 0.3683500289916992
vt 0.4754430055618286 0.40126895904541016
vt 0.7548660039901733 0.3709449768066406
vt 0.7673760056495667 0.3746950030326843
vt 0.3375000059604645 0.6562349796295166
vt 0.779088020324707 0.379830002784729
vt 0.5037170052528381 0.44618499279022217
vt 0.8002809882164001 0.37906503677368164
vt 0.3340719938278198 0.6694920063018799
vt 0.06414499878883362 0.30962198972702026
vt 0.33079200983047485 0.6831769943237305
vt 0.5196999907493591 0.12795603275299072
vt 0.44346800446510315 0.23219501972198486
vt 0.4478450119495392 0.21975600719451904
vt 0.5629820227622986 0.0622829794883728
vt 0.43883299827575684 0.24417996406555176
vt 0.43375998735427856 0.2555689811706543
vt 0.5577759742736816 0.07522201538085938
vt 0.552573025226593 0.08808302879333496
vt 0.5481089949607849 0.1006060242652893
vt 0.4220229983329773 0.2563439607620239
vt 0.5352640151977539 0.11479198932647705
vt 0.3131369948387146 0.2902809977531433
vt 0.32526400685310364 0.2876930236816406
vt 0.29343798756599426 0.2958320379257202
vt 0.3922869861125946 0.24919801950454712
vt 0.38144001364707947 0.25046199560165405
vt 0.37122398614883423 0.2517240047454834
vt 0.4035100042819977 0.2479040026664734
vt 0.36170101165771484 0.2530120015144348
vt 0.352741003036499 0.25437599420547485
vt 0.237294003367424 0.31851398944854736
vt 0.24615800380706787 0.3135160207748413
vt 0.2547900080680847 0.3087739944458008
vt 0.2632000148296356 0.3042689561843872
vt 0.3371120095252991 0.7337309718132019
vt 0.8930860161781311 0.6572669744491577
vt 0.3210979998111725 0.7539680004119873
vt 0.33016300201416016 0.7439370155334473
vt 0.3558480143547058 0.7228909730911255
vt 0.9123299717903137 0.6636760234832764
vt 0.16663199663162231 0.3138999938964844
vt 0.22844800353050232 0.31345999240875244
vt 0.2193170040845871 0.30813199281692505
vt 0.20990699529647827 0.3023020029067993
vt 0.3071030080318451 0.6277130246162415
vt 0.4990769922733307 0.43166303634643555
vt 0.7887470126152039 0.37183403968811035
vt 0.8122850060462952 0.3889709711074829
vt 0.10527700185775757 0.3194360136985779
vt 0.09226199984550476 0.31101202964782715
vt 0.07950399816036224 0.30208301544189453
vt 0.05418799817562103 0.29809099435806274
vt 0.11822599917650223 0.3272559642791748
vt 0.041540998965501785 0.287168025970459
vt 0.028125999495387077 0.2758070230484009
vt 0.013001999817788601 0.262408971786499
vt 0.8739960193634033 0.4960229992866516
vt 0.8688830137252808 0.484483003616333
vt 0.8630229830741882 0.47221601009368896
vt 0.8570460081100464 0.46007204055786133
vt 0.8511040210723877 0.4479869604110718
vt 0.8449689745903015 0.43606799840927124
vt 0.8385540246963501 0.4242969751358032
vt 0.8314939737319946 0.4126240015029907
vt 0.8233669996261597 0.4013350009918213
vt 0.5007569789886475 0.14054399728775024
vt 0.8609610199928284 0.16404300928115845
vt 0.5136880278587341 0.13973701000213623
vt 0.5321440100669861 0.1267709732055664
vt 0.31881800293922424 0.6876199841499329
vt 0.49576300382614136 0.15224701166152954
vt 0.864450991153717 0.15088403224945068
vt 0.5444880127906799 0.11324101686477661
vt 0.41499701142311096 0.24661898612976074
vt 0.3178659975528717 0.28589797019958496
vt 0.30016300082206726 0.2914860248565674
vt 0.3066360056400299 0.2868959903717041
vt 0.33017098903656006 0.2815699577331543
vt 0.3345459997653961 0.27499496936798096
vt 0.33790498971939087 0.26903200149536133
vt 0.2712090015411377 0.29997503757476807
vt 0.27887600660324097 0.2958090305328369
vt 0.2861959934234619 0.2915680408477783
vt 0.3408069908618927 0.26315200328826904
vt 0.34411200881004333 0.2557790279388428
vt 0.0556580014526844 0.7724829912185669
vt 0.9631860256195068 0.6653419733047485
vt 0.07349099963903427 0.7854710221290588
vt 0.0936959981918335 0.7982890009880066
vt 0.11533399671316147 0.8088489770889282
vt 0.1377599984407425 0.8216639757156372
vt 0.2979840040206909 0.7593179941177368
vt 0.3115209937095642 0.7642840147018433
vt 0.35009899735450745 0.7346019744873047
vt 0.1310030072927475 0.3199659585952759
vt 0.14343899488449097 0.3132120370864868
vt 0.15557199716567993 0.30683398246765137
vt 0.1780879944562912 0.30765199661254883
vt 0.18930399417877197 0.3017439842224121
vt 0.2002280056476593 0.2961399555206299
vt 0.9488450288772583 0.6682609915733337
vt 0.9348779916763306 0.6708390116691589
vt 0.36899900436401367 0.7235260009765625
vt 0.6532989740371704 0.6926450133323669
vt 0.9214670062065125 0.6734849810600281
vt 0.26596298813819885 0.594165027141571
vt 0.27387601137161255 0.6057209968566895
vt 0.49204498529434204 0.24459898471832275
vt 0.258215993642807 0.5821890234947205
vt 0.25068399310112 0.5699449777603149
vt 0.28136101365089417 0.6176480054855347
vt 0.49744001030921936 0.23050600290298462
vt 0.2945219874382019 0.633467972278595
vt 0.49936699867248535 0.20999300479888916
vt 0.24317100644111633 0.5578439831733704
vt 0.3177820146083832 0.6371780037879944
vt 0.2355549931526184 0.546163022518158
vt 0.32793399691581726 0.6467379927635193
vt 0.22781799733638763 0.5345100164413452
vt 0.709721028804779 0.3522050380706787
vt 0.47658199071884155 0.3596919775009155
vt 0.7235649824142456 0.3533110022544861
vt 0.4808669984340668 0.37554800510406494
vt 0.7370399832725525 0.35502201318740845
vt 0.48533499240875244 0.3895440101623535
vt 0.7503989934921265 0.3575670123100281
vt 0.4899449944496155 0.4035339951515198
vt 0.7641760110855103 0.36122798919677734
vt 0.4946820139884949 0.41749298572540283
vt 0.7766879796981812 0.36605000495910645
vt 0.32464200258255005 0.6601420044898987
vt 0.5179449915885925 0.4486650228500366
vt 0.8116530179977417 0.37320196628570557
vt 0.5136290192604065 0.4338250160217285
vt 0.32178398966789246 0.6735910177230835
vt 0.067781001329422 0.2919349670410156
vt 0.5263140201568604 0.13913798332214355
vt 0.431100994348526 0.23379498720169067
vt 0.4351859986782074 0.22162598371505737
vt 0.4389669895172119 0.20895200967788696
vt 0.5709589719772339 0.0743589997291565
vt 0.4267379939556122 0.24536198377609253
vt 0.5662959814071655 0.08712202310562134
vt 0.5611159801483154 0.09814202785491943
vt 0.5567499995231628 0.11086398363113403
vt 0.54305100440979 0.12552601099014282
vt 0.3141010105609894 0.2805669903755188
vt 0.3225480020046234 0.2807199954986572
vt 0.29324600100517273 0.2875100374221802
vt 0.3959389925003052 0.2390350103378296
vt 0.3848859965801239 0.240913987159729
vt 0.37439000606536865 0.2427690029144287
vt 0.3647339940071106 0.24458003044128418
vt 0.4073370099067688 0.23712998628616333
vt 0.3557260036468506 0.24631202220916748
vt 0.347121000289917 0.24805402755737305
vt 0.23761999607086182 0.3083150386810303
vt 0.24660499393939972 0.30357199907302856
vt 0.25534600019454956 0.2990559935569763
vt 0.2635290026664734 0.2947889566421509
vt 0.3432379961013794 0.7464759945869446
vt 0.32576999068260193 0.7671579718589783
vt 0.3354099988937378 0.757112979888916
vt 0.36250901222229004 0.735131025314331
vt 0.16739700734615326 0.3008210062980652
vt 0.22895799577236176 0.30286699533462524
vt 0.22004400193691254 0.2971149682998657
vt 0.21081200242042542 0.2909809947013855
vt 0.2870739996433258 0.631043016910553
vt 0.5033829808235168 0.21693801879882812
vt 0.30460700392723083 0.6408200263977051
vt 0.4952319860458374 0.19851303100585938
vt 0.5091210007667542 0.41957300901412964
vt 0.5218700170516968 0.4626610279083252
vt 0.8211650252342224 0.38155996799468994
vt 0.10623499751091003 0.30403798818588257
vt 0.1186240017414093 0.3122450113296509
vt 0.09392800182104111 0.2954139709472656
vt 0.08201900124549866 0.28581899404525757
vt 0.056042999029159546 0.28111499547958374
vt 0.043852999806404114 0.2697880268096924
vt 0.031491998583078384 0.2577959895133972
vt 0.018970999866724014 0.24439901113510132
vt 0.8822939991950989 0.4852679967880249
vt 0.8763539791107178 0.47292399406433105
vt 0.870389997959137 0.4606950283050537
vt 0.8645610213279724 0.44836997985839844
vt 0.858322024345398 0.43625199794769287
vt 0.8519039750099182 0.42413800954818726
vt 0.8449770212173462 0.41208499670028687
vt 0.5284690260887146 0.49080097675323486
vt 0.8371959924697876 0.40031200647354126
vt 0.5250279903411865 0.47519397735595703
vt 0.828685998916626 0.3896769881248474
vt 0.508076012134552 0.1514120101928711
vt 0.5212730169296265 0.15129196643829346
vt 0.5384950041770935 0.137037992477417
vt 0.30939799547195435 0.677033007144928
vt 0.5030919909477234 0.1637359857559204
vt 0.5533149838447571 0.12343299388885498
vt 0.4190950095653534 0.23542702198028564
vt 0.30000901222229004 0.2833399772644043
vt 0.3066990077495575 0.27899301052093506
vt 0.3271690011024475 0.27410900592803955
vt 0.33164799213409424 0.2659419775009155
vt 0.27163800597190857 0.29061198234558105
vt 0.2790969908237457 0.2866699695587158
vt 0.2864469885826111 0.2829439640045166
vt 0.33557799458503723 0.25739502906799316
vt 0.3387739956378937 0.249688982963562
vt 0.0552700012922287 0.8001909852027893
vt 0.956699013710022 0.6802269816398621
vt 0.07235299795866013 0.8112639784812927
vt 0.09331999719142914 0.8230779767036438
vt 0.11560700088739395 0.8357539772987366
vt 0.13918299973011017 0.8488900065422058
vt 0.3007560074329376 0.7725120186805725
vt 0.31525400280952454 0.7763440012931824
vt 0.356997013092041 0.747065007686615
vt 0.1316400021314621 0.30563104152679443
vt 0.14431199431419373 0.29941701889038086
vt 0.15660099685192108 0.29352903366088867
vt 0.17901399731636047 0.29503899812698364
vt 0.1903039962053299 0.28957098722457886
vt 0.20130500197410583 0.2844829559326172
vt 0.9432029724121094 0.6824769973754883
vt 0.6598420143127441 0.7071880102157593
vt 0.9306340217590332 0.6844949722290039
vt 0.37578898668289185 0.7350760102272034
vt 0.6451240181922913 0.705780029296875
vt 0.8608769774436951 0.6855769753456116
vt 0.2526639997959137 0.5949599742889404
vt 0.49494001269340515 0.26970696449279785
vt 0.2605440020561218 0.6068090200424194
vt 0.5006200075149536 0.25575101375579834
vt 0.2672860026359558 0.6175820231437683
vt 0.5061179995536804 0.24214601516723633
vt 0.24499300122261047 0.5828390121459961
vt 0.48943400382995605 0.28513002395629883
vt 0.23761099576950073 0.5703449845314026
vt 0.5117059946060181 0.2287750244140625
vt 0.29128700494766235 0.6456289887428284
vt 0.5089259743690491 0.2014390230178833
vt 0.22979800403118134 0.5583770275115967
vt 0.3152390122413635 0.6505510210990906
vt 0.22186900675296783 0.5469020009040833
vt 0.4850020110607147 0.3347730040550232
vt 0.7035970091819763 0.3396810293197632
vt 0.4877359867095947 0.34970200061798096
vt 0.7178390026092529 0.340474009513855
vt 0.4911699891090393 0.3641369938850403
vt 0.7319329977035522 0.34167200326919556
vt 0.49549201130867004 0.3781709671020508
vt 0.499891996383667 0.3919979929924011
vt 0.5044090151786804 0.4056850075721741
vt 0.3123050034046173 0.6640070080757141
vt 0.49726399779319763 0.17519903182983398
vt 0.5323309898376465 0.4507030248641968
vt 0.5278319716453552 0.4363759756088257
vt 0.5230879783630371 0.4221060276031494
vt 0.07029099762439728 0.2754709720611572
vt 0.5331389904022217 0.14955800771713257
vt 0.42280900478363037 0.22355997562408447
vt 0.42633798718452454 0.2109149694442749
vt 0.4292829930782318 0.19954198598861694
vt 0.5789279937744141 0.08559101819992065
vt 0.43247100710868835 0.18912500143051147
vt 0.5747510194778442 0.09577101469039917
vt 0.569707989692688 0.10724002122879028
vt 0.5650370121002197 0.12039399147033691
vt 0.5495020151138306 0.13524699211120605
vt 0.3198170065879822 0.27344202995300293
vt 0.3129200041294098 0.27316200733184814
vt 0.29355400800704956 0.2793530225753784
vt 0.3880249857902527 0.23074603080749512
vt 0.39919400215148926 0.22816503047943115
vt 0.3773689866065979 0.23322099447250366
vt 0.3674420118331909 0.23564398288726807
vt 0.3583430051803589 0.23792701959609985
vt 0.4108160138130188 0.22564399242401123
vt 0.34971898794174194 0.24008899927139282
vt 0.3415040075778961 0.24209100008010864
vt 0.23833799362182617 0.29807496070861816
vt 0.2474289983510971 0.2935889959335327
vt 0.2560099959373474 0.2893409729003906
vt 0.26416900753974915 0.28532302379608154
vt 0.3492099940776825 0.7588559985160828
vt 0.3302859961986542 0.7795609831809998
vt 0.855006992816925 0.752934992313385
vt 0.34074199199676514 0.7699419856071472
vt 0.37070000171661377 0.7472550272941589
vt 0.8627480268478394 0.6993730068206787
vt 0.16856800019741058 0.28794097900390625
vt 0.22984200716018677 0.29232001304626465
vt 0.2210730016231537 0.2862260341644287
vt 0.21200400590896606 0.2797269821166992
vt 0.51739501953125 0.21545302867889404
vt 0.3032200038433075 0.6542379856109619
vt 0.5021129846572876 0.18711000680923462
vt 0.5185700058937073 0.40828895568847656
vt 0.536683976650238 0.4650139808654785
vt 0.11971300095319748 0.2976210117340088
vt 0.10793499648571014 0.2892019748687744
vt 0.09618499875068665 0.28011298179626465
vt 0.08468499779701233 0.2702299952507019
vt 0.058782000094652176 0.26443302631378174
vt 0.04761999845504761 0.2529280185699463
vt 0.036472998559474945 0.24018597602844238
vt 0.0253749992698431 0.22588896751403809
vt 0.8897889852523804 0.47351300716400146
vt 0.01537800021469593 0.2095630168914795
vt 0.8838070034980774 0.4612840414047241
vt 0.8778600096702576 0.44891101121902466
vt 0.871845006942749 0.43660902976989746
vt 0.8654249906539917 0.4242269992828369
vt 0.5469459891319275 0.5135020017623901
vt 0.8586919903755188 0.41181397438049316
vt 0.5439670085906982 0.49657702445983887
vt 0.8511859774589539 0.39964497089385986
vt 0.5405060052871704 0.48029398918151855
vt 0.5160130262374878 0.16346800327301025
vt 0.52811199426651 0.16280102729797363
vt 0.5443990230560303 0.1467050313949585
vt 0.5093899965286255 0.17483198642730713
vt 0.5611929893493652 0.13303899765014648
vt 0.3004379868507385 0.2756659984588623
vt 0.30709099769592285 0.2726060152053833
vt 0.32370200753211975 0.26641201972961426
vt 0.32736700773239136 0.25873804092407227
vt 0.27214500308036804 0.28167498111724854
vt 0.2798610031604767 0.27794504165649414
vt 0.2872770130634308 0.27456796169281006
vt 0.3305859863758087 0.2512010335922241
vt 0.33338499069213867 0.24383199214935303
vt 0.044783998280763626 0.8248379826545715
vt 0.9520210027694702 0.6939470171928406
vt 0.0695049986243248 0.8362659811973572
vt 0.09252200275659561 0.8493760228157043
vt 0.1167529970407486 0.8624839782714844
vt 0.14257700741291046 0.8751369714736938
vt 0.3037410080432892 0.784949004650116
vt 0.3179509937763214 0.7883149981498718
vt 0.364080011844635 0.7589470148086548
vt 0.8669580221176147 0.7129070162773132
vt 0.13290700316429138 0.291579008102417
vt 0.14565899968147278 0.28589296340942383
vt 0.1580280065536499 0.2804219722747803
vt 0.1802320033311844 0.2825779914855957
vt 0.19159500300884247 0.2775920033454895
vt 0.2027059942483902 0.2728689908981323
vt 0.6651480197906494 0.7216879725456238
vt 0.939333975315094 0.6959930062294006
vt 0.6518489718437195 0.7203369736671448
vt 0.6380800008773804 0.7194110155105591
vt 0.8743969798088074 0.6904699802398682
vt 0.5091090202331543 0.266759991645813
vt 0.2393600046634674 0.5957499742507935
vt 0.5038110017776489 0.2806910276412964
vt 0.5145220160484314 0.2534469962120056
vt 0.5200570225715637 0.2404320240020752
vt 0.23175500333309174 0.5830259919166565
vt 0.4993489980697632 0.29517996311187744
vt 0.22447200119495392 0.5708829760551453
vt 0.4965600073337555 0.31025004386901855
vt 0.5257629752159119 0.2277430295944214
vt 0.5239909887313843 0.20172899961471558
vt 0.5151950120925903 0.1873769760131836
vt 0.21647000312805176 0.5593900084495544
vt 0.49636998772621155 0.32547903060913086
vt 0.49874600768089294 0.3401950001716614
vt 0.501941978931427 0.3537529706954956
vt 0.5056849718093872 0.36733001470565796
vt 0.5097820162773132 0.38088202476501465
vt 0.5140820145606995 0.39446496963500977
vt 0.5477020144462585 0.45415496826171875
vt 0.5416110157966614 0.4392969608306885
vt 0.5366320013999939 0.425076961517334
vt 0.5320379734039307 0.41081100702285767
vt 0.07333400100469589 0.25952500104904175
vt 0.5392950177192688 0.15920603275299072
vt 0.41393598914146423 0.21311098337173462
vt 0.4168429970741272 0.19987499713897705
vt 0.4211220145225525 0.18341201543807983
vt 0.5850449800491333 0.10285401344299316
vt 0.42315900325775146 0.1682729721069336
vt 0.57819002866745 0.11592000722885132
vt 0.4244309961795807 0.15317797660827637
vt 0.5733469724655151 0.12959998846054077
vt 0.5567100048065186 0.14464998245239258
vt 0.3162020146846771 0.2665419578552246
vt 0.3089140057563782 0.26692402362823486
vt 0.29440298676490784 0.27139198780059814
vt 0.39065998792648315 0.21980297565460205
vt 0.379925012588501 0.2230740189552307
vt 0.4020009934902191 0.2164289951324463
vt 0.36980000138282776 0.226127028465271
vt 0.36055099964141846 0.229017972946167
vt 0.35182198882102966 0.23175901174545288
vt 0.34366700053215027 0.23423701524734497
vt 0.3358359932899475 0.23643499612808228
vt 0.2392989993095398 0.2878420352935791
vt 0.24835200607776642 0.28364503383636475
vt 0.256972998380661 0.2797279953956604
vt 0.26535698771476746 0.27595603466033936
vt 0.3556160032749176 0.771763026714325
vt 0.8685839772224426 0.7287769913673401
vt 0.3284749984741211 0.7915269732475281
vt 0.5516639947891235 0.68784099817276
vt 0.34615400433540344 0.7832180261611938
vt 0.869268000125885 0.7440659999847412
vt 0.8768519759178162 0.7034839987754822
vt 0.17001700401306152 0.27523601055145264
vt 0.2309650033712387 0.28172802925109863
vt 0.22237800061702728 0.2752950191497803
vt 0.21347099542617798 0.2685210108757019
vt 0.5315189957618713 0.21480202674865723
vt 0.5276730060577393 0.39706701040267944
vt 0.5520349740982056 0.4695979952812195
vt 0.12147600203752518 0.2833629846572876
vt 0.11011099815368652 0.27461302280426025
vt 0.0988370031118393 0.26530301570892334
vt 0.08696799725294113 0.253928005695343
vt 0.06262999773025513 0.2484300136566162
vt 0.05264100059866905 0.2368769645690918
vt 0.04329200088977814 0.22366398572921753
vt 0.033900998532772064 0.2089899778366089
vt 0.02500299923121929 0.1926029920578003
vt 0.8912379741668701 0.4495840072631836
vt 0.01759999990463257 0.17476296424865723
vt 0.8852819800376892 0.437188982963562
vt 0.011168000288307667 0.1541460156440735
vt 0.5649470090866089 0.5367029905319214
vt 0.8791040182113647 0.42463696002960205
vt 0.56256502866745 0.5196250081062317
vt 0.8725730180740356 0.4121229648590088
vt 0.5599790215492249 0.5024920105934143
vt 0.5564510226249695 0.48578202724456787
vt 0.5219879746437073 0.17562401294708252
vt 0.5444589853286743 0.16746199131011963
vt 0.5513030290603638 0.15667599439620972
vt 0.568809986114502 0.1422939896583557
vt 0.30163198709487915 0.26849496364593506
vt 0.3194510042667389 0.2595300078392029
vt 0.3225809931755066 0.2523670196533203
vt 0.2733420133590698 0.2725030183792114
vt 0.2810629904270172 0.2692199945449829
vt 0.2886449992656708 0.26625698804855347
vt 0.32554399967193604 0.24525797367095947
vt 0.32812100648880005 0.2381969690322876
vt 0.042433999478816986 0.8492779731750488
vt 0.6723520159721375 0.7350559830665588
vt 0.9495360255241394 0.7068690061569214
vt 0.06814999878406525 0.86211097240448
vt 0.09300799667835236 0.8759980201721191
vt 0.11901500076055527 0.8891900181770325
vt 0.14502599835395813 0.9022560119628906
vt 0.3071169853210449 0.7976850271224976
vt 0.3202440142631531 0.8009830117225647
vt 0.5457649827003479 0.7014279961585999
vt 0.34023699164390564 0.7921159863471985
vt 0.5664049983024597 0.6874949932098389
vt 0.8707320094108582 0.7575569748878479
vt 0.8793169856071472 0.7186939716339111
vt 0.13473600149154663 0.2778589725494385
vt 0.14743000268936157 0.2725759744644165
vt 0.15979500114917755 0.26753103733062744
vt 0.18172499537467957 0.2703070044517517
vt 0.19317199289798737 0.26566898822784424
vt 0.2043360024690628 0.26130199432373047
vt 0.6595100164413452 0.7324110269546509
vt 0.6475790143013 0.7326580286026001
vt 0.63264399766922 0.7322260141372681
vt 0.8876429796218872 0.6935150027275085
vt 0.5180220007896423 0.27806198596954346
vt 0.522596001625061 0.2642109990119934
vt 0.5139179825782776 0.2917790412902832
vt 0.5280969738960266 0.2514920234680176
vt 0.5336899757385254 0.23902297019958496
vt 0.5094509720802307 0.3041430115699768
vt 0.507856011390686 0.3176259994506836
vt 0.539542019367218 0.22691798210144043
vt 0.5369210243225098 0.20245498418807983
vt 0.5295799970626831 0.18918097019195557
vt 0.5094320178031921 0.33095598220825195
vt 0.512336015701294 0.34418201446533203
vt 0.5156850218772888 0.35730499029159546
vt 0.5195140242576599 0.37042200565338135
vt 0.5235589742660522 0.3836809992790222
vt 0.5622379779815674 0.45814698934555054
vt 0.5559679865837097 0.4425790309906006
vt 0.5503510236740112 0.4280239939689636
vt 0.5455489754676819 0.41369402408599854
vt 0.5412949919700623 0.39968597888946533
vt 0.07739999890327454 0.24405896663665771
vt 0.5364649891853333 0.17751502990722656
vt 0.4042080044746399 0.2036229968070984
vt 0.40611401200294495 0.19031500816345215
vt 0.4151889979839325 0.17246699333190918
vt 0.4129289984703064 0.1603490114212036
vt 0.41256800293922424 0.14642298221588135
vt 0.5814589858055115 0.14009898900985718
vt 0.563614010810852 0.15449398756027222
vt 0.31159499287605286 0.26026999950408936
vt 0.30369099974632263 0.261447012424469
vt 0.29607999324798584 0.2635369896888733
vt 0.392767995595932 0.20801198482513428
vt 0.3819510042667389 0.21215897798538208
vt 0.3716900050640106 0.21599900722503662
vt 0.36218300461769104 0.219527006149292
vt 0.3533860146999359 0.2228270173072815
vt 0.3451420068740845 0.22598397731781006
vt 0.3374499976634979 0.22877901792526245
vt 0.32997798919677734 0.23111999034881592
vt 0.2404949963092804 0.2775700092315674
vt 0.2496349960565567 0.2736610174179077
vt 0.2584089934825897 0.2700040340423584
vt 0.26683300733566284 0.2666720151901245
vt 0.881301999092102 0.7348120212554932
vt 0.5594599843025208 0.7015399932861328
vt 0.882457971572876 0.7509790062904358
vt 0.8898900151252747 0.7075690031051636
vt 0.17181499302387238 0.26267701387405396
vt 0.23238399624824524 0.2711830139160156
vt 0.22397899627685547 0.26440900564193726
vt 0.2152169942855835 0.2572540044784546
vt 0.5430769920349121 0.2157599925994873
vt 0.5369459986686707 0.3861590027809143
vt 0.56871497631073 0.47460901737213135
vt 0.12372100353240967 0.26944899559020996
vt 0.11281599849462509 0.26050901412963867
vt 0.10210199654102325 0.2509089708328247
vt 0.09182599931955338 0.2402709722518921
vt 0.06822700053453445 0.2332339882850647
vt 0.06003199890255928 0.22202003002166748
vt 0.05146300047636032 0.20868396759033203
vt 0.04321499913930893 0.19366198778152466
vt 0.035989999771118164 0.17717599868774414
vt 0.029673999175429344 0.15919697284698486
vt 0.8927900195121765 0.42533397674560547
vt 0.025110999122262 0.1401270031929016
vt 0.5784149765968323 0.5259259939193726
vt 0.02170800045132637 0.12068599462509155
vt 0.5761430263519287 0.5087680220603943
vt 0.01868700049817562 0.10075497627258301
vt 0.5733439922332764 0.4914330244064331
vt 0.5505250096321106 0.17797499895095825
vt 0.5573999881744385 0.16640901565551758
vt 0.40730398893356323 0.17653000354766846
vt 0.5760549902915955 0.15272998809814453
vt 0.31460100412368774 0.2533400058746338
vt 0.3176119923591614 0.24636799097061157
vt 0.27488499879837036 0.2634819746017456
vt 0.28285500407218933 0.2605290412902832
vt 0.29064100980758667 0.258092999458313
vt 0.3204280138015747 0.2394629716873169
vt 0.32280999422073364 0.232666015625
vt 0.041106000542640686 0.8738070130348206
vt 0.6666049957275391 0.7465069890022278
vt 0.0690779983997345 0.8893359899520874
vt 0.09553299844264984 0.9030770063400269
vt 0.12191800028085709 0.9171440005302429
vt 0.14734700322151184 0.9305260181427002
vt 0.3106670081615448 0.8111609816551208
vt 0.538703978061676 0.7140049934387207
vt 0.5527629852294922 0.7144020199775696
vt 0.5742599964141846 0.7038789987564087
vt 0.8836989998817444 0.7640910148620605
vt 0.8917449712753296 0.7212870121002197
vt 0.13689599931240082 0.2644699811935425
vt 0.1495790034532547 0.2595289945602417
vt 0.1618800014257431 0.25474703311920166
vt 0.18353299796581268 0.2580850124359131
vt 0.19500699639320374 0.2537260055541992
vt 0.20619800686836243 0.2496669888496399
vt 0.6539459824562073 0.7461450099945068
vt 0.6413559913635254 0.7459319829940796
vt 0.899465024471283 0.6824589967727661
vt 0.6268810033798218 0.7450559735298157
vt 0.9005339741706848 0.6974939703941345
vt 0.5234860181808472 0.2856099605560303
vt 0.5297669768333435 0.2741979956626892
vt 0.5356469750404358 0.2623249888420105
vt 0.5228049755096436 0.3027780055999756
vt 0.5414130091667175 0.2500090003013611
vt 0.547137975692749 0.23746097087860107
vt 0.5177130103111267 0.31074297428131104
vt 0.519353985786438 0.32271599769592285
vt 0.5522289872169495 0.22511601448059082
vt 0.5502960085868835 0.2017880082130432
vt 0.5434809923171997 0.1897749900817871
vt 0.5223519802093506 0.3350510001182556
vt 0.5254309773445129 0.3477100133895874
vt 0.5288770198822021 0.3604010343551636
vt 0.5330169796943665 0.37321197986602783
vt 0.5723289847373962 0.46080899238586426
vt 0.5691620111465454 0.44541096687316895
vt 0.5641499757766724 0.4305410385131836
vt 0.559141993522644 0.4162459969520569
vt 0.5546720027923584 0.4020739793777466
vt 0.5501919984817505 0.38890498876571655
vt 0.08202700316905975 0.22862499952316284
vt 0.3942109942436218 0.19537800550460815
vt 0.39509499073028564 0.18323397636413574
vt 0.40132299065589905 0.15375101566314697
vt 0.40035998821258545 0.13997197151184082
vt 0.589290976524353 0.15113002061843872
vt 0.5701180100440979 0.16508197784423828
vt 0.3065190017223358 0.25445300340652466
vt 0.2984910011291504 0.2560080289840698
vt 0.3834950029850006 0.2003679871559143
vt 0.37310299277305603 0.20519602298736572
vt 0.3633730113506317 0.20946598052978516
vt 0.35439199209213257 0.21344000101089478
vt 0.34597399830818176 0.21718698740005493
vt 0.3382599949836731 0.2206820249557495
vt 0.3308979868888855 0.2237669825553894
vt 0.3210360109806061 0.2263450026512146
vt 0.24199999868869781 0.2673479914665222
vt 0.2512179911136627 0.263761043548584
vt 0.26009601354599 0.26046299934387207
vt 0.2686710059642792 0.25731098651885986
vt 0.8939279913902283 0.7447739839553833
vt 0.5655750036239624 0.7162160277366638
vt 0.8877099752426147 0.7766109704971313
vt 0.8948249816894531 0.757004976272583
vt 0.893284022808075 0.733132004737854
vt 0.9019500017166138 0.7117919921875
vt 0.17387400567531586 0.25022101402282715
vt 0.23408299684524536 0.26058995723724365
vt 0.22540800273418427 0.25349104404449463
vt 0.21763700246810913 0.24598300457000732
vt 0.528954029083252 0.29290997982025146
vt 0.5573750138282776 0.21327799558639526
vt 0.5461350083351135 0.3758770227432251
vt 0.03548299893736839 0.08946800231933594
vt 0.5862119793891907 0.4797239899635315
vt 0.035898998379707336 0.07009899616241455
vt 0.5826770067214966 0.46351301670074463
vt 0.1263599991798401 0.25585901737213135
vt 0.11597699671983719 0.24666398763656616
vt 0.10589099675416946 0.2368289828300476
vt 0.09618700295686722 0.22585999965667725
vt 0.07531800121068954 0.21944701671600342
vt 0.0688759982585907 0.209850013256073
vt 0.06023000180721283 0.19496500492095947
vt 0.05334499850869179 0.1795700192451477
vt 0.047495998442173004 0.16303598880767822
vt 0.04303399845957756 0.1454240083694458
vt 0.03979099914431572 0.12750399112701416
vt 0.03731299936771393 0.10891401767730713
vt 0.557096004486084 0.18934297561645508
vt 0.5637660026550293 0.17715400457382202
vt 0.39440399408340454 0.17115700244903564
vt 0.4032909870147705 0.16613197326660156
vt 0.5831019878387451 0.16370296478271484
vt 0.3095180094242096 0.24738198518753052
vt 0.3126010000705719 0.24039602279663086
vt 0.2769879996776581 0.2545729875564575
vt 0.2851629853248596 0.2521740198135376
vt 0.2932969927787781 0.25021499395370483
vt 0.31556999683380127 0.23348796367645264
vt 0.043168000876903534 0.9018009901046753
vt 0.6615509986877441 0.7595710158348083
vt 0.07184900343418121 0.9172369837760925
vt 0.0993650034070015 0.9302440285682678
vt 0.1259790062904358 0.9438989758491516
vt 0.1506980061531067 0.9588750004768372
vt 0.547469973564148 0.7247080206871033
vt 0.5604959726333618 0.7264760136604309
vt 0.8960319757461548 0.7700120210647583
vt 0.9038379788398743 0.724170982837677
vt 0.13942000269889832 0.2512420415878296
vt 0.15199799835681915 0.24660199880599976
vt 0.16422000527381897 0.24207699298858643
vt 0.18558700382709503 0.24586403369903564
vt 0.1970369964838028 0.24177002906799316
vt 0.20845599472522736 0.23796898126602173
vt 0.6482750177383423 0.7587199807167053
vt 0.6347529888153076 0.758342981338501
vt 0.9126579761505127 0.6853860020637512
vt 0.6207450032234192 0.7585769891738892
vt 0.9131259918212891 0.7020440101623535
vt 0.5361160039901733 0.2835890054702759
vt 0.5426579713821411 0.2728689908981323
vt 0.548583984375 0.2611830234527588
vt 0.5354490280151367 0.304394006729126
vt 0.5280259847640991 0.3141930103302002
vt 0.5543789863586426 0.2490220069885254
vt 0.5599690079689026 0.23657703399658203
vt 0.5317429900169373 0.32583099603652954
vt 0.5653929710388184 0.2248610258102417
vt 0.5640019774436951 0.20088601112365723
vt 0.5352209806442261 0.33786898851394653
vt 0.5384250283241272 0.3503659963607788
vt 0.5420950055122375 0.36309897899627686
vt 0.040320999920368195 0.052690982818603516
vt 0.5819339752197266 0.44834303855895996
vt 0.5777639746665955 0.43331098556518555
vt 0.5729359984397888 0.4189000129699707
vt 0.5681430101394653 0.4049310088157654
vt 0.5635390281677246 0.39143097400665283
vt 0.5592010021209717 0.3783470392227173
vt 0.08624900132417679 0.2125290036201477
vt 0.38481399416923523 0.18877500295639038
vt 0.38501599431037903 0.1762409806251526
vt 0.388357013463974 0.14813196659088135
vt 0.3878369927406311 0.16182202100753784
vt 0.3880940079689026 0.13388097286224365
vt 0.5966590046882629 0.16239601373672485
vt 0.5768430233001709 0.17611998319625854
vt 0.3013960123062134 0.24861198663711548
vt 0.37414100766181946 0.1937440037727356
vt 0.3641270101070404 0.1988070011138916
vt 0.35487601161003113 0.20348000526428223
vt 0.346220999956131 0.20790302753448486
vt 0.3382140100002289 0.2121340036392212
vt 0.33089399337768555 0.21604400873184204
vt 0.32388800382614136 0.21990597248077393
vt 0.3113270103931427 0.22680401802062988
vt 0.24382300674915314 0.25704801082611084
vt 0.2531990110874176 0.25384795665740967
vt 0.2622379958629608 0.2508200407028198
vt 0.27104899287223816 0.24815499782562256
vt 0.9056239724159241 0.7501410245895386
vt 0.9053760170936584 0.7369139790534973
vt 0.5683109760284424 0.7307860255241394
vt 0.9047510027885437 0.7794299721717834
vt 0.9045959711074829 0.7634620070457458
vt 0.9130430221557617 0.716060996055603
vt 0.17614300549030304 0.23775696754455566
vt 0.2360440045595169 0.24996697902679443
vt 0.22794799506664276 0.24243700504302979
vt 0.21939300000667572 0.23437100648880005
vt 0.5422379970550537 0.2940869927406311
vt 0.5712019801139832 0.21254003047943115
vt 0.5551289916038513 0.36546701192855835
vt 0.053300999104976654 0.09867602586746216
vt 0.053373999893665314 0.08056801557540894
vt 0.05498500168323517 0.06235802173614502
vt 0.12932200729846954 0.24248898029327393
vt 0.11947199702262878 0.2331950068473816
vt 0.10992799699306488 0.2231450080871582
vt 0.10074499994516373 0.2117760181427002
vt 0.07684200257062912 0.197160005569458
vt 0.06947900354862213 0.18209803104400635
vt 0.06388700008392334 0.16663998365402222
vt 0.05973599851131439 0.15046203136444092
vt 0.05671999976038933 0.1337440013885498
vt 0.05450199916958809 0.11648797988891602
vt 0.5703859925270081 0.18857502937316895
vt 0.5900560021400452 0.17498397827148438
vt 0.30449000000953674 0.24127799272537231
vt 0.3077220022678375 0.23405396938323975
vt 0.2795819938182831 0.24588298797607422
vt 0.28793999552726746 0.24397897720336914
vt 0.29626399278640747 0.24243098497390747
vt 0.31598201394081116 0.21948301792144775
vt 0.04360499978065491 0.9317309856414795
vt 0.6557739973068237 0.7727010250091553
vt 0.07543499767780304 0.9436839818954468
vt 0.1042729988694191 0.9575799703598022
vt 0.1310410052537918 0.9714890122413635
vt 0.1601240038871765 0.9860119819641113
vt 0.5546979904174805 0.7347210049629211
vt 0.9173189997673035 0.768671989440918
vt 0.9153450131416321 0.7285469770431519
vt 0.14223800599575043 0.2381100058555603
vt 0.15463699400424957 0.23368597030639648
vt 0.16676199436187744 0.22945499420166016
vt 0.18783999979496002 0.23360902070999146
vt 0.19932399690151215 0.22967499494552612
vt 0.21066699922084808 0.2259889841079712
vt 0.6423199772834778 0.7697349786758423
vt 0.6290609836578369 0.7696030139923096
vt 0.9263030290603638 0.6941840052604675
vt 0.9244760274887085 0.7068920135498047
vt 0.5489460229873657 0.2835249900817871
vt 0.5553150177001953 0.2723590135574341
vt 0.5613999962806702 0.2606140375137329
vt 0.5402119755744934 0.3160240054130554
vt 0.5477619767189026 0.3055950403213501
vt 0.5671849846839905 0.24860501289367676
vt 0.5729169845581055 0.2364799976348877
vt 0.5440970063209534 0.32798898220062256
vt 0.5786920189857483 0.2243170142173767
vt 0.5774400234222412 0.20013898611068726
vt 0.5477010011672974 0.34025096893310547
vt 0.5512710213661194 0.35282498598098755
vt 0.05776600167155266 0.04385197162628174
vt 0.5919880270957947 0.4359489679336548
vt 0.5870490074157715 0.4214869737625122
vt 0.5820909738540649 0.40756499767303467
vt 0.5771939754486084 0.39400696754455566
vt 0.5725619792938232 0.38072800636291504
vt 0.568265974521637 0.36771297454833984
vt 0.09228000044822693 0.1988549828529358
vt 0.37476399540901184 0.18185001611709595
vt 0.37572500109672546 0.16885197162628174
vt 0.37577399611473083 0.14221298694610596
vt 0.3765990138053894 0.1554349660873413
vt 0.3756830096244812 0.12727701663970947
vt 0.6036720275878906 0.17395997047424316
vt 0.5837600231170654 0.18763798475265503
vt 0.3645009994506836 0.1875070333480835
vt 0.35494399070739746 0.1928650140762329
vt 0.34592199325561523 0.19804400205612183
vt 0.33757200837135315 0.2030619978904724
vt 0.3298009932041168 0.20796698331832886
vt 0.3224250078201294 0.21293902397155762
vt 0.30781298875808716 0.2192540168762207
vt 0.3032990097999573 0.2269970178604126
vt 0.24596300721168518 0.24685001373291016
vt 0.255621999502182 0.2439190149307251
vt 0.2649010121822357 0.24135500192642212
vt 0.2738710045814514 0.23911499977111816
vt 0.13749100267887115 0.9991369843482971
vt 0.9177430272102356 0.7556390166282654
vt 0.916638970375061 0.7422369718551636
vt 0.9250040054321289 0.718559980392456
vt 0.17860299348831177 0.22524398565292358
vt 0.23838099837303162 0.23927903175354004
vt 0.23033800721168518 0.2312290072441101
vt 0.2218630015850067 0.22274601459503174
vt 0.5547879934310913 0.29482197761535645
vt 0.5847449898719788 0.21195197105407715
vt 0.5641459822654724 0.35491204261779785
vt 0.06917600333690643 0.09001302719116211
vt 0.06939999759197235 0.10707098245620728
vt 0.07023800164461136 0.0725889801979065
vt 0.07262499630451202 0.05488002300262451
vt 0.13259799778461456 0.22933298349380493
vt 0.12318100035190582 0.22007203102111816
vt 0.11417999863624573 0.2101839780807495
vt 0.10605599731206894 0.1990569829940796
vt 0.08501099795103073 0.18480199575424194
vt 0.07920199632644653 0.1703299880027771
vt 0.07526399940252304 0.15528500080108643
vt 0.0725879967212677 0.13975000381469727
vt 0.07063700258731842 0.12381303310394287
vt 0.5972049832344055 0.1865130066871643
vt 0.2995870113372803 0.23471200466156006
vt 0.28259900212287903 0.23725098371505737
vt 0.29123398661613464 0.2357109785079956
vt 0.3135719895362854 0.2116280198097229
vt 0.05178099870681763 0.9588689804077148
vt 0.6464390158653259 0.7816849946975708
vt 0.08079499751329422 0.971858024597168
vt 0.9406930208206177 0.7347859740257263
vt 0.1090409979224205 0.9846950173377991
vt 0.9297249913215637 0.7449100017547607
vt 0.08571299910545349 1
vt 0.9271469712257385 0.7316759824752808
vt 0.14527800679206848 0.22521698474884033
vt 0.15751899778842926 0.22104203701019287
vt 0.16948500275611877 0.21680903434753418
vt 0.19027100503444672 0.22121703624725342
vt 0.20175400376319885 0.21740400791168213
vt 0.2132200002670288 0.2138800024986267
vt 0.6363300085067749 0.777055025100708
vt 0.6275749802589417 0.7831199765205383
vt 0.935135006904602 0.7078629732131958
vt 0.5615130066871643 0.2837679982185364
vt 0.5679460167884827 0.27225303649902344
vt 0.5740900039672852 0.260453999042511
vt 0.5523480176925659 0.3175950050354004
vt 0.560014009475708 0.30682504177093506
vt 0.5800210237503052 0.24836599826812744
vt 0.5859259963035583 0.23618698120117188
vt 0.5563960075378418 0.3298109769821167
vt 0.5919700264930725 0.22352701425552368
vt 0.5910059809684753 0.1993269920349121
vt 0.5602819919586182 0.34220099449157715
vt 0.07607600092887878 0.03641301393508911
vt 0.6018970012664795 0.4236370325088501
vt 0.5960080027580261 0.4094879627227783
vt 0.5910099744796753 0.3965120315551758
vt 0.5861520171165466 0.38308095932006836
vt 0.5815969705581665 0.36979997158050537
vt 0.577318012714386 0.3567010164260864
vt 0.09935099631547928 0.18680799007415771
vt 0.3649759888648987 0.1753619909286499
vt 0.3650769889354706 0.16299402713775635
vt 0.36387598514556885 0.13454598188400269
vt 0.3646000027656555 0.14953500032424927
vt 0.36438900232315063 0.1188880205154419
vt 0.61040198802948 0.18507099151611328
vt 0.3547379970550537 0.18145596981048584
vt 0.3452790081501007 0.18747997283935547
vt 0.336436003446579 0.1932840347290039
vt 0.32821398973464966 0.19905400276184082
vt 0.3205139935016632 0.20499998331069946
vt 0.30456700921058655 0.21101701259613037
vt 0.2991989850997925 0.21931099891662598
vt 0.2949320077896118 0.22752702236175537
vt 0.24859300255775452 0.23653298616409302
vt 0.2584429979324341 0.23399901390075684
vt 0.2679550051689148 0.23186200857162476
vt 0.2771799862384796 0.22999697923660278
vt 0.05809900164604187 0.9864580035209656
vt 0.6373519897460938 0.7892839908599854
vt 0.9376810193061829 0.7215219736099243
vt 0.18117199838161469 0.21257799863815308
vt 0.24109500646591187 0.22848498821258545
vt 0.23311099410057068 0.2198989987373352
vt 0.22477300465106964 0.21090197563171387
vt 0.5672680139541626 0.2955939769744873
vt 0.5983690023422241 0.2109929919242859
vt 0.5731179714202881 0.3439120054244995
vt 0.08424700051546097 0.0989760160446167
vt 0.08498299866914749 0.0825510025024414
vt 0.08465000241994858 0.11511802673339844
vt 0.08692800253629684 0.06595999002456665
vt 0.09073799848556519 0.049112021923065186
vt 0.13599500060081482 0.21657299995422363
vt 0.1268250048160553 0.2076050043106079
vt 0.11857300251722336 0.19797396659851074
vt 0.11331500113010406 0.1871280074119568
vt 0.09380500018596649 0.17364197969436646
vt 0.08965100347995758 0.1600099802017212
vt 0.08720599859952927 0.14553898572921753
vt 0.08528400212526321 0.13047397136688232
vt 0.6046029925346375 0.1982560157775879
vt 0.2861970067024231 0.22852802276611328
vt 0.31094300746917725 0.20334398746490479
vt 0.1484210044145584 0.2125539779663086
vt 0.1604679971933365 0.20834600925445557
vt 0.1722860038280487 0.20410501956939697
vt 0.19273099303245544 0.20868098735809326
vt 0.20445099472999573 0.204941987991333
vt 0.21615399420261383 0.2015100121498108
vt 0.5741090178489685 0.28411000967025757
vt 0.5806369781494141 0.2724199891090393
vt 0.5868139863014221 0.26041799783706665
vt 0.564706027507782 0.31894004344940186
vt 0.5725250244140625 0.30778199434280396
vt 0.5928320288658142 0.24830001592636108
vt 0.5991529822349548 0.23575198650360107
vt 0.5689989924430847 0.3313419818878174
vt 0.6060919761657715 0.22290098667144775
vt 0.09577099978923798 0.0314369797706604
vt 0.6121900081634521 0.41140997409820557
vt 0.10019300132989883 0.014241993427276611
vt 0.6055369973182678 0.39895099401474
vt 0.5998870134353638 0.3856719732284546
vt 0.5952330231666565 0.37203502655029297
vt 0.5906339883804321 0.358659029006958
vt 0.5862290263175964 0.34556102752685547
vt 0.10828600078821182 0.17557799816131592
vt 0.3543429970741272 0.1694049835205078
vt 0.35350900888442993 0.15643399953842163
vt 0.35234200954437256 0.14216196537017822
vt 0.3517630100250244 0.12696701288223267
vt 0.35159000754356384 0.11051499843597412
vt 0.6184660196304321 0.1960740089416504
vt 0.3443149924278259 0.1760990023612976
vt 0.3349579870700836 0.18280500173568726
vt 0.3262769877910614 0.18940597772598267
vt 0.31819799542427063 0.19620299339294434
vt 0.3011389970779419 0.20247101783752441
vt 0.29525500535964966 0.21101301908493042
vt 0.29029300808906555 0.21982300281524658
vt 0.2515609860420227 0.22606003284454346
vt 0.2617209851741791 0.22392398118972778
vt 0.27153000235557556 0.22218400239944458
vt 0.2810409963130951 0.22080600261688232
vt 0.18388499319553375 0.19986796379089355
vt 0.24413099884986877 0.21750402450561523
vt 0.23632599413394928 0.20830601453781128
vt 0.2281010001897812 0.1986910104751587
vt 0.5798410177230835 0.2962000370025635
vt 0.3513529896736145 0.0932379961013794
vt 0.6127499938011169 0.20973801612854004
vt 0.5818039774894714 0.3327779769897461
vt 0.09878800064325333 0.10750901699066162
vt 0.09934300184249878 0.09203201532363892
vt 0.1007860004901886 0.07650500535964966
vt 0.09853799641132355 0.12286901473999023
vt 0.10388000309467316 0.061147987842559814
vt 0.10990799963474274 0.04548901319503784
vt 0.13932399451732635 0.20405900478363037
vt 0.1303119957447052 0.19554996490478516
vt 0.12077199667692184 0.1865220069885254
vt 0.12346900254487991 0.17562198638916016
vt 0.103131003677845 0.16425198316574097
vt 0.10096699744462967 0.15112602710723877
vt 0.09967000037431717 0.13706398010253906
vt 0.30797499418258667 0.19429200887680054
vt 0.1514430046081543 0.19992399215698242
vt 0.1632869988679886 0.19557100534439087
vt 0.17504599690437317 0.19115400314331055
vt 0.1955139935016632 0.19589698314666748
vt 0.2073580026626587 0.19212102890014648
vt 0.21946600079536438 0.18896996974945068
vt 0.5868390202522278 0.2845790386199951
vt 0.5933529734611511 0.27259600162506104
vt 0.5995799899101257 0.2603670358657837
vt 0.5773950219154358 0.320127010345459
vt 0.585224986076355 0.30859804153442383
vt 0.6056920289993286 0.24784398078918457
vt 0.6136170029640198 0.2349500060081482
vt 0.3350279927253723 0.08431202173233032
vt 0.6215940117835999 0.2216460108757019
vt 0.1221029981970787 0.02917701005935669
vt 0.6259130239486694 0.39429402351379395
vt 0.11814700067043304 0.01196599006652832
vt 0.6135119795799255 0.38900697231292725
vt 0.608905017375946 0.3746260404586792
vt 0.6043540239334106 0.36074602603912354
vt 0.599586009979248 0.34725600481033325
vt 0.5948789715766907 0.33427703380584717
vt 0.11433400213718414 0.16971397399902344
vt 0.3430210053920746 0.16380399465560913
vt 0.34143200516700745 0.15026700496673584
vt 0.3398739993572235 0.13545900583267212
vt 0.3384549915790558 0.11931401491165161
vt 0.33702799677848816 0.1022070050239563
vt 0.6272609829902649 0.20810699462890625
vt 0.3331559896469116 0.1713390350341797
vt 0.32402101159095764 0.17888599634170532
vt 0.3156239986419678 0.18650197982788086
vt 0.2973710000514984 0.19315898418426514
vt 0.2910679876804352 0.20218896865844727
vt 0.2856230139732361 0.2115200161933899
vt 0.2550030052661896 0.215395987033844
vt 0.26552700996398926 0.2137330174446106
vt 0.2757189869880676 0.21246397495269775
vt 0.18667100369930267 0.1868789792060852
vt 0.24771900475025177 0.2062399983406067
vt 0.24007000029087067 0.19649600982666016
vt 0.23188899457454681 0.18636202812194824
vt 0.5926439762115479 0.29690998792648315
vt 0.590142011642456 0.32133400440216064
vt 0.1125049963593483 0.11547398567199707
vt 0.11315099895000458 0.10079699754714966
vt 0.11436399817466736 0.08595901727676392
vt 0.11640600115060806 0.07176101207733154
vt 0.11242000013589859 0.1297990083694458
vt 0.12015900015830994 0.059307992458343506
vt 0.12940600514411926 0.04567301273345947
vt 0.14235900342464447 0.19151800870895386
vt 0.13297399878501892 0.183368980884552
vt 0.12485600262880325 0.16347599029541016
vt 0.1139030009508133 0.15697002410888672
vt 0.1130639985203743 0.14355701208114624
vt 0.30460700392723083 0.18441098928451538
vt 0.15427599847316742 0.18708699941635132
vt 0.16597400605678558 0.1825159788131714
vt 0.1776210069656372 0.17794698476791382
vt 0.19837599992752075 0.18290996551513672
vt 0.2104479968547821 0.17932498455047607
vt 0.22318199276924133 0.1761460304260254
vt 0.5996440052986145 0.28495895862579346
vt 0.60623699426651 0.2727559804916382
vt 0.6123340129852295 0.2600719928741455
vt 0.5981050133705139 0.30960798263549805
vt 0.6178820133209229 0.2471889853477478
vt 0.3161869943141937 0.07915699481964111
vt 0.6323210000991821 0.2332320213317871
vt 0.3205229938030243 0.09582698345184326
vt 0.13728700578212738 0.014182984828948975
vt 0.6226999759674072 0.3778250217437744
vt 0.14229699969291687 0.0323910117149353
vt 0.1523589938879013 0
vt 0.6186259984970093 0.3630470037460327
vt 0.6134790182113647 0.3490229845046997
vt 0.6083570122718811 0.3357440233230591
vt 0.6032800078392029 0.3225319981575012
vt 0.13504700362682343 0.17084002494812012
vt 0.33097198605537415 0.15862101316452026
vt 0.3285219967365265 0.1445460319519043
vt 0.32635200023651123 0.12891101837158203
vt 0.3238829970359802 0.11250001192092896
vt 0.32131800055503845 0.16719800233840942
vt 0.3125759959220886 0.17576301097869873
vt 0.2930159866809845 0.18304598331451416
vt 0.2864289879798889 0.19271200895309448
vt 0.28068599104881287 0.20248901844024658
vt 0.25900501012802124 0.2045390009880066
vt 0.26995599269866943 0.20335698127746582
vt 0.18925300240516663 0.17380797863006592
vt 0.25190499424934387 0.19476598501205444
vt 0.2443690001964569 0.18449801206588745
vt 0.2364400029182434 0.17392301559448242
vt 0.6056720018386841 0.29761803150177
vt 0.30889999866485596 0.06334400177001953
vt 0.6294360160827637 0.24633896350860596
vt 0.12645499408245087 0.10917901992797852
vt 0.12500500679016113 0.12326502799987793
vt 0.12796999514102936 0.09471601247787476
vt 0.130171999335289 0.079429030418396
vt 0.13182799518108368 0.07053297758102417
vt 0.1252869963645935 0.13707900047302246
vt 0.13361799716949463 0.06136000156402588
vt 0.14554600417613983 0.04971599578857422
vt 0.14487400650978088 0.17884397506713867
vt 0.13622300326824188 0.15796196460723877
vt 0.12511800229549408 0.1505039930343628
vt 0.3004010021686554 0.17340898513793945
vt 0.1565999984741211 0.1740419864654541
vt 0.16824699938297272 0.16935402154922485
vt 0.17994099855422974 0.1648920178413391
vt 0.2012290060520172 0.1699259877204895
vt 0.21384599804878235 0.16642898321151733
vt 0.22799499332904816 0.1634730100631714
vt 0.6127859950065613 0.285302996635437
vt 0.6193569898605347 0.27255797386169434
vt 0.625111997127533 0.2596380114555359
vt 0.6113929748535156 0.310541033744812
vt 0.30363500118255615 0.09108102321624756
vt 0.29743701219558716 0.07531601190567017
vt 0.3088670074939728 0.10675197839736938
vt 0.15703199803829193 0.019321024417877197
vt 0.6330469846725464 0.3646780252456665
vt 0.15946300327777863 0.03828400373458862
vt 0.17402400076389313 0.007746994495391846
vt 0.6277520060539246 0.3508540391921997
vt 0.6223379969596863 0.33720898628234863
vt 0.6169099807739258 0.32390499114990234
vt 0.1467140018939972 0.16580498218536377
vt 0.31751200556755066 0.15359199047088623
vt 0.3144420087337494 0.1396690011024475
vt 0.31259599328041077 0.12288498878479004
vt 0.3086639940738678 0.1638849973678589
vt 0.28786200284957886 0.1719679832458496
vt 0.2811099886894226 0.18239998817443848
vt 0.275178998708725 0.19285297393798828
vt 0.26364201307296753 0.19355499744415283
vt 0.19186900556087494 0.1607549786567688
vt 0.25679799914360046 0.18314200639724731
vt 0.24951599538326263 0.17231297492980957
vt 0.24205400049686432 0.1613990068435669
vt 0.6192179918289185 0.29827797412872314
vt 0.2899239957332611 0.059082984924316406
vt 0.6382099986076355 0.25864601135253906
vt 0.13913500308990479 0.11746501922607422
vt 0.14090700447559357 0.10339802503585815
vt 0.13790899515151978 0.1312580108642578
vt 0.14317700266838074 0.08876502513885498
vt 0.14574000239372253 0.06929898262023926
vt 0.13703200221061707 0.14466601610183716
vt 0.1602730005979538 0.05542999505996704
vt 0.1481029987335205 0.15256500244140625
vt 0.29533401131629944 0.1615610122680664
vt 0.15838800370693207 0.1609240174293518
vt 0.17028500139713287 0.1562110185623169
vt 0.1822649985551834 0.15169697999954224
vt 0.2040809988975525 0.15702301263809204
vt 0.21704299747943878 0.1536940336227417
vt 0.2350749969482422 0.15039896965026855
vt 0.27140000462532043 0.024573028087615967
vt 0.6265689730644226 0.2854900360107422
vt 0.28094300627708435 0.04205799102783203
vt 0.6328979730606079 0.2720719575881958
vt 0.6253029704093933 0.31154000759124756
vt 0.28675198554992676 0.08768099546432495
vt 0.2932269871234894 0.10251402854919434
vt 0.2793929874897003 0.07258796691894531
vt 0.29896798729896545 0.11706101894378662
vt 0.17497800290584564 0.027698993682861328
vt 0.1749729961156845 0.04615902900695801
vt 0.19243000447750092 0.017929017543792725
vt 0.6368039846420288 0.3388810157775879
vt 0.21238400042057037 0.010331988334655762
vt 0.6312620043754578 0.32509803771972656
vt 0.3038559854030609 0.15109401941299438
vt 0.3050540089607239 0.13085401058197021
vt 0.28201499581336975 0.16031098365783691
vt 0.27523499727249146 0.1713249683380127
vt 0.2690719962120056 0.18243998289108276
vt 0.1944960057735443 0.14770901203155518
vt 0.22599700093269348 0.15202701091766357
vt 0.2624030113220215 0.17142200469970703
vt 0.2554140090942383 0.16014200448989868
vt 0.24839900434017181 0.14878296852111816
vt 0.24927300214767456 0.023414969444274902
vt 0.6333730220794678 0.2988100051879883
vt 0.27084898948669434 0.056890010833740234
vt 0.15289700031280518 0.11203700304031372
vt 0.15095700323581696 0.1258450150489807
vt 0.15530900657176971 0.09789001941680908
vt 0.14934800565242767 0.1392589807510376
vt 0.15782399475574493 0.08350002765655518
vt 0.15970300137996674 0.07025998830795288
vt 0.17387300729751587 0.06269097328186035
vt 0.16020800173282623 0.14753800630569458
vt 0.29786500334739685 0.13877499103546143
vt 0.289436012506485 0.14952397346496582
vt 0.17236599326133728 0.14291703701019287
vt 0.1847350001335144 0.13853198289871216
vt 0.20668500661849976 0.14421796798706055
vt 0.21844999492168427 0.14140599966049194
vt 0.241567000746727 0.13744699954986572
vt 0.22884799540042877 0.1393740177154541
vt 0.26112100481987 0.04028600454330444
vt 0.640654981136322 0.2857609987258911
vt 0.22845600545406342 0.025300025939941406
vt 0.6397089958190918 0.3124619722366333
vt 0.27744901180267334 0.09990799427032471
vt 0.27004700899124146 0.08586901426315308
vt 0.28403401374816895 0.11383199691772461
vt 0.2616859972476959 0.071399986743927
vt 0.29066500067710876 0.12701600790023804
vt 0.19094400107860565 0.03767597675323486
vt 0.18890400230884552 0.05540198087692261
vt 0.20869100093841553 0.030700981616973877
vt 0.2754960060119629 0.14850902557373047
vt 0.2686240077018738 0.15984100103378296
vt 0.19718599319458008 0.13454103469848633
vt 0.2618370056152344 0.14822500944137573
vt 0.25489500164985657 0.1364610195159912
vt 0.24144400656223297 0.04125899076461792
vt 0.2523140013217926 0.05655699968338013
vt 0.16407300531864166 0.12072402238845825
vt 0.16654999554157257 0.10674798488616943
vt 0.1619269996881485 0.1343250274658203
vt 0.16927599906921387 0.09244000911712646
vt 0.17195600271224976 0.07791000604629517
vt 0.18621399998664856 0.0717960000038147
vt 0.2828429937362671 0.13751298189163208
vt 0.17469100654125214 0.1295260190963745
vt 0.18743999302387238 0.12512999773025513
vt 0.20962199568748474 0.1311900019645691
vt 0.22176699340343475 0.12845003604888916
vt 0.24778899550437927 0.12479299306869507
vt 0.23443900048732758 0.12620103359222412
vt 0.22257299721240997 0.0442500114440918
vt 0.26182499527931213 0.09898298978805542
vt 0.269226998090744 0.1121399998664856
vt 0.25369200110435486 0.08563601970672607
vt 0.2760860025882721 0.125
vt 0.24460700154304504 0.07200998067855835
vt 0.20498299598693848 0.049089014530181885
vt 0.20142799615859985 0.06618499755859375
vt 0.26873600482940674 0.13649100065231323
vt 0.20035399496555328 0.121163010597229
vt 0.2617340087890625 0.1242780089378357
vt 0.23427799344062805 0.05815798044204712
vt 0.17726199328899384 0.11581999063491821
vt 0.18008099496364594 0.10167199373245239
vt 0.18322999775409698 0.08707398176193237
vt 0.19767500460147858 0.08198398351669312
vt 0.1904969960451126 0.11127698421478271
vt 0.21334299445152283 0.11773502826690674
vt 0.22648699581623077 0.1148880124092102
vt 0.25450998544692993 0.1119769811630249
vt 0.24019299447536469 0.11299401521682739
vt 0.21727100014686584 0.061460018157958984
vt 0.2465600073337555 0.09943300485610962
vt 0.23785799741744995 0.08680897951126099
vt 0.22830399870872498 0.07412099838256836
vt 0.2126300036907196 0.0776209831237793
vt 0.20401699841022491 0.1072390079498291
vt 0.19395799934864044 0.09694099426269531
vt 0.2081499993801117 0.09272801876068115
vt 0.21768400073051453 0.10385596752166748
vt 0.2317589968442917 0.10109996795654297
vt 0.2227029949426651 0.08928298950195312
vn 0.7756894797444166 -0.027231834495610393 -0.6305269686570435
vn 0.33252336636524193 0.8920894609459271 0.30594869584675866
vn 0.19141379768698524 0.9670864575833669 0.1676440920936392
vn 0.8773797378618239 -0.06629727499835042 -0.4751941360300129
vn 0.2025253447720767 0.9466773145392067 0.2505704429133402
vn 0.0420157841040131 -0.9232804910439607 -0.3818216975811454
vn 0.05342967461163308 0.9431562468623595 0.3280267731076278
vn 0.7130267680528906 0.047910012431217314 -0.6994980048212361
vn 0.11350094693791211 -0.9186602362841048 -0.37839252809038143
vn -0.021744924054051405 -0.8888710134407285 -0.4576412128979813
vn 0.03201050985656935 0.8957185547327772 0.44346769664333785
vn 0.05390413832835061 0.9368989981444252 0.3454194712911395
vn 0.03723068149933517 0.9638870552789738 0.2636960769915311
vn 0.19438407049633316 -0.865606251627617 -0.46145492768033497
vn 0.17418912642608425 -0.8614449792572442 -0.4770437044416412
vn 0.7618493937674421 -0.15650102564358354 -0.628564181439483
vn 0.08047876714509154 0.8620480915246549 0.5003960990430546
vn -0.12383896536223658 0.9466507811809637 0.29751673759215963
vn 0.331509499629046 0.9239914747682667 0.19063369642133857
vn 0.06832835761258267 -0.8902271309132419 -0.45036306568361567
vn 0.23039715605920935 -0.858559818301938 -0.4580307728495669
vn 0.219611162618557 -0.8326450385783124 -0.5084025737388099
vn 0.07540657882959245 -0.831262145541117 -0.5507423111216309
vn 0.07540657882959245 -0.831262145541117 -0.5507423111216309
vn -0.016030481485172752 0.872401217492782 0.48852752162029256
vn -0.2025769494109489 0.9191286528415091 0.3378832625228819
vn -0.20139239956528898 0.8731538106206455 0.44389584859061376
vn -0.20139239956528898 0.8731538106206455 0.44389584859061376
vn 0.06301000924328592 0.8469825263856421 0.5278734116552528
vn 0.06301000924328592 0.8469825263856421 0.5278734116552528
vn 0.12662430562124682 0.9517617043304064 0.2794922957722038
vn 0.12662430562124682 0.9517617043304064 0.2794922957722038
vn 0.753269578483348 0.09708428708934706 -0.650507173928061
vn 0.04994002606450969 -0.8642469382693554 -0.500582883735272
vn 0.2906794890823925 -0.7993000868869358 -0.5259513339933043
vn 0.2556375555093784 -0.8244704809105582 -0.5048741093780728
vn 0.25779458604494765 -0.8317224294331004 -0.49171104500897195
vn 0.33148979056714567 0.8879468746697382 0.3188492849513609
vn 0.33148979056714567 0.8879468746697382 0.3188492849513609
vn 0.6183718338990174 0.22647292531384516 -0.7525465361957063
vn 0.6183718338990174 0.22647292531384516 -0.7525465361957063
vn -0.3808511762432174 0.7838751609520562 0.49039995268815606
vn -0.1372607419354895 0.7808129928373505 0.6095002534369437
vn -0.46417650514297537 0.7953146174134199 0.389890794199862
vn 0.9389666457893645 -0.040018226188429755 -0.3416726206001903
vn 0.9389666457893645 -0.040018226188429755 -0.3416726206001903
vn 0.16645955525191716 -0.8688935965096609 -0.4661707138054048
vn 0.16645955525191716 -0.8688935965096609 -0.4661707138054048
vn -0.025101580681170004 -0.8828661659687105 -0.46895334910310205
vn -0.025101580681170004 -0.8828661659687105 -0.46895334910310205
vn 0.36594325545081013 -0.7963645510678583 -0.4815485807190708
vn 0.36594325545081013 -0.7963645510678583 -0.4815485807190708
vn 0.32400226467340415 -0.815515693839109 -0.4795379918094309
vn 0.32400226467340415 -0.815515693839109 -0.4795379918094309
vn 0.3190281882452664 -0.8225720427102952 -0.47074010839990615
vn 0.3190281882452664 -0.8225720427102952 -0.47074010839990615
vn 0.6793281495306567 0.2702543759111172 -0.6822578966608933
vn -0.1992619079148614 0.9143905146383524 0.3523984659352793
vn -0.1992619079148614 0.9143905146383524 0.3523984659352793
vn -0.25869055376781763 0.9372962276399533 0.23357007308988129
vn -0.25869055376781763 0.9372962276399533 0.23357007308988129
vn -0.033213124163137896 0.9599890964149961 0.2780608263449624
vn -0.033213124163137896 0.9599890964149961 0.2780608263449624
vn -0.033213124163137896 0.9599890964149961 0.2780608263449624
vn -0.28655197821265993 0.7763097179166618 0.561454526787846
vn -0.28655197821265993 0.7763097179166618 0.561454526787846
vn -0.43540497659275934 0.7512394025054637 0.49604623421763056
vn -0.43540497659275934 0.7512394025054637 0.49604623421763056
vn -0.43540497659275934 0.7512394025054637 0.49604623421763056
vn -0.06959282716538488 0.8661314650381949 0.49494759690084267
vn 0.4847080114147344 0.8146233658272413 0.3185073241209223
vn 0.13068388009345408 -0.8826988669941601 -0.4514027400126697
vn 0.13068388009345408 -0.8826988669941601 -0.4514027400126697
vn 0.2509449773832001 -0.7986864861277385 -0.5469245973651861
vn 0.3389618651198895 -0.7751196437727512 -0.5331926404518811
vn 0.3597184274759487 -0.8031098519177569 -0.4749918090734508
vn 0.5096547961010546 -0.7358430279453694 -0.445855388030001
vn 0.14156285689929954 0.9761737678757563 0.16445282745443338
vn -0.5695695312092914 0.6879635490745528 0.44977405912610524
vn -0.4562428965051924 0.7134147531213526 0.5318663454453118
vn -0.2987551135040209 0.868428573078893 0.3956983644335135
vn -0.2987551135040209 0.868428573078893 0.3956983644335135
vn -0.2987551135040209 0.868428573078893 0.3956983644335135
vn -0.45887581850174236 0.7237890699474454 0.5153274351506701
vn -0.45887581850174236 0.7237890699474454 0.5153274351506701
vn 0.9884351683564987 -0.07729469947480705 -0.130466269162413
vn 0.07049356263627357 -0.866137813392065 -0.4948089993515257
vn 0.3417618504409676 -0.8019199211071467 -0.4900237521943946
vn 0.3417618504409676 -0.8019199211071467 -0.4900237521943946
vn 0.0998846202069326 -0.9072752450337342 -0.40850298945674135
vn 0.22453715705852234 -0.7969760120452548 -0.5607247999906179
vn 0.4072124570453436 -0.7659765313481175 -0.49745147326246864
vn 0.4072124570453436 -0.7659765313481175 -0.49745147326246864
vn 0.43200469236141514 -0.7221472397828651 -0.5402548563888234
vn 0.4520800952545242 -0.7873912876574263 -0.4190925286805293
vn 0.6535691520127133 -0.6889405146410411 -0.3133820844010083
vn 0.6535691520127133 -0.6889405146410411 -0.3133820844010083
vn 0.2521167303175888 0.9612161753574602 0.11180616496931038
vn -0.2810953048810287 0.9404751354696244 0.19102866051258718
vn -0.2810953048810287 0.9404751354696244 0.19102866051258718
vn -0.2942383668060915 0.9360247755122261 0.19308392767542978
vn -0.0874692483216074 0.9626743984846818 0.2561388941574646
vn 0.543368081912173 0.7628150312661789 0.35052012158143603
vn 0.543368081912173 0.7628150312661789 0.35052012158143603
vn -0.13538844959732144 0.6326034600543055 0.7625502147681519
vn -0.13538844959732144 0.6326034600543055 0.7625502147681519
vn -0.4285415420093186 0.6349397911199763 0.642809153967798
vn -0.4285415420093186 0.6349397911199763 0.642809153967798
vn 0.3358405557020898 0.8997604918133926 0.27864346128598333
vn 0.3358405557020898 0.8997604918133926 0.27864346128598333
vn 0.18542488596077455 0.8714382266210231 0.45410684739391455
vn 0.9217370502977692 -0.3755799133862414 0.09664646278654622
vn 0.5627830944395767 -0.6508763709079272 -0.5095440495253977
vn 0.7142360914277885 -0.5836037485478649 -0.38635925041706504
vn 0.22018070209003732 -0.8235282185967829 -0.5228018091035527
vn 0.8256614949682258 -0.48755514401536687 -0.28385397173721083
vn 0.6942218795642963 0.4957561844379257 -0.5218062739425092
vn 0.8548625886798439 -0.39415333733120844 -0.33742125177034465
vn 0.8548625886798439 -0.39415333733120844 -0.33742125177034465
vn 0.1998684119571866 0.9422295742922543 0.26880484971582924
vn 0.1998684119571866 0.9422295742922543 0.26880484971582924
vn 0.08890537303211672 0.99020780588057 0.10763055244310202
vn 0.08890537303211672 0.99020780588057 0.10763055244310202
vn 0.2102498414435533 0.9767680082628157 0.04146398687117359
vn 0.2102498414435533 0.9767680082628157 0.04146398687117359
vn 0.4359056287084281 0.8565872787399469 -0.2761240966688756
vn 0.4359056287084281 0.8565872787399469 -0.2761240966688756
vn 0.4359056287084281 0.8565872787399469 -0.2761240966688756
vn 0.3218239864006234 0.8970040139124902 0.3030067999271509
vn 0.16032809095110462 -0.9080710454129185 -0.38691327159282546
vn 0.26061581904683945 -0.8128877076087281 -0.5208579169804103
vn 0.4278872524232807 -0.7252439712619051 -0.5393826854487608
vn 0.8847139896748224 -0.45683776320630987 0.09263052726997642
vn 0.4655727057266236 -0.7263582207178834 -0.5056142708408667
vn 0.1652849163037356 -0.8653758144408645 -0.47308096159460666
vn 0.1652849163037356 -0.8653758144408645 -0.47308096159460666
vn 0.5037603013459542 -0.7473149950489456 -0.433296500058364
vn 0.6932528413621871 -0.3499929207225401 -0.6300043280703396
vn 0.7831785238533266 -0.4852199281635808 -0.3888354678882233
vn 0.8817702991722165 0.4701552596701361 -0.03788365481638312
vn 0.8848159275794304 0.46001684352577105 0.07406266248480903
vn 0.24594099016181412 0.8200599780151642 -0.5167346144937411
vn -0.1557776020467676 0.9869139109526648 -0.041644580303739055
vn -0.1557776020467676 0.9869139109526648 -0.041644580303739055
vn -0.12237479163826294 0.9478118149043882 0.294409873983774
vn 0.5865047859541267 0.7320832222499521 0.346505832206373
vn 0.5865047859541267 0.7320832222499521 0.346505832206373
vn 0.8377770105246674 -0.08558712817728313 0.5392629452565019
vn 0.8377770105246674 -0.08558712817728313 0.5392629452565019
vn 0.3383546009443633 -0.10748768821498476 0.934859647702252
vn 0.4388056475619357 0.526044819226175 0.7285097472464259
vn 0.909312823979294 0.2060706271426927 -0.3615039208304919
vn 0.909312823979294 0.2060706271426927 -0.3615039208304919
vn 0.9598229944988558 0.060472874708688965 -0.274012500911394
vn 0.8883734182293747 -0.35059356673572445 -0.29644024819005177
vn 0.8016204072681365 -0.4814636012004229 -0.3543974088087933
vn 0.9251111117662474 -0.3176496315892663 -0.208009957544876
vn 0.34300288032530574 -0.8603182303236133 -0.377096229975043
vn 0.34300288032530574 -0.8603182303236133 -0.377096229975043
vn 0.8967312275513045 -0.3278019915045765 -0.2973532577591246
vn 0.6806383035590904 -0.5758436239856101 -0.45291899987009004
vn 0.9591736827372845 0.1905993111476082 -0.20894436803669128
vn 0.8203513543349804 -0.3627269829180781 -0.4421004312414903
vn 0.8203513543349804 -0.3627269829180781 -0.4421004312414903
vn 0.8532961626712177 0.27602887217458233 -0.44237282974500464
vn 0.8532961626712177 0.27602887217458233 -0.44237282974500464
vn 0.8532961626712177 0.27602887217458233 -0.44237282974500464
vn 0.8196327287582084 0.18593911060015594 -0.5418752966297653
vn 0.8196327287582084 0.18593911060015594 -0.5418752966297653
vn 0.8575790034037971 0.07786469461264572 -0.5084243722067515
vn 0.7875217842684951 -0.02096381078619155 -0.6159301567060075
vn 0.7875217842684951 -0.02096381078619155 -0.6159301567060075
vn 0.955677230258571 -0.2763659366183867 0.10150320508411698
vn 0.7560564310669211 -0.6178466812050462 0.21597257132853687
vn 0.3519065910936883 -0.8798860744517466 -0.31931527857388087
vn 0.4453818101457918 -0.7288403346485679 -0.5200257779962657
vn 0.22051050974742645 -0.8357416283622792 -0.5029026205074854
vn 0.6706018787098598 -0.6941203209167671 -0.2617061335949364
vn 0.16226443141600877 -0.9581516681902602 -0.23582967379331382
vn 0.5591015858962578 -0.709747558359216 -0.4285601708645129
vn 0.6675174496804589 -0.6239275618683776 -0.4063678775605647
vn 0.8658233403930404 -0.10966096969141588 -0.4881848163933161
vn 0.7745068471057114 -0.3970371085097752 -0.4924435787504665
vn 0.9480203576858699 -0.2875582866894966 -0.13626310274376013
vn 0.9209526764375312 -0.3635714645064585 -0.1402211038295493
vn 0.9636275388010652 -0.2616005896495364 -0.054654349865463164
vn 0.9636275388010652 -0.2616005896495364 -0.054654349865463164
vn 0.7593226446500008 0.025330390826865168 -0.650221110563389
vn 0.7593226446500008 0.025330390826865168 -0.650221110563389
vn 0.3717840608461281 0.5971382850790271 -0.7107759707486185
vn -0.06972479090385657 0.8534504789828335 -0.5164888512421014
vn -0.06972479090385657 0.8534504789828335 -0.5164888512421014
vn 0.9793971325753644 0.19811949426861328 -0.03911422623423359
vn 0.9793971325753644 0.19811949426861328 -0.03911422623423359
vn 0.7349999054525337 -0.6665941626223572 0.12420692952716025
vn 0.7520253511267997 -0.28265377326533125 -0.5954533698968243
vn 0.7520253511267997 -0.28265377326533125 -0.5954533698968243
vn 0.7986119637430417 -0.3689849811868158 -0.47546715451758365
vn 0.7659846480501027 -0.6019627401786022 -0.22562885096598112
vn -0.14136149792269442 -0.9324488186641373 -0.3324998157546957
vn 0.8507066966295461 -0.4739310180078229 -0.22734886513839078
vn 0.7839282813094577 -0.5891971186756176 -0.1957120464037654
vn 0.6263834676529997 -0.7700241014374385 -0.1212709143054044
vn 0.8380847171129174 -0.44780434213966797 -0.3115851057137046
vn 0.5217721558651262 -0.8458190942484016 -0.11110300251870758
vn 0.5217721558651262 -0.8458190942484016 -0.11110300251870758
vn 0.7707870309795221 -0.42362622797510685 -0.475844692988538
vn 0.7707870309795221 -0.42362622797510685 -0.475844692988538
vn 0.754514137705684 -0.4541738210529913 -0.47374524406306573
vn 0.9261371316528026 -0.023880291274260033 -0.3764302658694914
vn 0.7426052107874157 -0.4189257927893948 -0.5225310335732749
vn 0.9108972932530002 -0.289593313246523 -0.29394188892918804
vn 0.873578305925319 -0.48549002181819123 -0.03406438215529366
vn 0.7619913181314617 -0.34425020328722594 -0.5485080023381439
vn 0.8279271974514957 -0.3043712847360871 -0.4710569782395924
vn 0.8060053744260678 -0.24117003265216921 -0.5405481955818981
vn 0.5897843505458692 -0.789351776474351 0.17052329115981193
vn 0.5032916044157677 -0.8563061314225142 -0.11591967137983973
vn 0.2652578547937636 -0.9087459684864506 -0.32220961380727514
vn 0.49953031873233805 -0.8647468147758506 -0.05179195885646275
vn 0.49953031873233805 -0.8647468147758506 -0.05179195885646275
vn -0.029569396182513523 -0.980061927387174 -0.1964796918145466
vn 0.4332545943323118 -0.8982844840148021 -0.07331740767515198
vn 0.6465304019452635 -0.6350209246976843 -0.42278465506282753
vn 0.5980695576990966 -0.6594057779423285 -0.45551819301744645
vn 0.7172308078961152 -0.5247989378001421 -0.4584387015605563
vn 0.777893170582925 -0.27937772330172483 -0.5628768096867992
vn 0.7415901106261482 -0.4301917071476468 -0.5147613067460397
vn 0.9229040214572861 -0.3662887365800113 -0.11866224602875218
vn 0.9292347705628354 -0.3634922145465508 -0.06630347759415788
vn 0.9292347705628354 -0.3634922145465508 -0.06630347759415788
vn 0.940736106348218 -0.23849367876597283 -0.2411147929959237
vn 0.9448220553713268 -0.29435790159689507 -0.14375225024803687
vn 0.2642081530674476 -0.14529373432129034 -0.9534588520852185
vn 0.5169148227462165 -0.4387842231996026 -0.7350288916065606
vn 0.5169148227462165 -0.4387842231996026 -0.7350288916065606
vn -0.06917032384515914 0.14619677804617978 -0.9868343165841325
vn -0.11877938717228691 0.12681853357157344 -0.9847885644775387
vn -0.11877938717228691 0.12681853357157344 -0.9847885644775387
vn 0.7657777561889869 -0.6402478726206957 -0.060556500318576165
vn 0.7472922455314774 -0.30406503458953066 -0.5908457958795928
vn 0.7472922455314774 -0.30406503458953066 -0.5908457958795928
vn 0.8088527695998401 -0.5159171678173858 -0.2821111005649291
vn 0.8088527695998401 -0.5159171678173858 -0.2821111005649291
vn -0.12008584596520135 -0.977938616265028 -0.1709252831399278
vn 0.6343903591235879 -0.7642135679952908 -0.11630345972047502
vn 0.6763117388890333 -0.678111322344183 -0.2876933547190753
vn 0.505907412824559 -0.8625718891224132 -0.005236959514100843
vn 0.446993726275567 -0.8943517561301092 -0.01820837656885931
vn 0.6707168192579004 -0.6081136438874907 -0.42466074045341556
vn 0.4954238873156843 -0.8668869209785133 -0.05533749283631085
vn 0.7049963483194519 -0.5015824443488311 -0.5013932592060745
vn 0.7049963483194519 -0.5015824443488311 -0.5013932592060745
vn 0.7277150648639543 -0.4627760584167345 -0.506230287642217
vn 0.8639531509036265 -0.20178904707550635 -0.4613741795159922
vn 0.8835171873221142 -0.2299662190654911 -0.40805994387484634
vn 0.7361218849309596 -0.43871643090509627 -0.5154148462933378
vn 0.9207788500668244 -0.13192054335395395 -0.36710118429503047
vn 0.9207788500668244 -0.13192054335395395 -0.36710118429503047
vn 0.8927991136893387 -0.4367873544730708 -0.11012061372852597
vn 0.8927991136893387 -0.4367873544730708 -0.11012061372852597
vn 0.7022254449820287 -0.345673411700071 -0.6224060707154333
vn 0.8268075442153503 -0.28824648664057145 -0.4830147490169927
vn 0.8535149628682317 -0.24736901929903737 -0.45860743174426816
vn 0.5543578946322689 -0.5211138839215436 -0.64894348339673
vn 0.563665355315149 -0.4377622334881668 -0.700460986885707
vn 0.563665355315149 -0.4377622334881668 -0.700460986885707
vn 0.6383985000999028 -0.7623660230060824 -0.1060443399530767
vn 0.5196483383603656 -0.8420857223742169 0.14442036079723872
vn 0.3624642345242264 -0.929899655053957 0.06250048176853357
vn 0.4641847581177524 -0.8829996559246233 -0.06959969804647763
vn 0.4641847581177524 -0.8829996559246233 -0.06959969804647763
vn -0.09587582501197256 -0.9784239076816946 -0.1830149804118676
vn 0.3775148549168466 -0.9204804423928779 -0.10098658073884852
vn 0.5119567152782021 -0.8555563085521474 -0.07696573639079084
vn 0.6355411428047876 -0.6343953031104315 -0.44003415230389603
vn 0.6428549226586827 -0.5975611151199863 -0.4792267335093666
vn 0.6387032791479207 -0.5440545614253957 -0.5441164906505899
vn 0.6838354446840701 -0.49823599897104287 -0.5330384356902108
vn 0.7602697808095248 -0.32461918677773427 -0.5626830759527067
vn 0.7409462838090574 -0.41994943700861853 -0.5240620906588187
vn 0.931629761390126 -0.34492301364663 -0.11442946451462561
vn 0.931629761390126 -0.34492301364663 -0.11442946451462561
vn 0.931629761390126 -0.34492301364663 -0.11442946451462561
vn 0.9596072639617765 -0.16749565069181435 -0.22605111358079777
vn 0.9596072639617765 -0.16749565069181435 -0.22605111358079777
vn 0.902354400824666 -0.4177330945157184 -0.1060923986847311
vn 0.902354400824666 -0.4177330945157184 -0.1060923986847311
vn 0.9462462071151791 -0.041792992518120305 -0.32073581230744713
vn 0.9462462071151791 -0.041792992518120305 -0.32073581230744713
vn 0.9136250604087401 -0.35756191568112383 -0.19349089241504577
vn 0.9136250604087401 -0.35756191568112383 -0.19349089241504577
vn 0.22373608194611527 -0.6702817363822862 -0.7075765396815729
vn -0.052716400538676225 -0.30652681844617397 -0.9504011209418431
vn -0.052716400538676225 -0.30652681844617397 -0.9504011209418431
vn -0.1048572446421422 -0.24388179183198136 -0.964119613875208
vn -0.1048572446421422 -0.24388179183198136 -0.964119613875208
vn 0.7829705163097667 -0.5771409637987521 -0.23208937609262673
vn 0.7829705163097667 -0.5771409637987521 -0.23208937609262673
vn 0.8228940368599796 -0.5541925430904732 -0.12536358834685798
vn 0.8228940368599796 -0.5541925430904732 -0.12536358834685798
vn 0.7805317818859181 -0.1516596113566367 -0.6064400215595498
vn 0.8306106628570347 -0.37789000980714194 -0.40900497214111675
vn 0.05896931888107848 -0.9972792270226013 -0.04423531145933743
vn 0.47434238742444856 -0.8628656529972539 -0.17453413525753886
vn 0.4215741278465223 -0.9058872632479238 0.040540362795995113
vn 0.5074027685504826 -0.7962596273333693 -0.3294131696611862
vn 0.396505867219772 -0.9178574195083573 0.01791241786459646
vn 0.4100736837400968 -0.909704886447636 -0.06539566864189482
vn 0.5823670799790447 -0.7140669901376088 -0.38853174613214964
vn 0.5823670799790447 -0.7140669901376088 -0.38853174613214964
vn 0.48354997590446175 -0.8709055666008312 -0.08776625129558413
vn 0.6747975968113586 -0.5916910191361261 -0.44107815771274317
vn 0.7269740475829983 -0.433358357851702 -0.5326436593266353
vn 0.8050987931691064 -0.26337303452393696 -0.5314607962242386
vn 0.8589203251254786 -0.17527568396884224 -0.4811801218832683
vn 0.8878702966363614 -0.07563670833281697 -0.45383413787796534
vn 0.8878702966363614 -0.07563670833281697 -0.45383413787796534
vn 0.7413262235118347 -0.46838450317668157 -0.4806780497563982
vn 0.916329590137899 0.020319192889122772 -0.399909005447545
vn 0.8963548848807751 -0.41129826421705284 -0.165474040871709
vn 0.8627134565089122 -0.10799008611266041 -0.49402796809474825
vn 0.530394150707231 -0.4413426335260243 -0.7238084862226117
vn 0.22739353065222076 -0.6784510400426723 -0.6985673686070183
vn -0.04351278735614017 -0.3493283663833106 -0.9359894923429787
vn -0.04351278735614017 -0.3493283663833106 -0.9359894923429787
vn -0.04351278735614017 -0.3493283663833106 -0.9359894923429787
vn 0.7391260988380095 -0.3856023019736818 -0.5522711967223192
vn 0.7391260988380095 -0.3856023019736818 -0.5522711967223192
vn 0.4171260056030026 -0.90359700955553 -0.09756197913115053
vn 0.5879752238652853 -0.613688248651411 -0.5269457937850263
vn 0.45214077263384694 -0.8901236541717182 0.05699650871812545
vn 0.422565179834363 -0.90047559923585 -0.10287061763394605
vn 0.422565179834363 -0.90047559923585 -0.10287061763394605
vn -0.061071152253394614 -0.9796336056335656 -0.19128071799275037
vn 0.29566049419799667 -0.9463910648674425 -0.1301108162669972
vn 0.5174421415011904 -0.8524457991490669 -0.07476489625332564
vn 0.49766246230424843 -0.8630351036774283 -0.08661687730323289
vn 0.5896072315745835 -0.6556260505779192 -0.47171791812327296
vn 0.685699414436454 -0.5283816083419872 -0.5006287936260146
vn 0.6297615553946246 -0.5727176472936188 -0.5247807921650764
vn 0.7078513667823806 -0.4497718536986975 -0.5446574356095333
vn 0.7258122426650025 -0.36683847809284414 -0.5819159040515437
vn 0.7641454933480797 -0.3888767062806995 -0.5146421789050082
vn 0.9408747861607916 -0.31368150346052986 -0.12790055181126658
vn 0.9408747861607916 -0.31368150346052986 -0.12790055181126658
vn 0.9408747861607916 -0.31368150346052986 -0.12790055181126658
vn 0.9613762036305226 -0.13581655915503135 -0.2393943553057424
vn 0.9613762036305226 -0.13581655915503135 -0.2393943553057424
vn 0.9526449602723703 0.018992612459000614 -0.30349112069323564
vn 0.9526449602723703 0.018992612459000614 -0.30349112069323564
vn 0.9173687927830195 -0.36599301439220006 -0.15647239834531967
vn 0.9274990934074472 0.13303278070187893 -0.3493532753347096
vn 0.9274990934074472 0.13303278070187893 -0.3493532753347096
vn 0.9014287867251803 -0.37603308416607484 -0.2145349903295938
vn 0.5258782937163766 -0.4406312267917725 -0.7275274167850513
vn 0.03659203257041278 -0.4078816335083757 -0.9123012639467869
vn 0.03659203257041278 -0.4078816335083757 -0.9123012639467869
vn -0.2370287395693026 -0.30480315223290083 -0.9224491395231906
vn -0.2370287395693026 -0.30480315223290083 -0.9224491395231906
vn -0.39193070346123837 -0.9180299037968935 0.060095086480054974
vn -0.39193070346123837 -0.9180299037968935 0.060095086480054974
vn 0.5362650312179635 -0.8418347144999884 0.061107526177385414
vn 0.3607710528042074 -0.8833105388182481 -0.29934384822668436
vn 0.3607710528042074 -0.8833105388182481 -0.29934384822668436
vn 0.8697194789755002 -0.4570869068979164 -0.18617085548785592
vn 0.8739212230209475 -0.18693852799895247 -0.44868216222974183
vn 0.23482427942165612 -0.971986924647242 -0.009948673725515169
vn 0.357981129043709 -0.9334998896842934 -0.020675280119104536
vn 0.38354294675661094 -0.8935064384976135 -0.2335402585349387
vn 0.3693560939561635 -0.9277612368324875 0.05324625140325843
vn 0.4483716502500409 -0.850619795711058 -0.2746066758047463
vn 0.38361879679714656 -0.9227380510648602 -0.03729755837763306
vn 0.38379903996002157 -0.9181464642462734 -0.09851582166247375
vn 0.5242923543603171 -0.7908759781731811 -0.3156465021316244
vn 0.5242923543603171 -0.7908759781731811 -0.3156465021316244
vn 0.4424931377476887 -0.8906553920496422 -0.10456000984651272
vn 0.6117289969338616 -0.7010460760719998 -0.3664997046852064
vn 0.7105129495448553 -0.44277802212409884 -0.5469177009870325
vn 0.7615018662700573 -0.3754090455376995 -0.5283776643611015
vn 0.722444391507409 -0.25716205591852653 -0.6418269067086904
vn 0.7933534391681605 -0.14813862755759327 -0.5904619103595123
vn 0.7933534391681605 -0.14813862755759327 -0.5904619103595123
vn 0.844420858314335 -0.008250846954975214 -0.5356167823810298
vn 0.844420858314335 -0.008250846954975214 -0.5356167823810298
vn 0.86397934626836 0.07806167811803709 -0.49743950750929816
vn 0.6871574840842081 -0.5713305839672737 -0.44877160771452074
vn 0.8900595028874622 0.17545448009817916 -0.42072533407580964
vn 0.8554450663554709 -0.4676290041844179 -0.22256875992280145
vn 0.5773607017196499 -0.3887799956257933 -0.7179865842138009
vn 0.1357361647475294 -0.5576586017038482 -0.8188971715211505
vn 0.6221439877547535 -0.35329583509492013 -0.6986550732694896
vn 0.18714686515226864 -0.5091082259772072 -0.8401100315470703
vn 0.05017505316068188 -0.5401536130526813 -0.8400693651993609
vn 0.05017505316068188 -0.5401536130526813 -0.8400693651993609
vn 0.9121543350804989 -0.04269241068759487 -0.4076172556008084
vn 0.9121543350804989 -0.04269241068759487 -0.4076172556008084
vn 0.6467891420792112 -0.4710549340209173 -0.599809182009568
vn 0.41623833403613264 -0.9091006436182549 0.016782998888741157
vn 0.41623833403613264 -0.9091006436182549 0.016782998888741157
vn 0.2391659793199407 -0.9489371882771289 -0.20571302107701028
vn 0.2391659793199407 -0.9489371882771289 -0.20571302107701028
vn 0.37420021141003523 -0.786247400922928 -0.4917206791692061
vn 0.37420021141003523 -0.786247400922928 -0.4917206791692061
vn 0.3842055676982996 -0.9153059915800105 -0.12083469504807443
vn 0.3842055676982996 -0.9153059915800105 -0.12083469504807443
vn 0.033280781966163395 -0.9953718651250978 -0.0901512044795025
vn 0.033280781966163395 -0.9953718651250978 -0.0901512044795025
vn 0.22849552830308567 -0.9629528103941197 -0.14321898791556956
vn 0.5231543325345976 -0.8461669317116562 -0.10154342927024299
vn 0.5205643359109059 -0.8465651196557473 -0.11108676950873884
vn 0.4563371870367902 -0.8817564929483115 -0.11942302487729901
vn 0.5298770917834101 -0.6929139044613478 -0.48897912900990553
vn 0.6237112221165658 -0.5352904146879053 -0.5696037950620678
vn 0.6780740344156284 -0.49178997671161356 -0.5462217705816054
vn 0.6545624898865381 -0.38120499728378665 -0.6528634595988689
vn 0.733837484646938 -0.44177329500130463 -0.5160609479031961
vn 0.960534217511443 -0.12325967861056392 -0.24936132141633455
vn 0.9281368999839632 -0.317327633088751 -0.19458948626904185
vn 0.9425337110578598 0.04953941654854388 -0.33041799243916636
vn 0.9284315843555941 0.1380371085291479 -0.34490658132293356
vn 0.9284315843555941 0.1380371085291479 -0.34490658132293356
vn 0.855895144599831 -0.43413131565375146 -0.28102224506109375
vn 0.9017125005583084 0.20794968961068763 -0.37904022600207177
vn 0.9017125005583084 0.20794968961068763 -0.37904022600207177
vn 0.7925720278113333 -0.4956603089799595 -0.35517663047126613
vn -0.0235238534767233 -0.112995225210653 -0.9933170226051697
vn 0.5548251891245992 -0.22279460824348443 -0.8015806709561335
vn -0.20699594771604246 -0.05157344381341898 -0.97698150316286
vn 0.49406237161982025 -0.08465327920146994 -0.8652954381422778
vn 0.49406237161982025 -0.08465327920146994 -0.8652954381422778
vn 0.49406237161982025 -0.08465327920146994 -0.8652954381422778
vn 0.49406237161982025 -0.08465327920146994 -0.8652954381422778
vn -0.1716440234277891 -0.9744961967076355 -0.1445527302539589
vn -0.1716440234277891 -0.9744961967076355 -0.1445527302539589
vn -0.238694876242254 -0.6950902337258639 0.6781403416953005
vn -0.238694876242254 -0.6950902337258639 0.6781403416953005
vn 0.8255695694592056 -0.08161310100531688 0.5583674307543716
vn 0.8255695694592056 -0.08161310100531688 0.5583674307543716
vn 0.8255695694592056 -0.08161310100531688 0.5583674307543716
vn 0.16867376768406867 -0.831307452253717 -0.5296008685063639
vn 0.7406045101995508 -0.5276937416022421 -0.4159859066674129
vn 0.3147610014097136 -0.9473817005873415 0.05825311479905029
vn 0.3147610014097136 -0.9473817005873415 0.05825311479905029
vn 0.3147610014097136 -0.9473817005873415 0.05825311479905029
vn 0.3368952775710368 -0.9411829445559404 0.02600455397317326
vn 0.329344782691587 -0.9366874541061133 -0.11894800306873188
vn 0.37418261917561524 -0.9045540746646079 -0.20437537404132458
vn 0.36825213623270237 -0.9296979350467457 -0.007218983991395825
vn 0.43622113318171457 -0.8701061817840373 -0.22940434910189553
vn 0.3670400023906143 -0.9278815239125121 -0.065707794262874
vn 0.3471182350684898 -0.931970831489652 -0.10459110925610969
vn 0.49325146444473994 -0.826859469969764 -0.27019698322601676
vn 0.49325146444473994 -0.826859469969764 -0.27019698322601676
vn 0.395477160365425 -0.9103124384477417 -0.12218461456593706
vn 0.5398888405284901 -0.7706308700178267 -0.33859725640998667
vn 0.5026926027346801 -0.6826465222182552 -0.5303714480052204
vn 0.7199619054781813 -0.4113651011684913 -0.5589576085901895
vn 0.7519251143437778 -0.3793164509444865 -0.5391916657942475
vn 0.6693794189009692 -0.26052621892042854 -0.695742253141798
vn 0.6693794189009692 -0.26052621892042854 -0.695742253141798
vn 0.7104535434918878 -0.1611610889159424 -0.6850422366243178
vn 0.7104535434918878 -0.1611610889159424 -0.6850422366243178
vn 0.7104535434918878 -0.1611610889159424 -0.6850422366243178
vn 0.7981964146718183 0.0541837906238213 -0.5999554987152701
vn 0.8144269844889646 0.11841610952925823 -0.5680548494117156
vn 0.8377920797887924 0.18716620980414017 -0.5129066591015584
vn 0.7562046974887409 -0.37726546982504977 -0.5346262440000924
vn 0.5900914362821988 -0.6811021808994554 -0.43346501127590104
vn 0.9171324574138994 0.18292971659225152 -0.35412536529514604
vn 0.9171324574138994 0.18292971659225152 -0.35412536529514604
vn 0.8625849356049553 0.24750987814255548 -0.4412324660417142
vn 0.8625849356049553 0.24750987814255548 -0.4412324660417142
vn 0.6909731324970929 -0.5482771157369611 -0.4711139294547695
vn 0.4513267438774602 -0.4746419344338978 -0.7556581266272578
vn 0.5103461302839637 -0.22665779987573317 -0.8295619742127021
vn 0.7722559062043343 0.0670254558831946 -0.6317660988025334
vn 0.6093313009152257 0.144299549741632 -0.7796749358991354
vn 0.9091985396588996 0.0603807356383086 -0.4119613844110893
vn 0.37707828295699486 0.028389976403035276 -0.9257461735065609
vn 0.37707828295699486 0.028389976403035276 -0.9257461735065609
vn 0.8949963358347266 -0.1278210418186081 -0.4273679212468094
vn 0.9236918385217573 0.3562491419432677 -0.14099622800976438
vn 0.9236918385217573 0.3562491419432677 -0.14099622800976438
vn 0.5754796237463645 -0.5555237503578674 -0.6001804440675091
vn 0.5754796237463645 -0.5555237503578674 -0.6001804440675091
vn 0.5754796237463645 -0.5555237503578674 -0.6001804440675091
vn 0.20997609959779878 -0.9583511020076766 -0.19357996507481648
vn -0.0009203742802020824 -0.8627189303215448 -0.5056829047694152
vn 0.2020269597801843 -0.5920468626951033 -0.7801702505830771
vn 0.2020269597801843 -0.5920468626951033 -0.7801702505830771
vn 0.3536114364340006 -0.9247981230582566 -0.14038298903716406
vn 0.3536114364340006 -0.9247981230582566 -0.14038298903716406
vn 0.23687529456287298 -0.9638172334024938 -0.12225561509441998
vn 0.23687529456287298 -0.9638172334024938 -0.12225561509441998
vn 0.16100160335222452 -0.9867242899639117 -0.021299279641040024
vn 0.5263043088929951 -0.8419974157454588 -0.11850791669182165
vn 0.5263043088929951 -0.8419974157454588 -0.11850791669182165
vn 0.5407993252571753 -0.8325445415330661 -0.12002364835681689
vn 0.46696514048221155 -0.8733613520422139 -0.13850453542546703
vn 0.4152563648324558 -0.8974214990124377 -0.14898592073213995
vn 0.6028079345893024 -0.5686540561533706 -0.5596920210405885
vn 0.544084441933079 -0.5334487676949622 -0.6476144935770786
vn 0.6614532885547303 -0.4506235595280736 -0.5995147660052934
vn 0.5713897638455475 -0.4148182945526512 -0.7081239441488751
vn 0.5713897638455475 -0.4148182945526512 -0.7081239441488751
vn 0.7577021647443647 -0.03825233841072321 -0.6514784633031359
vn 0.7577021647443647 -0.03825233841072321 -0.6514784633031359
vn 0.6674177473678049 -0.5628815743489782 -0.48756321001168756
vn 0.9369401368221625 0.14505468926581785 -0.31796590561515303
vn 0.9593089622070502 -0.012417535202506285 -0.2820853059780441
vn 0.9410805460935536 -0.16292603354415067 -0.296348634816881
vn 0.9202965806201501 0.20001066790358496 -0.33622899402582995
vn 0.9052369928238295 0.25114452110957564 -0.34274249275500135
vn 0.9023573165319823 -0.27658655524499937 -0.33053161839513195
vn 0.8665244273931085 0.3052940945129787 -0.39488090937211134
vn 0.8983566633541041 0.2811941874055549 -0.337468716145083
vn 0.8559587883174727 -0.31601356312871837 -0.4092309624414744
vn 0.05901290359981237 0.06167835603813297 -0.9963499674337087
vn 0.714927223171705 0.07775378614091895 -0.6948621548974642
vn 0.48100181552782656 0.6390060668013409 -0.6002570283220474
vn 0.8148013700543608 0.5226442654251138 -0.250881843057204
vn 0.8148013700543608 0.5226442654251138 -0.250881843057204
vn 0.8148013700543608 0.5226442654251138 -0.250881843057204
vn -0.588948525122384 -0.3909778444157341 -0.7073018874089015
vn -0.588948525122384 -0.3909778444157341 -0.7073018874089015
vn -0.588948525122384 -0.3909778444157341 -0.7073018874089015
vn -0.588948525122384 -0.3909778444157341 -0.7073018874089015
vn -0.4293445947938726 -0.6735917334734355 0.6016123299247931
vn -0.4293445947938726 -0.6735917334734355 0.6016123299247931
vn 0.5324134270005297 0.21786531018258434 0.8179673889395578
vn 0.5324134270005297 0.21786531018258434 0.8179673889395578
vn 0.5324134270005297 0.21786531018258434 0.8179673889395578
vn 0.8752713058610542 0.4831621566938615 -0.021318336596026027
vn 0.8752713058610542 0.4831621566938615 -0.021318336596026027
vn -0.12664741634586504 -0.7613768196084855 -0.6358189761998183
vn 0.21729926344897907 -0.9692911914369274 -0.11513303742763278
vn 0.21729926344897907 -0.9692911914369274 -0.11513303742763278
vn 0.3302094940362993 -0.9433540117224597 -0.032324891576507614
vn 0.33062004611805196 -0.9437408920220843 0.006596501364948338
vn 0.363080214227055 -0.9222879520448318 -0.13250543969885023
vn 0.4169913553296635 -0.895280962148688 -0.15681265380845344
vn 0.33066340692577423 -0.9430073331887312 -0.03740161590783485
vn 0.4631034209974074 -0.8644161998592922 -0.19575457818737727
vn 0.32563811648944024 -0.9426472814450728 -0.07332066470936636
vn 0.3236277648774994 -0.9364436451852872 -0.13541923494277272
vn 0.5112981865536653 -0.8206005207612636 -0.2553212677261264
vn 0.5112981865536653 -0.8206005207612636 -0.2553212677261264
vn 0.3883553597793273 -0.9072569764482228 -0.16144625488594666
vn 0.5402328505403947 -0.7627122941113155 -0.3555536859722509
vn 0.5402328505403947 -0.7627122941113155 -0.3555536859722509
vn 0.5391492264557879 -0.5877639669805672 -0.6032011527934874
vn 0.7538491851178163 -0.3410118741562515 -0.5616247036782172
vn 0.7060723273481309 -0.32985070201717126 -0.6266261907484981
vn 0.5458796004160366 -0.24359917550712334 -0.8016700715019103
vn 0.5458796004160366 -0.24359917550712334 -0.8016700715019103
vn 0.6249512241511023 -0.12841607234711344 -0.7700294019029273
vn 0.6249512241511023 -0.12841607234711344 -0.7700294019029273
vn 0.6756623088517726 -0.01617149937158238 -0.7370338710026608
vn 0.718700695257494 0.10018175677270331 -0.6880646235974711
vn 0.7599030305306529 0.15987126883175792 -0.6300702830577343
vn 0.7850443824351294 0.1982320871270476 -0.5868640023381062
vn 0.8173570144317156 0.27883516075275633 -0.5041611489268651
vn 0.8173570144317156 0.27883516075275633 -0.5041611489268651
vn 0.7347475194505964 -0.4317653122877423 -0.5231871536709056
vn 0.5931993014778886 -0.7069122657712886 -0.385213755242785
vn 0.5931993014778886 -0.7069122657712886 -0.385213755242785
vn 0.8120771479274246 0.35370536910303413 -0.4641370677738918
vn 0.8308609870499643 -0.2913745484041145 -0.4741000872607572
vn 0.8313111418651459 0.09106124670024843 -0.5482970315077984
vn 0.44037234633148736 -0.17756587206429755 -0.8800809949456618
vn 0.7696714483673376 0.6343749233473598 0.07193273382929567
vn 0.74307028422126 0.5998620824090857 0.2966682234334704
vn 0.591784758380986 0.6092209642245415 -0.5278642027048982
vn 0.591784758380986 0.6092209642245415 -0.5278642027048982
vn 0.396273777487615 0.1482981091857875 0.9060765773860489
vn 0.396273777487615 0.1482981091857875 0.9060765773860489
vn 0.6435235524840227 0.3261737715062713 0.6924507983818906
vn 0.8799310884625278 0.2839548277514039 -0.38090804054761257
vn 0.6925896471582031 -0.12545380525232414 -0.7103385977102665
vn 0.6925896471582031 -0.12545380525232414 -0.7103385977102665
vn 0.8827067939349361 0.2527762276016183 0.396147566824032
vn 0.8386426557075011 0.527008495333336 -0.13762464123245904
vn 0.8386426557075011 0.527008495333336 -0.13762464123245904
vn 0.8386426557075011 0.527008495333336 -0.13762464123245904
vn 0.3360757384136994 -0.26856370596866 -0.9027328696165138
vn -0.018182186307358773 -0.9487536120208647 -0.3154932515576948
vn -0.15848246839768698 -0.9356835568600994 -0.3152452832830481
vn 0.023646953602034015 -0.5761910613247787 -0.8169728774168508
vn 0.023646953602034015 -0.5761910613247787 -0.8169728774168508
vn 0.3361544937467696 -0.9244793140976914 -0.17982812388309852
vn 0.3361544937467696 -0.9244793140976914 -0.17982812388309852
vn 0.2953931141624811 -0.9485803637017558 -0.11374621622206109
vn 0.5206197472032918 -0.8441969110544854 -0.1276191764118766
vn 0.1967671775272517 -0.9765941320459326 -0.08687104869523994
vn 0.5444667085164944 -0.8301142066645533 -0.12027637844104783
vn 0.5444667085164944 -0.8301142066645533 -0.12027637844104783
vn 0.4869011932072523 -0.8628491883607282 -0.13571479727202365
vn 0.4869011932072523 -0.8628491883607282 -0.13571479727202365
vn 0.4392514034327379 -0.8833311997834057 -0.16365877939047152
vn 0.4144750689454994 -0.891078262352899 -0.1849052394735248
vn 0.5976410416146231 -0.5126125137565013 -0.616484870956319
vn 0.5018041812476448 -0.5282411066169332 -0.684948098006337
vn 0.5018041812476448 -0.5282411066169332 -0.684948098006337
vn 0.6207469984502785 -0.4057276938217967 -0.6708637733407703
vn 0.4754988713286116 -0.39246000718157414 -0.7873220218743123
vn 0.65643022818164 -0.6137856092965207 -0.4385961483527859
vn 0.65643022818164 -0.6137856092965207 -0.4385961483527859
vn 0.8957543234326751 0.34108019057319916 -0.2851113741158367
vn 0.9227373824346612 0.28411922549552343 -0.26044575013129645
vn 0.9523280678110816 0.21511114868956718 -0.21632948243054326
vn 0.9670516542997745 0.18502041112879572 -0.17486722214812275
vn 0.8804327047373149 0.3705421946285385 -0.2958660751569915
vn 0.8718625769500189 0.38315182337018167 -0.30504151711230676
vn 0.931222344648001 0.2349069925390526 -0.2786461011472024
vn 0.8145603531153957 0.4248367842671276 -0.39497485725813997
vn 0.8714518572019347 0.388925523679852 -0.2988454410052988
vn 0.8871104406169152 0.0885592012446531 -0.4529816045088053
vn 0.7564290178057055 0.5284746893792309 -0.3853954380983526
vn 0.6593129926169455 -0.28388168095744704 -0.6962166106774972
vn 0.7627425356500144 0.631903672081097 0.1375557106070553
vn -0.47195886961764105 -0.5251398615405177 0.7081546096795841
vn -0.47195886961764105 -0.5251398615405177 0.7081546096795841
vn -0.47195886961764105 -0.5251398615405177 0.7081546096795841
vn 0.47415596377394714 0.5864295379587955 -0.6567164677598948
vn 0.47415596377394714 0.5864295379587955 -0.6567164677598948
vn 0.47415596377394714 0.5864295379587955 -0.6567164677598948
vn 0.47415596377394714 0.5864295379587955 -0.6567164677598948
vn 0.5314790576501968 0.18894454730204854 0.825729961503204
vn 0.5314790576501968 0.18894454730204854 0.825729961503204
vn 0.5314790576501968 0.18894454730204854 0.825729961503204
vn 0.8711048903413129 0.4860941999173732 0.06991923076048737
vn 0.8073580480024201 0.5878054656143893 0.05155304956618197
vn -0.32634056500050007 -0.8439088692791759 -0.4258164580979667
vn -0.2802968313492199 -0.8334127345537654 -0.476294971860088
vn 0.051124918807799645 -0.982149581373682 -0.18102055818165277
vn 0.051124918807799645 -0.982149581373682 -0.18102055818165277
vn 0.31846227256605886 -0.9477998321064237 0.01603930207635607
vn 0.3473686557182812 -0.9361923286566146 -0.05365576193643796
vn 0.29875931530676136 -0.9543077713389083 -0.006288805896284684
vn 0.3868493718157727 -0.9165386515803372 -0.10151090426668119
vn 0.42992261527819575 -0.8927648739480828 -0.1346752565129189
vn 0.2818207757269746 -0.9580321964040449 -0.052453417637824004
vn 0.470935262436248 -0.8646170081001705 -0.17509256951113522
vn 0.27527433609207064 -0.956251441577941 -0.09903141102286467
vn 0.26490454948466857 -0.9499155550054652 -0.1657890769049145
vn 0.516469635121602 -0.8158550506237456 -0.26007624337698493
vn 0.516469635121602 -0.8158550506237456 -0.26007624337698493
vn 0.516469635121602 -0.8158550506237456 -0.26007624337698493
vn 0.35913493742580843 -0.9112728114600896 -0.20150424266943998
vn 0.5654984728221323 -0.7584338209121404 -0.32402101248599213
vn 0.5654984728221323 -0.7584338209121404 -0.32402101248599213
vn 0.493544694707088 -0.5149423733267539 -0.700890852044095
vn 0.493544694707088 -0.5149423733267539 -0.700890852044095
vn 0.7378159390415705 -0.31306879138232635 -0.5980096754724082
vn 0.7002412649301095 -0.24526078305140359 -0.6704545616118162
vn 0.5113138635132668 -0.13358692963201807 -0.8489479755618872
vn 0.4433963411384814 -0.22934009614381404 -0.8664887794805848
vn 0.4433963411384814 -0.22934009614381404 -0.8664887794805848
vn 0.5933917777019864 -0.008269576479016364 -0.8048713016753264
vn 0.6442911265100757 0.10540374524854597 -0.7574820095473932
vn 0.6823139779143141 0.191022738602222 -0.7056613556654864
vn 0.7138164813444784 0.2093930567668005 -0.6682967744489292
vn 0.7547704450170204 0.29931146018276916 -0.5837244428084777
vn 0.7547704450170204 0.29931146018276916 -0.5837244428084777
vn 0.7700290608181707 0.38564929006770615 -0.5082616162624917
vn 0.6637033340481202 -0.49467062355287417 -0.561069388371189
vn 0.6637033340481202 -0.49467062355287417 -0.561069388371189
vn 0.5717484663098698 -0.7227665418004654 -0.38821671438271177
vn 0.5717484663098698 -0.7227665418004654 -0.38821671438271177
vn 0.7785613718255807 0.44306013608791767 -0.44445461648049706
vn 0.6008343741535241 -0.42964807474114813 -0.6740924170369873
vn 0.8227862393510353 0.5680321232555146 -0.019034476205356914
vn 0.8256210111534521 0.55323618803247 -0.1108136552652828
vn 0.7459953162895303 0.5629585185780857 0.35576494267205533
vn -0.7387228775179351 -0.28639037734084977 -0.6101385596716434
vn -0.7387228775179351 -0.28639037734084977 -0.6101385596716434
vn 0.7708529832156032 0.3814722598676408 0.5101613403807466
vn 0.8287271028564684 0.36941915036678574 -0.4204056140602866
vn 0.8287271028564684 0.36941915036678574 -0.4204056140602866
vn 0.8243770201109576 0.565510126450713 -0.02451174401540151
vn 0.8243770201109576 0.565510126450713 -0.02451174401540151
vn 0.522540329918292 0.1313029822491801 -0.8424435473438883
vn 0.8576656735668872 0.365745431863916 0.3614413803865507
vn 0.7452224321909368 0.6332239363228482 0.20897601065008004
vn 0.009414837673962487 -0.48509719856055455 -0.8744095543738499
vn 0.009414837673962487 -0.48509719856055455 -0.8744095543738499
vn 0.009414837673962487 -0.48509719856055455 -0.8744095543738499
vn -0.1207285029731193 -0.9629391655782488 -0.24119036457813847
vn -0.28008073275426165 -0.8885126020967934 -0.3634558282034023
vn 0.26453595508878236 -0.9411868748555088 -0.21020940765100546
vn 0.26453595508878236 -0.9411868748555088 -0.21020940765100546
vn 0.4959082248293915 -0.8641288853706176 -0.08576888721847585
vn 0.3156787963674822 -0.943636093223822 -0.09948779366967517
vn 0.5361971061938561 -0.839607386708144 -0.08690281637815635
vn 0.15185434121744962 -0.9852354477301788 -0.07906561572092227
vn 0.5037712195311521 -0.8571244632781363 -0.10748122078885301
vn 0.46409989321496253 -0.8734984570701253 -0.14700930111380975
vn 0.46409989321496253 -0.8734984570701253 -0.14700930111380975
vn 0.4263027343946352 -0.8875548288992421 -0.17467800189289467
vn 0.4263027343946352 -0.8875548288992421 -0.17467800189289467
vn 0.37037236814010116 -0.910332519624059 -0.1847133255431388
vn 0.5023419375703855 -0.4535313352212101 -0.7361806203171183
vn 0.5023419375703855 -0.4535313352212101 -0.7361806203171183
vn 0.41625498111802367 -0.4940162705613244 -0.7633346023305336
vn 0.5883424123567202 -0.2741524503280726 -0.7607191596123952
vn 0.5883424123567202 -0.2741524503280726 -0.7607191596123952
vn 0.37050971401873006 -0.3646179736945411 -0.8542694452435052
vn 0.37050971401873006 -0.3646179736945411 -0.8542694452435052
vn 0.5493445292418512 -0.6572134370354352 -0.5160339973026186
vn 0.8745874431266775 0.4262367921554066 -0.2311255099252559
vn 0.8680747645791694 0.42866825555572113 -0.2503791720164327
vn 0.8974336317110866 0.4038470684405686 -0.17753991659851712
vn 0.9366430781600831 0.33772476699275716 -0.0929608836796007
vn 0.928845411180829 0.356149645807664 -0.10199819566733645
vn 0.8620526955409674 0.42890594244099817 -0.27000896772024374
vn 0.8652532047214606 0.4205381239911434 -0.2729186288791077
vn 0.8389127538418873 0.5067952086725341 -0.19845404482646214
vn 0.7687520897809663 0.5046359450893241 -0.3928902994236456
vn 0.8263331650455701 0.4623817169240133 -0.3215223914444722
vn 0.5980469078512998 -0.11957893254005264 -0.7924902364711383
vn 0.7893889238246311 0.589622832169783 0.1709094576876146
vn 0.8076546133922545 0.572342391654837 -0.14183868365516195
vn 0.7784173904031246 0.5389897102214461 0.3218018933962183
vn 0.7647871576221685 0.31717265994718474 0.5608048745492782
vn 0.7647871576221685 0.31717265994718474 0.5608048745492782
vn -0.07698908553708066 -0.4992167720054882 0.8630499958035944
vn -0.07698908553708066 -0.4992167720054882 0.8630499958035944
vn 0.5043200996899204 0.30735895277579356 -0.8069645042982476
vn 0.5043200996899204 0.30735895277579356 -0.8069645042982476
vn 0.26100542935198084 -0.09452473708362873 -0.9606983084861028
vn 0.7327131166204953 0.6147370546215433 0.2919415051127713
vn 0.7894007428740759 0.542199203834375 0.28786540346354045
vn 0.6746115171044205 0.6334104651904479 0.3790652761428995
vn -0.394248224258419 -0.7494107049745091 -0.5319322634872722
vn -0.44209763858779855 -0.8148187482046557 -0.37499344731513623
vn -0.301454780976223 -0.7357323132861476 -0.6064841120863689
vn -0.301454780976223 -0.7357323132861476 -0.6064841120863689
vn -0.06228670685425727 -0.9882663226639243 -0.139463406087676
vn -0.06228670685425727 -0.9882663226639243 -0.139463406087676
vn 0.3222704872225834 -0.9464426171161624 0.01970039521502054
vn 0.2943390233216204 -0.9551809181560218 0.03152701921676191
vn 0.3601367260266426 -0.931446854727929 -0.0520412853824674
vn 0.2774584053815557 -0.9606990420626201 -0.008613005462010286
vn 0.38884609772730744 -0.9179103824125192 -0.07898887353006191
vn 0.42957241298983295 -0.8960717468599736 -0.11190606095028065
vn 0.2584811405314177 -0.9639405445072041 -0.06329397005033495
vn 0.4678974143098794 -0.8670860556934344 -0.17097889256902873
vn 0.4678974143098794 -0.8670860556934344 -0.17097889256902873
vn 0.2326690107455808 -0.9655052996685455 -0.11689588423304248
vn 0.21067337721665302 -0.9584921612029468 -0.19211846617291709
vn 0.49889256071861476 -0.8228947276406039 -0.2719383755208509
vn 0.2683734479323544 -0.9418297001334466 -0.2023178400226781
vn 0.4902821495554445 -0.7914878268019377 -0.36492524419617595
vn 0.3718516539624254 -0.47739821813891076 -0.7961264276251615
vn 0.6862220891150674 -0.3454683784997024 -0.6401178359234643
vn 0.6862220891150674 -0.3454683784997024 -0.6401178359234643
vn 0.6032939208403902 -0.1648881788175189 -0.78028734038383
vn 0.6032939208403902 -0.1648881788175189 -0.78028734038383
vn 0.6032939208403902 -0.1648881788175189 -0.78028734038383
vn 0.41486334100221434 -0.14442582184591665 -0.898348256678117
vn 0.4884197418937335 -0.02251652257966759 -0.87231826871812
vn 0.3233044919729802 -0.22554195567418528 -0.9190239559993838
vn 0.560617879634708 0.09870903162498976 -0.822170371705002
vn 0.620490406606502 0.19415690707066086 -0.7597991515828724
vn 0.6487059694894638 0.223551494728574 -0.7274649780940352
vn 0.6834936997821524 0.30069349717051935 -0.6651464373485494
vn 0.6834936997821524 0.30069349717051935 -0.6651464373485494
vn 0.7034303506493711 0.4144667661782844 -0.5774106350934473
vn 0.7034303506493711 0.4144667661782844 -0.5774106350934473
vn 0.715458875925323 0.4674299903119381 -0.5192569701185098
vn 0.5825895060025215 -0.5605609406373316 -0.5885243404715967
vn 0.48030213392225024 -0.751674308097784 -0.4519907020011036
vn 0.8663079635493935 0.4870607198910924 -0.11082584278981698
vn 0.810209444677098 0.5475843298602727 -0.20907428691138555
vn 0.7313147317983012 0.523575136485663 -0.43709019607947974
vn 0.814602696667818 0.5746619447489826 0.07865173767207022
vn 0.796733076622744 0.5539328423122527 0.24160879707313124
vn 0.808360427440371 0.5864062687828807 -0.05177940981278747
vn -0.4080033370019238 -0.9018387881468044 -0.14219731779888836
vn -0.4080033370019238 -0.9018387881468044 -0.14219731779888836
vn -0.4080033370019238 -0.9018387881468044 -0.14219731779888836
vn 0.7661374709696296 0.47690072047760323 0.43081211494595034
vn 0.7730231094441364 0.6162006106988462 0.15077161417086218
vn 0.7730231094441364 0.6162006106988462 0.15077161417086218
vn 0.7921515205406624 0.5958526356098613 -0.13211966220778162
vn 0.719812984925788 0.6316603384350784 0.28787928647318384
vn 0.719812984925788 0.6316603384350784 0.28787928647318384
vn 0.6186115961857375 0.25990430921448865 -0.741464390996812
vn 0.760417016013114 0.5128131124908325 0.3984829650250769
vn 0.633913287351748 0.6723712775766144 0.38219211034359585
vn 0.04162616455864407 -0.5360025506796329 -0.843189497141102
vn 0.04162616455864407 -0.5360025506796329 -0.843189497141102
vn -0.23530480913206664 -0.9513284825836162 -0.19901197206317983
vn -0.3850799405792672 -0.9148184431054004 -0.12174011466102391
vn 0.18464748370488904 -0.9623850484536272 -0.19929958673906523
vn 0.18464748370488904 -0.9623850484536272 -0.19929958673906523
vn 0.4158068459581168 -0.9087515713101844 0.03571062160806057
vn 0.4873102034361051 -0.8717333719268155 0.051085163170593806
vn 0.2652218605567319 -0.9633962387485084 0.03905191222017637
vn 0.47924809719000566 -0.8772569128698662 0.027231785872225005
vn 0.05391970506184269 -0.996888661406197 0.057494888171075946
vn 0.05391970506184269 -0.996888661406197 0.057494888171075946
vn 0.4433467638262847 -0.896300127356488 -0.009472523713558056
vn 0.3835715318787009 -0.9227576768362428 -0.037298120220823655
vn 0.3095581853543105 -0.9495556110000761 -0.0501783967302542
vn 0.3095581853543105 -0.9495556110000761 -0.0501783967302542
vn 0.22567382176715473 -0.9717758728575748 -0.06872393397430711
vn 0.22567382176715473 -0.9717758728575748 -0.06872393397430711
vn 0.396251254228653 -0.33357059365851854 -0.8554037658138541
vn 0.2911933053643384 -0.4693334681242069 -0.8336261479881105
vn 0.44545257000654387 -0.150930364455116 -0.8824919449830754
vn 0.44545257000654387 -0.150930364455116 -0.8824919449830754
vn 0.21918150225876887 -0.33668779471675886 -0.9157514935594453
vn 0.21918150225876887 -0.33668779471675886 -0.9157514935594453
vn 0.5269405739868002 -0.6698075403310039 -0.5231553214889362
vn 0.8306885751237217 0.5501501423462732 -0.08538917984906808
vn 0.8423432985595329 0.5042028832682395 -0.19036076243764039
vn 0.8432318709048005 0.4956254743851856 -0.2081235234922988
vn 0.8533201954148569 0.5213869531730962 -0.0005377341589637597
vn 0.8794549158637458 0.4748717276024195 0.03249451164405188
vn 0.8383039175923599 0.49891575245835856 -0.219839972930793
vn 0.8271662054198634 0.5038064753181314 -0.24894799464712616
vn 0.7788401742060591 0.6193501869743083 -0.09906224779180411
vn 0.7855276272744055 0.6142940370568005 -0.07476083750935936
vn 0.7353106240562105 0.5620893912060027 -0.3786473325453798
vn 0.7703256298743345 0.5413754961773384 -0.3369139298061904
vn 0.751393055855911 0.5639702647002162 0.34255804784807503
vn 0.7893337203713384 0.6054769305929942 -0.10173477480403816
vn 0.8771762772337929 -0.1623916948676401 0.4518746685711421
vn 0.8771762772337929 -0.1623916948676401 0.4518746685711421
vn 0.506551027427322 -0.6365105511383334 -0.5816015602643269
vn 0.506551027427322 -0.6365105511383334 -0.5816015602643269
vn 0.43590598847906503 -0.1844813506607965 -0.8808817176366288
vn 0.6497864920618267 0.6167994359228414 0.44422513501517463
vn 0.6400096171204711 0.6256640313703359 0.4460181720992175
vn 0.6846415513766078 0.5796358176618627 0.44191431863212527
vn 0.6254852631717361 0.6502529585305781 0.4312067665021203
vn -0.3502041511878764 -0.8126514814848481 -0.4657838792092966
vn -0.3502041511878764 -0.8126514814848481 -0.4657838792092966
vn -0.4874269372070107 -0.8360213817080172 -0.2519587867330901
vn -0.5117698291956676 -0.8591206231934935 -0.0018430216115370216
vn -0.15532992530398645 -0.8108342159521902 -0.5642875938262818
vn -0.2041686134137021 -0.9784595759706224 0.03052925626536346
vn 0.28375276256086884 -0.9564885868272552 0.06792608488846778
vn 0.3417258203997737 -0.9392706367551666 0.03152990012108492
vn 0.267088621243393 -0.9634924508927789 0.018600147174934988
vn 0.3898521632023648 -0.9198759616920048 -0.04293606814376418
vn 0.2616162300998713 -0.9648997786939165 -0.02292084694687413
vn 0.40418162017610765 -0.9121690183890502 -0.06771188819530329
vn 0.4259828738532008 -0.8985217979557097 -0.1058166800755285
vn 0.23895734684135744 -0.9689655954973586 -0.06328555232427265
vn 0.4352755185180018 -0.8759539592177331 -0.2079420215099936
vn 0.4352755185180018 -0.8759539592177331 -0.2079420215099936
vn 0.20013174096513117 -0.9715438799425545 -0.12668770897144144
vn 0.12904208328363384 -0.9785273238781478 -0.16072466259317542
vn 0.4448198602965056 -0.8417618732319481 -0.30589580032886804
vn 0.1228417356791784 -0.9867553511304186 -0.10594236636403453
vn 0.45574860031931486 -0.7903624472491528 -0.4094147228487459
vn 0.2655817682093554 -0.428609639476239 -0.8635740277143822
vn 0.570718333953817 -0.33777453662564144 -0.7484577113613783
vn 0.4445344730596586 -0.08564472798815305 -0.8916580526353178
vn 0.4445344730596586 -0.08564472798815305 -0.8916580526353178
vn 0.28557158339483923 -0.15333363855711388 -0.9460114513282598
vn 0.3822911074420058 -0.038722786958412865 -0.9232302285675759
vn 0.4622793738367793 0.09140644113132558 -0.8820105685561713
vn 0.152999909474664 -0.23992023788808606 -0.9586601624937113
vn 0.5248757047126686 0.18159991649421467 -0.8315810032291944
vn 0.5909039537083336 0.23113779503886794 -0.7729216242261757
vn 0.6154115301778792 0.295869236115189 -0.7305683018340831
vn 0.6154115301778792 0.295869236115189 -0.7305683018340831
vn 0.6401669144634288 0.42695779998453043 -0.6386652947035267
vn 0.6401669144634288 0.42695779998453043 -0.6386652947035267
vn 0.6487050773920342 0.49836125303820467 -0.5751676138622422
vn 0.6435323046874435 0.5574986665492618 -0.5244629725914521
vn 0.481260093618099 -0.5613800913058663 -0.6732318437032786
vn 0.47067108938813257 -0.7600522782592445 -0.44809514606511924
vn 0.8070193440369917 0.5901640152819758 0.02064493682139121
vn 0.6673443368460543 0.5904982731211808 -0.4538318251515678
vn 0.8190479204463406 0.507038015364429 0.26846406647412985
vn 0.8154805174238592 0.5703335493789723 0.0985452594237702
vn 0.7789934172653139 0.5047849944816494 0.37196957564224226
vn 0.7846383881873183 0.619334684574124 -0.027697441511400172
vn 0.7332022130505818 0.535198326529594 0.4194964434386203
vn 0.6786550657355083 0.7177576783816161 0.15572802212757228
vn 0.6786550657355083 0.7177576783816161 0.15572802212757228
vn 0.6786550657355083 0.7177576783816161 0.15572802212757228
vn 0.6630753797219081 0.7482499392724996 -0.021285421897345766
vn 0.8191464914662825 0.5383322295567641 -0.1979834238993841
vn 0.6177488526003146 0.7210755898213048 0.31374567546796894
vn 0.7690986263122941 0.23432063654966628 -0.5946268933469976
vn 0.7160343476231644 0.5338603815735645 0.449764278272516
vn 0.5733669453709337 0.6973927086092199 0.42999273939765575
vn 0.22953497143990687 -0.6335524580046618 -0.7388673628211847
vn 0.22953497143990687 -0.6335524580046618 -0.7388673628211847
vn -0.31720882938448397 -0.9404161656729277 0.12245813121860757
vn -0.419916320947119 -0.8933645218625905 0.15990658047579237
vn 0.055038557464895055 -0.9928730236113416 -0.1057067461284076
vn 0.055038557464895055 -0.9928730236113416 -0.1057067461284076
vn 0.2632826625383479 -0.9196599926906392 0.2913893228156653
vn 0.3455482404171501 -0.8900236438105413 0.2974127216559807
vn 0.3631753727241054 -0.8820244794153099 0.3002273577788313
vn 0.14256671096711496 -0.9404717909824521 0.30852478553639356
vn 0.32864025785903156 -0.9048651979995355 0.2705818810704265
vn -0.0890188753026347 -0.9399569781856474 0.32947916322578047
vn -0.0890188753026347 -0.9399569781856474 0.32947916322578047
vn 0.272399785995257 -0.9339546659326919 0.23135911171227302
vn 0.2058951390802557 -0.9625438868383525 0.17639857599549652
vn 0.14320848458077953 -0.9789865323051065 0.1451781647125329
vn 0.0718731143068903 -0.9925092135537656 0.09879127719953006
vn 0.0718731143068903 -0.9925092135537656 0.09879127719953006
vn 0.28992536493375665 -0.2286815778863276 -0.9293266480110466
vn 0.13439879019838108 -0.418021191715443 -0.8984404534915
vn 0.13439879019838108 -0.418021191715443 -0.8984404534915
vn 0.3343129804723735 -0.048789400722596674 -0.9411983985668527
vn 0.049899077358185225 -0.3086992176019219 -0.949849922424992
vn 0.3837634292740221 -0.6587696616061504 -0.6471075361168039
vn 0.7865583832240535 0.6130028185336551 -0.07452150192902794
vn 0.8011425688074304 0.596061107111855 0.053681850128523126
vn 0.784815338174291 0.6136609058916573 -0.08651692057975613
vn 0.7886507425304317 0.6039966875142467 -0.1149695950154489
vn 0.8100514130825871 0.5773282446791023 0.1025124678205079
vn 0.7906681411910105 0.5967213146683313 -0.13699475583412238
vn 0.7632658681779096 0.6115821282765332 -0.20830870084412745
vn 0.7700054876655703 0.6327901672514247 -0.08165876067404702
vn 0.7594983751321498 0.6448800711207979 -0.08539269314677228
vn 0.7575966540114292 0.6523705569606658 -0.02144682357640661
vn 0.7158197302464786 0.6290797712424998 -0.3030853925931485
vn 0.659873998145317 0.6636826155994515 -0.35226650752347266
vn 0.7168881640720923 0.6971628420432893 0.005944063212031002
vn 0.5619858043778121 -0.1901144378883476 -0.8050021466954118
vn 0.6322155756462672 0.5970020480022387 0.4938542503526642
vn 0.6205643597012501 0.6338980966608576 0.4615983952726866
vn 0.6061232480112991 0.6344536327337441 0.4796698824516592
vn 0.6764756212415138 0.5434011037220315 0.4970874916346074
vn 0.5650405227587358 0.6540244748105114 0.5029723590709226
vn -0.17650514987428179 -0.9285801726086444 -0.32647326859324527
vn -0.17650514987428179 -0.9285801726086444 -0.32647326859324527
vn -0.4050486527181807 -0.8990444193247308 -0.16629708660179293
vn -0.4050486527181807 -0.8990444193247308 -0.16629708660179293
vn -0.5674937309043975 -0.8227607851115091 0.031867787292188206
vn -0.5370661981072807 -0.8142167575174836 0.22047895733676437
vn 0.019256256223656155 -0.8873218757105826 -0.460748397155869
vn 0.019256256223656155 -0.8873218757105826 -0.460748397155869
vn -0.2854605650835199 -0.8791306999082151 0.3816300279866474
vn 0.29777899603472385 -0.9465234349235806 0.12418154718402488
vn 0.2556270928090932 -0.9646058569565008 0.06473275945907075
vn 0.36325093028063365 -0.9302189074648409 0.052359773158139084
vn 0.23657757095219664 -0.9715939169338029 0.006026068335867936
vn 0.40900286022603755 -0.9116611919980862 -0.039881466015541926
vn 0.22294207235164604 -0.9744176407513486 -0.02840939577197811
vn 0.4037785303394592 -0.9118311566256874 -0.0743427215238163
vn 0.40705883371695417 -0.9010711879283495 -0.14957880925581027
vn 0.20156083944775416 -0.9778271163324807 -0.056809845678561115
vn 0.3995250094720834 -0.8822797976676072 -0.2489219263824259
vn 0.3995250094720834 -0.8822797976676072 -0.2489219263824259
vn 0.13958538842241627 -0.9868021447304504 -0.08208194986930004
vn 0.06879289153389227 -0.9939790538070031 -0.08528293303669252
vn 0.3931839225955128 -0.8501258021576363 -0.35027492562020635
vn 0.019391483787562374 -0.9994905193606125 0.02535097759002497
vn 0.019391483787562374 -0.9994905193606125 0.02535097759002497
vn 0.37808056838540194 -0.8199040064043394 -0.42989824853270164
vn 0.1271667830211397 -0.3406978882959936 -0.931532907742236
vn 0.1271667830211397 -0.3406978882959936 -0.931532907742236
vn 0.3789170620739538 -0.28414115592535655 -0.8807301877298435
vn 0.3789170620739538 -0.28414115592535655 -0.8807301877298435
vn 0.33157833072043796 -0.0513661557560451 -0.9420283056466476
vn 0.2241477734640495 -0.03368717159218212 -0.9739727666219565
vn 0.11811040198349324 -0.16942800375599318 -0.9784396171898175
vn 0.33825436818219373 0.07348539159608328 -0.9381811550162554
vn 0.42777367554713647 0.17170053370626187 -0.887428086795701
vn -0.004302329450931741 -0.2528243724761613 -0.9675026235847275
vn 0.4860852021952892 0.2357202604042785 -0.8415207276364046
vn 0.5310764911579919 0.31192943470171963 -0.787818372663383
vn 0.5310764911579919 0.31192943470171963 -0.787818372663383
vn 0.5476764150694177 0.44098798086956364 -0.7110415916845485
vn 0.5476764150694177 0.44098798086956364 -0.7110415916845485
vn 0.5641444769120206 0.5238969184516679 -0.6381794637925208
vn 0.5859675420172784 0.5781890770437283 -0.5677494437597895
vn 0.5881569992215885 0.6151198159856097 -0.5250704297982185
vn 0.2626782731436398 -0.5193353451862845 -0.813197961174595
vn 0.2626782731436398 -0.5193353451862845 -0.813197961174595
vn 0.29623996278482007 -0.7526083947621097 -0.5880667382048136
vn 0.7609424289610394 0.6481857131342568 -0.028668817476631952
vn 0.7685159451137167 0.6349916566917524 0.07854195081505416
vn 0.571653806510361 0.7024181037719572 -0.4240527478930217
vn 0.8039205233268156 0.5223867817935288 0.284295343580121
vn 0.7836003841625606 0.4604924883166813 0.4170336990510459
vn 0.7973483775454389 0.5907985549201386 0.12325839658997916
vn 0.7472812093272091 0.49280084207832847 0.44577811098499914
vn 0.7812306348472188 0.62402011671197 -0.01666100582169573
vn 0.5044903899845281 0.7659490615255462 0.3985115827192402
vn 0.5119053543534963 0.8335411258949444 0.20775490277249775
vn 0.5119053543534963 0.8335411258949444 0.20775490277249775
vn 0.5495343515317468 0.7515466413977149 -0.3649515615672812
vn 0.7491264457603403 0.6155968402409404 -0.24464279786629795
vn 0.4572223800115136 0.7485563393475484 0.48021984761065933
vn 0.6624993466174798 0.2317023797878798 -0.7123262054228002
vn 0.7100667104170437 0.5048588930295884 0.4908388379972154
vn 0.4966213180119268 0.6856991934038569 0.5321502444436128
vn 0.3163627067629094 -0.5888661108116134 -0.7437414478884782
vn -0.3841165912212158 -0.7565469169373811 0.5292364375410454
vn -0.4858983306540169 -0.6904263878527124 0.5359237028013368
vn 0.04443587332222389 -0.9984276581138428 -0.03417110878210912
vn 0.04443587332222389 -0.9984276581138428 -0.03417110878210912
vn 0.14894413140821983 -0.8621419796986333 0.4842797255309915
vn 0.2150346900634562 -0.8564621670085514 0.46928950398696284
vn 0.23762960507828282 -0.84538888133823 0.4783824935133345
vn 0.22479222728269677 -0.8501828946448584 0.4760856017635632
vn 0.03503610928714074 -0.8632021199773598 0.5036413119598223
vn 0.1942045653999921 -0.875820136698749 0.44184123271915793
vn -0.07858056730740363 -0.7991542812819117 0.5959677249234541
vn -0.07858056730740363 -0.7991542812819117 0.5959677249234541
vn -0.07858056730740363 -0.7991542812819117 0.5959677249234541
vn 0.14556607922853648 -0.9081092938232648 0.39261689603205135
vn 0.09417700775884985 -0.9424061038019829 0.32093835346738453
vn 0.057450694676474116 -0.9677769775694914 0.24516757405425876
vn 0.05221815359920519 -0.9854448837390246 0.16177652965517042
vn 0.17586398546760587 -0.11324086842644486 -0.9778795244474007
vn -0.03280125871782964 -0.349612736360862 -0.9363199303661097
vn -0.03280125871782964 -0.349612736360862 -0.9363199303661097
vn 0.233617422714489 0.06073782892148722 -0.9704297068526622
vn -0.12434659434392767 -0.2995452471087581 -0.9459442739451516
vn 0.22063519611179894 -0.6102342161820866 -0.7608773302164696
vn 0.22063519611179894 -0.6102342161820866 -0.7608773302164696
vn 0.7432999195482614 0.6686300797820608 -0.020953424784107555
vn 0.7743171461300863 0.6138463746100075 0.15370616639259702
vn 0.7412155450055776 0.6665007097461262 0.07985186128071463
vn 0.7389912540863957 0.6733040154889509 -0.023529324475449653
vn 0.7325808502461013 0.6795914262724847 -0.0384810497469771
vn 0.7277952705625217 0.6824595029215649 -0.06755050716964461
vn 0.659175665410614 0.737681714501078 -0.14599017165968536
vn 0.7371788658713497 0.6714278493945318 -0.07584169545879393
vn 0.6966743727481429 0.7156712065819687 -0.04959377405976073
vn 0.7045599256013156 0.7088005576788673 0.03459885360522125
vn 0.6115350075401881 0.7635709430477683 -0.20732667335864913
vn 0.5408695797958956 0.7859478988034005 -0.299576364251139
vn 0.507284205495085 0.8614812774549706 0.022643839112928662
vn 0.6308121895210225 0.6040343276403137 0.4870508316221293
vn 0.6648069145037584 0.553237517874857 0.5019561885699388
vn 0.5800586790418465 0.6205801208950523 0.5276478393949037
vn 0.5177202785710767 0.6175295072689636 0.592134292883327
vn 0.6922255199179921 0.4965571362802053 0.5236934599395595
vn 0.4623860586744213 0.6615001799527331 0.5904376721263946
vn -0.054362265270024905 -0.9764341951370153 -0.2088564260008306
vn -0.20861041731041632 -0.9727399932817393 -0.10128474347015733
vn -0.20861041731041632 -0.9727399932817393 -0.10128474347015733
vn -0.49046618088533217 -0.8673299680549041 0.0847446276859826
vn -0.49046618088533217 -0.8673299680549041 0.0847446276859826
vn -0.5981934346202856 -0.7379042706995573 0.31250904316601835
vn -0.5157898595056 -0.4689671632115617 0.71695928800769
vn -0.5157898595056 -0.4689671632115617 0.71695928800769
vn 0.06750080003035508 -0.9046096819986781 -0.42086216892174155
vn 0.06750080003035508 -0.9046096819986781 -0.42086216892174155
vn -0.23177913313898343 -0.7391773737027844 0.632372709442142
vn -0.23177913313898343 -0.7391773737027844 0.632372709442142
vn 0.24647929267501947 -0.9579326719006727 0.14701344968287994
vn 0.28546055240525814 -0.9449844654866829 0.15973926570925867
vn 0.21418106484597382 -0.9756674055243687 0.04689973623371183
vn 0.3289581847399313 -0.9421894327523752 0.06376194399770632
vn 0.20741226689097897 -0.9782348704394627 -0.006057210532355863
vn 0.3564194413484202 -0.9325794322279156 -0.05710327849028234
vn 0.2078231821331762 -0.9777665394985934 -0.02796639420780704
vn 0.3885764893115423 -0.9175917075098103 -0.08386757575814134
vn 0.3754047268442001 -0.8995557580242685 -0.22331755253095298
vn 0.18592791218531343 -0.9820729877578883 -0.03103962285055743
vn 0.3316268808276416 -0.8942567998460799 -0.3005468147253894
vn 0.3316268808276416 -0.8942567998460799 -0.3005468147253894
vn 0.16113038445585284 -0.9857772640433788 -0.04775128166091053
vn 0.13498629272260892 -0.9896736479068307 -0.048215883438892715
vn 0.292747532109634 -0.8620360037446158 -0.4137545295120426
vn 0.067381576332847 -0.9961250608053626 0.056520672381116334
vn 0.067381576332847 -0.9961250608053626 0.056520672381116334
vn 0.23946458483437225 -0.8265321550078238 -0.5094127102342701
vn -0.00018937740439510685 -0.20604463136394893 -0.9785425764995066
vn -0.00018937740439510685 -0.20604463136394893 -0.9785425764995066
vn 0.24333564115892395 -0.273750683367286 -0.9305097146713298
vn 0.24333564115892395 -0.273750683367286 -0.9305097146713298
vn 0.21013509402302336 -0.0132040376248238 -0.977583191166019
vn 0.16460023758499823 0.05689829194009884 -0.9847179018182118
vn 0.0615128641245835 -0.022102045059546827 -0.9978615470852538
vn -0.05588577007124092 -0.1762298248413779 -0.982761328878951
vn 0.28487637364751117 0.16323119027237934 -0.944563936565284
vn 0.38689555986081386 0.22957631511379312 -0.8930882046577256
vn -0.16965333860984255 -0.26505935443611683 -0.949189803634891
vn 0.43866847394605285 0.3093356468628845 -0.8437306605462208
vn 0.43866847394605285 0.3093356468628845 -0.8437306605462208
vn 0.4617401432104284 0.4499106185606593 -0.7644452076207803
vn 0.4617401432104284 0.4499106185606593 -0.7644452076207803
vn 0.4639222535859485 0.5401784677437419 -0.7021277416636934
vn 0.4823460442804955 0.5907495086160988 -0.6468054666101671
vn 0.5113971875918714 0.6400981603656182 -0.5733648590728908
vn 0.49509743309379606 0.7211852897683773 -0.48453102023052746
vn 0.19398088908326247 -0.4752483338868225 -0.8582018619230947
vn 0.19398088908326247 -0.4752483338868225 -0.8582018619230947
vn 0.17759735933754595 -0.6996856948150418 -0.6920253654509515
vn 0.7159304176509561 0.6981716320698393 -0.00009620324405199179
vn 0.7232965481020223 0.6764129076710733 0.13895208468987882
vn 0.45948573453479424 0.8118941100663677 -0.36013999194557833
vn 0.7982512524796007 0.5278062696338218 0.29019903454349744
vn 0.7980565798475783 0.4424308082537648 0.40909739093510056
vn 0.763377744563526 0.42701373184367725 0.48467895758124296
vn 0.7779265213921697 0.6127999557117902 0.1389479816129268
vn 0.7123811674353884 0.7016251519094309 0.015336834466779449
vn 0.3456040423554159 0.6131736286199758 0.7103350949183121
vn 0.3171823402062547 0.5768075187590258 0.7527871208810231
vn 0.39479493053059395 0.7579404511717163 0.5192910891830889
vn 0.39479493053059395 0.7579404511717163 0.5192910891830889
vn 0.471474788803733 0.8654520965782362 -0.16942311545598088
vn 0.5069296065849965 0.6567453956971303 -0.5583080325395654
vn 0.3250359312536274 0.5078293836153923 0.7977850340354211
vn 0.4316171799578846 -0.4867083460047202 -0.7594877193836332
vn 0.7299618780135831 0.43333187492204545 0.5285632817586059
vn 0.34570444645691045 0.4332181863142828 0.8323523525205442
vn -0.3616731365959511 -0.3768213884304701 0.8527591591335619
vn -0.3616731365959511 -0.3768213884304701 0.8527591591335619
vn -0.22167345306994873 -0.5213482244805825 0.8240490938257196
vn -0.22167345306994873 -0.5213482244805825 0.8240490938257196
vn 0.3477243201483904 -0.9336766644753496 -0.08564860414230469
vn 0.12559962248753706 -0.9920805673802339 0.0009394985372959036
vn 0.12559962248753706 -0.9920805673802339 0.0009394985372959036
vn 0.12559962248753706 -0.9920805673802339 0.0009394985372959036
vn 0.18964636201519586 -0.8234441771471478 0.5347653172157465
vn 0.11732976273060598 -0.8028003837941852 0.5845898310418073
vn 0.11732976273060598 -0.8028003837941852 0.5845898310418073
vn 0.2019862290008948 -0.8343105525611006 0.5129595161210958
vn 0.21301304449132938 -0.8328135279296097 0.5109276568888911
vn 0.19668114602167405 -0.8457368150773878 0.49603000556655563
vn 0.0017095376743038 -0.7537602086023474 0.6571473391931875
vn 0.0017095376743038 -0.7537602086023474 0.6571473391931875
vn 0.1594424894246999 -0.8746776636211285 0.4577303543881903
vn -0.08119478647641808 -0.5844111317245838 0.8073853081183977
vn 0.12032038987143383 -0.904967868261079 0.4081129270143063
vn 0.1145177758213377 -0.9336481488497071 0.33939182837901194
vn 0.12019448714605513 -0.9621384133251035 0.24462820537286623
vn 0.12178766667515706 -0.9805603575136748 0.15384781284917617
vn 0.09316298160376228 0.020941033498105468 -0.9954306263998152
vn 0.09316298160376228 0.020941033498105468 -0.9954306263998152
vn -0.18639704653171962 -0.25721636508496976 -0.9482066665958049
vn 0.13755844117942911 0.13767517687269545 -0.9808788003282349
vn -0.2876228998145455 -0.29546594722219294 -0.9110285075311115
vn 0.12264836023721462 -0.5816854217578661 -0.8041140776317102
vn 0.12264836023721462 -0.5816854217578661 -0.8041140776317102
vn 0.7305563930357284 0.6828502681804256 -0.0016934699722546567
vn 0.7085000632397217 0.6791959174666071 0.19162611013639033
vn 0.6774765707443751 0.7245297876483058 0.1268151524966259
vn 0.7096946638666439 0.7041880293071648 -0.021276829174081385
vn 0.6940882673344136 0.7198176250537186 -0.010201167126142413
vn 0.643342361981261 0.7627315357938358 -0.06596369900141216
vn 0.5864543711968673 0.8009891232986305 -0.12036484063620329
vn 0.6566840477596226 0.7524973827306807 -0.050137315459776004
vn 0.6601741534546172 0.7509930898830031 -0.013396494260034277
vn 0.6857938920678454 0.7231103908041896 0.08245059316613981
vn 0.5289006156620057 0.8313580034975531 -0.17061069360656655
vn 0.43074074519610084 0.8679013874913521 -0.24740572349582757
vn 0.37895967193196506 0.8071401424931219 0.45267467062494277
vn 0.37895967193196506 0.8071401424931219 0.45267467062494277
vn 0.5823125862686381 0.26896322109020526 -0.767183705232268
vn 0.6336208004657828 0.5617481486757643 0.53194332280465
vn 0.5797880448416675 0.5850872555330878 0.5670262132136713
vn 0.6580969164853724 0.5222111995631451 0.5424056706592087
vn 0.5336703005069968 0.5628826558087637 0.6311569742516075
vn 0.4690026151286259 0.6179007039388004 0.631058845967985
vn 0.671765803955794 0.47845789766295105 0.5655163523715073
vn 0.3238098521011877 0.4320741062261645 0.8417001523173605
vn -0.09333873114423215 -0.9830250291670517 -0.15795465583357154
vn -0.09333873114423215 -0.9830250291670517 -0.15795465583357154
vn -0.05769512025348748 -0.9978328839745744 0.03163556160271827
vn -0.23280102983039253 -0.9600133680771571 0.15549280891109407
vn -0.23280102983039253 -0.9600133680771571 0.15549280891109407
vn -0.5268514870967581 -0.7312752769074232 0.43320200822238325
vn -0.5268514870967581 -0.7312752769074232 0.43320200822238325
vn -0.4804938778710081 -0.3522690647210598 0.8031389290583731
vn -0.4804938778710081 -0.3522690647210598 0.8031389290583731
vn -0.23688599898566057 -0.08446920499269799 0.9678584487891125
vn 0.14597102101173445 -0.8966388746519646 -0.41800859977714644
vn 0.16550589676325508 -0.9787897814341107 0.12074088742740287
vn 0.18527129324809466 -0.9608084576202327 0.20620779729100533
vn 0.21570579681762175 -0.9629905212301417 0.16161765138800566
vn 0.16695696356712528 -0.9859029509244207 0.01098834268508464
vn 0.24434738011396998 -0.967994040815135 0.05728782399276245
vn 0.18164116556378135 -0.9829885972334 -0.027201188976650425
vn 0.27515602164544045 -0.9597575086865472 -0.05616661171947394
vn 0.18748625616285564 -0.9819693120834462 -0.02419036743002496
vn 0.3152825176830613 -0.9359271945785318 -0.156962481159636
vn 0.2936434366956313 -0.9133003698783848 -0.2822338861043879
vn 0.1948373720621989 -0.9804100768229066 -0.028887362496406648
vn 0.24651348460571276 -0.8905524564408407 -0.3822923282446738
vn 0.24651348460571276 -0.8905524564408407 -0.3822923282446738
vn 0.20685141836462048 -0.9772919099526045 -0.045967526165058205
vn 0.2014518174724606 -0.9794140651393763 -0.012855125211515998
vn 0.2014518174724606 -0.9794140651393763 -0.012855125211515998
vn 0.18313095068384633 -0.86532253475004 -0.46656185630138747
vn 0.004685499043227549 -0.5851313822466976 0.8109249728604893
vn 0.14898695369904946 -0.9864429055602024 0.06879884953560436
vn 0.09347162921531671 -0.7766507085784891 -0.6229580494675104
vn -0.12168897896435638 -0.03780950066487648 -0.991847888568648
vn -0.12168897896435638 -0.03780950066487648 -0.991847888568648
vn 0.11426134174848632 -0.22856297623864788 -0.9668005542379292
vn 0.04703786970778899 0.017436452215858152 -0.9987409118222189
vn 0.0042762366829361504 0.0486787448724337 -0.9988053331843378
vn 0.1206737252712623 0.1291147489224178 -0.9842597389103431
vn -0.10429515933284085 -0.023058897638441034 -0.994279038791142
vn -0.20988234893609678 -0.17243519704422725 -0.9624009052496704
vn 0.24145704354540287 0.21413697166397944 -0.9464902817720283
vn 0.318721264233818 0.3126732709079121 -0.8947916972038488
vn 0.318721264233818 0.3126732709079121 -0.8947916972038488
vn -0.307653287153637 -0.29298756387566033 -0.9052666691742095
vn 0.34475078479230153 0.4452683239226856 -0.826367361465937
vn 0.34475078479230153 0.4452683239226856 -0.826367361465937
vn 0.37043395607624924 0.5596402878870305 -0.7413375967529376
vn 0.37422354641049466 0.6074005739308257 -0.7007291060748482
vn 0.37417688130787286 0.6641713232597656 -0.6472002123408843
vn 0.3728451938610571 0.7453683438340137 -0.5526413786759458
vn 0.3630781070945184 0.8318595650791833 -0.4197427213602796
vn -0.003620186490990981 -0.3933560490066609 -0.9193790909954608
vn -0.007719430407331976 -0.6693419641143012 -0.7429143594451489
vn -0.007719430407331976 -0.6693419641143012 -0.7429143594451489
vn 0.6826641668652362 0.7252553817255981 0.08929874890640974
vn 0.706915342821531 0.6895552524900269 0.1574301491040782
vn 0.343972261712383 0.8872374192806942 -0.3073968851511043
vn 0.7572201506151632 0.572177709339028 0.3150084323282354
vn 0.7419532497465551 0.4934058660488386 0.45393394512761626
vn 0.7388885095423946 0.41248956736976006 0.532819038020721
vn 0.7300175047743546 0.6692856797283057 0.13831529790173272
vn 0.694861781867848 0.7189927823331981 -0.014713363048796413
vn 0.27795188158269135 0.6758848073510297 0.6825851439320247
vn 0.08183744586469625 0.36479687854409804 0.9274836224208087
vn 0.00305666276240285 0.26814465896677525 0.9633738104600668
vn 0.28716396288308416 0.9532064464501058 0.09452157884443389
vn 0.4412062210887183 0.7251780103402625 -0.5286340168694696
vn 0.056607702142870885 0.10514757377118768 0.9928441749781971
vn 0.5472564421675276 -0.4694245221253901 -0.6929292925930386
vn 0.6552690395136345 0.45710533569584366 0.6013960408360445
vn 0.10206951052748091 -0.002024888582268456 0.9947752081987717
vn -0.12147797548548268 -0.2146442068614345 0.969108335498552
vn -0.2707220310540832 0.05375925966589563 0.9611553068584321
vn -0.017539998458140568 -0.2880265703164546 0.9574617711667808
vn 0.2673098975024295 -0.9565022351751762 -0.11682847598994162
vn 0.19866676365259334 -0.9800165165700934 0.009957121553167109
vn 0.19866676365259334 -0.9800165165700934 0.009957121553167109
vn 0.19946303799198958 -0.8074332997976066 0.5552170412126726
vn 0.20801299697414416 -0.7641763049576376 0.6105449762557436
vn 0.20801299697414416 -0.7641763049576376 0.6105449762557436
vn 0.13230734933933266 -0.712762050798393 0.6888142160644398
vn 0.20799073108137575 -0.820449572190898 0.5325432895793614
vn 0.21252829045478663 -0.8318698488040164 0.5126639058946403
vn 0.2035320125120238 -0.8507626121608118 0.4845386441060376
vn 0.06397071570530598 -0.5709719141984427 0.8184734697769481
vn 0.18847233517558792 -0.8865508653787518 0.4224993987802196
vn 0.07582015663925194 -0.3062052474210004 0.9489413313261486
vn 0.18555974849022777 -0.9148198768748851 0.35870903614888683
vn 0.18434170003003916 -0.9377686277597662 0.2942926068041805
vn 0.17502783317254508 -0.9591660542518322 0.22218401829540965
vn 0.18064901592242474 -0.970573066526365 0.15922894077355323
vn -0.023739248081384782 0.1841641630930003 -0.9826087772520584
vn -0.023739248081384782 0.1841641630930003 -0.9826087772520584
vn -0.2876102497443642 -0.14927164541350932 -0.946043508575334
vn 0.009024804235564378 0.21412600049065722 -0.9767643568550116
vn -0.38493524057399336 -0.2781564752272575 -0.8800305880214563
vn -0.12045106247198234 -0.5038113575411729 -0.8553745714959564
vn 0.6636027136818646 0.7458539649105675 0.05773475055156104
vn 0.6842692124733333 0.7113458129927054 0.16050787893082177
vn 0.6481586368106215 0.7499742130017872 0.132019170426672
vn 0.6257029146238885 0.7794500406137785 0.03087874379488253
vn 0.6493156167548734 0.7604342844485554 -0.011354685088188213
vn 0.5886878551757428 0.8047613529551125 -0.07619562952322413
vn 0.5126685712353168 0.8505996424880039 -0.11683828253966544
vn 0.6776660608894681 0.730449728370851 -0.08492293118764593
vn 0.629041415584499 0.7769328732606137 -0.02611911036878902
vn 0.6894756700665249 0.7095094472482598 0.14566964217634834
vn 0.3910586907312262 0.9086318686132412 -0.14649651103008862
vn 0.3189955373650247 0.929053881232985 -0.18735189592615686
vn 0.10733826833890352 0.5186663091392687 0.8482120937087931
vn 0.1144529520028311 0.8322137692124109 0.5425133768960078
vn 0.1144529520028311 0.8322137692124109 0.5425133768960078
vn 0.051753901849914345 0.9467358669252354 0.31782500203827985
vn 0.6365140509447319 0.2238067031773961 -0.7380788728603416
vn 0.5972911664033345 0.5380888534903795 0.5947298952347638
vn 0.5515060295133674 0.5509521235624932 0.6263328643400248
vn 0.5124748244732142 0.5474024303439274 0.6616042121500663
vn 0.6269707160952126 0.5075241389818608 0.5910388900146735
vn 0.47845368634858587 0.5545516155475688 0.6808484234490306
vn 0.3653849977803582 0.4464641169805307 0.8168008298513431
vn 0.6164560091473626 0.49502674906389493 0.6123156918594674
vn 0.15663525483975477 -0.011013612981380172 0.9875951079619529
vn -0.12180313915487596 -0.9753401041186026 -0.18405346122779442
vn -0.12180313915487596 -0.9753401041186026 -0.18405346122779442
vn -0.24580926521776625 -0.9685955387973496 0.037423085855844855
vn -0.1058156770373099 -0.9884864420038658 0.10815542736115381
vn -0.4139906003924865 -0.7958014888110069 0.44194091595240836
vn -0.4139906003924865 -0.7958014888110069 0.44194091595240836
vn -0.47495228825022917 -0.3105010738832332 0.8234132662298017
vn -0.47495228825022917 -0.3105010738832332 0.8234132662298017
vn -0.21775602345520984 0.16298949008263852 0.9622976360625518
vn 0.2995664719739453 -0.8647038179985526 -0.40317147221475086
vn 0.09140521424318708 -0.9777601306241263 0.18875967199338076
vn 0.10309416594145132 -0.9932682789409122 0.05281779055010459
vn 0.09244896388298209 -0.9698520811534255 0.22547755932538519
vn 0.11292630241818832 -0.9819006156680251 0.15204877892607083
vn 0.12038506181968027 -0.9920736233592172 -0.03601892177155807
vn 0.13849070742313638 -0.9881565752565834 0.0660825751209776
vn 0.14550675357777923 -0.9886634465584028 -0.037045567920004574
vn 0.15738909810459656 -0.9855157936923762 -0.06314500915122023
vn 0.16830985894291678 -0.9849875671512774 -0.03835731924969902
vn 0.23054806671094438 -0.9467690497926793 -0.22466854539635253
vn 0.18423314865920493 -0.9205648391028848 -0.3444104004564832
vn 0.1864675080284817 -0.980575514299197 -0.06084019400457011
vn 0.09043995055336905 -0.8848646648628586 -0.4569848358764711
vn 0.09043995055336905 -0.8848646648628586 -0.4569848358764711
vn 0.1973204894603097 -0.9797621885207947 -0.033625561468725765
vn 0.22362097067875913 -0.9745972846365611 -0.012401381041295194
vn 0.22362097067875913 -0.9745972846365611 -0.012401381041295194
vn -0.014709249519678159 -0.8383295222306214 -0.5449653659959925
vn 0.10840557020338765 -0.3177951051501802 0.9419418790410925
vn 0.20871804270127622 -0.9727225720515269 0.10123031399936588
vn -0.11279413489320547 -0.7246042258868609 -0.6798721931073489
vn -0.2306904716453443 0.10661419184664886 -0.9671687135081111
vn -0.2306904716453443 0.10661419184664886 -0.9671687135081111
vn -0.09262561874787315 -0.1665383010141529 -0.9816748387561398
vn -0.12759813148060706 0.025011720982517246 -0.991510529775731
vn -0.16029258873402283 0.04736225103379714 -0.9859326057971494
vn -0.049504480269802933 0.11018071765125098 -0.9926779517502502
vn 0.0773713328092551 0.19976658161117325 -0.9767840036214281
vn -0.276328333156606 -0.01419953576760492 -0.9609583890465165
vn -0.38461359113234617 -0.13809415679329448 -0.9126896457042939
vn 0.18455653150843143 0.30821383922412354 -0.9332433316066627
vn 0.20828182676392495 0.44098421256019593 -0.8730129465893082
vn 0.20828182676392495 0.44098421256019593 -0.8730129465893082
vn -0.45122115449267874 -0.2735588170404518 -0.8494498474646532
vn 0.22612161869188685 0.5467988236876473 -0.8061513877516842
vn 0.26069613816305265 0.6184142119290474 -0.7413510545153665
vn 0.2764131977584476 0.673037815991365 -0.686014462202163
vn 0.2632859590487989 0.747927768788287 -0.6093312370485603
vn 0.24279064434762673 0.8350839868543927 -0.49364707830254256
vn 0.23665117754530093 0.8946115232299221 -0.3790335640423694
vn -0.2355529011830042 -0.314724854816671 -0.919490672331642
vn -0.2010760516377042 -0.5874811311677277 -0.7838586237196593
vn -0.2010760516377042 -0.5874811311677277 -0.7838586237196593
vn 0.622698666544879 0.7714481973092885 0.13082067707927023
vn 0.7339514889817041 0.6669121798779176 0.128620978662206
vn 0.24344487949337162 0.9357602820052163 -0.25512209874876723
vn 0.7037469483844748 0.6019291654646878 0.3773877480821599
vn 0.6687961547794802 0.5057432448107495 0.5449178595719506
vn 0.6371317719295103 0.4765697431493825 0.6057593458730075
vn 0.7124216973542247 0.683230263704502 0.16016158059035887
vn 0.6921223683790074 0.7217374116280554 -0.007857216165316408
vn 0.04754718925837995 0.6917103220114325 0.720608142624317
vn 0.021041087843092814 0.9988448637344193 -0.04319966219484442
vn 0.43277397185208993 0.7938920155537257 -0.42713248170492646
vn 0.6481764089602836 -0.4675330057948444 -0.6010659126583283
vn 0.5999226736415028 0.49281765396440863 0.6302567299060339
vn 0.14997240746048068 -0.9742834467364752 -0.16816671018903126
vn 0.23084808541387855 -0.9712939086452665 0.05742216026367497
vn 0.2110846366469621 -0.7996927033035307 0.5620808273324321
vn 0.2110846366469621 -0.7996927033035307 0.5620808273324321
vn 0.2256574323685393 -0.7567234701424507 0.6135538386746561
vn 0.2256574323685393 -0.7567234701424507 0.6135538386746561
vn 0.2421232058685379 -0.6795416179030472 0.6925312575744509
vn 0.20050614778343115 -0.5441242568342639 0.8146938552766976
vn 0.2339514196849304 -0.8103954875123115 0.5371460574621103
vn 0.23153881112598143 -0.8322615402035844 0.5037166938273183
vn 0.236196832700355 -0.8483262127857849 0.4738709665329242
vn 0.17560130108533784 -0.30660590472753463 0.9354982641583824
vn 0.2315468275846356 -0.8825486677743062 0.40926020530377505
vn 0.14568257683773905 -0.14315507161730376 0.9789194105114889
vn 0.2354380768920069 -0.9097184491501386 0.3420252260071766
vn 0.22378206553165975 -0.93396819890393 0.27861261741445364
vn 0.21543048043049207 -0.9544993451136291 0.20620550011854819
vn 0.2319460013269522 -0.9606116224342646 0.15305673233362732
vn -0.11629391208660689 0.34661251312215496 -0.9307714497978203
vn -0.11629391208660689 0.34661251312215496 -0.9307714497978203
vn -0.3679708400847286 -0.06755437445668297 -0.9273801094152847
vn -0.16982157677886817 0.2898009190662444 -0.9419002385437106
vn -0.16982157677886817 0.2898009190662444 -0.9419002385437106
vn -0.4716484057742403 -0.22575343231579875 -0.8523984802475035
vn -0.31060368463498816 -0.38302928304667094 -0.8699505269955999
vn 0.5860883183815906 0.8040997419866647 0.09961971689188129
vn 0.7088914619168838 0.7018950090042998 0.06939950688727527
vn 0.6715358999393306 0.7387738722277115 0.05703245397443782
vn 0.5722985149130847 0.8198928067182638 0.015817563653276526
vn 0.47272923284621743 0.8801757040618038 -0.042635693871859184
vn 0.3659158637316363 0.9256805156853204 -0.09602688972412803
vn 0.6114668870683388 0.7800075443117218 -0.13302810543547886
vn 0.6790262526289613 0.7337498139675758 -0.023120526447675156
vn 0.7861659362425322 0.6033482286798454 0.13384332497661547
vn 0.2950779451888513 0.9481505008606936 -0.11806622709624152
vn 0.22811462197064833 0.9635306056874452 -0.13990171959905728
vn -0.26492487969393247 0.3325328476808789 0.9051169611339746
vn -0.15961515884584532 0.9155139057567266 0.36926587905285724
vn -0.15961515884584532 0.9155139057567266 0.36926587905285724
vn -0.17354163521830956 0.8204131719775571 0.5447986124169907
vn -0.2295286806347363 0.949284850317294 0.21488335841602488
vn 0.710050441605814 0.1917720079417767 -0.677533665101128
vn 0.5464444497183609 0.5114572401513201 0.6631816906917685
vn 0.5804547782072531 0.5086824398307842 0.6358572370148581
vn 0.49898438643505394 0.520084013029221 0.6932006935119539
vn 0.4649254617787761 0.524599366357001 0.7131898904272443
vn 0.5778827842188856 0.5233026361612941 0.6262633940204945
vn 0.3852148298894089 0.4556586622655579 0.802486584520661
vn 0.207505938300001 0.0745353091581309 0.9753900621079434
vn 0.5561002778401534 0.5264579955790287 0.6431131003773873
vn 0.12024460794261174 -0.982847515486404 -0.1398284504774706
vn 0.12024460794261174 -0.982847515486404 -0.1398284504774706
vn -0.3002003528937274 -0.9534337480157629 -0.029048859996506332
vn -0.3002003528937274 -0.9534337480157629 -0.029048859996506332
vn -0.3015344036830644 -0.9534552953977219 -0.00005543953180245132
vn -0.42419530629815966 -0.8549646470839092 0.29848583609829377
vn -0.5452246099564668 -0.23110480732261285 0.8058043762168313
vn -0.5452246099564668 -0.23110480732261285 0.8058043762168313
vn -0.5452246099564668 -0.23110480732261285 0.8058043762168313
vn 0.45454302772982613 -0.8406278003261346 -0.2945089765372977
vn 0.04699107247244004 -0.9925884983743503 0.11207101321413233
vn 0.024519534526402705 -0.9752175110416461 0.21988542149116086
vn 0.06406397593865323 -0.9977439422415024 -0.020070692746324025
vn 0.012501687607081355 -0.9815936578070172 0.1905717680035931
vn 0.0961254057762888 -0.9926663899571624 -0.07330310098323632
vn 0.02398325875447366 -0.9985667287823984 0.0478465408189109
vn 0.14502842942765173 -0.9872299163153562 -0.06590786743419397
vn 0.010054660288730295 -0.9955161144272624 -0.09405620512291492
vn 0.18793707605035226 -0.9799790727630241 -0.06573182176212246
vn 0.08230276526497182 -0.9477452512825019 -0.30822912500477057
vn 0.007067437438978351 -0.9019845924031501 -0.43171037327746636
vn 0.19423007609562631 -0.9794510268289247 -0.054317249411693594
vn -0.0877279247673411 -0.848516803443927 -0.5218458062390805
vn -0.0877279247673411 -0.848516803443927 -0.5218458062390805
vn 0.20603885061937277 -0.9772176291341639 -0.05092835501811955
vn 0.20603885061937277 -0.9772176291341639 -0.05092835501811955
vn 0.2289907791413266 -0.9734280740069072 -0.0010038941435824005
vn -0.17978566594426326 -0.7779157035986523 -0.6020998857462037
vn 0.20304401132371158 -0.11170208331823796 0.9727773507066979
vn 0.24978769533327114 -0.9629377442756872 0.10176938591415657
vn -0.2582863525024238 -0.6520864255805483 -0.7127913114541856
vn -0.2582863525024238 -0.6520864255805483 -0.7127913114541856
vn -0.32655984640999647 0.2184436749905663 -0.9195874224723255
vn -0.32655984640999647 0.2184436749905663 -0.9195874224723255
vn -0.27295123699458385 -0.14640071542209776 -0.9508230396593387
vn -0.28540791823819295 0.08039357164628576 -0.9550283733192928
vn -0.28540791823819295 0.08039357164628576 -0.9550283733192928
vn -0.32953636921151713 0.036042923967190894 -0.94345465656744
vn -0.2142628117822957 0.12203729064544377 -0.9691224624262219
vn -0.10704163305698264 0.22756172290679189 -0.9678624649505667
vn 0.020448081890922225 0.34793199103078176 -0.9372967542696059
vn 0.020448081890922225 0.34793199103078176 -0.9372967542696059
vn -0.438367531065017 -0.017313492841462958 -0.8986290395227554
vn -0.5105522706390004 -0.10779877404468802 -0.8530626021927248
vn 0.13086511223389086 0.4330991022914154 -0.8917956548416128
vn 0.13086511223389086 0.4330991022914154 -0.8917956548416128
vn 0.11835084676721558 0.5182982278577896 -0.8469710880950766
vn -0.542439214948606 -0.22377432578038706 -0.8097436317795117
vn 0.1266911017120304 0.5983524262550498 -0.7911534230107881
vn 0.14875091484528402 0.659154469071635 -0.7371489342294285
vn 0.15321391089905326 0.7458620311597701 -0.6482401776974636
vn 0.12187027654890026 0.8375364948154519 -0.5326164244051634
vn 0.10262173719628534 0.8936222408819297 -0.43693028008593676
vn 0.117417683489852 0.9315463726209899 -0.34414305638869525
vn -0.3543027072866006 -0.2715951226931469 -0.8948215916810904
vn -0.3543027072866006 -0.2715951226931469 -0.8948215916810904
vn -0.3533992511330758 -0.4724002138299102 -0.8074323546106116
vn 0.6400782359473766 0.7664094918231538 0.05400317314630331
vn 0.5544286986852238 0.8289330632384437 0.0740188809989705
vn 0.7461664764053891 0.6615488674276452 0.07475751128793381
vn 0.09994369161475339 0.9760875131763694 -0.19303995733419022
vn 0.6284114026436098 0.5100150030461174 0.5873532205541738
vn 0.6679539245296636 0.6164115219745957 0.41698248198501464
vn 0.5915462631616959 0.48294469925812095 0.6456294881725251
vn 0.6837077430977845 0.6988604961403211 0.21008981165834406
vn 0.6670045775034067 0.7450452360227998 0.0035341009086336515
vn -0.36803461440820867 0.41810420843829793 0.8305055047882497
vn -0.05454392418131561 0.9902899373263564 -0.12787024816220532
vn 0.41874297970737684 0.7586427895698482 -0.499114650936502
vn 0.664911218284812 -0.49280429460652103 -0.5612815683918156
vn 0.5525890003576939 0.503210366761478 0.6643980158515401
vn -0.039447453203882925 -0.9675194106196703 -0.24969999701620638
vn 0.26273830165370515 -0.9631645107689761 0.05729493903727966
vn 0.2432956876569476 -0.7612997989654193 0.6010239799398568
vn 0.2432956876569476 -0.7612997989654193 0.6010239799398568
vn 0.24625332327273514 -0.7878737941310899 0.5644591971955236
vn 0.24625332327273514 -0.7878737941310899 0.5644591971955236
vn 0.29251225655911095 -0.6661194902339498 0.6860913966033676
vn 0.3008607226590436 -0.48343546550176875 0.8220541200287037
vn 0.25252990710474865 -0.2785310910435508 0.9266331946027814
vn 0.23991242301688606 -0.8063937605021538 0.5405285675201283
vn 0.24970498772552271 -0.8216889636425043 0.5123228143788875
vn 0.2673974279148224 -0.8407440605376796 0.4707951149015374
vn 0.24382704591999307 -0.10735754799769237 0.9638582512827562
vn 0.2769080511278027 -0.8700820811443246 0.4077733479424113
vn 0.29754972529305024 0.15168863542152314 0.942578760031217
vn 0.26704318890453516 -0.9052907938804625 0.3303581598431898
vn 0.2619410386100863 -0.927455221973046 0.2668589581160757
vn 0.2724465946160048 -0.9411874734313203 0.19984742414679843
vn 0.2867162734945442 -0.9470116799055791 0.1447848632827848
vn -0.24704149288222804 0.45974370693538263 -0.8529983732269558
vn -0.24704149288222804 0.45974370693538263 -0.8529983732269558
vn -0.24704149288222804 0.45974370693538263 -0.8529983732269558
vn -0.46506560089065413 -0.009643556913313983 -0.8852236941464425
vn -0.34619400039013487 0.3801634624393085 -0.8576861057053634
vn -0.5476228531893409 -0.16578180897594338 -0.8201375509494914
vn -0.3941228513603795 -0.3165716090979087 -0.8628149247368899
vn -0.3941228513603795 -0.3165716090979087 -0.8628149247368899
vn 0.6001656540842908 0.7991742344376439 0.03349224788784915
vn 0.6882089830935721 0.724935755123312 0.02892311416677952
vn 0.6733890577456296 0.7391707683785343 0.013181505344233324
vn 0.465811390378977 0.8844945813627959 0.026250412054991755
vn 0.3666925478414937 0.9296662173883972 -0.035458420780728306
vn 0.2911042889966697 0.9519326376612477 -0.09530239389985444
vn 0.6782646396155858 0.7202542617690127 -0.14557086607805153
vn 0.8092363546293533 0.5871684601696299 -0.019228149370680084
vn 0.7664364921633645 0.640349198164153 0.05027929883006619
vn 0.2230708602369737 0.9674459710037578 -0.11953110265421613
vn 0.09336961622241359 0.9845915053534393 -0.14785696585662628
vn -0.2571815460015761 0.7980411964557638 0.5449659633001792
vn -0.2527230175272857 0.8753042697283344 0.4122784396585035
vn -0.2527230175272857 0.8753042697283344 0.4122784396585035
vn -0.49718792109125726 0.3775857597874537 0.7811742220060037
vn -0.3157673226074375 0.9024537337080084 0.2930328590615827
vn 0.7745686510161296 0.1246043902123301 -0.6200944692567951
vn 0.5121663510970894 0.47997442076783453 0.7122571054138209
vn 0.5481142397577454 0.48643663489037037 0.6804044241561935
vn 0.5573333132983739 0.5205350173746944 0.6468561459664607
vn 0.46848994898305113 0.4950306143426604 0.7317525938221103
vn 0.426603061879377 0.4420261803342619 0.7890644355781365
vn 0.5398602985772157 0.5459703109999239 0.640677202284244
vn 0.5373461154339666 0.5225289970433548 0.6619838362655786
vn -0.08518034333970095 -0.9950804843830152 -0.05058793046364406
vn -0.08518034333970095 -0.9950804843830152 -0.05058793046364406
vn 0.23850112251427688 -0.9393949162508289 -0.24628115210370488
vn -0.32695394562023467 -0.9435923972036236 0.05229249834230236
vn -0.5934889795064087 -0.6147525784810324 0.5194709794159476
vn -0.5934889795064087 -0.6147525784810324 0.5194709794159476
vn 0.38107319363523173 -0.8187330637069565 -0.4294873589358198
vn -0.06945832081241468 -0.9860093604319368 0.15152914838579032
vn -0.015221262767791168 -0.9997891430281289 0.01378341912710116
vn -0.0953952718306142 -0.9711666435508778 0.21848362081969835
vn 0.039512088208548166 -0.9942827869151694 -0.09919946839375632
vn -0.11540668647551595 -0.981509098090537 0.15271276005050302
vn 0.1007415408952958 -0.987647990837803 -0.12001078339921145
vn -0.13234324707602113 -0.9911774362682825 -0.00724946798116965
vn 0.16368074727292037 -0.9798407265921982 -0.11454590120755569
vn -0.16211179649972443 -0.971633628424209 -0.1721855323505378
vn 0.2221644464862098 -0.9709966534448454 -0.0883654780804525
vn -0.09299873934248098 -0.9236678112149305 -0.37173782294263374
vn -0.13556724786168553 -0.8650500419215524 -0.48302168303165116
vn 0.2545944124637975 -0.9655933267770658 -0.05302086783345297
vn 0.2545944124637975 -0.9655933267770658 -0.05302086783345297
vn -0.1990052028890796 -0.7942336258745296 -0.5740991872083376
vn -0.1990052028890796 -0.7942336258745296 -0.5740991872083376
vn 0.2477868514967027 -0.9678105794695286 -0.04409488056686652
vn 0.26134616445246217 -0.9651584143199703 0.01293899506712556
vn -0.2956206894773325 -0.7033093687600203 -0.6465016162140108
vn 0.3207637951432335 0.17337635082486813 0.9311558562882811
vn 0.29637997593636783 -0.9502224086036553 0.09610558803433963
vn -0.38504218651914385 -0.5466266217203052 -0.7436005991304762
vn -0.38504218651914385 -0.5466266217203052 -0.7436005991304762
vn -0.38504218651914385 -0.5466266217203052 -0.7436005991304762
vn -0.41052208944932594 0.3059193166563681 -0.8590023200030721
vn -0.3884014425010886 -0.11350936134765567 -0.9144724951301275
vn -0.3884014425010886 -0.11350936134765567 -0.9144724951301275
vn -0.489672454280695 0.1905881803574984 -0.8508213872645295
vn -0.3586914420805642 0.14106037746634562 -0.9227363758339742
vn -0.4450301155105951 0.017362046694812876 -0.8953472821331362
vn -0.2535904779612213 0.2599829266875286 -0.9317192427541606
vn -0.2535904779612213 0.2599829266875286 -0.9317192427541606
vn -0.1252213390829477 0.39321534957340737 -0.910879413038925
vn -0.1252213390829477 0.39321534957340737 -0.910879413038925
vn 0.0032572950539406123 0.484889319125008 -0.8745694587780994
vn -0.5177428632037604 -0.05042028711671756 -0.8540492504818679
vn -0.5882535567892094 -0.10964692746484199 -0.8012086521140197
vn -0.002085110797437504 0.5731348788859257 -0.8194583960869384
vn -0.6253885429986933 -0.1736130361758314 -0.7607546805349152
vn 0.010586576551676866 0.6296322354880277 -0.7768211972077386
vn 0.00843207991563362 0.7283018721840554 -0.6852045555901508
vn -0.013510242418127412 0.8239783835936442 -0.5664601457474382
vn -0.009765117881351643 0.8817059561096713 -0.47169826100325374
vn 0.0003854387944725079 0.9166178104589331 -0.3997644818970381
vn -0.01931109665876897 0.9696341483858512 -0.24379643112621774
vn -0.45761171739361384 -0.19606814538763437 -0.867265125822733
vn -0.45761171739361384 -0.19606814538763437 -0.867265125822733
vn -0.460119053031699 -0.368940102473636 -0.807572695070825
vn -0.460119053031699 -0.368940102473636 -0.807572695070825
vn 0.6617198359287287 0.7494169812410358 -0.022384078404734227
vn 0.5276651115777466 0.8493796753781444 -0.011121918816564344
vn 0.6976124011125246 0.7158256135057257 0.030506210239383758
vn -0.0688328688608533 0.9779741587594211 -0.19704969160896235
vn 0.6082838434403774 0.49231913919689274 0.6225854407146323
vn 0.5578586879381625 0.4692314715313615 0.6845549725306397
vn 0.6601832989864838 0.6158453714651826 0.4299912675674176
vn 0.6885416650043755 0.6870750928163187 0.2320305850194094
vn 0.7125896440665125 0.7015226714330388 0.009052106639562348
vn 0.005460948419997099 0.9953895923340481 -0.09575874641729493
vn 0.568580898319922 0.6176027956797248 -0.5433990695927798
vn 0.676145374443408 -0.40521559099356197 -0.6153273579441447
vn 0.5222120882232175 0.5106948615246635 0.6829972864703426
vn -0.21865638713261093 -0.9163901619298646 -0.33528861520229203
vn 0.30046012936927174 -0.9532556761124121 0.032051936273309635
vn 0.26723904663825465 -0.6501455481203059 0.7112622991634124
vn 0.22875499425465207 -0.7358461521960853 0.6373394644157615
vn 0.22875499425465207 -0.7358461521960853 0.6373394644157615
vn 0.254389490078996 -0.7705251435836621 0.5844458832455967
vn 0.3629076812194047 -0.41575768971529237 0.83393258621699
vn 0.3239650951463978 -0.22780586266656627 0.9182325991063087
vn 0.2883622187975204 -0.08447578079688091 0.9537877506179917
vn 0.26904742713428165 -0.799946272563751 0.5363762140175349
vn 0.29841858852371667 -0.8099469733522998 0.5049081563818927
vn 0.3166969681036059 -0.8276479747470198 0.46335932092830495
vn 0.3161383054915827 0.1864961258126464 0.930202003254016
vn 0.31860801082567564 -0.8598486051484779 0.3989352223882006
vn 0.315191095279884 -0.8953161732106342 0.31474358364187965
vn 0.31308461542512167 -0.9185388789395827 0.2413800974822044
vn 0.2989854292491463 -0.9336761473261912 0.19712068641018865
vn 0.30994039000860985 -0.9363465075591444 0.16490049248896826
vn -0.3962272273213827 0.49039573818776516 -0.776219044018173
vn -0.3962272273213827 0.49039573818776516 -0.776219044018173
vn -0.5271600992534713 0.03433844389579643 -0.849071905686371
vn -0.5475543678029376 0.433733577792814 -0.7155832570672473
vn -0.5475543678029376 0.433733577792814 -0.7155832570672473
vn -0.6091427854033316 -0.08818579538974688 -0.7881423300918105
vn -0.5603999895942303 -0.21772869661416672 -0.7990907747768603
vn 0.6247807572686167 0.7767269401905691 -0.07965089911011797
vn 0.7060140089130262 0.7081294372761964 0.009844759085671891
vn 0.727820077591143 0.6851007742509079 -0.03024671512791089
vn 0.4305279297938977 0.9003577322339843 -0.06325864110030831
vn 0.34947302605364755 0.9306354236676692 -0.10856478377358138
vn 0.2750385438945791 0.9486959862526856 -0.15597988665335716
vn 0.7736892708851856 0.6283867962238628 -0.08083901563390898
vn 0.7835197435729294 0.6202447404106289 -0.037326577988914866
vn 0.7408001128191181 0.6711693735159755 -0.02732882912521172
vn 0.1678581969970194 0.9647302889213002 -0.20277843903811527
vn 0.028639738058169134 0.96634454713551 -0.2556520714279965
vn -0.3785615613852322 0.33557576726791905 0.8626007469647372
vn -0.2637751440840427 0.6983174192491656 0.6654137474809398
vn -0.3414377854853444 0.7916651933298795 0.5066423396369755
vn -0.3414377854853444 0.7916651933298795 0.5066423396369755
vn -0.5522562284694686 -0.5699828287015496 0.6083852669995042
vn -0.5522562284694686 -0.5699828287015496 0.6083852669995042
vn -0.3714968832901147 0.8622174104115391 0.3443416949614878
vn 0.83653882737141 0.0669047467688614 -0.5438074522842259
vn 0.47367107158623145 0.4469278702679084 0.7588749532829128
vn 0.45257067574958354 0.45618516076697213 0.7662081196043128
vn 0.5098779604163982 0.45158152059564566 0.732187541370473
vn 0.5565882104463449 0.5644804611480959 0.6095665451566125
vn 0.40829561210170495 0.43457720800738237 0.8027685490968129
vn 0.5307621804698038 0.5567324599005501 0.639015239157895
vn 0.49049618876140766 0.5471689705087703 0.6782474522789643
vn -0.3148635011339643 -0.9484963361464885 0.03486654514501805
vn -0.03298531341922781 -0.9806605188716047 -0.19291686246958914
vn -0.03298531341922781 -0.9806605188716047 -0.19291686246958914
vn 0.16258723624943677 -0.9085057508781208 -0.3849450496241664
vn 0.35498271288306504 -0.7781579094817688 -0.5181288849940163
vn -0.17318936186223843 -0.9848722845051626 0.0056593419522642605
vn -0.2774374290037499 -0.9462266495423437 0.16638389550572516
vn -0.04193509507550668 -0.9901636283877301 -0.13348197188779257
vn -0.26874429586123066 -0.9462521429726543 0.1799538423088289
vn 0.05407367165607012 -0.9834527771922665 -0.17290654431353844
vn -0.335841165515026 -0.9367506726928784 0.0985336935009996
vn 0.12368032264578678 -0.9754092645270566 -0.1824279158051759
vn -0.3699604538507589 -0.9271473056623483 -0.059389697672144116
vn 0.18981166253126294 -0.9689693917645938 -0.15833461589453743
vn -0.390115204501729 -0.8835889765668551 -0.25899931989507563
vn 0.23401521564061345 -0.966877894972951 -0.10190198752405259
vn 0.23401521564061345 -0.966877894972951 -0.10190198752405259
vn -0.25966241357126935 -0.8852836285582615 -0.38580866758674714
vn -0.289837658704527 -0.8211520074397587 -0.4916335141895154
vn 0.26130391599018343 -0.9634954954444386 -0.05828116116268657
vn -0.3574212721372389 -0.7234755616498173 -0.5906209833042502
vn -0.3574212721372389 -0.7234755616498173 -0.5906209833042502
vn 0.27902341424186755 -0.9600091331387199 -0.02298692226146081
vn 0.28237673455327844 -0.9593000945210959 -0.002590064640889985
vn -0.46889558193629305 -0.5964594669682752 -0.6514392047647626
vn -0.46889558193629305 -0.5964594669682752 -0.6514392047647626
vn 0.3249830174819537 -0.9379419307029533 0.12104120363554269
vn -0.5606777292165259 -0.42037990851615453 -0.7133871434757914
vn -0.5606777292165259 -0.42037990851615453 -0.7133871434757914
vn -0.500044811776976 0.31656216884023275 -0.8060667338837999
vn -0.602233008107597 0.035873149685968816 -0.7975139629356235
vn -0.6744917972000649 0.27461101565870677 -0.6853098610035608
vn -0.4820571007523661 0.17463837118595477 -0.8585583212127992
vn -0.40237234765317265 0.3056192076187166 -0.862956194588452
vn -0.40237234765317265 0.3056192076187166 -0.862956194588452
vn -0.5530096475994426 0.03313780328781116 -0.832515594842042
vn -0.28097125938487333 0.4318888791235306 -0.8570455924214876
vn -0.28097125938487333 0.4318888791235306 -0.8570455924214876
vn -0.1294301569226952 0.5334213848299185 -0.8358884259786701
vn -0.6086245969869963 -0.06404344315151332 -0.7908694818563395
vn -0.6543278071103636 -0.1242695222137015 -0.7459304301950157
vn -0.13661365307544854 0.5886154812444283 -0.7967863735235254
vn -0.670760095048342 -0.1306362002949459 -0.7300788163364543
vn -0.13412212451662867 0.6781507288652638 -0.7225806838372152
vn -0.14444090623119724 0.7880415807072918 -0.5984373749052305
vn -0.14045179534503716 0.8538096032938332 -0.5012808140230216
vn -0.1334395551815698 0.8960164746262942 -0.4234954100237833
vn -0.13926340913553334 0.9461031922013088 -0.2923943443065243
vn -0.6532284972381669 -0.01752561266113057 -0.7569579798752492
vn -0.6422250377769226 -0.21239166315358832 -0.7365030768946474
vn 0.7179659203610714 0.6872343632795326 -0.11060681320721176
vn 0.5347565716614643 0.8300615691957486 -0.15821883708701895
vn 0.7525705713647587 0.658113362022359 -0.022898424473056178
vn -0.11902692795999066 0.9458355809849998 -0.30203914342875315
vn 0.5604853447247573 0.4915413100129628 0.6665158054386334
vn 0.5074928340659728 0.45677586829737654 0.7306208520928379
vn 0.6500447620696065 0.6085817469520194 0.45504951882481637
vn 0.6898184469279102 0.6680455852874851 0.27904409374840244
vn 0.7441279326025682 0.6587976911695371 0.11072137115442066
vn -0.008133318475002012 0.9891044740455907 -0.14699043694601258
vn 0.6581818069208063 0.4622395061179753 -0.5942485574423153
vn 0.7029418272642075 -0.32989987371373497 -0.6301101973513193
vn 0.5158759879931203 0.5096994567640687 0.6885335349759917
vn 0.47413169011321915 0.5201475474761607 0.710384170209977
vn -0.3990094888451633 -0.8420188276542258 -0.363036804866015
vn 0.2909453968292252 -0.9547529956563249 0.06162380505257989
vn 0.2893254538685312 -0.36979399151071723 0.882917428521116
vn 0.2381003951419228 -0.5894794846281896 0.7718951606505536
vn 0.2771804910598505 -0.6939071371339414 0.6645779566088522
vn 0.2771804910598505 -0.6939071371339414 0.6645779566088522
vn 0.29052716561561803 -0.7511961477684244 0.5927042378937702
vn 0.37161227159787774 -0.16018181650917002 0.9144649283912901
vn 0.3276578218218304 -0.06741973820040098 0.9423878876025321
vn 0.3202788946595096 0.1787832278175643 0.9302999446881719
vn 0.3051396196902828 -0.7804951973706136 0.5456345474552325
vn 0.322177730984774 -0.7952299402571471 0.5136252055498413
vn 0.3516798795271694 -0.8077468512108755 0.4731451010997276
vn 0.37328302893264886 0.40442001855368553 0.8349276788464401
vn 0.3440727600920605 -0.8458278661759119 0.4076630429201733
vn 0.3315385160587936 -0.878303138029495 0.34447904159335263
vn 0.30346480283916816 -0.9113801500448278 0.2780203869180319
vn 0.32138693934380935 -0.9205951605405361 0.22184450772683778
vn 0.33223556626179257 -0.926640784985067 0.1759442642229773
vn -0.5613176013064751 0.4494621582696451 -0.6949146125583613
vn -0.5785185111186061 0.07125356063788034 -0.8125510829415805
vn -0.6333121832361488 0.40664252915493415 -0.658450857731343
vn -0.6333121832361488 0.40664252915493415 -0.658450857731343
vn -0.6274974881639968 0.00017335364660544373 -0.7786185666270669
vn -0.23191450644809608 0.9370936789168083 -0.26090438599819993
vn -0.7077873128457902 -0.052972248034715855 -0.7044366974488794
vn 0.6334476660042342 0.7418974757407938 -0.21984583217160722
vn 0.7692338278966215 0.6382219935026483 -0.03085457873664969
vn 0.7628549082619941 0.6427659177695296 -0.07003116373786174
vn 0.4514965815733702 0.8683023100037129 -0.2054310961606764
vn 0.36685923596763736 0.8982042745931663 -0.2421639570369738
vn 0.2715108352526563 0.9202474809064842 -0.28182696859185613
vn 0.7414159179738269 0.67102390536816 0.005418025423575176
vn 0.7164487770140153 0.6976034590143757 -0.007110828805417929
vn 0.7218663489354009 0.6919902368381344 0.00764763985661815
vn 0.13949427259309818 0.9290259251064288 -0.3427129679394498
vn 0.0026145936992096287 0.9190147052985774 -0.39421458032999884
vn -0.4957082666918938 0.43896086226838005 0.7493908697935402
vn -0.5605164117338923 -0.5478721209292126 0.6210132778656895
vn -0.5605164117338923 -0.5478721209292126 0.6210132778656895
vn -0.4287501266726413 0.6468255653010895 0.6307059671123465
vn -0.5194044637581327 0.7235275407201013 0.45467230050625335
vn -0.5194044637581327 0.7235275407201013 0.45467230050625335
vn -0.4933850043701874 0.8234675317190898 0.28012936594919846
vn 0.7312628901142518 0.02840471701523969 -0.6815040407752808
vn 0.38761199384521844 0.4410078582775089 0.809486881403781
vn 0.39934257196643713 0.4117935055861668 0.8191163647323172
vn 0.40656558875408694 0.4166560586253456 0.8130818844691075
vn 0.49530662545883286 0.5808462073368053 0.6459791252037735
vn 0.4638409433659711 0.5910187729166935 0.6599608998398404
vn 0.43335180291089004 0.5659652197753224 0.7013484048021726
vn -0.27248980336544854 -0.9616725596691551 -0.03058095880175583
vn -0.27248980336544854 -0.9616725596691551 -0.03058095880175583
vn 0.06955475374426999 -0.9722043891828175 -0.2235637758789177
vn 0.2214855685589282 -0.9218269523541852 -0.3180868007848222
vn 0.4252415668293827 -0.7861284148549923 -0.4485217109550762
vn -0.3745228662227845 -0.92143844531845 -0.10336253753361457
vn -0.3745228662227845 -0.92143844531845 -0.10336253753361457
vn -0.1591369853793197 -0.962270853263272 -0.22070393028751517
vn -0.1591369853793197 -0.962270853263272 -0.22070393028751517
vn -0.4281474384207873 -0.8743891185972954 0.22832748466262887
vn -0.4281474384207873 -0.8743891185972954 0.22832748466262887
vn -0.00589253661621362 -0.965566279683223 -0.26009044109872
vn -0.00589253661621362 -0.965566279683223 -0.26009044109872
vn -0.4894424617736001 -0.8650554383315356 0.1101143279779372
vn -0.4894424617736001 -0.8650554383315356 0.1101143279779372
vn 0.10221511909631964 -0.9626572168849401 -0.25068536496466404
vn 0.10221511909631964 -0.9626572168849401 -0.25068536496466404
vn -0.5530740844696186 -0.8325497547045237 0.03114422947401885
vn -0.5530740844696186 -0.8325497547045237 0.03114422947401885
vn 0.1752383103316691 -0.9585985269794688 -0.22445578331799412
vn 0.1752383103316691 -0.9585985269794688 -0.22445578331799412
vn -0.5742524638389609 -0.8098616880319711 -0.1198255149494006
vn -0.5742524638389609 -0.8098616880319711 -0.1198255149494006
vn 0.20775480025428672 -0.9640800009459005 -0.1654922800237341
vn 0.20775480025428672 -0.9640800009459005 -0.1654922800237341
vn 0.20775480025428672 -0.9640800009459005 -0.1654922800237341
vn -0.5441191328387097 -0.7907830668520756 -0.28035069191795564
vn -0.5441191328387097 -0.7907830668520756 -0.28035069191795564
vn 0.2473751811204863 -0.9629773737923527 -0.10714521608354682
vn -0.46753157167139014 -0.74762752437019 -0.471664408551865
vn 0.28912574877653857 -0.9551377180453372 -0.06417352227789928
vn -0.5700438022519019 -0.6062761545080763 -0.5545081496146776
vn -0.5700438022519019 -0.6062761545080763 -0.5545081496146776
vn -0.5700438022519019 -0.6062761545080763 -0.5545081496146776
vn 0.30634761249546877 -0.951907527734891 -0.004816529868479459
vn 0.28026656345872014 -0.9592866825946146 0.0349244041274649
vn -0.6563808115101027 -0.45604337804806805 -0.6009897400287677
vn -0.6563808115101027 -0.45604337804806805 -0.6009897400287677
vn 0.3052382947268209 -0.9403131836868932 0.15046826913632508
vn -0.7178937196123281 -0.2591178416986256 -0.6461319922853396
vn -0.5773830082779929 0.2380834532371289 -0.7809898405527047
vn -0.6988151910704679 0.2719087760661528 -0.6616063378077272
vn -0.6988151910704679 0.2719087760661528 -0.6616063378077272
vn -0.6036299299578334 0.22427862260236658 -0.7650686290148659
vn -0.6036299299578334 0.22427862260236658 -0.7650686290148659
vn -0.5188921044293255 0.3376847085364632 -0.7853152370746094
vn -0.5188921044293255 0.3376847085364632 -0.7853152370746094
vn -0.5188921044293255 0.3376847085364632 -0.7853152370746094
vn -0.4141710285034144 0.44815023483274574 -0.7922270673031684
vn -0.6526631540229484 0.07909510075389489 -0.7535083094548782
vn -0.6526631540229484 0.07909510075389489 -0.7535083094548782
vn -0.27648400385924093 0.5448998627825473 -0.791606426925353
vn -0.666124487231244 -0.050152698487353396 -0.7441524536983998
vn -0.666124487231244 -0.050152698487353396 -0.7441524536983998
vn -0.6857712664118779 -0.1394650895298819 -0.7143299370502901
vn -0.6857712664118779 -0.1394650895298819 -0.7143299370502901
vn -0.2683148192942119 0.6079957648098719 -0.7472270790866543
vn -0.6863116602747367 -0.07890142538116758 -0.7230151243533944
vn -0.6863116602747367 -0.07890142538116758 -0.7230151243533944
vn -0.2811134254162927 0.7302200861849045 -0.6226988580227437
vn -0.28018686879262056 0.8086075125840498 -0.5173482474589264
vn -0.2823518128120192 0.8596866457447364 -0.42569510794690885
vn -0.2877820544841806 0.8998907820893656 -0.3276859310795228
vn -0.733646501190032 0.1121271906614703 -0.6702166100642317
vn -0.7366995728989388 -0.07640281234085813 -0.6718901320580088
vn 0.6740238804609082 0.7200837242093812 -0.1648370064553692
vn 0.5407359234098323 0.789680633766428 -0.28984333317909666
vn 0.7370282274793293 0.6753065460762736 0.02739453823688001
vn -0.2503396353405646 0.8987955863014335 -0.359856306075933
vn -0.113892643630444 0.8882209579594859 -0.445075269553816
vn 0.48139948340386984 0.448515779225552 0.7530525434285332
vn 0.5486099716506097 0.49756768314133437 0.671902894545694
vn 0.6159863540957737 0.6082369760776726 0.500608222564996
vn 0.6544009309486009 0.6584998826789643 0.37166830115762456
vn 0.6438310791671711 0.7267499025673707 0.239407854125033
vn -0.016256537470621488 0.9791408290927092 -0.20253138471137885
vn 0.6654012687363362 0.37419092025910017 -0.6459274779413879
vn 0.7018935481486359 -0.35344024491086923 -0.6184055629962131
vn 0.396230502951071 0.5102917347650832 0.7632848314761557
vn 0.4295336143926465 0.493936366567857 0.7559945369435767
vn -0.5570769924821704 -0.820583942318294 0.12769971830973992
vn -0.5570769924821704 -0.820583942318294 0.12769971830973992
vn -0.5212264532614893 -0.7744340115719061 -0.3585734877833181
vn -0.5212264532614893 -0.7744340115719061 -0.3585734877833181
vn 0.2553498793537873 -0.9609254185360669 0.10685868764537061
vn 0.36535510040991415 -0.15656441500368237 0.9176073422543088
vn 0.3144651824334341 -0.3779277949224763 0.8707940232122301
vn 0.3096753877729964 -0.5516722064848681 0.7744410441084338
vn 0.3025934536912382 -0.6585194121853755 0.6890496248879583
vn 0.3025934536912382 -0.6585194121853755 0.6890496248879583
vn 0.2926874478082475 -0.7256045985366761 0.6227616112750716
vn 0.3595699581022068 -0.016480179105231748 0.9329725874467247
vn 0.3253556486623385 0.1380729673883589 0.9354568710315202
vn 0.3423788936454304 0.41188037884208806 0.8444709863050529
vn 0.3233047722597291 -0.749701261248417 0.5774270890048522
vn 0.34690000817702193 -0.7659442846559126 0.5412852640980766
vn 0.3475059220455816 -0.787742356949317 0.5086271848920241
vn 0.3353694721625959 -0.8267456859659453 0.4516845003739673
vn 0.3047183575388879 -0.8693155142308275 0.3891494048516514
vn 0.303898300991703 -0.8877213488949242 0.3458274560680983
vn 0.30504587947768597 -0.9019884971699978 0.3055548435006287
vn 0.2786790355640974 -0.9240376700942543 0.26171048772230515
vn -0.5746848436697523 0.3418123038880155 -0.7435735870558066
vn -0.6824339254276826 0.12020751920291174 -0.7209952078567832
vn -0.6320588898553837 0.319501117305431 -0.7059890904223387
vn -0.6320588898553837 0.319501117305431 -0.7059890904223387
vn -0.7835101609967522 -0.01565920839880971 -0.6211816294830089
vn -0.7835101609967522 -0.01565920839880971 -0.6211816294830089
vn -0.35929725749720687 0.8804058720650539 -0.3095011812390343
vn -0.7387485046697426 0.06590228864757676 -0.6707514705158917
vn 0.5662812186715566 0.7850661313892017 -0.250991535166925
vn 0.7229161718225875 0.6905400022926887 0.0233819107642756
vn 0.6084061677639105 0.7934987901866104 -0.014198767524610835
vn 0.45926431453537464 0.8207113323217411 -0.33986644199306476
vn 0.37301984196174187 0.8468958005898974 -0.3789771766822297
vn 0.2533580932348226 0.8674698381307068 -0.4281422153045646
vn 0.6252813531812673 0.7695609568146671 0.12961158555583324
vn 0.651941817144208 0.7517548583468914 0.09917913092255365
vn 0.6611872851820642 0.7433412008000642 0.10136682448755352
vn 0.132814694378194 0.864265787587923 -0.4851854339963782
vn 0.016866561345092318 0.8369615832667685 -0.5470016702387449
vn 0.500197832197001 0.4042948336087855 0.7657335151230258
vn -0.6443277054740916 -0.7076774298146401 0.2898869836495546
vn -0.6443277054740916 -0.7076774298146401 0.2898869836495546
vn -0.5403655265128265 0.6438883058659464 0.5416760538602359
vn -0.6445976499885536 0.617187738815237 0.45119082956701245
vn -0.6313906047120259 0.6993567054146178 0.3350314953448314
vn -0.6313906047120259 0.6993567054146178 0.3350314953448314
vn -0.5824608252886713 0.787902480644496 0.19987262943757345
vn 0.78780034756961 0.04037868853185007 -0.6146057060275711
vn 0.3421239550286555 0.4205853635383766 0.8402732599415752
vn 0.33951941728746066 0.3918485366331958 0.8550913925559104
vn 0.32571983735769505 0.4249254426303119 0.844597511100471
vn 0.3845552239547617 0.5964886135842236 0.7044988386033537
vn 0.36538305861303905 0.6109144088707705 0.7023380991464563
vn 0.3485969878327227 0.5600101911224934 0.7515774916220556
vn -0.0030852326674459226 -0.9991011172630072 0.04227811281500937
vn -0.0030852326674459226 -0.9991011172630072 0.04227811281500937
vn 0.12823448120686917 -0.9864873747846248 -0.10197341428109798
vn 0.27566859609313965 -0.9173156980259256 -0.28729555388701417
vn 0.4970419696137505 -0.765394163571374 -0.4088044212253095
vn -0.29140457469648817 -0.8834885634826894 -0.36678513061634976
vn -0.5057533872508729 -0.8304994526786534 -0.2334184448254373
vn -0.10558730931790276 -0.911978651463858 -0.3964167748533968
vn -0.6400068087113896 -0.7497022974843053 0.1683382011006917
vn 0.050744660597912994 -0.9327731801938025 -0.35687417072680205
vn -0.683191074173514 -0.7277826806953448 0.059852534194784035
vn -0.683191074173514 -0.7277826806953448 0.059852534194784035
vn 0.1371101936576351 -0.9436040439040546 -0.30135063152925506
vn -0.7150216365301951 -0.6990763801879818 -0.006022786477205361
vn -0.7150216365301951 -0.6990763801879818 -0.006022786477205361
vn 0.1767994303359976 -0.9568757950939349 -0.23050092016349175
vn -0.709880490573581 -0.6883434858937079 -0.14917417514674153
vn -0.709880490573581 -0.6883434858937079 -0.14917417514674153
vn 0.2153081193126247 -0.9609850177542509 -0.17363815654953946
vn 0.2153081193126247 -0.9609850177542509 -0.17363815654953946
vn -0.6903517262179573 -0.6564219013105462 -0.3041788644658502
vn -0.6903517262179573 -0.6564219013105462 -0.3041788644658502
vn 0.24612335266170463 -0.961109257368782 -0.12526887352646865
vn -0.6608006341150628 -0.6196383817947864 -0.42354550848742256
vn -0.6608006341150628 -0.6196383817947864 -0.42354550848742256
vn 0.26905461363679906 -0.9622807223017408 -0.04031657682880525
vn -0.7333008738276325 -0.4890752793653858 -0.4723083733719956
vn 0.2697913719649478 -0.961681106925225 0.04880639503533698
vn 0.23753299532014505 -0.9658873351348353 0.10314907639124264
vn -0.7815862434049524 -0.32179881228472057 -0.5343860669331467
vn 0.3344380957701847 0.32743970559711005 0.883704927731022
vn 0.25094175660674367 -0.944671583373774 0.2112435427586098
vn -0.7914264301596906 -0.14159451603053919 -0.5946387127279605
vn -0.6484322999968036 0.30894448667175306 -0.6957649434083196
vn -0.7255230033707079 0.17279063364660976 -0.6661529617917729
vn -0.7255230033707079 0.17279063364660976 -0.6661529617917729
vn -0.6953437926408763 0.26119065292330546 -0.6695345046084626
vn -0.6953437926408763 0.26119065292330546 -0.6695345046084626
vn -0.631628131298344 0.3431207405048249 -0.6952079265859835
vn -0.631628131298344 0.3431207405048249 -0.6952079265859835
vn -0.5281638551281471 0.43828765972150346 -0.7272873362516503
vn -0.40178228348172823 0.5294739332964171 -0.7471468066182372
vn -0.7244906086677255 0.1570946202724594 -0.67114427527449
vn -0.7413875065932134 0.0005055881069032518 -0.6710769772896135
vn -0.7552705114009658 -0.09790933497227376 -0.6480588065395074
vn -0.41954473676548615 0.6457199151920922 -0.6379874645921316
vn -0.7979875713304893 -0.06690806320532854 -0.5989483676246053
vn -0.4176069983782918 0.7426262301710922 -0.5235558013883004
vn -0.39652605941848107 0.8090041691595504 -0.4339116712932677
vn -0.39124354248994614 0.8582272964610093 -0.3322264259042992
vn -0.7767005969946728 0.034786742390350976 -0.6289086302333481
vn 0.5470011785098637 0.8327367236897028 -0.08566947955579035
vn 0.48674983998643867 0.8143197500892195 -0.31616125298304215
vn 0.6398175196868275 0.7586843775454821 0.12260324942765746
vn -0.3489930777241627 0.838346981609276 -0.41878176909606835
vn -0.21935046822840942 0.8360890570760723 -0.502832438020482
vn -0.0792997603043402 0.8033183397010073 -0.5902467222405319
vn 0.44088874653332005 0.4095976779492759 0.7986531508726672
vn 0.5301741436386501 0.49981329549891956 0.6849102474481847
vn 0.5286916561175239 0.6295335854721686 0.5693615701066114
vn 0.5166624522945877 0.7085514305996049 0.4806399698154495
vn 0.5058959737364457 0.7861042641819787 0.35511878237029854
vn -0.8450000010997201 -0.1815138698133714 0.5030186012533209
vn 0.0020533089796999685 0.9609521536325284 -0.27670696115428556
vn 0.7579235021068438 0.41403038031253203 -0.5041138850818905
vn 0.8444855301571351 -0.224443616832497 -0.48628104242132386
vn 0.30298056874437246 0.5309973376046379 0.7913561792392367
vn 0.33677780706461413 0.46306859436953995 0.8198464402419322
vn -0.7005603886923654 -0.7104701376915076 0.06668826916191593
vn 0.25479405708943836 -0.9633287036585938 -0.08412964506853154
vn 0.19855815755059197 -0.9632404602524279 0.18094881542249752
vn 0.3605846032700476 -0.14446187972976413 0.9214713827295591
vn 0.3779617740027219 0.06345123119416891 0.9236443247552922
vn 0.3018074677236164 -0.34654238901296347 0.8881557436865711
vn 0.29462773011272964 -0.495276338683972 0.8172489516594194
vn 0.3055607367185846 -0.6275860047979589 0.7160785171737328
vn 0.3055607367185846 -0.6275860047979589 0.7160785171737328
vn 0.317869849819343 -0.690268235383429 0.6499911705527047
vn 0.3358979478937972 0.21820853363149126 0.91627376064751
vn 0.30508825468900747 0.35753047289144846 0.8826625163701202
vn 0.31911433793985305 0.43123072758861186 0.8439230408660529
vn 0.3374719525862796 -0.7229027546988901 0.6029297541723747
vn 0.3486839403926917 -0.7461450420105736 0.5671746521092643
vn 0.3225432077167688 -0.7738759610907435 0.5450521773203512
vn 0.2891421693997107 -0.803724764200335 0.5200224122919558
vn 0.2895599344927977 -0.8455660183694101 0.4485233025333567
vn 0.28043669543222666 -0.8781816388705487 0.38749486319910054
vn 0.24580871687918862 -0.8941390975485836 0.3742904606601825
vn 0.21325380705293967 -0.9077545236344565 0.36125411914413985
vn -0.6430431630396074 0.3458805992288842 -0.6832730797749058
vn -0.8904074594347277 0.11520778573674761 -0.4403427327532832
vn -0.8904074594347277 0.11520778573674761 -0.4403427327532832
vn -0.6865270156691643 0.300886244410317 -0.6619275826561739
vn -0.4452696193585526 0.8299805653842037 -0.3359571805465796
vn 0.4824087350642898 0.8466045980196722 -0.22481651840027472
vn 0.5611830458736857 0.8249118798372869 0.06777890178548367
vn 0.558851478521055 0.829002198645307 0.02098522327919876
vn 0.42041281706174916 0.8253853507980379 -0.376818372612329
vn 0.31701278108173603 0.8351188745729641 -0.44953238143965696
vn 0.2282960928863633 0.8314122854805299 -0.5065910634080145
vn 0.5283636501759179 0.8015856224172385 0.2798076895061111
vn 0.5324118491449372 0.8116982523018844 0.24017404127035677
vn 0.5071995126038957 0.8311798355744477 0.22779099049085455
vn 0.1205119427052088 0.8026880198483263 -0.58409657973437
vn 0.011241626424453241 0.7750575792864367 -0.6317906097956678
vn 0.4606226491020684 0.40423426965646664 0.790203410755418
vn -0.12115327078149034 -0.9487072092681661 0.29202143082581267
vn -0.12115327078149034 -0.9487072092681661 0.29202143082581267
vn -0.671208036836283 0.5067053533947611 0.5410447819981942
vn -0.5436156498421868 -0.16469867533895116 0.8230166289864692
vn -0.7050337196863046 0.5916368366518514 0.3910157383301647
vn -0.6810986762122393 0.6707049378220372 0.29369964188448083
vn -0.6810986762122393 0.6707049378220372 0.29369964188448083
vn -0.6230057401141537 0.7726302647701555 0.12209144829190477
vn 0.8347281956937546 0.05679595534914015 -0.5477253497601035
vn 0.3115077706749221 0.4102672067099424 0.8571136026849425
vn 0.29435943927264724 0.39588098870913924 0.8698452524959638
vn 0.2575307284369663 0.4586789840582996 0.8504654687251986
vn 0.29856406957904824 0.5958911043887872 0.7455020376006417
vn 0.28901670756529496 0.6131469266481949 0.7352007814808074
vn 0.26300819062352293 0.5434746998184945 0.7971586682224173
vn 0.09980007930245693 -0.9908536597285167 0.090823835934342
vn 0.09980007930245693 -0.9908536597285167 0.090823835934342
vn 0.08751032540788106 -0.9926779065671137 -0.08326173647324184
vn 0.25378986874297715 -0.9612303255448419 -0.1078283996745734
vn 0.6483804213296095 -0.6556424124157728 -0.38695717628448695
vn -0.22182929513715285 -0.8231313866981895 -0.5227298384933364
vn -0.3656780957280536 -0.7865617741151439 -0.49759431850207236
vn -0.5703542405272948 -0.7489241401852373 -0.3373554098578169
vn -0.06687744407443627 -0.8575469467550603 -0.5100398431349699
vn -0.786223239254241 -0.6077795810323661 0.1116109266008045
vn 0.049009822360178985 -0.913177670001584 -0.40460422677315416
vn -0.8211394761017274 -0.5701122017711773 0.026496003075953848
vn 0.1121689079873644 -0.9454618053282776 -0.305810579846931
vn -0.8344921638333511 -0.5505511275927798 -0.022721892681955725
vn 0.13826302182573028 -0.9640974147117788 -0.22671460416497646
vn 0.13826302182573028 -0.9640974147117788 -0.22671460416497646
vn -0.8205426058927268 -0.5362153468700945 -0.1979467951136299
vn 0.15335840076345664 -0.9716552800668653 -0.17990891482485358
vn -0.787684649276897 -0.5126289323523534 -0.3417081664356557
vn 0.16513665063565225 -0.9803947831945875 -0.1074986311618723
vn 0.17897398508956902 -0.98367612120051 0.018697626616188314
vn 0.16901396734606222 -0.9837066562387086 -0.06128207987334884
vn -0.8408975924657375 -0.3792389835570888 -0.3860945898816929
vn 0.181885089751929 -0.9771289626741139 0.11016716584056734
vn 0.13597306718552898 -0.9714401569985857 0.19446168355417273
vn -0.8674186766013384 -0.2267229479105972 -0.4429238584383456
vn 0.15337354229277086 -0.9323534542414615 0.32740432631317323
vn -0.8501550619359843 -0.04088361219609525 -0.5249427596590146
vn -0.7669939296963162 0.5403251576232354 -0.34607663291304164
vn -0.7669939296963162 0.5403251576232354 -0.34607663291304164
vn -0.7503260621900376 0.19147912269313463 -0.6327294413657855
vn -0.7503260621900376 0.19147912269313463 -0.6327294413657855
vn -0.7604606364338038 0.2900518926816829 -0.5810073321279756
vn -0.7604606364338038 0.2900518926816829 -0.5810073321279756
vn -0.7160148236409962 0.348788689733288 -0.6047058973091705
vn -0.7160148236409962 0.348788689733288 -0.6047058973091705
vn -0.6480381680449958 0.43806386240531175 -0.6230141131719457
vn -0.5424492849499344 0.5506415855867975 -0.6344624634127399
vn -0.790641318811575 0.2230622780231991 -0.5702013022705182
vn -0.8324084325957 0.05934365497630709 -0.550975981289224
vn -0.8505304878914698 -0.034512196341331354 -0.5247921469218034
vn -0.5495422607882273 0.6551519781828693 -0.5184391855279048
vn -0.9289314791873658 -0.1818130057489523 -0.32253734344305585
vn -0.5286330439160684 0.7202591703195221 -0.44919242252142433
vn -0.49438812841711993 0.7999268095369161 -0.3401433195938258
vn -0.8089818767768783 0.0703063143955566 -0.5836140378732104
vn 0.5355939071195762 0.8408600973379303 -0.0780606390009276
vn 0.4342744712705027 0.855292810651906 -0.2826303091494053
vn 0.49185038173805035 0.8386466598779816 0.23399782447629533
vn -0.33450421496849375 0.7673269974196559 -0.5470979886631342
vn -0.44439086741151956 0.7728473695458461 -0.4530162252583272
vn -0.18096027669472003 0.7373282069337377 -0.6508459829471559
vn -0.052238205925342784 0.7386939260481832 -0.6720137301136209
vn 0.38427621473289664 0.3917304908851308 0.835989840429566
vn 0.4180618472687311 0.5685761691120105 0.7084810736894577
vn 0.3883699449265762 0.664404864383037 0.6385412767095688
vn 0.37841812989571616 0.7415213238686034 0.5540269354592634
vn 0.38306505601583934 0.8002893508163972 0.4613004637212621
vn 0.05216953537121901 0.8961502876463925 -0.44067335014774733
vn 0.6718577939930184 0.37627161296530576 -0.6379865029350715
vn 0.8152537750651853 -0.13397865193610908 -0.5633924059368809
vn 0.2380949199226996 0.5361890062632286 0.8098223006743236
vn 0.21787488762059168 0.4453688325527996 0.8684337259312714
vn -0.7897305906818358 -0.6112183329553778 -0.052323451726426766
vn 0.09506067535517192 -0.9488845818018159 0.3009676368312909
vn 0.3600141814735226 0.11070860346150271 0.926354896493538
vn 0.2991648973936894 -0.12281047326957353 0.9462652650407952
vn 0.34852911411312254 0.2875894771227037 0.8920872991270595
vn 0.2790428788032733 -0.2929000352883439 0.9145188030419433
vn 0.3070571295414756 -0.4304964364106614 0.8487571722439056
vn 0.2904475311646241 -0.5732818207082656 0.7661515422459126
vn 0.2904475311646241 -0.5732818207082656 0.7661515422459126
vn 0.3095507542797532 -0.6321103411591644 0.7103624758702282
vn 0.3118407077174048 0.3834406301810456 0.8693265532219011
vn 0.30629720558088425 0.4259708720832361 0.8513112462489784
vn 0.2959702319299487 -0.6708315625285396 0.6799901738458067
vn 0.27568051399667753 -0.7097658561494614 0.6482535643148826
vn 0.24851843848818975 -0.7515779919614723 0.6110393667600745
vn 0.26192760440687524 -0.762980790758697 0.5909773624961528
vn 0.23837315479359383 -0.7994803695786672 0.5513704541704307
vn 0.17155006548698482 -0.8511348829837191 0.49612497014331186
vn 0.14246070887350198 -0.8779504286487129 0.45706453730605745
vn 0.10695688618438255 -0.8974049252386415 0.42804745607837574
vn -0.7638824720165408 0.547918687233198 -0.3409819366572775
vn -0.9919450422369683 0.12256548725849016 -0.031980220677597336
vn -0.7940198138403063 0.4073620407894181 -0.45120804841324136
vn -0.5450642190367067 0.7596501586889359 -0.35473459590203404
vn 0.42240522273225134 0.8838512502624387 -0.20094973306287553
vn 0.5043164171967397 0.8505233583129771 0.14924800939998933
vn 0.5069536306014899 0.8563756502326576 0.0980752879606328
vn 0.3471316488182142 0.86449540465975 -0.36352071978213707
vn 0.242867977129929 0.8711390520510727 -0.4267691386175612
vn 0.1658351908896695 0.8620122881675965 -0.47899217583448245
vn 0.3998308590638983 0.8267313450992824 0.3957910650463911
vn 0.41077529678202457 0.8475757672769582 0.33597466314964197
vn 0.4311775239069123 0.8506682459794658 0.30074819726761975
vn 0.02847529965651546 0.8295067004831428 -0.5577703749420916
vn -0.040183957767765524 0.8023934236788043 -0.5954410492862624
vn 0.3146846836903428 0.4766561009839382 0.8208364704650366
vn 0.27778765009529777 0.42407353873359344 0.8619719573167679
vn -0.11534282366919102 -0.9600064589524672 0.25511493840534494
vn -0.11534282366919102 -0.9600064589524672 0.25511493840534494
vn -0.11534282366919102 -0.9600064589524672 0.25511493840534494
vn -0.6468733983214876 0.3223622360586004 0.6911131566591024
vn -0.5730352896006637 -0.13101668423181803 0.8089902257290773
vn -0.7219767739974218 0.4866288314835682 0.4918759174600975
vn -0.7334281191217056 0.6117815958934214 0.296321570270704
vn -0.7334281191217056 0.6117815958934214 0.296321570270704
vn -0.7334281191217056 0.6117815958934214 0.296321570270704
vn -0.5941449323665922 0.7921215189005434 0.13976873269009035
vn -0.5941449323665922 0.7921215189005434 0.13976873269009035
vn 0.7223354711960205 -0.05625824270355919 -0.6892506635324559
vn 0.2994157495801228 0.42337894929461345 0.8550441358184748
vn 0.2652286126925864 0.43235111540224097 0.8618156972459972
vn 0.21326171904291374 0.5002292289661192 0.8392199697807621
vn 0.23070156911416928 0.5989894776749193 0.7668040112329798
vn 0.22197371756412654 0.6089950809584198 0.7614805710451247
vn 0.2118110239727061 0.542393913782579 0.8129851981526172
vn -0.010454343761219998 -0.9983871409341044 0.05580164436597733
vn 0.33997333530869184 -0.9255542886101799 -0.16663550076255548
vn 0.6900437003543604 -0.5205102803889335 -0.5029003277098706
vn -0.3109347803507001 -0.7305552920028565 -0.6079543796164996
vn -0.19274935130598156 -0.7599175582653719 -0.6207841752260752
vn -0.44766651753220726 -0.6819933526301953 -0.578342248196353
vn -0.6442962770586899 -0.6253046878494498 -0.4403139274674539
vn -0.10356732255252397 -0.8286412196164871 -0.5501159321922992
vn -0.8745883107806101 -0.4830822019708994 0.04155565887897892
vn -0.03287444929991328 -0.9115736862171459 -0.4098203084032221
vn -0.9090116166804926 -0.4166187138243745 0.011257354540083187
vn 0.013259766106858585 -0.9558176621995754 -0.29366098690518905
vn -0.9146126378746724 -0.40304171112672993 -0.03226610810077709
vn 0.02848384050243505 -0.9779676385597523 -0.20680417974522042
vn 0.02848384050243505 -0.9779676385597523 -0.20680417974522042
vn -0.8791522332913895 -0.40940442649416103 -0.24388391965389875
vn 0.032240383496253834 -0.9875321440085327 -0.15408057055295893
vn 0.03993065773848886 -0.9964199624650099 -0.07451711866275992
vn 0.05508996978895343 -0.9979776252897455 -0.03171363507535036
vn 0.09330142238210849 -0.9927393542888634 0.07591718532457743
vn -0.9350686685574334 -0.24454435748570258 -0.25660210892378427
vn 0.09044037254323727 -0.9771843006971539 0.1921753925070919
vn 0.01710948298177932 -0.9499250373540075 0.3120091168541132
vn -0.9652897987555623 -0.09061354839584929 -0.24495875013062784
vn 0.08913353911835235 -0.9105655633969152 0.4036403931222635
vn -0.9563897928372787 0.06191445566507528 -0.28545606375826854
vn -0.7423826899578393 0.6671511393796049 0.061459733773077785
vn -0.7423826899578393 0.6671511393796049 0.061459733773077785
vn -0.9132091802013832 0.11692872373048435 -0.3903545398258841
vn -0.9132091802013832 0.11692872373048435 -0.3903545398258841
vn -0.8182056233305134 0.3286455743990862 -0.4717325983841063
vn -0.8182056233305134 0.3286455743990862 -0.4717325983841063
vn -0.7890051673561932 0.370206539993867 -0.4903243453378538
vn -0.7313674744590858 0.458324346491187 -0.505015257904912
vn -0.6484735478986027 0.5639564282663853 -0.5113073485613329
vn -0.8417409597923345 0.24982932030378413 -0.47859948529478025
vn -0.894763343184352 0.06897741785438383 -0.441181000859855
vn -0.9702953383266103 -0.09824865135989577 -0.22107500746943445
vn -0.6299522954953608 0.634481056290223 -0.44787709766069567
vn -0.9601828014600089 -0.27136345450550553 0.06641433082737296
vn -0.604918297080205 0.7087260437534835 -0.3630168711824839
vn 0.3674137362349808 0.928150909450161 -0.05952340474713525
vn 0.35603835059010197 0.9002177274691612 -0.2506885239881127
vn 0.42592740966681053 0.8589191018840264 0.28433047341651285
vn -0.4240780138038212 0.6951908409047687 -0.5804029056873566
vn -0.27708323111445954 0.651481350533008 -0.7062555719729642
vn -0.5279556327214843 0.6983343117288964 -0.48331360309822224
vn -0.141155956805926 0.657116943181801 -0.740454130140152
vn -0.10070522841009143 0.7713907956691903 -0.6283428183147514
vn 0.2814968535733825 0.5989971776874506 0.7496411825338535
vn 0.27661491875145944 0.6799252249404051 0.6791066743994371
vn 0.2943137615485567 0.7345422431876593 0.6114140190868876
vn 0.3347052140472544 0.78484864424499 0.5215218358960466
vn -0.2446606526305127 -0.8941898105217879 0.37492098876085983
vn -0.2446606526305127 -0.8941898105217879 0.37492098876085983
vn 0.6167014049798368 0.2948627082377091 -0.7298872244303356
vn -0.056612750683558526 0.9558720302590105 -0.2882770511652958
vn -0.056612750683558526 0.9558720302590105 -0.2882770511652958
vn 0.6543322936962059 -0.19764237204486484 -0.729922422041371
vn 0.17145809352843333 0.5434995956822469 0.8217118178880167
vn 0.13965976610569084 0.5026881888502562 0.8531117948556056
vn 0.1487877400783907 0.4871944889431193 0.86052526885956
vn 0.027772704195669105 -0.9974157161495157 -0.06626134679893378
vn -0.8566110705518621 -0.4851065860138752 -0.17575287768328407
vn 0.023135526796053116 -0.9152766598386277 0.4021608923733309
vn 0.3627536920510725 0.3422909107043984 0.8667448825072286
vn 0.3464480180422064 0.13918263567201372 0.9276863504019116
vn 0.3029054424211082 -0.2292611687249005 0.9250338423358171
vn 0.32772287229636926 0.4001016258150293 0.8558717240299437
vn 0.2974747175175419 -0.2854908768435957 0.9110454169123149
vn 0.28266446975107634 -0.38881405077394365 0.8768833625181287
vn 0.24727548751757078 -0.5066818323257201 0.8259106211110245
vn 0.24727548751757078 -0.5066818323257201 0.8259106211110245
vn 0.21255489592396357 -0.5622660957288494 0.7991728560283997
vn 0.32231556383597054 0.4247287083921074 0.8460013011672455
vn 0.1864198391066539 -0.5898080293509217 0.785731590366985
vn 0.1795745790241373 -0.621716447820295 0.7623789274881738
vn 0.17553954059575483 -0.6772607079966975 0.7144954885030721
vn 0.13596863299474027 -0.7073101013679326 0.6937037922228957
vn 0.07936498177040101 -0.7443875942220013 0.6630145618589118
vn 0.07205021608702793 -0.7828438911575305 0.6180325302434732
vn 0.061226076898924495 -0.8316368395609834 0.5519343571409432
vn 0.049217286944990696 -0.8763394861717642 0.47917299970050764
vn -0.7034399729656491 0.7074611405059411 0.06834426902176849
vn -0.7034399729656491 0.7074611405059411 0.06834426902176849
vn -0.9746319859529734 0.19798427311110178 0.10437777329504357
vn -0.9533192021845667 0.2978481086336284 0.04968906247406691
vn -0.9533192021845667 0.2978481086336284 0.04968906247406691
vn -0.6137876681305702 0.6890161155996601 -0.38538486074934597
vn 0.3123475300594971 0.9427871362590635 -0.11658231499745328
vn 0.3859161071897421 0.8788520459379425 0.28051352830515675
vn 0.3048022686220508 0.9328360553838785 0.19212618462535674
vn 0.23093640934306883 0.9116335570347434 -0.3399891653095899
vn 0.159226902886554 0.9127456179344685 -0.3762209860422211
vn 0.04757342726544048 0.9032001949056059 -0.42657493707518185
vn 0.37867676237320974 0.8078040868789725 0.45172609716527645
vn 0.3806744417466949 0.845563747477239 0.3743112586512601
vn 0.3916531759737963 0.8517218141936368 0.3481059335552019
vn -0.056879924651313835 0.8738853675268349 -0.4827929562391621
vn -0.12182444725191084 0.8561455954752429 -0.5021688196215573
vn 0.17223018538065185 0.5364239984401077 0.8261876646024642
vn -0.5468947136380803 -0.11749067569589014 0.8289162281673856
vn -0.6272868897162217 0.16023881189454514 0.7621251085962024
vn -0.30980491791934794 -0.8499289197187013 0.4261944911173627
vn -0.30980491791934794 -0.8499289197187013 0.4261944911173627
vn -0.6842231987590681 0.33023811634458117 0.6502164261175595
vn -0.7127947687294636 0.5472510364895059 0.4386797473477347
vn -0.7127947687294636 0.5472510364895059 0.4386797473477347
vn 0.4721599077565823 0.5364206270079912 -0.6995126392193705
vn 0.4721599077565823 0.5364206270079912 -0.6995126392193705
vn -0.5690036935435588 0.8087116119811617 0.14906483616406246
vn 0.6102261494691963 0.006591966788889035 -0.7921998437754532
vn 0.6102261494691963 0.006591966788889035 -0.7921998437754532
vn 0.2967160815584652 0.4525780629240804 0.8409118050690437
vn 0.23479019189689562 0.49528923645286976 0.8363983130321055
vn 0.17521077174150634 0.5445081523131975 0.8202512161101703
vn 0.17902108078952167 0.5841769862784348 0.7916367230842672
vn 0.2123669976682303 0.5909375533686676 0.7782628516896043
vn 0.1826715178918603 0.5653739133840772 0.804352817248661
vn 0.4247389183496927 -0.8989980913679394 -0.10676742460102387
vn 0.22304368350701592 -0.9726641865009296 0.06462116948885442
vn 0.617177153585572 -0.5868466761512637 -0.5241214933412148
vn -0.417917938912366 -0.5958309967471199 -0.6858061093709893
vn -0.2898237536524861 -0.665442487605205 -0.6878869729167576
vn -0.2054977009179834 -0.7293035594401843 -0.6526001939206733
vn -0.5870151470834849 -0.4941350478460181 -0.6412829107225361
vn -0.7775752842677349 -0.3789148789197526 -0.5017969627540412
vn -0.15629834006533644 -0.8341536559186017 -0.5289220237525105
vn -0.9455996473741718 -0.322280248463983 -0.044460638050248795
vn -0.12318235363933522 -0.9152853882994455 -0.3835084949742403
vn -0.965784472534754 -0.25841468102396614 0.021959172162188366
vn -0.10742433782550992 -0.9612946213520487 -0.2537176828728582
vn -0.10742433782550992 -0.9612946213520487 -0.2537176828728582
vn -0.9707248483951263 -0.23296720504438412 -0.05847691922516971
vn -0.09391139353165692 -0.9774666150743153 -0.18904937603732638
vn -0.0820186950374848 -0.9913308227232848 -0.10264567006514963
vn -0.07836842192151995 -0.9954545059953729 -0.05411762133574029
vn -0.06986045745114494 -0.9974657761412498 0.013473748982774385
vn -0.06986045745114494 -0.9974657761412498 0.013473748982774385
vn -0.05847112935225681 -0.983904614019031 0.16885744740559455
vn -0.9924900345502994 -0.07458777137771999 -0.09695460628175565
vn -0.017430153008930825 -0.9666212507139059 0.2556160156061619
vn -0.14440754063782046 -0.8887005453144764 0.4351526203123319
vn -0.14440754063782046 -0.8887005453144764 0.4351526203123319
vn -0.9936173864877776 0.09611286688051698 -0.05904918364555509
vn 0.30854078994223405 -0.06516603352332438 0.9489762742116681
vn -0.9832411371915797 0.15372733714720727 0.09800393843023905
vn -0.7639730166096349 0.6352384247943579 0.11321383995412111
vn -0.8231294370573325 0.3849857290770453 -0.4174253445308453
vn -0.8093319667333627 0.35867825735831516 -0.4651146905032235
vn -0.8093319667333627 0.35867825735831516 -0.4651146905032235
vn -0.7879254601381628 0.4523819218417892 -0.4177607761109147
vn -0.7188987395000325 0.5411423191125486 -0.4362907205187352
vn -0.9106371871354154 0.1852864475864161 -0.3693356816595233
vn -0.9871694393037613 0.0038132360027876735 -0.15963069045733258
vn -0.9670259002493538 -0.2475026013810876 0.06002808139963524
vn -0.6814697062848105 0.6178721493608239 -0.39221556121644346
vn -0.9586128338497061 -0.22524161040029125 0.17414836124098146
vn 0.222243989020542 0.9736960234532327 0.050236075240796915
vn 0.2179744643164353 0.958691218469016 -0.18275196452119605
vn 0.3473137222786456 0.8944756140648228 0.28157868200613156
vn -0.5160078111213169 0.6202752831471358 -0.5907575746264517
vn -0.401289893749344 0.5662473209761163 -0.719951659948091
vn -0.29861646523718754 0.5488341979300305 -0.780774762573527
vn -0.5925140897371344 0.6307843242850699 -0.5010371140935597
vn -0.24321687544507473 0.6797230929993282 -0.6919697018960884
vn -0.20612807853098522 0.8260541670960253 -0.5245433521306089
vn 0.18509101771710754 0.5751889451185879 0.7968054923090149
vn 0.20524126286579614 0.6705516575232913 0.7129070757188625
vn 0.23842620817328528 0.7014991789170415 0.6716039347970096
vn 0.26853343305901783 0.7592375722263253 0.5928305864658246
vn 0.5924498109066487 0.27595968498556017 -0.7568682010887673
vn 0.5924498109066487 0.27595968498556017 -0.7568682010887673
vn -0.14660527731483464 0.938698553259862 -0.31201269008051963
vn 0.47353873979516414 0.6038336542483996 -0.6412066592840658
vn 0.6229796401166724 -0.26687538587653203 -0.7353053082994528
vn 0.6229796401166724 -0.26687538587653203 -0.7353053082994528
vn 0.17900552467535671 0.5469233721412247 0.8178214029611671
vn 0.10491076266962908 0.5238017517315687 0.8453552251917632
vn 0.10338565578252558 0.5406224064151689 0.8348885074429333
vn 0.16504002931076908 0.5330551324433485 0.8298277016953006
vn -0.9180141216966422 -0.3102324147989508 -0.24699376747917023
vn -0.19631546007330403 -0.9241190911259802 0.3278172441356607
vn -0.19631546007330403 -0.9241190911259802 0.3278172441356607
vn -0.08764410089750944 -0.8386938043662968 0.537504617743378
vn 0.3196318806909403 0.4398055160941313 0.8392893236894816
vn 0.2902079042730336 0.4033410594437028 0.8678106717852029
vn 0.22500631320459907 0.25144372825251454 0.9413544553145483
vn 0.2820816534716345 -0.1759326692777164 0.9431212205520171
vn 0.3032231646742863 0.4469877507770776 0.8415804554884578
vn 0.2786597081932152 -0.2559251872466043 0.9256625008946093
vn 0.21854326209464 -0.3665695501956158 0.9043592247898051
vn 0.14283378345812586 -0.44346613788522377 0.8848368747131874
vn 0.14283378345812586 -0.44346613788522377 0.8848368747131874
vn 0.10188008707463474 -0.48436989727096874 0.8689109565861027
vn 0.11966411506455227 -0.5136794931075838 0.8495963029148335
vn 0.09941391472529404 -0.5568910918200974 0.824614567789347
vn 0.04511847551397208 -0.5872147460478708 0.8081727322740045
vn 0.020255635086139968 -0.62468202757064 0.7806164702832572
vn 0.0087365443771511 -0.6790448495952619 0.7340447977000412
vn -0.017273329124436 -0.7241942255498146 0.6893796891273075
vn -0.061932373991634135 -0.7750204490232329 0.6288940170232079
vn -0.7432587944604455 0.5243934114774579 0.4154249805394935
vn -0.7432587944604455 0.5243934114774579 0.4154249805394935
vn -0.7633526281793235 0.5966693725015747 0.24754479386627481
vn -0.8982136013814294 0.4395592090983013 -0.0001673029540864499
vn -0.8887244385353216 0.2648072517634007 0.3742271927099797
vn -0.8887244385353216 0.2648072517634007 0.3742271927099797
vn -0.8887244385353216 0.2648072517634007 0.3742271927099797
vn -0.9119676334958094 -0.3550247609537715 0.20560266186450607
vn -0.682583168047422 0.5889576286913341 -0.43267670413904374
vn 0.16700591781522062 0.9857361407753209 -0.020815479434121896
vn 0.2968121029043373 0.9162368932258306 0.269095765595416
vn 0.18721178193744228 0.9677308037765325 0.1686678396311332
vn 0.12857952975116982 0.9595686472216304 -0.2503903268862808
vn 0.04190505879530973 0.9543754090572684 -0.2956544344908988
vn -0.06588484825997763 0.9367903688928635 -0.34363205834050564
vn 0.27510080578210205 0.8111627065911865 0.5160761669498981
vn 0.32300794718452935 0.8286573443173428 0.45715738183317667
vn 0.3097193468342898 0.8761342563622498 0.369408569236162
vn -0.13411703029843142 0.9122386711026951 -0.3870829744753942
vn -0.2025719910402066 0.884160471849434 -0.4209808172173556
vn -0.15729346667642877 -0.7121039536747823 0.6842271000929843
vn -0.15729346667642877 -0.7121039536747823 0.6842271000929843
vn -0.587252071829764 -0.05987438981616272 0.8071865097830808
vn -0.6218632740282096 0.15107063140760899 0.7684163797974523
vn -0.6930703070108655 0.19588825322981415 0.6937444354994402
vn -0.7868682758500429 0.42538267462597956 0.447088242507929
vn -0.7868682758500429 0.42538267462597956 0.447088242507929
vn -0.6665532370508717 0.7373373862851648 0.10972857860724458
vn 0.6813032163976029 0.07227019474377323 -0.7284249764237758
vn 0.2637773433738811 0.5018973311613123 0.8237236078295739
vn 0.21812870755840388 0.5486492649662336 0.8070959366710453
vn 0.2264585264582873 0.5522902772808408 0.8023041726274351
vn 0.21844699029725867 0.5635138716892942 0.7967013423132983
vn 0.20985925325056745 0.6051906550358087 0.76792145749578
vn 0.1919264592847958 0.5708725895177846 0.7982911253193665
vn 0.18563835413227267 -0.9723715645026758 0.14153424328295738
vn 0.39306232308690736 -0.9005163219614254 -0.18593645164569078
vn 0.6446187982210421 -0.6528156884352969 -0.3978671661658059
vn 0.6446187982210421 -0.6528156884352969 -0.3978671661658059
vn 0.6446187982210421 -0.6528156884352969 -0.3978671661658059
vn -0.39809664281847357 -0.5125585095138205 -0.760790928771914
vn -0.5219755489303769 -0.38449550596583504 -0.7613834331077266
vn -0.5219755489303769 -0.38449550596583504 -0.7613834331077266
vn -0.3093068065631872 -0.6165760283038997 -0.7239912297360181
vn -0.28678631267595023 -0.7231964935149513 -0.6282837278088709
vn -0.6757704126574782 -0.24775372837974818 -0.694227944878824
vn -0.6757704126574782 -0.24775372837974818 -0.694227944878824
vn -0.9245738386878354 -0.04276467211418181 -0.37859529795417013
vn -0.9245738386878354 -0.04276467211418181 -0.37859529795417013
vn -0.266423757010013 -0.8360305276795815 -0.47965752208056756
vn -0.9738847414456598 -0.20800736338791478 -0.09100245686644132
vn -0.2609117913193702 -0.9144898015017522 -0.30924656845275317
vn -0.9887178912039558 -0.1489532109095673 0.015807358189541553
vn -0.24185754509757043 -0.9416303097381886 -0.2341736271695422
vn -0.24185754509757043 -0.9416303097381886 -0.2341736271695422
vn -0.17859474816968096 -0.9689742652781043 -0.17085897446422293
vn -0.17859474816968096 -0.9689742652781043 -0.17085897446422293
vn -0.1650222577262475 -0.9851552773556973 -0.04729412176107025
vn -0.1650222577262475 -0.9851552773556973 -0.04729412176107025
vn -0.21023604404501203 -0.9775832855393827 0.011477178151855737
vn -0.21023604404501203 -0.9775832855393827 0.011477178151855737
vn -0.2443351100141194 -0.9590791269874049 0.1430649579438141
vn -0.2443351100141194 -0.9590791269874049 0.1430649579438141
vn -0.2391145227946572 -0.9381244188546561 0.2504931530746844
vn -0.2391145227946572 -0.9381244188546561 0.2504931530746844
vn -0.9945115872783994 0.10171256175659073 -0.024520553621605934
vn -0.30876612571681583 -0.8017362332404486 0.5117445572932305
vn -0.30876612571681583 -0.8017362332404486 0.5117445572932305
vn -0.33177258967937207 -0.830268233913902 0.4478633815025884
vn -0.9350398947397803 0.3494438369225018 0.0599116022311262
vn 0.2138966945566648 0.10866875329571427 0.9707931325029489
vn -0.8517953969999691 0.5180738103955056 -0.07774399418570453
vn -0.7925983946800914 0.4277998908487114 -0.43448249463053473
vn -0.7798214151593247 0.3999374294413066 -0.48158967284482773
vn -0.9072132594774432 0.23131319565624853 -0.3513663434986443
vn -0.9072132594774432 0.23131319565624853 -0.3513663434986443
vn -0.756764864563758 0.5063484149184775 -0.41342257131335036
vn -0.9936752410874082 0.08562100989025817 -0.07265368480162149
vn -0.9978882491544593 -0.0575549703951306 0.030107600074790637
vn -0.9269268264383249 -0.32034650507002776 0.1954092503398811
vn -0.9998745345206582 0.015457271633803359 0.003462364905089119
vn 0.10153402419274549 0.9919869798336369 0.07518426545339651
vn 0.09358336037808418 0.9916736296857291 -0.0884622340113398
vn 0.28707463487352813 0.9031666216360846 0.3191836580633351
vn -0.5941300319693784 0.5548631481213225 -0.582354180863296
vn -0.5066912158984513 0.5020534381070724 -0.7008611538787245
vn -0.42076639737185917 0.45612729608395114 -0.7841578467437854
vn -0.39219736681618905 0.5466246137800224 -0.739853199676996
vn -0.6687192578683131 0.5340167609993508 -0.5173399782810284
vn -0.3678903269526055 0.7184481597036323 -0.590329525903261
vn -0.3163961639795728 0.8389241355071946 -0.4428315281035415
vn 0.15351729539922826 0.5539000253272874 0.818307522851731
vn 0.18059940146011771 0.6528453053675836 0.7356472411772872
vn 0.20955815740473646 0.6818097774241636 0.7008714618772434
vn 0.24096847139120872 0.7417183231687126 0.6259298082622183
vn 0.6861338458801173 0.3421104770295019 -0.6420130583129958
vn -0.1029845670474089 0.9056077401935458 -0.41142289660590964
vn 0.5124043650581185 0.5420396146334274 -0.6660591736756067
vn 0.8242441290044277 -0.2833072201901104 -0.4902638420176271
vn 0.24343339896173566 0.5351451859274993 0.808925095573477
vn 0.16543278173920375 0.4763205371274005 0.8635686079499958
vn 0.19918867354009234 0.5150301899515416 0.8337072482423418
vn 0.18946808349406322 0.5249819279723065 0.8297564827342819
vn -0.7964177893549849 -0.11770550134995132 -0.5931813548577497
vn -0.7964177893549849 -0.11770550134995132 -0.5931813548577497
vn -0.9796904678104119 -0.08413997316600794 -0.1820083849635496
vn -0.9796904678104119 -0.08413997316600794 -0.1820083849635496
vn -0.3142487804518406 -0.8952572376964754 0.3158515194464123
vn -0.19975499845709446 -0.7601254596454652 0.618309975813246
vn -0.19975499845709446 -0.7601254596454652 0.618309975813246
vn 0.2126289026593127 0.4692735410489257 0.8570713467531735
vn 0.28148365515767154 0.4761066222472136 0.8331203011158869
vn 0.14043020400141157 0.458626154696737 0.8774630522319481
vn 0.1279206163000376 0.3665644202846336 0.9215567490430576
vn 0.22770092589545698 -0.05956361980722247 0.971907641466931
vn 0.19430668872873763 -0.20082207252317819 0.9601642598549317
vn 0.09337739594620813 -0.3339642895369019 0.9379491005595226
vn 0.05480462487530471 -0.39002440952987816 0.9191721346206853
vn 0.05480462487530471 -0.39002440952987816 0.9191721346206853
vn 0.043316467464706826 -0.40126456291285706 0.9149373935940823
vn 0.027513046552358682 -0.41550002778922784 0.9091769680191853
vn 0.0024321213919744557 -0.48723716086201085 0.8732663018006943
vn -0.024582303700227404 -0.55661691162344 0.8304055178282316
vn -0.03994236608950543 -0.5684958831547006 0.821715910900677
vn -0.07169312133254928 -0.6162259488077138 0.7842994813013897
vn -0.10954727447299109 -0.6769398719255065 0.7278405075653717
vn -0.10954727447299109 -0.6769398719255065 0.7278405075653717
vn -0.142994652677628 -0.722714878321731 0.676192083625659
vn -0.142994652677628 -0.722714878321731 0.676192083625659
vn -0.8522990387170183 0.47927427152114094 0.20948155350752598
vn -0.875562863947905 0.47611139164645744 -0.08190002454099721
vn -0.839512134055846 0.5058582449272717 -0.19830989085796863
vn -0.8840858741100355 0.4673020736509121 -0.004575932763061542
vn -0.8840858741100355 0.4673020736509121 -0.004575932763061542
vn -0.9564157452402265 -0.2899517153799398 -0.03459660394912086
vn -0.7408397893446134 0.4748296503533634 -0.4750717942260216
vn 0.206052868108555 0.9544455247714014 0.21581463293317896
vn 0.10281066941394404 0.983366570343949 0.1497336120736955
vn 0.00911604695451543 0.9882482769814938 -0.1525851917160766
vn -0.09997137122526932 0.9730194903388973 -0.20793940549105192
vn 0.24924461539335577 0.7832837699516223 0.5695117711055605
vn 0.26091185292476576 0.8135792900873983 0.5196284670264424
vn 0.24310015659085163 0.8905853222510576 0.38439575655368974
vn -0.17475739223555525 0.9417018945408653 -0.28750199247513664
vn -0.2991234442072662 0.8936117236009287 -0.33463898841671164
vn -0.44105061712861793 -0.7168687665086266 0.5399754853091625
vn -0.44105061712861793 -0.7168687665086266 0.5399754853091625
vn -0.6648833733019602 -0.04919613883994337 0.745325324827922
vn -0.7598799535022077 0.09748548336812748 0.6427122503873451
vn -0.8251690872966592 0.10490315418198025 0.5550597315719006
vn -0.8010343844274261 0.38939323705417744 0.4546612166233708
vn -0.8010343844274261 0.38939323705417744 0.4546612166233708
vn -0.6670529343257123 0.7372884794739618 0.10698635820715806
vn 0.8154389169319672 0.006445567976019761 -0.5788072454680286
vn 0.2636852193780097 0.5368383383017828 0.8014204287457062
vn 0.2769075110868476 0.557437971005047 0.782678183409672
vn 0.2775341235539748 0.5587655231743236 0.7815087333964039
vn 0.20823186685480286 0.5832879557172702 0.785120787103062
vn 0.16527316409966766 0.6222127279060211 0.7652033079255685
vn 0.1615939422980596 0.5631361550200515 0.8104104322636795
vn 0.0921825272131367 -0.9950529421352392 -0.03704084265515141
vn 0.4757479249678909 -0.8473372735639464 -0.2359734237535322
vn 0.4757479249678909 -0.8473372735639464 -0.2359734237535322
vn 0.7112160362182729 -0.5577634602103452 -0.42786875590553586
vn 0.7112160362182729 -0.5577634602103452 -0.42786875590553586
vn 0.7112160362182729 -0.5577634602103452 -0.42786875590553586
vn -0.43514012083549114 -0.46825836790280034 -0.7690170194009233
vn -0.43514012083549114 -0.46825836790280034 -0.7690170194009233
vn -0.46332270097466016 -0.34663505255175664 -0.8155833587708778
vn -0.46332270097466016 -0.34663505255175664 -0.8155833587708778
vn -0.5143222089439798 -0.22435101328653465 -0.8277314106787842
vn -0.5143222089439798 -0.22435101328653465 -0.8277314106787842
vn -0.4433640676636934 -0.593700148953429 -0.6715269440889026
vn -0.4433640676636934 -0.593700148953429 -0.6715269440889026
vn -0.4505286771613631 -0.7026517923043981 -0.5507307598333774
vn -0.6071460952910873 -0.1730702529828284 -0.7755129312301928
vn -0.8938948367343054 -0.002671359063645308 -0.4482687639134615
vn -0.8938948367343054 -0.002671359063645308 -0.4482687639134615
vn -0.4083026327376874 -0.816250737076053 -0.408685324329457
vn -0.9962139667362697 -0.012474644856138977 -0.08603554913696838
vn -0.32558755069559936 -0.8994103714464854 -0.2916397273461481
vn -0.32558755069559936 -0.8994103714464854 -0.2916397273461481
vn -0.32558755069559936 -0.8994103714464854 -0.2916397273461481
vn -0.2771143479005749 -0.9250304840209982 -0.25985811863306674
vn -0.2771143479005749 -0.9250304840209982 -0.25985811863306674
vn -0.30920043856593177 -0.9486533167585821 -0.06672310989137545
vn -0.30920043856593177 -0.9486533167585821 -0.06672310989137545
vn -0.3568325856723407 -0.9324917584028939 0.05594306313628786
vn -0.36184883873789436 -0.9242744042889263 0.12158224985740113
vn -0.321676913307476 -0.9174336037576676 0.2341784493526119
vn -0.9406578021230954 0.33502438936810885 -0.054051436923297815
vn -0.9406578021230954 0.33502438936810885 -0.054051436923297815
vn -0.32710346276868724 -0.7281740240426832 0.602300519138262
vn -0.30070942665984696 -0.8188745982487449 0.48889491003779406
vn -0.34786347280780877 -0.8344021494893634 0.42750913114648287
vn 0.13575520965713794 0.2526483231317857 0.9579871334572524
vn -0.8799537050796895 0.45140458238190007 -0.14803844068737448
vn -0.7417650706154539 0.4166417654647952 -0.5255418340010901
vn -0.8670522284860489 0.24764705378244226 -0.4323093450646801
vn -0.9823881535540239 -0.058445953891379514 -0.17747559333734422
vn -0.9823881535540239 -0.058445953891379514 -0.17747559333734422
vn -0.9998518871529138 -0.0172105709868474 -0.0000017503697604977828
vn -0.9998518871529138 -0.0172105709868474 -0.0000017503697604977828
vn -0.9877544717553294 -0.13076042440599464 0.08510472922531519
vn -0.9414603883478979 -0.31672434576735786 -0.11549037176346974
vn -0.8578877731433044 0.1326248597294005 -0.49642644497748006
vn 0.014926243508764493 0.9996627498198867 -0.021250738275641265
vn 0.034693680959557244 0.9958278014207166 0.08439987215072244
vn 0.17322005180401098 0.9355484761637924 0.30780490964346546
vn -0.5934503699879273 0.4459552187912314 -0.6700302987134664
vn -0.6607012371587134 0.4820886575178761 -0.5753819614043851
vn -0.521528387214346 0.3833887911265296 -0.7622474507455841
vn -0.5118424650182315 0.4398387164328232 -0.7379425414832695
vn -0.5345828703286015 0.5783759490765976 -0.6161999807537958
vn -0.6970038325166013 0.45924007307291914 -0.5507124592209162
vn -0.5098085285619876 0.7207328510607928 -0.46972270714458997
vn -0.4623168349761857 0.8207649550604074 -0.3355712035355382
vn 0.17730924449753077 0.5677109944779083 0.8039064986455946
vn 0.24042933771586236 0.6212494864016566 0.7458168737774642
vn 0.2727499491356242 0.6788491325792158 0.6817413882426098
vn 0.22588875038342773 0.7716636453858619 0.5945666412102316
vn 0.7194712180041398 0.2982706485966867 -0.627212712442399
vn -0.03353361444831364 0.87936569097993 -0.4749647126149712
vn -0.03353361444831364 0.87936569097993 -0.4749647126149712
vn 0.5654315367663786 0.42790812369163705 -0.7051112074763201
vn 0.720932846013271 -0.31057763302676433 -0.6195138137303297
vn 0.720932846013271 -0.31057763302676433 -0.6195138137303297
vn 0.22693569066076244 0.5774483670597045 0.7842535149327695
vn 0.21644720641230397 0.4864593120796425 0.8464679229169352
vn 0.17685103506312727 0.48693046221219766 0.8553493066384726
vn 0.1339714515180684 0.5302600217253272 0.8371833488179261
vn -0.629805013269009 -0.27996697347556937 -0.7245440904625149
vn -0.9659846297362777 0.21886685340918485 -0.13773523729252707
vn -0.9659846297362777 0.21886685340918485 -0.13773523729252707
vn -0.39724639075177837 -0.865414262189693 0.305374294650606
vn -0.3354131180076962 -0.6453009648937396 0.6863561065333097
vn 0.21525059833135074 0.4651041668573964 0.8586881237619877
vn 0.17229505356170838 0.43103543359314805 0.8857329560907932
vn 0.14850448563042024 0.4308567353316353 0.8901173469644379
vn 0.11981165612789522 0.38341586049480936 0.9157715026014491
vn 0.16047614872594707 0.08019535273367194 0.9837764538196723
vn 0.08464501185931017 -0.1687064197826741 0.9820251350609359
vn 0.025779828731500788 -0.28363409970977016 0.9585859887941209
vn -0.032354260095457235 -0.3447020476177046 0.9381544117158098
vn -0.032354260095457235 -0.3447020476177046 0.9381544117158098
vn -0.05700114978159775 -0.323896170552266 0.9443739405686464
vn -0.05700114978159775 -0.323896170552266 0.9443739405686464
vn -0.049172785620397626 -0.314093950523075 0.9481176231877237
vn -0.06012387583197892 -0.3900446599910715 0.9188309326352647
vn -0.08962407662952879 -0.4834986900732717 0.8707448200165963
vn -0.10724621493005392 -0.5265609597819699 0.843345602358053
vn -0.10724621493005392 -0.5265609597819699 0.843345602358053
vn -0.1659373323112766 -0.5642110727172494 0.8087834488716171
vn -0.1659373323112766 -0.5642110727172494 0.8087834488716171
vn -0.23858835233153847 -0.6059209813614824 0.7589040535388246
vn -0.8625136560826497 0.5041108944143966 -0.044072658232261586
vn -0.8501945815869434 0.42857030446635525 -0.3057722478738345
vn -0.8140228905644393 0.2857683570525995 -0.5056710192848438
vn -0.8698464393606908 0.4853765831464949 -0.08818585183895383
vn -0.791372497483945 -0.0796649415627619 -0.6061213305204044
vn 0.04767547586996937 0.9773257883505282 0.20630402910653625
vn 0.04439170774409806 0.9830723432441338 0.17775866851450808
vn -0.08496193631269 0.9925338080665735 -0.08751062348575116
vn -0.1443971319503431 0.9800250610550284 -0.13674921567820167
vn 0.20546723464327613 0.7694170907072093 0.6047979464380637
vn 0.1838435518189837 0.8276777807349454 0.5302367770461195
vn 0.10735818481250654 0.9068944232487558 0.40745150046854656
vn -0.2756662924055825 0.9435922363934646 -0.18341697481242025
vn -0.4418669692382386 0.8725682002409081 -0.20827462021224769
vn -0.4549252741094878 -0.7395731407136132 0.49605903329282247
vn -0.4549252741094878 -0.7395731407136132 0.49605903329282247
vn -0.7452943265527064 -0.06229200164404123 0.6638193077483712
vn -0.7914812974040495 -0.007566002018942563 0.6111465548238423
vn -0.8157940598108425 0.12534514209643183 0.5645960036434627
vn -0.7980769450926289 0.3736241541449443 0.47273478944445335
vn -0.7980769450926289 0.3736241541449443 0.47273478944445335
vn -0.6663990033001841 0.7079769982000694 0.23383955700467013
vn 0.6526942849518624 0.027160973603216735 -0.7571343684605145
vn 0.6526942849518624 0.027160973603216735 -0.7571343684605145
vn 0.28977181350706566 0.5154537352779482 0.8064364468976073
vn 0.2984658228385272 0.5684504626388933 0.7666695664515119
vn 0.24865176737462388 0.5920671692944524 0.7665694786678702
vn 0.1654554837578383 0.6278720247897606 0.7605269248230901
vn 0.16273766764457195 0.6086077135990856 0.7766035684165367
vn 0.145647004223324 0.5741845964463423 0.805666804184287
vn 0.19437630451593074 -0.979448063423983 -0.053845550398706456
vn 0.19437630451593074 -0.979448063423983 -0.053845550398706456
vn 0.38515668658883717 -0.851888467881185 -0.35488077584867206
vn 0.5938540412033718 -0.5744999371366873 -0.5632825223423555
vn 0.5938540412033718 -0.5744999371366873 -0.5632825223423555
vn -0.5277334741959081 -0.3333518311956172 -0.7812643194538232
vn -0.5433738791885674 -0.456353214355035 -0.7046180321020713
vn -0.5433738791885674 -0.456353214355035 -0.7046180321020713
vn -0.5013380513937078 -0.23077889665740856 -0.8339072245054299
vn -0.4910063826738748 -0.16771002869997267 -0.8548602683754641
vn -0.5328390220244043 -0.5933575805243013 -0.603331880677976
vn -0.5328390220244043 -0.5933575805243013 -0.603331880677976
vn -0.506014893440269 -0.6827686562902506 -0.5270444854129854
vn -0.506014893440269 -0.6827686562902506 -0.5270444854129854
vn -0.5339111698215506 -0.3267806709257742 -0.7798418146323549
vn -0.5800245467284608 -0.1161578116367678 -0.8062746975989019
vn -0.8364538978615662 0.33251902404702843 -0.43563284472018904
vn -0.4581069976822435 -0.7919747963047589 -0.40362594155058573
vn -0.4581069976822435 -0.7919747963047589 -0.40362594155058573
vn -0.44522410701738163 -0.8489556353789359 -0.2846925072581329
vn -0.5034217863773607 -0.8588273154428208 -0.0947741908427852
vn -0.5051578976117364 -0.860437230855874 0.06680771091397927
vn -0.4842863327860903 -0.870180305341913 0.09084593591160428
vn -0.45209854186064724 -0.8784929982669165 0.15445698573868402
vn -0.32555391547122536 -0.6119744024217781 0.7207648568721019
vn -0.3881010012010947 -0.6949178391798856 0.605365021830851
vn -0.4583813936580389 -0.7456708808861424 0.4835922201055332
vn -0.5161007753706364 -0.7719336022578382 0.3711583265495544
vn 0.1209815178860768 0.33220361559857337 0.9354166077813757
vn -0.7383046767501563 0.39674767743227074 -0.545433299992718
vn -0.7668034483713081 0.3167092574359287 -0.5583079059266967
vn -0.9172651388989082 -0.1561270393165581 -0.3664000717180779
vn -0.9311754487150407 -0.24506565359015686 -0.2699168559774879
vn -0.9311754487150407 -0.24506565359015686 -0.2699168559774879
vn -0.9067022784747681 -0.27225438903708105 -0.32213122459443383
vn -0.9067022784747681 -0.27225438903708105 -0.32213122459443383
vn -0.7724969587368417 -0.19788580082425783 -0.60339842440503
vn -0.7724969587368417 -0.19788580082425783 -0.60339842440503
vn -0.6685512415841689 0.08053054364127563 -0.7392929520272101
vn -0.06666422147595956 0.9972635374023913 0.03195807476482046
vn -0.04632727768164591 0.9868723678464143 0.15471494085517118
vn -0.009428720288760847 0.9640437909951105 0.2655761063753516
vn -0.6784033992562813 0.395962812248074 -0.618855620637091
vn -0.6322444574964906 0.3266107089079044 -0.7025613074968223
vn -0.6975751173960422 0.45312408350438343 -0.5550383054692808
vn -0.6261809416546651 0.33783301432031554 -0.7026850523127174
vn -0.6477905736982583 0.46030173050229944 -0.6070335159810122
vn -0.6450256792421877 0.5878595193169343 -0.48822439376440147
vn -0.6163320412898068 0.7013600918472851 -0.3580905422424721
vn -0.5657976219565142 0.7913301875411337 -0.23166697061615776
vn 0.19689160133884714 0.5555317870535937 0.8078478389494306
vn 0.22412198166084785 0.5885839505254282 0.7767485246334845
vn 0.18701163301761023 0.7056974311254117 0.6833869949150932
vn 0.1472601755377232 0.7809220029711466 0.6070216355090907
vn 0.6686560192662865 0.2683707049635305 -0.6934524443798156
vn 0.6686560192662865 0.2683707049635305 -0.6934524443798156
vn -0.39746698087074184 0.9023552389381257 -0.16665839876350522
vn -0.39746698087074184 0.9023552389381257 -0.16665839876350522
vn 0.5982723157145297 0.3452271773563887 -0.7231102490382187
vn 0.5982723157145297 0.3452271773563887 -0.7231102490382187
vn 0.6407460716927281 -0.3660014015002623 -0.674898100241941
vn 0.19935509368937654 0.624529832498425 0.7551291511652752
vn 0.1348809744408824 0.517564774266781 0.844946049858838
vn 0.07794822489450537 0.5019487569233845 0.8613776869984877
vn 0.05825855147501102 0.5635744868444588 0.8240083367042097
vn -0.4992715484806989 -0.3540545028411117 -0.7908054943509296
vn -0.5494508623057822 -0.7957205598283987 0.2548186425240751
vn -0.3385903991404221 -0.5807298774501033 0.7403440761205007
vn 0.2506504513127441 0.4035154534615702 0.8799713802587112
vn 0.21240661720141946 0.36712815807656024 0.9055939181091941
vn 0.170874907022907 0.371406104785915 0.9126112378650982
vn 0.11722065525423034 0.33492232269210653 0.9349258557470178
vn 0.06814047993363648 0.16948974513539586 0.9831734848379264
vn -0.03877583293623375 -0.07572554339984505 0.9963744661807125
vn -0.061342583317963995 -0.20829603937616437 0.9761402806216337
vn -0.09308827854584162 -0.3038232144092012 0.9481698301377409
vn -0.05998311940235157 -0.30693675178800967 0.9498378049901935
vn -0.05998311940235157 -0.30693675178800967 0.9498378049901935
vn -0.06233181288047824 -0.30546597095992395 0.9501606630925866
vn -0.06233181288047824 -0.30546597095992395 0.9501606630925866
vn -0.12244607990156182 -0.34826275819151303 0.929365379586296
vn -0.12244607990156182 -0.34826275819151303 0.929365379586296
vn -0.12244607990156182 -0.34826275819151303 0.929365379586296
vn -0.16192121004315935 -0.39812790065477616 0.9029261854982276
vn -0.16192121004315935 -0.39812790065477616 0.9029261854982276
vn -0.17389916963569277 -0.4711407609938507 0.8647458945436813
vn -0.26338220144371377 -0.5592554281387996 0.7860427355175741
vn -0.8133585772167088 0.42695544696612076 -0.3951668902805134
vn -0.602500033021063 0.26173893510442775 -0.753980397662975
vn -0.6525433690166607 0.09349094375124332 -0.7519618308058517
vn -0.6934151423164564 0.002309075481333794 -0.7205345991530664
vn -0.024334898915476046 0.9708096516014812 0.23861356426696323
vn -0.13869490307942844 0.9902959411151062 -0.008813221359655869
vn -0.23986179774826868 0.9699731326874304 -0.04022983775136526
vn 0.1400005917054321 0.7717553104995221 0.6203173180219258
vn 0.031040604434326803 0.8650390977236438 0.5007432878090489
vn -0.046897563119846185 0.9287920403398799 0.3676220401100876
vn -0.4115564402971125 0.9081806928574383 -0.07634871034243257
vn -0.514882279237243 0.8487298311749423 -0.1206395963239925
vn -0.5384498167029286 -0.6486857447275555 0.5378462600779514
vn -0.5384498167029286 -0.6486857447275555 0.5378462600779514
vn -0.5384498167029286 -0.6486857447275555 0.5378462600779514
vn -0.7930602262628622 -0.07744948401239737 0.6041995158439895
vn -0.8165161503729097 -0.006375755566591159 0.5772873859016487
vn -0.8107521401956896 0.1621047380994294 0.5624971298182988
vn -0.7625278252642362 0.4204411218642939 0.49171188590808784
vn -0.7625278252642362 0.4204411218642939 0.49171188590808784
vn -0.6780700788071923 0.652734408899299 0.3378738813008353
vn -0.6780700788071923 0.652734408899299 0.3378738813008353
vn 0.2164365106821519 0.7511036740047928 -0.6236974488806547
vn 0.2164365106821519 0.7511036740047928 -0.6236974488806547
vn 0.2164365106821519 0.7511036740047928 -0.6236974488806547
vn 0.6915554903996702 0.1710555529614474 -0.7017770311852084
vn 0.29095793005547665 0.49812689826163925 0.816831118509861
vn 0.2622791124892824 0.6080560438955236 0.7493180330366804
vn 0.22784106670204282 0.6287402164786894 0.7434878536374391
vn 0.1732488127357185 0.6449906236653675 0.7442929156383422
vn 0.13398320126002988 0.6231552564588 0.7705361952094667
vn 0.04114817215803811 0.6230726475294648 0.7810808561401795
vn 0.05775228836044261 -0.9983304649537476 -0.0009777189610454143
vn 0.5031989660486156 -0.8449504119613245 -0.1812445913510034
vn 0.6699752323535635 -0.6801593417347264 -0.29751715561253356
vn 0.6699752323535635 -0.6801593417347264 -0.29751715561253356
vn -0.6233669533816337 -0.3234571225958374 -0.7118912355646201
vn -0.5831674367174201 -0.2284167271598671 -0.779577795672766
vn -0.6338625432189928 -0.43331750420166043 -0.6406670093397931
vn -0.5513248945145711 -0.14980858307585468 -0.8207303144914913
vn -0.5506214079120376 -0.21660815015842844 -0.8061618785541208
vn -0.5985967634914933 -0.570080055964261 -0.5627527383578813
vn -0.6120319451142759 -0.6475458830789843 -0.45398373039911266
vn -0.5963109779985736 -0.4036896261496153 -0.6938644703813334
vn -0.41094134201346727 0.1869551744783581 -0.8922863756440178
vn -0.5196710283910212 0.27862715800432036 -0.8076564424762883
vn -0.6492949849381825 -0.6947218271944121 -0.30947957178751306
vn -0.6457508433011582 -0.7446380427682083 -0.16887875425338358
vn -0.5900737313582175 -0.8069943553935776 -0.023939547278395198
vn -0.5391250802924352 -0.8394963073867467 0.06775025965774874
vn -0.5475376699936589 -0.8262687703510432 0.13222109922584344
vn -0.3972195716608317 -0.5501184507400947 0.7345653830973138
vn -0.4958825076369158 -0.5524306258288726 0.6700156283744761
vn -0.5948158605182109 -0.5679134228440714 0.5689186551955484
vn -0.5733046484043371 -0.6603453700512938 0.4850420315496372
vn -0.6132344432105175 -0.7116207877539223 0.34284015531552564
vn 0.09214803622262116 0.333223108992616 0.9383342150074299
vn -0.6110619695855162 0.28687106592377387 -0.7377724993939716
vn -0.8161580385987565 0.1471503643142912 -0.5587779758659087
vn -0.784958466567101 -0.35728960803692805 -0.506146561534743
vn -0.7882280695696393 -0.321512217579448 -0.524715546072027
vn -0.8045925953008153 -0.2234457245041539 -0.550184299837711
vn -0.7284285944314265 -0.07660116918451629 -0.6808260010415447
vn -0.7284285944314265 -0.07660116918451629 -0.6808260010415447
vn -0.6883234750477075 0.09760902499768409 -0.7188068391002199
vn -0.139160857081133 0.9826060111057818 0.1229621193507529
vn -0.11557621506912534 0.9635906813924601 0.24111229177275406
vn -0.08462620773935478 0.9607363970336213 0.26424227591078503
vn -0.7085407036286305 0.4049796565747151 -0.5778940638750938
vn -0.6893542259618436 0.31899540925446623 -0.6504096247928094
vn -0.6940857957542439 0.27291788052292565 -0.6661536899417974
vn -0.7147368630479712 0.3518511281626111 -0.6044435459255425
vn -0.723841024482979 0.4818239497584905 -0.4938621798787175
vn -0.7086956719412221 0.592426983736022 -0.3831197117262681
vn -0.6649885180592274 0.6954829695957198 -0.27220159781256237
vn -0.6236479371278884 0.7672948350610129 -0.14940510903186183
vn 0.10202609022556376 0.5280792723499637 0.8430438654231571
vn 0.07319305548015367 0.5755147110564406 0.8145094192132469
vn 0.05326067891005814 0.7138731890990182 0.6982466397825609
vn 0.038984546685283956 0.7514877604023473 0.6585942233919206
vn 0.7006509158535694 0.2540310568504514 -0.6667507152369596
vn -0.3969372612956468 0.9104285299211342 -0.11645042937127291
vn 0.6374606051411558 0.2620921795678513 -0.7245354831217342
vn 0.7090793500500445 -0.427423515828416 -0.5608169161584573
vn 0.17759910789681813 0.6588764443070512 0.730985901376731
vn 0.019533026743973704 0.5148275436722739 0.857071211243612
vn -0.01190501963664972 0.5295945198567199 0.8481673862187707
vn -0.02103801989718499 0.5919843278800193 0.8056748458672688
vn -0.5081062750201678 0.0022738472761597316 -0.8612913809528656
vn -0.6438249037114941 -0.7307407501323936 0.22695252687915202
vn -0.38501039409941934 -0.48232955069457784 0.7868450933711009
vn 0.22750219616933354 0.377629134722744 0.8975739453363615
vn 0.19032050210902002 0.34164562304021207 0.9203566562667083
vn 0.13627002428343685 0.3406765880775357 0.9302526231178501
vn 0.12288173977963071 0.3362120767028704 0.9337352502223928
vn -0.04360797461053939 0.1728845023186532 0.9839762666895976
vn -0.09703694328109831 0.0689158687880627 0.9928919551833661
vn -0.08905500108814975 -0.10320987477358326 0.9906648921458814
vn -0.07516554444486617 -0.257131447115283 0.9634487842291914
vn -0.0857594088126364 -0.2749657691362851 0.9576216108690312
vn -0.108905952074834 -0.29197850713805457 0.950204212247087
vn -0.108905952074834 -0.29197850713805457 0.950204212247087
vn -0.16163549828659812 -0.35763954035119827 0.9197651465841848
vn -0.16163549828659812 -0.35763954035119827 0.9197651465841848
vn -0.1802677010382441 -0.36444683756178375 0.9136093577419188
vn -0.1802677010382441 -0.36444683756178375 0.9136093577419188
vn -0.28808197853539413 -0.41172719679822023 0.8645747446345009
vn -0.28808197853539413 -0.41172719679822023 0.8645747446345009
vn -0.5590701860708007 0.25156245362056706 -0.7900359858735297
vn -0.620660340550064 0.16682501980195052 -0.7661267221787511
vn -0.7185549707494103 -0.40928872842414626 -0.5622823941724118
vn -0.6879258566433277 0.021080683348560312 -0.7254747552817409
vn -0.21053277972659434 0.9731442020655697 0.09309302147185257
vn -0.3617255289263572 0.9312722424401273 0.04343560962486917
vn -0.02322316774536163 0.7969692507309231 0.6035732746479602
vn -0.09787493165001104 0.8756629723583251 0.4729004721874241
vn -0.13623530037609338 0.9300216685547302 0.34132043441626997
vn -0.48602459839184503 0.8739038886447988 0.008490180772187736
vn -0.5954604127995342 0.8032361836892212 -0.015444416498653404
vn -0.5579228310261682 -0.6050342818842361 0.5680278447088422
vn -0.5579228310261682 -0.6050342818842361 0.5680278447088422
vn -0.8373954376021215 -0.08497590792942218 0.5399518276242072
vn -0.7951735358853752 0.08017385395715315 0.6010584006310927
vn -0.794448223488216 0.16791110763622047 0.5836590444161686
vn -0.7543968418462701 0.4737090678614547 0.4544063424273539
vn -0.7543968418462701 0.4737090678614547 0.4544063424273539
vn -0.7543968418462701 0.4737090678614547 0.4544063424273539
vn -0.743182741839066 0.6038030685313617 0.28827290310516507
vn 0.22836594603132424 0.7435226059312815 -0.628508654803078
vn 0.22836594603132424 0.7435226059312815 -0.628508654803078
vn 0.7029189896529244 0.10206854846053656 -0.7039083075234095
vn 0.21083447277162112 0.5217509850915492 0.8266345835053786
vn 0.1920664317475995 0.6128607414713215 0.7664934424761681
vn 0.16017433346941787 0.6565662950407726 0.7370650467320107
vn 0.14082142670083897 0.6600868682903098 0.7378717043583061
vn 0.058031993120094584 0.6756541365310154 0.7349311366128374
vn 0.006659376734439101 0.6518840171264236 0.7582894440229441
vn 0.1688452049582551 -0.9570507071266834 0.23568037837486655
vn 0.44926468597846797 -0.8717895969653673 -0.1953052496878432
vn 0.44926468597846797 -0.8717895969653673 -0.1953052496878432
vn 0.5635217043791961 -0.7289307216256736 -0.3887200686404555
vn 0.5635217043791961 -0.7289307216256736 -0.3887200686404555
vn -0.6924173697446454 -0.2966000380125738 -0.6577131620447068
vn -0.6704871622362958 -0.23512205368796363 -0.7036793198225122
vn -0.6412545495960784 -0.12665392563868735 -0.7568033996637704
vn -0.7216803924116483 -0.41879069204878416 -0.5511730830346032
vn -0.6311206125504761 -0.11036795657490667 -0.7677927367300316
vn -0.7032166254345915 -0.21965761891770527 -0.67619295187379
vn -0.7103851728037224 -0.5163218156920715 -0.4782935175193869
vn -0.7336372240566627 -0.5761226496909915 -0.3603597036177397
vn -0.7041962527327263 0.016711301590259957 -0.7098086855176862
vn -0.3947089339789424 0.40231395025928085 -0.8260437899191421
vn -0.4633091751599821 0.3364880808692783 -0.8198294820543399
vn -0.728082778973633 -0.6272552038415583 -0.2764893781245801
vn -0.708252101624865 -0.6922840775776339 -0.1382812947453368
vn -0.6841531142746211 -0.7292846171402373 0.008857958622320077
vn -0.656054655574741 -0.7420630824794664 0.13760330853500782
vn -0.47229835400983233 -0.4204355511897222 0.7747052420730078
vn -0.5444729363624562 -0.479763004328896 0.6880237504956906
vn -0.6072122113283831 -0.5130223343450584 0.6067136185028666
vn -0.6336483054634866 -0.5136859169945905 0.5784605463336965
vn -0.7286274381000579 -0.5338896474783875 0.4290266900358873
vn -0.7658167274774814 -0.5649391856338519 0.30719449287225425
vn 0.07426633950232588 0.2194157100768829 0.972800728303789
vn -0.8205491870650161 0.04257740809954929 -0.5699878910349461
vn -0.7278970444259981 -0.24197635934675063 -0.6415709892390622
vn -0.7056606386972933 -0.173322721702703 -0.6870242332952279
vn -0.6929828788557155 -0.04081989629162109 -0.7197975171390814
vn -0.6929828788557155 -0.04081989629162109 -0.7197975171390814
vn -0.6385559552910858 0.13275023291164958 -0.7580393575693755
vn -0.17512848010833665 0.9636808328122306 0.20161663603301655
vn -0.14974002707888867 0.9530807487926398 0.2630874580273163
vn -0.7340364587917916 0.3070485397668835 -0.6057323430290239
vn -0.7164729831312979 0.29351449003375285 -0.6328631041411444
vn -0.7532857218654959 0.29054085711757927 -0.5900395169638736
vn -0.7807423022813921 0.3801049073204092 -0.4959452760731716
vn -0.7708678763300372 0.4936812982236126 -0.4025437777766126
vn -0.7467217061248587 0.5962278416090537 -0.2948203766570241
vn -0.717297503174883 0.6811485999829868 -0.146699954602227
vn -0.68346345535189 0.7295801055309974 0.02430174503680455
vn -0.0000349902851556844 0.5144850262369706 0.857499362421701
vn -0.0441598048478224 0.5637045073623074 0.8247952109555562
vn -0.07763527747515303 0.6811490364290792 0.7280170010810825
vn -0.11295097549210413 0.7299202827887911 0.6741353409434292
vn 0.6544321660894872 0.09367368098235869 -0.7502957959889134
vn -0.36422514780197934 0.8965313997351293 -0.2521338751488899
vn -0.36422514780197934 0.8965313997351293 -0.2521338751488899
vn 0.6593881396110237 0.3241501522646597 -0.6783317478395883
vn 0.6232553216251748 0.3903658149534377 -0.6776188711817567
vn 0.6582451003250576 -0.5358581168907214 -0.5287432897544753
vn 0.12409986574726306 0.6750265370294947 0.7272815119522011
vn -0.0578294370634408 0.5120324264317262 0.857017240486657
vn -0.08260429476473985 0.5529496553246808 0.8291098896785256
vn -0.06303316547054065 0.6354884699147639 0.7695331212210138
vn -0.7193308365801958 -0.3161396933334166 -0.6185619143173047
vn -0.42972493705843806 0.42144430322400145 -0.7985744660018611
vn -0.783787707139824 -0.5863566397522666 0.20460381510355102
vn -0.4193917605993251 -0.3848821059243472 0.8221777883649242
vn -0.4193917605993251 -0.3848821059243472 0.8221777883649242
vn -0.4360314765951535 -0.4038533737022495 0.8042257170518493
vn -0.4360314765951535 -0.4038533737022495 0.8042257170518493
vn 0.16807371551978442 0.4023342413571436 0.8999324332320433
vn 0.13332798234617238 0.33874014859909657 0.9313853986672546
vn 0.11066220514500469 0.33412148255532076 0.9360110636351898
vn 0.11452164987434693 0.3589258475464391 0.9263136767170869
vn -0.04644034288600838 0.03127119594707922 0.9984314732903151
vn -0.055704538146983396 0.0643298512667633 0.9963727588938929
vn -0.08137745831554237 -0.020456989413353565 0.9964733919489492
vn -0.12576508139747314 -0.1723874903969011 0.9769676030737894
vn -0.16165912039353045 -0.2106581017683558 0.9641003541918979
vn -0.16446523821924952 -0.22040850025068842 0.961442290745902
vn -0.24088031823339912 -0.30393665120095875 0.9217370472887175
vn -0.30632738916864766 -0.32369937074346333 0.8951995576548313
vn -0.47455638749971296 0.2996440159964916 -0.8276531270772294
vn -0.5683408389589719 0.20797894240739406 -0.7960737718870744
vn -0.6428343688306916 -0.5384477405942819 -0.5448284178518584
vn -0.6896412579090642 -0.4852571809374947 -0.5375131661068399
vn -0.6456921407640634 0.06986212417693506 -0.7603952544308832
vn -0.31524786438444735 0.9334046865933766 0.17138983355661913
vn -0.46985600495261587 0.8717411450160285 0.13893419556074432
vn -0.17310756328332136 0.8003603669216448 0.5739834967968687
vn -0.22245642623941575 0.8639074595476193 0.45185953543415003
vn -0.2565032001248655 0.9015580159502977 0.34842395468949294
vn -0.5691980136000361 0.8155989068748322 0.10398098104149595
vn -0.5836527078558853 -0.556704078288165 0.5911261166873084
vn -0.5836527078558853 -0.556704078288165 0.5911261166873084
vn -0.706189336711062 0.024733919731521174 0.707590880332912
vn -0.6118849871403166 0.07634556738398497 0.7872535276854032
vn -0.4806082387109469 0.19194695015946978 0.8556705494567636
vn -0.3624710867423322 0.31096096374900345 0.8785886354262293
vn -0.3624710867423322 0.31096096374900345 0.8785886354262293
vn -0.3767974957331509 0.6092047666457217 0.6977773280247489
vn 0.3705020321939865 0.7729110844498994 -0.5151084348703742
vn 0.8845495885205037 0.07306692507672682 -0.4606878009108114
vn 0.1419772759845609 0.5423608850481002 0.8280622702875946
vn 0.142301333802597 0.6197217014134948 0.7718130234682266
vn 0.1059310894578453 0.6777650786186883 0.7276077944134997
vn 0.052927556245686624 0.7042252866632046 0.7080010024102981
vn 0.008415703150630395 0.696102815313431 0.717892782003828
vn -0.06435168287088434 0.688070747622409 0.7227845510095136
vn -0.06454925662702184 -0.9742506853367053 0.21603008028943335
vn 0.264581916759573 -0.9118312694847922 -0.31394290135880226
vn 0.264581916759573 -0.9118312694847922 -0.31394290135880226
vn 0.6654729619856474 -0.6305026796506891 -0.3995148405495718
vn 0.6654729619856474 -0.6305026796506891 -0.3995148405495718
vn -0.7272875520877237 -0.23781822855761667 -0.6438130992329713
vn -0.7128587182674156 -0.13441823078827425 -0.6883053007364448
vn -0.6729107890512023 -0.084131685320807 -0.7349237576126989
vn -0.8025793873158186 -0.3396384695770543 -0.49042026573044645
vn -0.7811468658235695 -0.46682907465048146 -0.41458435700709845
vn -0.682921315421153 -0.06575978959404427 -0.7275260318476509
vn -0.7928437346109264 -0.00022471849461526926 -0.6094249436885537
vn -0.8028639418880978 -0.49740220540794966 -0.3286343513256231
vn -0.6678390684746592 0.2812730495514676 -0.6891127993405124
vn -0.4470624029009094 0.3389724790574331 -0.8277879356176454
vn -0.8214706725546711 -0.5313580597940587 -0.20698924229164645
vn -0.8197924939230959 -0.5690397515000096 -0.0642964082990467
vn -0.7997794516380256 -0.5951956934700703 0.07806993795476773
vn -0.5329050700946056 -0.42327523695342584 0.7327006619687775
vn -0.5329050700946056 -0.42327523695342584 0.7327006619687775
vn -0.6319800065941623 -0.45604138582366593 0.6265999726151229
vn -0.6834962966215604 -0.4536349476815806 0.5718812348263769
vn -0.7552825694800771 -0.43371891322344114 0.49136152123650245
vn -0.8125360686417921 -0.44656124845882667 0.3746574282341606
vn -0.8401108353605248 -0.4599432006169017 0.28751701952427444
vn 0.009096147678088485 0.13879715258381406 0.9902790568986319
vn -0.8072062554394036 0.04942321669341406 -0.5881967416019678
vn -0.8003356710324542 -0.19329360790425923 -0.5675388927786235
vn -0.5858724103954285 -0.289883881458564 -0.7567832278849522
vn -0.6025020398587223 -0.40143662147638154 -0.6898115183901374
vn -0.6531415455025028 -0.03569491510897658 -0.75639407359786
vn -0.6531415455025028 -0.03569491510897658 -0.75639407359786
vn -0.5753352907106964 0.1792729691840732 -0.7980291384296468
vn -0.27353411715136555 0.924498908987622 0.26548230456081157
vn -0.779333841943739 0.22762618809704568 -0.5838022621518522
vn -0.8057581741190009 0.27513795950563585 -0.5244548293985755
vn -0.8440043630991347 0.286511768808793 -0.4533956786336641
vn -0.8550903365260677 0.3666445427722603 -0.3665955477567297
vn -0.8458072568820947 0.47121158385274403 -0.2501394160234942
vn -0.8135334272740209 0.5688323571431556 -0.12080195434986445
vn -0.757952931644605 0.6522346761689801 -0.0098630935357285
vn -0.6483478382312547 0.7461331298162718 0.1514279804112601
vn -0.12877117097925228 0.5106908679225599 0.8500663638476321
vn -0.18734263969276874 0.54634850037617 0.816336971776763
vn -0.2144445359012844 0.6366973759372277 0.7406956139310743
vn -0.25139712494038274 0.7073387280414333 0.6606598287957555
vn 0.989856867042913 0.11216555921170242 -0.08719099778483534
vn 0.9265171873923036 0.19422717368195727 -0.3222447927743349
vn 0.3968688554171251 0.842064497617892 0.36527043878669974
vn 0.3968688554171251 0.842064497617892 0.36527043878669974
vn 0.9001189998390672 0.39403387606724444 0.18580390372686229
vn 0.9081801373869831 -0.3796616626192682 -0.1762550991969687
vn 0.06322285330783824 0.7007159366653404 0.7106335531923821
vn -0.17760256416629935 0.531618192373034 0.8281542288363825
vn -0.17377364468500167 0.5991945805197522 0.7815168424855916
vn -0.18620885779208363 0.6775863123538756 0.7114794800909187
vn -0.7862265307465166 -0.24367413536718513 -0.567865087941979
vn -0.461631675660902 0.3697185139570378 -0.8063525385734873
vn -0.8698901475190729 -0.4614720295126547 0.17416858851904674
vn -0.3852394302332823 -0.24934934152891905 0.8884905667887703
vn -0.45904750541794836 -0.36390335089072684 0.8104626697017321
vn -0.5676817291958204 -0.36756867131631493 0.736634730517101
vn 0.13422534902704866 0.4332375080849773 0.8912288243020903
vn 0.08949515175666635 0.33540120541586477 0.937814826720945
vn 0.09710562295458576 0.35652974736067017 0.9292238897260113
vn 0.03216965269218717 0.34412444186383606 0.9383727841095816
vn -0.0964343229936458 0.03183506736157777 0.9948301110414988
vn -0.12310621581606612 0.04559041818962727 0.9913457385779912
vn -0.15293864122282505 -0.12793842792694146 0.9799191449708996
vn -0.18084405089691225 -0.19437160794660294 0.9641136381565437
vn -0.2834861835666119 -0.17916585259066978 0.9420908560177705
vn -0.3518890736808965 -0.1716325282231961 0.9201719160459715
vn -0.5012579621437881 0.2577512891746159 -0.8260173898389066
vn -0.6222786047185582 0.12323155484002742 -0.7730351363303183
vn -0.4367198502095591 0.8667369203739226 0.240920906717679
vn -0.5366966026620584 0.8186739527974832 0.20427852481831923
vn -0.31435884917164114 0.7749647224918828 0.5482774779621725
vn -0.36297039676953186 0.8300784483060949 0.42334650196584156
vn -0.3961463938315699 0.8536594064224153 0.33813259600454404
vn -0.753242444013504 0.6501868461647898 0.09941270346815313
vn -0.3433959048708399 -0.3960039159194368 0.8516220705773241
vn -0.3433959048708399 -0.3960039159194368 0.8516220705773241
vn -0.2800574391730113 0.12464185619164429 0.9518572573915465
vn -0.02745454134422507 0.08585593645559322 0.9959292175325068
vn 0.19802275363081243 0.14475308404762235 0.9694501192444988
vn 0.354006452042236 0.034905707629576364 0.9345913671157821
vn 0.354006452042236 0.034905707629576364 0.9345913671157821
vn 0.354006452042236 0.034905707629576364 0.9345913671157821
vn 0.9448602105026719 0.18185782250618068 0.27233603324231076
vn 0.14581392596075995 0.5494117730195113 0.8227302125627008
vn 0.14803168847838424 0.6496541736323148 0.7456782643260783
vn 0.12105468650024613 0.7139177472804842 0.6896863149246081
vn 0.008483526811887398 0.7331466911042354 0.6800176167539653
vn -0.07247813820034985 0.7222046881007104 0.6878715781076921
vn -0.18692705588860584 0.7316750517502297 0.6555226116795032
vn -0.08714118617930962 -0.8211000578711954 0.564093173717944
vn 0.547242756052221 -0.830805533092099 -0.1014274722741451
vn 0.547242756052221 -0.830805533092099 -0.1014274722741451
vn 0.8472720234455297 -0.43242900735492457 -0.3084400620615816
vn -0.7736965173892286 -0.14054631743705087 -0.6177705331550403
vn -0.7644417552640763 -0.07418382014864947 -0.6404104649651902
vn -0.7383023017177051 -0.006210682972794042 -0.6744413530436507
vn -0.8471914512062193 -0.37424322884403094 -0.37710562269408615
vn -0.8521830743556222 -0.27862653212773814 -0.44288967404565927
vn -0.7272985913990371 0.07022687542074048 -0.6827187890468639
vn -0.7520906647035736 0.16331153699869502 -0.6385052654041788
vn -0.8556176914236243 -0.42700659694949455 -0.29254697449216494
vn -0.6508405767144654 0.2906473560280806 -0.7013776857983638
vn -0.48837628974035824 0.3076306692639829 -0.816610048277411
vn -0.8775168427227157 -0.4585049316769652 -0.1404899226487726
vn -0.8850237621583663 -0.46535395866932805 0.013365386856985614
vn -0.6351911659994869 -0.3719738808089768 0.6768807979490342
vn -0.6351911659994869 -0.3719738808089768 0.6768807979490342
vn -0.671525194049367 -0.43347577145531174 0.6009597901009538
vn -0.7429526747857245 -0.4417859139599075 0.5028384723301776
vn -0.7957753418304742 -0.43036063852387246 0.42606493184010935
vn -0.8480100303017074 -0.42997665484808906 0.3098371585096672
vn -0.8949319095237037 -0.39569378115829185 0.2062118058427086
vn -0.13586656961210522 0.17452184704253507 0.9752345359792696
vn -0.8323697804720942 0.051048806403182406 -0.5518646282573728
vn -0.8056639719881697 -0.12687891234987805 -0.578625358795445
vn -0.8442883372430708 -0.19390556063930875 -0.49957765877637705
vn -0.764357787707994 -0.2414656335776597 -0.5978724949109807
vn -0.756012805079789 0.13377358591462246 -0.6407411850871865
vn -0.756012805079789 0.13377358591462246 -0.6407411850871865
vn -0.5442030967135922 0.2514384086387454 -0.8003884782957287
vn -0.8674572105768926 0.23507930076121913 -0.43846973689386204
vn -0.9043872672478357 0.23922892664348636 -0.35334571102108675
vn -0.9223978843083098 0.25226425379584577 -0.29248057932173716
vn -0.9207350368611816 0.3376222461736406 -0.1955970623115387
vn -0.8937285090025565 0.4393224190720383 -0.0908028870507976
vn -0.8358340660308033 0.5487922299309945 0.014439613214383978
vn -0.7295743616984826 0.6587962322126094 0.18359949666249445
vn -0.6223247984538762 0.7402939488597254 0.25431617036873
vn -0.2446500974537892 0.5056838409478535 0.8273029570961763
vn -0.28783881480459506 0.5145679742706589 0.8076933926601582
vn -0.3432746361386118 0.5971659725375952 0.7249519469779578
vn -0.4006110602843367 0.6681240588666526 0.6269936366036016
vn 0.543882709399333 0.07669142376709769 0.8356494623566848
vn 0.543882709399333 0.07669142376709769 0.8356494623566848
vn 0.7884617989597738 0.0658106228070718 0.6115529032772737
vn 0.8994393181605539 0.11474620322357829 0.4217134356321259
vn 0.03688310852961487 0.7586770101237352 0.6504220403821678
vn -0.26074740333822 0.559190274210941 0.7869669808068622
vn -0.2763525389854648 0.6302543523366438 0.7255402990578848
vn -0.262451912070612 0.7081016170918749 0.6555235264445903
vn -0.8463052724607643 -0.14660269391640657 -0.512127948799481
vn -0.4999329972637674 0.3046286360775299 -0.8107209090238204
vn -0.9289224941096234 -0.35734592334143156 0.09698912830011715
vn -0.48203521514974357 -0.12456587560158719 0.8672516324522833
vn -0.41085431738802153 -0.12212463553141595 0.9034845340568602
vn -0.5997108069793997 -0.21777472166502657 0.7700137132518079
vn -0.6505940414507946 -0.2797638414825249 0.7060167039296326
vn 0.0867338973828021 0.4279768039261773 0.899618300361839
vn 0.06449168370987243 0.36544790730263593 0.928594986945541
vn 0.04849314206789746 0.35088177717210395 0.9351632978367621
vn -0.07473886346530878 0.29162691417804365 0.9536078047158097
vn -0.14474229875772152 0.09333402680552369 0.9850575751653282
vn -0.11443908434140738 0.08500605018277149 0.9897866777277943
vn -0.2348665174179073 -0.02583794346901003 0.9716841666268294
vn -0.3419465733936307 -0.08439379227745288 0.9359221275134938
vn -0.39597518442473467 -0.13253922654021014 0.9086456992403147
vn -0.5902561631868786 0.24428360522141318 -0.7693654411525992
vn -0.5101652121173121 0.8078592977329492 0.2951183007062153
vn -0.46342600344600915 0.7316713013011088 0.4998934348262651
vn -0.4873447774017444 0.76884675937512 0.41396826996476493
vn -0.8172042256647175 0.5669045369778225 0.10390620534737165
vn -0.0264996491092624 -0.030650788454870365 0.9991788117069841
vn -0.0264996491092624 -0.030650788454870365 0.9991788117069841
vn 0.18596163809530464 0.1635877693707164 0.968843284989489
vn 0.18596163809530464 0.1635877693707164 0.968843284989489
vn 0.379927597341671 0.1605631079036604 0.9109744832642145
vn 0.379927597341671 0.1605631079036604 0.9109744832642145
vn 0.5795876963771674 0.25810438648937944 0.7729555148151471
vn 0.5795876963771674 0.25810438648937944 0.7729555148151471
vn 0.07751418797729202 0.5395479901041249 0.838379101025795
vn 0.06410353594680554 0.6466197931114186 0.7601141886819788
vn 0.022082961952887538 0.7481799673319687 0.6631282525081567
vn -0.06282847368445131 0.7686575047497364 0.6365675323847354
vn -0.14398118991092745 0.7742654159113308 0.6162649451944244
vn -0.22067896828319328 0.7735243371865844 0.5941051192655393
vn 0.07225433034340231 -0.48961758900622165 0.8689383915343832
vn 0.8129574823122449 -0.18327968490911167 0.5527284044195238
vn 0.8129574823122449 -0.18327968490911167 0.5527284044195238
vn -0.8295071307050162 -0.044125976255768334 -0.5567502297520913
vn -0.8179872503210416 0.022820872826610054 -0.5747834949575827
vn -0.7980392842186873 0.09406149041959204 -0.5952190662804494
vn -0.883994433954493 -0.2988831706972014 -0.35947557776775757
vn -0.9049531949000461 -0.1722252542977131 -0.389099186355211
vn -0.7566343540549983 0.18314252828198216 -0.6276649333826597
vn -0.7475754430395603 0.23195526909860492 -0.6223565779371172
vn -0.9355261063499155 -0.2972001350032654 -0.19095283211255965
vn -0.6897241075344178 0.30249915396172744 -0.6578563044755976
vn -0.48482149923575546 0.2858787183956626 -0.8265721216247545
vn -0.9469718953551739 -0.3179360434876231 -0.04648549944730509
vn -0.678150732402182 -0.31562457577087244 0.6636962492826375
vn -0.678150732402182 -0.31562457577087244 0.6636962492826375
vn -0.7724220631047678 -0.35950606495108606 0.5235642708324927
vn -0.823644949669912 -0.3521272641371771 0.44453952212881453
vn -0.8687028955341851 -0.3401755186734644 0.36004985180633264
vn -0.913265033545543 -0.3310164535513956 0.2374343824750642
vn -0.9434711357233724 -0.3074028200514054 0.12395855065824711
vn -0.19830693759191295 0.19106634399253006 0.9613365751370563
vn -0.9235779619235629 0.05125019686115405 -0.3799699535105516
vn -0.9665683662225671 -0.04215488875298342 -0.25292006399663275
vn -0.9189302617485043 0.16600879477970962 -0.3577824116675013
vn -0.9829732965332266 -0.09134523192878104 -0.1594350868111479
vn -0.7112628725534537 0.433272058126439 -0.5535164403826586
vn -0.7112628725534537 0.433272058126439 -0.5535164403826586
vn -0.9463655180182632 0.2066182158498371 -0.24839730108246838
vn -0.9478343376165256 0.20174002125966176 -0.24680160505392465
vn -0.9472927265503144 0.25719099732903655 -0.19102167708866657
vn -0.9276953487784435 0.3601900165247262 -0.09820637377868804
vn -0.8853133054525912 0.46485598327807687 0.01136952062221331
vn -0.8041129718649767 0.5434083349553104 0.241059556913997
vn -0.7005668607153774 0.6366998902663227 0.32221006098856303
vn -0.5929222231775357 0.7081406265586981 0.3833798250811628
vn -0.3299632427231237 0.5116934998210351 0.7932805434980372
vn -0.4078600108651912 0.49864341482362484 0.7648561671256109
vn -0.46771662572158146 0.5538488525211812 0.6888342373783325
vn -0.5328795588563332 0.6276260831992619 0.5675604597230438
vn 0.2704561646680501 0.26444646742520156 0.9257005611208088
vn 0.2704561646680501 0.26444646742520156 0.9257005611208088
vn 0.2704561646680501 0.26444646742520156 0.9257005611208088
vn -0.024717814758218087 0.8000008903528129 0.5994894536756132
vn -0.36029134542252905 0.5686186293436862 0.7395018598874054
vn -0.35365050174900775 0.6588631708847177 0.6639507848209911
vn -0.3266924617034285 0.7467776530905915 0.5793057675447932
vn -0.8891457060770094 -0.05043801146145324 -0.45483614672168565
vn -0.5991153805442964 0.3787742313007925 -0.7054011925831686
vn -0.9617410890675946 -0.2733085580007782 -0.018881465054708797
vn -0.4827152530103409 -0.12708123132234614 0.866508133347148
vn -0.5741875701163207 -0.11766908926491532 0.8102238084353487
vn -0.40811775592709143 -0.09655666031154764 0.9078087401245459
vn -0.6604814687276918 -0.156886521751213 0.7342689212816496
vn -0.6904814696117377 -0.1873591801398069 0.6986643527046118
vn 0.019225813443320725 0.44707156844904977 0.8942915524491714
vn 0.017800060798884174 0.4054007477079615 0.9139657496828761
vn -0.04945321099111543 0.33855668330199323 0.9396455459981825
vn -0.17153918385787562 0.22593746136161721 0.9589194814763343
vn -0.14661425217815263 0.18356674741466292 0.9720120937014325
vn -0.25585222727964496 0.1406991791525742 0.9564221760194799
vn -0.3749635483411311 0.09014245814145745 0.9226465599868913
vn -0.367818027058251 0.014240005736243075 0.9297887508502172
vn -0.5851476916316445 0.4521965022623614 -0.6731422600905724
vn -0.5739934348378543 0.6696416623594907 0.47128715322556797
vn -0.8791656037216659 0.45180166316937653 0.15146979365571206
vn -0.013664327562651585 0.5408446193056566 0.8410115242494481
vn -0.06516267871308745 0.6404407987470224 0.7652381384923331
vn -0.0814757110208657 0.7270523190302924 0.6817306168174629
vn -0.06037283546634719 0.8182411001191319 0.5716962679724138
vn -0.15249404412620945 0.8302102524996535 0.5361870038992881
vn -0.27019094078543837 0.8260904736201665 0.4945415906791752
vn -0.861339315867665 0.014121615039265678 -0.5078337945916022
vn -0.8359760364556393 0.09955466208204232 -0.5396600186503071
vn -0.8154254679318949 0.1811545402858015 -0.5497857207875538
vn -0.9462636838103572 -0.19485488799385003 -0.25810194367062866
vn -0.9279851774490018 -0.09310564259343534 -0.36079751904940854
vn -0.7729212438783607 0.2370497041278338 -0.5885577189489863
vn -0.7371934424982327 0.2906421929372461 -0.6099778225658976
vn -0.9629380329950841 -0.2335228978532753 -0.13497185184240232
vn -0.6960852115537562 0.42155568976929436 -0.5811679436095016
vn -0.7921546271727092 -0.20469373804121452 0.5749708864417228
vn -0.7921546271727092 -0.20469373804121452 0.5749708864417228
vn -0.8462540019171079 -0.24374078298312352 0.4737558389614352
vn -0.8462540019171079 -0.24374078298312352 0.4737558389614352
vn -0.8767244078351704 -0.2708124658822031 0.3975109068049208
vn -0.9236372046723642 -0.25536081011011413 0.28580617698875455
vn -0.9539305046848777 -0.24885679977494615 0.16759142411659064
vn -0.9750873835552218 -0.21707938150764286 0.04561947561832347
vn -0.147465925743878 0.2055859514917305 0.9674648403398136
vn -0.9887026521162798 0.03505118181591264 -0.14573427994656105
vn -0.9875618665865866 -0.05126148384665236 -0.14863990022149604
vn -0.9581168132629085 0.0429582152085736 -0.2831373586954262
vn -0.8043781704220306 0.37646601661835005 -0.4596184257403295
vn -0.6393575803468307 0.5657317161922697 -0.5207393875511965
vn -0.6393575803468307 0.5657317161922697 -0.5207393875511965
vn -0.9794847027695402 0.11001185764870798 -0.16884048157105638
vn -0.975371239977654 0.16202004227421632 -0.14966779922854193
vn -0.9648268051087878 0.2505168119398039 -0.07969042024663983
vn -0.9285070965178516 0.3694091527595317 0.03756926368022017
vn -0.855985069695584 0.42366076746759157 0.2963125285353582
vn -0.7763025752222231 0.5063104624019534 0.3755050297474918
vn -0.6654863978082352 0.6036760233208052 0.438979627317485
vn -0.43927166171279064 0.5098354255833994 0.7396676591796327
vn -0.5264133838841657 0.4763310576838915 0.7042710222303394
vn -0.6038438923669124 0.4933434925694033 0.6260868565866878
vn -0.6402831148911464 0.5649377170561574 0.5204641280940198
vn -0.10029005481818332 0.7936936793017628 0.5999935402493898
vn -0.45290649742775174 0.5906398608800157 0.6678474820850652
vn -0.43786471519255815 0.6918472683884284 0.5741270315991139
vn -0.3879858637002992 0.789222673666849 0.4760194753777239
vn -0.9068501515580768 -0.011523243117078023 -0.4212956414291009
vn -0.6327815909512173 0.5390485832880608 -0.5558903516057647
vn -0.6327815909512173 0.5390485832880608 -0.5558903516057647
vn -0.9784206260509491 -0.18643901313249095 -0.08907060626408425
vn -0.5008673210271853 0.023008443175559196 0.8652182026920652
vn -0.5645327055691778 -0.06281065370795726 0.8230174032932251
vn -0.660399378886731 -0.10583202565564762 0.7434192913233033
vn -0.40118583736347163 0.0700008066869664 0.9133180229044778
vn -0.7083211938466019 -0.09262733646593413 0.6997865838146309
vn -0.7859029734179123 -0.09190420812674491 0.6114819154328937
vn -0.039331621796025625 0.4788669271581453 0.8770059803678708
vn -0.08130725260252446 0.4254236109911061 0.9013345005521077
vn -0.1616004600358456 0.32276947183875315 0.9325798407456252
vn -0.2358840246701615 0.31236421926481034 0.9202104767000278
vn -0.20254819080783837 0.184166626363916 0.96179877528213
vn -0.3430596452432215 0.12618750221514446 0.9307990084278657
vn -0.3383855279895912 0.09812836512101387 0.9358771598911272
vn -0.9132028060612268 0.3531348940873948 0.20336268482636055
vn -0.1137309698442326 0.5653206700553358 0.8169931496080468
vn -0.15982716999897134 0.6377152095985137 0.7535081865360481
vn -0.19106126173159335 0.7097577025990246 0.678041000137076
vn -0.16768814866997755 0.8361473204983818 0.522243566948423
vn -0.22949707947992073 0.8621043764424351 0.451782176085984
vn -0.3159895128620808 0.8680456567325442 0.38294564312569335
vn -0.8806384039559109 0.10996848137189176 -0.4608502300994824
vn -0.8615151546740814 0.19209961376834359 -0.46998869843534224
vn -0.8381016299314059 0.2293986839421757 -0.4949362602516799
vn -0.964014452381869 -0.15070619894724666 -0.21900634054236431
vn -0.954884570783301 -0.025065291202156417 -0.2959175352305813
vn -0.7969061548886177 0.28366500344946494 -0.5333617403963784
vn -0.7252142494032296 0.4118710752546327 -0.5517485929579728
vn -0.650363751607898 0.5233693902112747 -0.5505556029906323
vn -0.650363751607898 0.5233693902112747 -0.5505556029906323
vn -0.8517244037987203 -0.09246735661608785 0.5157667379098304
vn -0.8517244037987203 -0.09246735661608785 0.5157667379098304
vn -0.857775946274632 -0.19032639869417753 0.4774895684229808
vn -0.857775946274632 -0.19032639869417753 0.4774895684229808
vn -0.9141891632629849 -0.2221929141184647 0.3389520359697931
vn -0.9547032392955108 -0.20404187649030567 0.216584019532775
vn -0.9847520800892128 -0.155643198249792 0.07770801502126147
vn -0.9936951802377707 -0.09571989440244912 -0.058374571414342644
vn -0.13513526933619852 0.25532527101128166 0.9573648546737281
vn -0.9925751637455597 0.0071960617435496725 -0.12141977191074933
vn -0.9781205329836361 0.04812419254958564 -0.20239635630924244
vn -0.8764700367594337 0.25878757457038937 -0.4059917067021097
vn -0.6802666394702396 0.4969978942658617 -0.5387303521421141
vn -0.6019569929320258 0.5793295211901781 -0.5495680890825014
vn -0.6019569929320258 0.5793295211901781 -0.5495680890825014
vn -0.9938978397664395 0.0595312740984762 -0.09286071026982787
vn -0.9906891967018593 0.12944029704090146 -0.04219152806178273
vn -0.9655886986533159 0.2480090132591189 0.07829428060359393
vn -0.8861926370341396 0.31086160246367056 0.34355155971148865
vn -0.8234432451072712 0.3902008319400705 0.4119278247951739
vn -0.7359800943960465 0.4787667607957654 0.4786603069086851
vn -0.5614634542360697 0.5148113177470561 0.6478642579096646
vn -0.6473121009695717 0.44339704257885537 0.6199887955202767
vn -0.6932401015897711 0.43344604686661203 0.5757974348705545
vn -0.2385304886159386 0.775457350751739 0.5846102147292124
vn -0.5391201743117219 0.6191930506892185 0.5709197873854762
vn -0.49562397001819397 0.7237831862946401 0.4800987185783592
vn -0.4226310325176895 0.8283919237184851 0.3676272991373453
vn -0.9281197693309523 0.10763581043058708 -0.3563821349198226
vn -0.9860747325191206 -0.0385057436760719 -0.1617835887576279
vn -0.5099738221446428 0.11957734034097509 0.8518379895286209
vn -0.5647151194803933 0.11993188571213861 0.8165250618442619
vn -0.6627928216751421 0.05923190890037935 0.7464564665832297
vn -0.7393687918697296 -0.014642975886590751 0.6731414211488411
vn -0.4102333808042016 0.13506164244455598 0.9019240134369046
vn -0.763114885390093 -0.015021227611087472 0.6460882559040376
vn -0.8433181788276157 -0.023073923470709273 0.5369190286389015
vn -0.1677253860453734 0.5016970838926238 0.8486272626362931
vn -0.2020083321464048 0.4260464510892478 0.8818599975379793
vn -0.3284354446741644 0.35379045542659415 0.8757639364182148
vn -0.3305606081220938 0.24045269482803364 0.9126402280788899
vn -0.3496978907805955 0.17904791383540852 0.9195940570353806
vn -0.941804954094507 0.20987741841368954 0.26259264590435244
vn -0.20194144192726124 0.5575543132817448 0.805203602682738
vn -0.2313973361304585 0.6246242861946207 0.7458550622792527
vn -0.29643344877643446 0.6988499760272482 0.6509500145581254
vn -0.2704559629301509 0.8208863335563138 0.502990257853964
vn -0.32534590889514714 0.8592218108528835 0.3948264420221654
vn -0.3866321088528033 0.8723917992349237 0.2990788542035136
vn -0.8977603450563237 0.21463731382429152 -0.3846520328279092
vn -0.8776598800952364 0.23791793481785048 -0.41606272503460834
vn -0.8513950326037759 0.27959372347103206 -0.44379482675355647
vn -0.9712322360186376 0.06784569804862929 -0.22826498849918206
vn -0.8039941758047258 0.3758060322243356 -0.46082880922950253
vn -0.7095627749554085 0.5321751210534248 -0.46185529003071174
vn -0.7095627749554085 0.5321751210534248 -0.46185529003071174
vn -0.6401837696354961 0.5902756709444456 -0.49166998422353453
vn -0.9039079618453247 -0.055180851979947064 0.4241526495112323
vn -0.9039079618453247 -0.055180851979947064 0.4241526495112323
vn -0.8972384756431518 0.014025085334524618 0.4413234809149778
vn -0.955980240031098 -0.05181438890976198 0.2888200993213465
vn -0.955980240031098 -0.05181438890976198 0.2888200993213465
vn -0.9932525731373641 -0.02506612085143732 0.11322992334831856
vn -0.9997538600959088 0.019624617486218777 -0.010348604343076814
vn -0.9920913049375328 0.030932665092734832 -0.12164708339127657
vn -0.30699067762291266 0.395710878492157 0.8655458534910732
vn -0.9930460913113599 0.05921858468036893 -0.10174782434865283
vn -0.9299318126682458 0.2611147872993381 -0.2589322143750599
vn -0.7660524585113907 0.46455220157148974 -0.44424642128410646
vn -0.6348431507606737 0.584735136792707 -0.5050336560391542
vn -0.9977584887344871 0.06651346606575143 -0.007345542198682334
vn -0.9837239401917673 0.1193452556249245 0.13432765706810226
vn -0.9144946738816229 0.24158270060169657 0.3245570677279041
vn -0.8543718540119365 0.3142427534552774 0.413884315930251
vn -0.7857553084805001 0.3744814561416618 0.4922928337897422
vn -0.6403303991481744 0.5439700189516804 0.5422855321769595
vn -0.7140648316685665 0.44103756248435627 0.5436885916147213
vn -0.3240910446329155 0.7591859539633298 0.5644481217025479
vn -0.6094958609106863 0.6519024186968719 0.451151894631852
vn -0.5570009840536418 0.7562467907603696 0.34327932537208883
vn -0.4703229201753168 0.849365502423596 0.2395299439537249
vn -0.9313095814298632 0.20863157524802253 -0.29855540414881393
vn -0.7815819301415092 0.44935652146493427 -0.43267586377472794
vn -0.7815819301415092 0.44935652146493427 -0.43267586377472794
vn -0.5975796660833851 0.20769132953588326 0.774443577234189
vn -0.5244717691100391 0.24442029433385423 0.8155906345246603
vn -0.6543213142778684 0.19519861083474435 0.7305895701485678
vn -0.7235386874437731 0.12545463281165756 0.6787878187462073
vn -0.7561440919329947 0.07217884670795519 0.6504124278661474
vn -0.4085835265910994 0.29500211456477776 0.8637321657786572
vn -0.7949313224034394 0.047520032237651735 0.6048355472341648
vn -0.8677088399689745 0.052241163738161726 0.4943199670769728
vn -0.23917465237922936 0.5014542409578454 0.8314680570440851
vn -0.33231630625013836 0.36888908682953414 0.8680361249500719
vn -0.3344332296832502 0.32587221450537607 0.8842859914625997
vn -0.9490140125907218 0.2233918626640902 0.2224151065056632
vn -0.2781973992272278 0.5419611765349823 0.7930222507546835
vn -0.3512164836340649 0.6192803777857018 0.7022384177138993
vn -0.36356535921548155 0.6714645096008872 0.6457210248435137
vn -0.3529864121042594 0.8164972956946699 0.45687280395428725
vn -0.39362784886538454 0.8594184390387126 0.3262775861714572
vn -0.4440858504836528 0.8668006961928083 0.22681338249731614
vn -0.9123466156585168 0.21550915144305505 -0.3481084005604358
vn -0.8815907163391445 0.2638299144255656 -0.3913969661594642
vn -0.8387101180517051 0.35430347445939575 -0.41356303735185884
vn -0.9686545437540451 0.15702103128781877 -0.19249096237993193
vn -0.6927498661228896 0.5998961400645488 -0.4002777087502798
vn -0.7536088214403783 0.5356288118819208 -0.38101905481118126
vn -0.6500238863436614 0.6280949816194472 -0.4277448319350559
vn -0.9311195215303235 0.07257904267764477 0.35741952827054396
vn -0.9311195215303235 0.07257904267764477 0.35741952827054396
vn -0.9250871713283317 0.03394099915214333 0.3782350248460609
vn -0.9736343370696222 0.09792622670885778 0.20602580372750123
vn -0.9736343370696222 0.09792622670885778 0.20602580372750123
vn -0.9942306958410546 0.09312810267529471 0.05322104789941741
vn -0.9920259251567978 0.10567158712953098 -0.06868827767767664
vn -0.31781802326959724 0.45383974698957813 0.832478941557948
vn -0.9622453656535306 0.2446752684750873 -0.11923870711705753
vn -0.8299148494903988 0.4764785363009938 -0.29018881274058617
vn -0.6867790158543152 0.6013967935160436 -0.4082358143656672
vn -0.9763888114536976 0.20789878278312504 0.058676954465367984
vn -0.8932246508113156 0.4189857515446766 0.1630970974160663
vn -0.863457271994516 0.408891443926421 0.29537996973991787
vn -0.8044407656291908 0.4188808042645425 0.42120532571729347
vn -0.7182123295852216 0.5481951554030802 0.42854768838994084
vn -0.38903955212730185 0.7416774742568611 0.5464089595353939
vn -0.6807931366499821 0.6635191152964098 0.3102629348255257
vn -0.5740496382077681 0.7933003121001978 0.20283399048300418
vn -0.49295862190902173 0.8584615358617336 0.1415471247728881
vn -0.940818513724172 0.1909165787512817 -0.28002032817591277
vn -0.8213551930673445 0.44997198408925476 -0.3505721899353751
vn -0.8213551930673445 0.44997198408925476 -0.3505721899353751
vn -0.5770813379591633 0.3665033893472359 0.7298303878136688
vn -0.6408025131930806 0.3023024268049733 0.7056807931588158
vn -0.5368171256712136 0.3744269257334226 0.75606339077614
vn -0.7000278957773043 0.25694282122320167 0.6662892253034423
vn -0.7911215565347199 0.1707248291480335 0.5873497386553063
vn -0.41208156977532523 0.37161758865554056 0.8319189549789964
vn -0.8693138964644441 0.1800683614915557 0.46029201014524673
vn -0.38967276647562954 0.4387452122092203 0.8097269748691319
vn -0.8917617552114365 0.45127900191337117 0.03329015431459666
vn -0.36791935524796776 0.5402946028893753 0.7567807411149758
vn -0.39696451883913764 0.5946220734952935 0.699173626858858
vn -0.4575891114617579 0.6458111885534168 0.6111792812349435
vn -0.4279529219938957 0.8024974662841472 0.4157572767425854
vn -0.4643416533323894 0.8445232202427141 0.2667721114573616
vn -0.5111621729586828 0.8468860572228779 0.14661936781218965
vn -0.9100915638661776 0.2680720940474906 -0.3160232551136207
vn -0.9100915638661776 0.2680720940474906 -0.3160232551136207
vn -0.8760635937116049 0.3642141854048046 -0.31600728935108824
vn -0.8760635937116049 0.3642141854048046 -0.31600728935108824
vn -0.9740112719681429 0.15809352731243936 -0.16219888625052675
vn -0.7273185498949115 0.605182082120699 -0.3236701630654555
vn -0.681117290470366 0.6462526862915028 -0.3441463381809016
vn -0.7949609664957882 0.5295724807812734 -0.2959561611915689
vn -0.6523934421093743 0.6705964616983789 -0.35310505837540346
vn -0.9614811709834287 0.06817030927188378 0.26628324539503145
vn -0.9153037184332453 0.197424980457395 0.3510590835082773
vn -0.9860979934855651 0.09352661123082806 0.1373445311449273
vn -0.9860979934855651 0.09352661123082806 0.1373445311449273
vn -0.9942463257531534 0.10474235282471948 -0.022433975374335332
vn -0.9942463257531534 0.10474235282471948 -0.022433975374335332
vn -0.8820651195732073 0.4491411756822009 -0.1422439072126256
vn -0.7206300893554568 0.6173157521017012 -0.3156161220892517
vn -0.7988211329308401 0.6001674395206166 0.04103464539088979
vn -0.8108432463337909 0.5631381987660266 0.15940074957613637
vn -0.7766543542248897 0.5539433895851248 0.29992454917605893
vn -0.519812729024132 0.6918810157274224 0.50109418956966
vn -0.49569064620930114 0.8486493357145051 0.18462147288962513
vn -0.6997642494446666 0.6943944074095828 0.16776889508319642
vn -0.5745557143240916 0.8169395350070947 0.049955252776106324
vn -0.5568517315158731 0.8302984637853085 0.022816882861840783
vn -0.9350331607912065 0.28280210420928853 -0.2138596691188048
vn -0.9350331607912065 0.28280210420928853 -0.2138596691188048
vn -0.8640750258404879 0.43030584905570196 -0.2611727895229741
vn -0.6146365319657837 0.37536552032533355 0.6937742137929065
vn -0.5684082912644264 0.3879876304095037 0.7255188578328433
vn -0.6919499532285747 0.35660540524646384 0.6277243401175223
vn -0.5299978954602768 0.40130154073201485 0.7470336700670116
vn -0.7530932280658496 0.3315323229026492 0.5682753810540553
vn -0.8103382904475982 0.2867796918357863 0.510988515903279
vn -0.8481390536461166 0.3367991471368018 0.4089333444073649
vn -0.4681174180460164 0.5015531801274993 0.7275372776881768
vn -0.7608888522487183 0.6014905395795452 -0.24342819335470553
vn -0.7867716677442314 0.6081520552174536 -0.10555292781229775
vn -0.5187981800931324 0.5447036107905124 0.6588978864162728
vn -0.574396901838253 0.6030704907461067 0.5535107788922147
vn -0.5539281312429967 0.7478675766914022 0.36586570371021526
vn -0.5632404091399023 0.7922661661566012 0.2346797040125885
vn -0.577905622359071 0.8149250531259943 0.04384346511591109
vn -0.5643196116818583 0.8122501984970976 0.14762449292939878
vn -0.8965837090301536 0.3823940682962494 -0.22341089775025746
vn -0.8965837090301536 0.3823940682962494 -0.22341089775025746
vn -0.9517461132982806 0.29164360346383206 -0.09551619956974527
vn -0.9517461132982806 0.29164360346383206 -0.09551619956974527
vn -0.7076351677666244 0.6509810718362298 -0.27472916381566614
vn -0.7612337226357963 0.6044174239260054 -0.23495275520133674
vn -0.6578461868160661 0.6974729624478294 -0.28420038906695827
vn -0.8281085919122634 0.5257844818193658 -0.19438837074019982
vn -0.6607889209723677 0.699225033879772 -0.27284126138838677
vn -0.9559196275593506 0.21249053140379168 0.20264609473297668
vn -0.882505803318479 0.3767355549050309 0.28152056546477106
vn -0.961340178530072 0.26568394610562573 0.07236782382738992
vn -0.6738502855278018 0.7343683703707339 -0.0814179912128302
vn -0.6947384383680698 0.7190097474189954 0.019065292296951208
vn -0.6148976962975842 0.6466787720457304 0.4513395494229927
vn -0.5989017359686785 0.7974645326461024 -0.07326001518725553
vn -0.5952600972639215 0.7982448318431917 -0.09203588996136891
vn -0.9131754999338184 0.3919204713525403 -0.11184297231128866
vn -0.892937146347147 0.42051620700756814 -0.16071519006423068
vn -0.6107271974939977 0.42005625815788616 0.6712414097949582
vn -0.689874658549458 0.41271734220490125 0.5947582289759356
vn -0.5581146735595371 0.434742841532152 0.7067578601572686
vn -0.7518132179633656 0.3922605436600801 0.5300080670924429
vn -0.8092286258132858 0.3680518445026351 0.4579157902087993
vn -0.8519764802172186 0.382111477752475 0.35794817463775275
vn -0.6810588052288936 0.7064841790337048 -0.19245521192023904
vn -0.6002451633687975 0.5154453988593871 0.6115732046509664
vn -0.6524875680621302 0.5695689251204619 0.4998511909173454
vn -0.645752246798902 0.690509672282513 0.32588407177778156
vn -0.6452271996853807 0.736287064078755 0.2038705963508456
vn -0.6515663327948288 0.7558674287924189 -0.06423195512387825
vn -0.6547522802122471 0.7507986633918342 0.08718267377121632
vn -0.9087999116890424 0.41705776407538314 0.012064076360440682
vn -0.7364010246000747 0.6511008767053127 -0.18379657048360173
vn -0.6661641183631332 0.7166319685191853 -0.20655263034342336
vn -0.7985155195881649 0.5855660155076114 -0.13959013740011406
vn -0.6373136255850245 0.7384152563840024 -0.22039567097159415
vn -0.8522352434414425 0.5140744002608914 -0.09707008206811381
vn -0.8991381149359173 0.41591770917962445 0.13624650256156498
vn -0.8887047796499963 0.4084219647796485 0.20831541784703153
vn -0.6332591174997929 0.7596953987036376 -0.14780321813785
vn -0.6941275141304633 0.6084103707643067 0.3847386318963857
vn -0.6321190360426286 0.7580371217009102 -0.16064011452914637
vn -0.9142006578496017 0.4040697489742182 -0.031061151802012948
vn -0.6850249089187009 0.47916158459711605 0.5487668448506215
vn -0.7448758525130873 0.4603926565502705 0.4829063740907609
vn -0.7906027349098745 0.43224992871600487 0.43371340154304117
vn -0.8289354025525888 0.464675935881567 0.3113557017425046
vn -0.7294891738384344 0.5258035252410881 0.43746565361930195
vn -0.7058582988521649 0.6501733740435696 0.2811381255296558
vn -0.7085921385658089 0.6930121409053063 0.1327831078133708
vn -0.6940772063101042 0.7104178199712845 -0.11646180810896226
vn -0.7078893327317151 0.7063037300729553 -0.0052662595527548225
vn -0.9147676407473234 0.39029134516449854 0.10427285999368341
vn -0.7478976775385701 0.6584975061459859 -0.08384568165344271
vn -0.8206750467037424 0.5704480990342738 -0.03288516422329976
vn -0.875249247356225 0.48207112085523635 0.039321615426351715
vn -0.8626770742830847 0.46635164323295397 0.19571512552764228
vn -0.7612475625153571 0.5538557674974995 0.33726241618980257
vn -0.7770793167103281 0.5055655869102198 0.37490155090788113
vn -0.8019527124411681 0.5311589394292809 0.27338988290098626
vn -0.7772788276166657 0.5867627761544296 0.2270397953188124
vn -0.7670573352307628 0.6386579175180174 0.06114825312492876
vn -0.8202817531490558 0.5506481589676874 0.15467530661423654
f 1/1/1 2/2/2 3/3/3
f 3/3/3 4/4/4 1/1/1
f 4/4/4 3/3/3 5/5/5
f 1/1/1 4/4/4 6/6/6
f 7/7/7 5/5/5 3/3/3
f 4/4/4 5/5/5 8/8/8
f 4/4/4 9/9/9 6/6/6
f 1/1/1 6/6/6 10/10/10
f 7/7/7 11/11/11 5/5/5
f 12/12/12 7/7/7 3/3/3
f 8/8/8 5/5/5 13/13/13
f 4/4/4 8/8/8 9/9/9
f 9/9/9 14/14/14 6/6/6
f 10/10/10 6/6/6 15/15/15
f 16/16/16 1/1/1 10/10/10
f 7/7/7 17/17/17 11/11/11
f 5/5/5 11/11/11 13/13/13
f 18/18/18 7/7/7 12/12/12
f 2/2/2 12/12/12 3/3/3
f 8/8/8 13/13/13 19/19/19
f 20/20/20 9/9/9 8/8/8
f 9/9/9 21/21/21 14/14/14
f 14/14/14 15/15/15 6/6/6
f 22/22/22 10/10/10 15/15/15
f 1/1/1 16/16/16 2/2/2
f 24/24/24 16/16/16 10/10/10
f 18/18/18 17/17/17 7/7/7
f 17/17/17 25/25/25 11/11/11
f 11/11/11 26/26/26 13/13/13
f 18/18/18 12/12/12 28/28/28
f 2/2/2 30/30/30 12/12/12
f 32/32/32 19/19/19 13/13/13
f 8/8/8 19/19/19 33/33/33
f 20/20/20 21/21/21 9/9/9
f 20/20/20 8/8/8 34/34/34
f 35/35/35 14/14/14 21/21/21
f 14/14/14 36/36/36 15/15/15
f 22/22/22 24/24/24 10/10/10
f 22/22/22 15/15/15 37/37/37
f 16/16/16 39/39/39 2/2/2
f 41/41/41 16/16/16 24/24/24
f 18/18/18 42/42/42 17/17/17
f 17/17/17 43/43/43 25/25/25
f 11/11/11 25/25/25 26/26/26
f 32/32/32 13/13/13 26/26/26
f 12/12/12 30/30/30 28/28/28
f 18/18/18 28/28/28 44/44/44
f 2/2/2 39/39/39 30/30/30
f 46/46/46 19/19/19 32/32/32
f 33/33/33 19/19/19 46/46/46
f 8/8/8 33/33/33 34/34/34
f 20/20/20 48/48/48 21/21/21
f 50/50/50 20/20/20 34/34/34
f 35/35/35 36/36/36 14/14/14
f 35/35/35 21/21/21 52/52/52
f 37/37/37 15/15/15 36/36/36
f 54/54/54 24/24/24 22/22/22
f 22/22/22 37/37/37 56/56/56
f 41/41/41 39/39/39 16/16/16
f 57/57/57 40/40/40 23/23/23
f 18/18/18 44/44/44 42/42/42
f 17/17/17 42/42/42 43/43/43
f 25/25/25 43/43/43 59/59/59
f 61/61/61 26/26/26 25/25/25
f 64/64/64 32/32/32 26/26/26
f 29/29/29 66/66/66 27/27/27
f 28/28/28 69/69/69 44/44/44
f 29/29/29 38/38/38 70/70/70
f 45/45/45 31/31/31 71/71/71
f 46/46/46 34/34/34 33/33/33
f 50/50/50 48/48/48 20/20/20
f 48/48/48 52/52/52 21/21/21
f 50/50/50 34/34/34 73/73/73
f 35/35/35 74/74/74 36/36/36
f 35/35/35 52/52/52 75/75/75
f 76/76/76 37/37/37 36/36/36
f 53/53/53 57/57/57 23/23/23
f 54/54/54 22/22/22 56/56/56
f 77/77/77 56/56/56 37/37/37
f 40/40/40 78/78/78 38/38/38
f 57/57/57 78/78/78 40/40/40
f 42/42/42 44/44/44 79/79/79
f 42/42/42 80/80/80 43/43/43
f 83/83/83 59/59/59 43/43/43
f 61/61/61 25/25/25 59/59/59
f 61/61/61 64/64/64 26/26/26
f 71/71/71 31/31/31 62/62/62
f 29/29/29 70/70/70 66/66/66
f 66/66/66 68/68/68 27/27/27
f 44/44/44 69/69/69 85/85/85
f 70/70/70 38/38/38 78/78/78
f 45/45/45 71/71/71 86/86/86
f 73/73/73 34/34/34 46/46/46
f 49/49/49 87/87/87 47/47/47
f 88/88/88 51/51/51 47/47/47
f 49/49/49 72/72/72 90/90/90
f 35/35/35 91/91/91 74/74/74
f 74/74/74 76/76/76 36/36/36
f 93/93/93 75/75/75 52/52/52
f 35/35/35 75/75/75 91/91/91
f 77/77/77 37/37/37 76/76/76
f 53/53/53 94/94/94 57/57/57
f 95/95/95 53/53/53 55/55/55
f 77/77/77 97/97/97 56/56/56
f 57/57/57 98/98/98 78/78/78
f 79/79/79 44/44/44 85/85/85
f 42/42/42 79/79/79 80/80/80
f 80/80/80 83/83/83 43/43/43
f 82/82/82 100/100/100 58/58/58
f 60/60/60 58/58/58 101/101/101
f 60/60/60 102/102/102 63/63/63
f 71/71/71 62/62/62 103/103/103
f 70/70/70 106/106/106 66/66/66
f 65/65/65 107/107/107 67/67/67
f 109/109/109 84/84/84 67/67/67
f 70/70/70 78/78/78 111/111/111
f 86/86/86 71/71/71 112/112/112
f 45/45/45 86/86/86 72/72/72
f 49/49/49 90/90/90 87/87/87
f 88/88/88 47/47/47 87/87/87
f 93/93/93 52/52/52 89/89/89
f 90/90/90 72/72/72 112/112/112
f 113/113/113 74/74/74 91/91/91
f 114/114/114 76/76/76 74/74/74
f 93/93/93 115/115/115 75/75/75
f 91/91/91 75/75/75 115/115/115
f 77/77/77 76/76/76 116/116/116
f 95/95/95 94/94/94 53/53/53
f 57/57/57 94/94/94 117/117/117
f 95/95/95 55/55/55 96/96/96
f 77/77/77 119/119/119 97/97/97
f 57/57/57 117/117/117 98/98/98
f 111/111/111 78/78/78 98/98/98
f 121/121/121 79/79/79 85/85/85
f 80/80/80 79/79/79 123/123/123
f 125/125/125 83/83/83 80/80/80
f 126/126/126 99/99/99 81/81/81
f 100/100/100 101/101/101 58/58/58
f 60/60/60 101/101/101 102/102/102
f 104/104/104 63/63/63 102/102/102
f 71/71/71 103/103/103 112/112/112
f 70/70/70 111/111/111 106/106/106
f 66/66/66 106/106/106 108/108/108
f 129/129/129 67/67/67 107/107/107
f 110/110/110 121/121/121 85/85/85
f 129/129/129 109/109/109 67/67/67
f 72/72/72 86/86/86 112/112/112
f 90/90/90 130/130/130 87/87/87
f 88/88/88 87/87/87 131/131/131
f 92/92/92 88/88/88 132/132/132
f 133/133/133 90/90/90 112/112/112
f 113/113/113 114/114/114 74/74/74
f 113/113/113 91/91/91 134/134/134
f 114/114/114 116/116/116 76/76/76
f 93/93/93 136/136/136 115/115/115
f 91/91/91 115/115/115 134/134/134
f 77/77/77 116/116/116 119/119/119
f 137/137/137 94/94/94 95/95/95
f 138/138/138 117/117/117 94/94/94
f 95/95/95 96/96/96 139/139/139
f 96/96/96 118/118/118 139/139/139
f 140/140/140 98/98/98 117/117/117
f 141/141/141 111/111/111 98/98/98
f 121/121/121 123/123/123 79/79/79
f 125/125/125 80/80/80 123/123/123
f 128/128/128 83/83/83 125/125/125
f 126/126/126 142/142/142 99/99/99
f 144/144/144 101/101/101 100/100/100
f 145/145/145 102/102/102 101/101/101
f 104/104/104 102/102/102 147/147/147
f 133/133/133 112/112/112 103/103/103
f 149/149/149 106/106/106 111/111/111
f 107/107/107 105/105/105 150/150/150
f 151/151/151 129/129/129 107/107/107
f 152/152/152 120/120/120 109/109/109
f 129/129/129 154/154/154 109/109/109
f 133/133/133 130/130/130 90/90/90
f 87/87/87 130/130/130 131/131/131
f 88/88/88 131/131/131 132/132/132
f 92/92/92 132/132/132 135/135/135
f 155/155/155 114/114/114 113/113/113
f 156/156/156 113/113/113 134/134/134
f 157/157/157 116/116/116 114/114/114
f 136/136/136 159/159/159 115/115/115
f 159/159/159 134/134/134 115/115/115
f 119/119/119 116/116/116 160/160/160
f 137/137/137 138/138/138 94/94/94
f 137/137/137 95/95/95 161/161/161
f 138/138/138 162/162/162 117/117/117
f 95/95/95 139/139/139 161/161/161
f 139/139/139 118/118/118 163/163/163
f 140/140/140 141/141/141 98/98/98
f 162/162/162 140/140/140 117/117/117
f 141/141/141 149/149/149 111/111/111
f 167/167/167 123/123/123 121/121/121
f 125/125/125 123/123/123 169/169/169
f 127/127/127 124/124/124 170/170/170
f 126/126/126 171/171/171 142/142/142
f 143/143/143 99/99/99 142/142/142
f 144/144/144 145/145/145 101/101/101
f 145/145/145 147/147/147 102/102/102
f 133/133/133 103/103/103 146/146/146
f 148/148/148 150/150/150 105/105/105
f 151/151/151 107/107/107 150/150/150
f 151/151/151 173/173/173 129/129/129
f 167/167/167 121/121/121 153/153/153
f 152/152/152 109/109/109 154/154/154
f 129/129/129 173/173/173 154/154/154
f 133/133/133 174/174/174 130/130/130
f 175/175/175 131/131/131 130/130/130
f 132/132/132 131/131/131 176/176/176
f 132/132/132 177/177/177 135/135/135
f 155/155/155 157/157/157 114/114/114
f 155/155/155 113/113/113 156/156/156
f 178/178/178 156/156/156 134/134/134
f 157/157/157 160/160/160 116/116/116
f 135/135/135 179/179/179 158/158/158
f 178/178/178 134/134/134 159/159/159
f 164/164/164 119/119/119 160/160/160
f 137/137/137 180/180/180 138/138/138
f 137/137/137 161/161/161 181/181/181
f 182/182/182 162/162/162 138/138/138
f 183/183/183 161/161/161 139/139/139
f 183/183/183 139/139/139 163/163/163
f 140/140/140 184/184/184 141/141/141
f 162/162/162 185/185/185 140/140/140
f 187/187/187 149/149/149 141/141/141
f 166/166/166 168/168/168 122/122/122
f 124/124/124 168/168/168 170/170/170
f 127/127/127 170/170/170 172/172/172
f 188/188/188 142/142/142 171/171/171
f 143/143/143 142/142/142 190/190/190
f 144/144/144 192/192/192 145/145/145
f 194/194/194 147/147/147 145/145/145
f 133/133/133 146/146/146 174/174/174
f 195/195/195 150/150/150 148/148/148
f 151/151/151 150/150/150 173/173/173
f 165/165/165 152/152/152 196/196/196
f 198/198/198 152/152/152 154/154/154
f 154/154/154 173/173/173 199/199/199
f 175/175/175 130/130/130 174/174/174
f 175/175/175 176/176/176 131/131/131
f 132/132/132 176/176/176 177/177/177
f 200/200/200 135/135/135 177/177/177
f 155/155/155 201/201/201 157/157/157
f 155/155/155 156/156/156 202/202/202
f 203/203/203 156/156/156 178/178/178
f 204/204/204 160/160/160 157/157/157
f 200/200/200 179/179/179 135/135/135
f 205/205/205 158/158/158 179/179/179
f 178/178/178 159/159/159 206/206/206
f 208/208/208 164/164/164 160/160/160
f 137/137/137 181/181/181 180/180/180
f 182/182/182 138/138/138 180/180/180
f 209/209/209 181/181/181 161/161/161
f 182/182/182 210/210/210 162/162/162
f 209/209/209 161/161/161 183/183/183
f 211/211/211 183/183/183 163/163/163
f 140/140/140 185/185/185 184/184/184
f 187/187/187 141/141/141 184/184/184
f 212/212/212 185/185/185 162/162/162
f 186/186/186 213/213/213 148/148/148
f 166/166/166 197/197/197 168/168/168
f 170/170/170 168/168/168 214/214/214
f 215/215/215 172/172/172 170/170/170
f 188/188/188 190/190/190 142/142/142
f 189/189/189 172/172/172 216/216/216
f 143/143/143 190/190/190 191/191/191
f 194/194/194 145/145/145 192/192/192
f 174/174/174 146/146/146 193/193/193
f 195/195/195 173/173/173 150/150/150
f 213/213/213 195/195/195 148/148/148
f 198/198/198 196/196/196 152/152/152
f 198/198/198 154/154/154 199/199/199
f 195/195/195 199/199/199 173/173/173
f 175/175/175 174/174/174 217/217/217
f 175/175/175 218/218/218 176/176/176
f 219/219/219 177/177/177 176/176/176
f 200/200/200 177/177/177 219/219/219
f 155/155/155 202/202/202 201/201/201
f 204/204/204 157/157/157 201/201/201
f 202/202/202 156/156/156 203/203/203
f 221/221/221 203/203/203 178/178/178
f 204/204/204 208/208/208 160/160/160
f 200/200/200 222/222/222 179/179/179
f 223/223/223 205/205/205 179/179/179
f 221/221/221 178/178/178 206/206/206
f 207/207/207 211/211/211 163/163/163
f 224/224/224 180/180/180 181/181/181
f 182/182/182 180/180/180 225/225/225
f 209/209/209 226/226/226 181/181/181
f 182/182/182 227/227/227 210/210/210
f 212/212/212 162/162/162 210/210/210
f 228/228/228 209/209/209 183/183/183
f 228/228/228 183/183/183 211/211/211
f 229/229/229 184/184/184 185/185/185
f 187/187/187 184/184/184 231/231/231
f 212/212/212 232/232/232 185/185/185
f 233/233/233 213/213/213 186/186/186
f 168/168/168 197/197/197 214/214/214
f 215/215/215 170/170/170 214/214/214
f 215/215/215 216/216/216 172/172/172
f 188/188/188 234/234/234 190/190/190
f 189/189/189 216/216/216 236/236/236
f 191/191/191 190/190/190 237/237/237
f 194/194/194 192/192/192 239/239/239
f 174/174/174 193/193/193 217/217/217
f 213/213/213 240/240/240 195/195/195
f 241/241/241 196/196/196 198/198/198
f 198/198/198 199/199/199 243/243/243
f 240/240/240 199/199/199 195/195/195
f 175/175/175 217/217/217 218/218/218
f 219/219/219 176/176/176 218/218/218
f 200/200/200 219/219/219 245/245/245
f 246/246/246 201/201/201 202/202/202
f 247/247/247 204/204/204 201/201/201
f 248/248/248 202/202/202 203/203/203
f 249/249/249 203/203/203 221/221/221
f 250/250/250 208/208/208 204/204/204
f 200/200/200 245/245/245 222/222/222
f 223/223/223 179/179/179 222/222/222
f 251/251/251 205/205/205 223/223/223
f 251/251/251 220/220/220 205/205/205
f 252/252/252 211/211/211 207/207/207
f 224/224/224 225/225/225 180/180/180
f 226/226/226 224/224/224 181/181/181
f 182/182/182 225/225/225 227/227/227
f 254/254/254 226/226/226 209/209/209
f 227/227/227 255/255/255 210/210/210
f 256/256/256 212/212/212 210/210/210
f 228/228/228 254/254/254 209/209/209
f 228/228/228 211/211/211 257/257/257
f 229/229/229 231/231/231 184/184/184
f 229/229/229 185/185/185 232/232/232
f 233/233/233 186/186/186 230/230/230
f 258/258/258 232/232/232 212/212/212
f 260/260/260 213/213/213 233/233/233
f 262/262/262 214/214/214 197/197/197
f 263/263/263 215/215/215 214/214/214
f 215/215/215 264/264/264 216/216/216
f 188/188/188 235/235/235 234/234/234
f 237/237/237 190/190/190 234/234/234
f 236/236/236 216/216/216 265/265/265
f 238/238/238 191/191/191 237/237/237
f 239/239/239 267/267/267 194/194/194
f 268/268/268 217/217/217 193/193/193
f 260/260/260 240/240/240 213/213/213
f 242/242/242 262/262/262 197/197/197
f 241/241/241 198/198/198 243/243/243
f 240/240/240 243/243/243 199/199/199
f 269/269/269 218/218/218 217/217/217
f 219/219/219 218/218/218 270/270/270
f 245/245/245 219/219/219 270/270/270
f 247/247/247 201/201/201 246/246/246
f 248/248/248 246/246/246 202/202/202
f 247/247/247 250/250/250 204/204/204
f 249/249/249 248/248/248 203/203/203
f 249/249/249 221/221/221 272/272/272
f 250/250/250 253/253/253 208/208/208
f 245/245/245 273/273/273 222/222/222
f 223/223/223 222/222/222 274/274/274
f 251/251/251 223/223/223 275/275/275
f 251/251/251 271/271/271 220/220/220
f 257/257/257 211/211/211 252/252/252
f 224/224/224 276/276/276 225/225/225
f 226/226/226 277/277/277 224/224/224
f 225/225/225 278/278/278 227/227/227
f 254/254/254 279/279/279 226/226/226
f 227/227/227 280/280/280 255/255/255
f 256/256/256 210/210/210 255/255/255
f 258/258/258 212/212/212 256/256/256
f 228/228/228 281/281/281 254/254/254
f 228/228/228 257/257/257 281/281/281
f 283/283/283 231/231/231 229/229/229
f 285/285/285 229/229/229 232/232/232
f 233/233/233 230/230/230 287/287/287
f 289/289/289 232/232/232 258/258/258
f 260/260/260 233/233/233 291/291/291
f 263/263/263 214/214/214 262/262/262
f 263/263/263 264/264/264 215/215/215
f 264/264/264 265/265/265 216/216/216
f 235/235/235 237/237/237 234/234/234
f 236/236/236 265/265/265 293/293/293
f 238/238/238 237/237/237 294/294/294
f 238/238/238 296/296/296 266/266/266
f 194/194/194 267/267/267 299/299/299
f 269/269/269 217/217/217 268/268/268
f 268/268/268 193/193/193 298/298/298
f 260/260/260 300/300/300 240/240/240
f 242/242/242 302/302/302 262/262/262
f 303/303/303 242/242/242 244/244/244
f 240/240/240 300/300/300 243/243/243
f 269/269/269 270/270/270 218/218/218
f 304/304/304 245/245/245 270/270/270
f 247/247/247 246/246/246 305/305/305
f 248/248/248 306/306/306 246/246/246
f 247/247/247 307/307/307 250/250/250
f 249/249/249 308/308/308 248/248/248
f 249/249/249 272/272/272 309/309/309
f 250/250/250 311/311/311 253/253/253
f 304/304/304 273/273/273 245/245/245
f 274/274/274 222/222/222 273/273/273
f 275/275/275 223/223/223 274/274/274
f 312/312/312 251/251/251 275/275/275
f 312/312/312 271/271/271 251/251/251
f 257/257/257 252/252/252 313/313/313
f 224/224/224 277/277/277 276/276/276
f 225/225/225 276/276/276 278/278/278
f 279/279/279 277/277/277 226/226/226
f 227/227/227 278/278/278 280/280/280
f 254/254/254 314/314/314 279/279/279
f 280/280/280 315/315/315 255/255/255
f 256/256/256 255/255/255 316/316/316
f 258/258/258 256/256/256 317/317/317
f 281/281/281 314/314/314 254/254/254
f 281/281/281 257/257/257 319/319/319
f 282/282/282 287/287/287 230/230/230
f 285/285/285 283/283/283 229/229/229
f 289/289/289 285/285/285 232/232/232
f 233/233/233 287/287/287 291/291/291
f 290/290/290 259/259/259 320/320/320
f 261/261/261 292/292/292 321/321/321
f 263/263/263 262/262/262 302/302/302
f 263/263/263 322/322/322 264/264/264
f 264/264/264 323/323/323 265/265/265
f 294/294/294 237/237/237 235/235/235
f 324/324/324 293/293/293 265/265/265
f 295/295/295 236/236/236 293/293/293
f 238/238/238 294/294/294 296/296/296
f 296/296/296 325/325/325 266/266/266
f 299/299/299 267/267/267 329/329/329
f 330/330/330 269/269/269 268/268/268
f 331/331/331 268/268/268 298/298/298
f 261/261/261 321/321/321 301/301/301
f 303/303/303 302/302/302 242/242/242
f 303/303/303 244/244/244 301/301/301
f 269/269/269 332/332/332 270/270/270
f 304/304/304 270/270/270 332/332/332
f 306/306/306 305/305/305 246/246/246
f 247/247/247 305/305/305 307/307/307
f 248/248/248 308/308/308 306/306/306
f 250/250/250 307/307/307 311/311/311
f 249/249/249 309/309/309 308/308/308
f 334/334/334 309/309/309 272/272/272
f 313/313/313 252/252/252 310/310/310
f 304/304/304 335/335/335 273/273/273
f 336/336/336 274/274/274 273/273/273
f 275/275/275 274/274/274 337/337/337
f 312/312/312 275/275/275 338/338/338
f 312/312/312 333/333/333 271/271/271
f 257/257/257 313/313/313 319/319/319
f 277/277/277 339/339/339 276/276/276
f 276/276/276 340/340/340 278/278/278
f 341/341/341 277/277/277 279/279/279
f 278/278/278 340/340/340 280/280/280
f 279/279/279 314/314/314 342/342/342
f 280/280/280 343/343/343 315/315/315
f 315/315/315 316/316/316 255/255/255
f 317/317/317 256/256/256 316/316/316
f 259/259/259 318/318/318 320/320/320
f 344/344/344 314/314/314 281/281/281
f 344/344/344 281/281/281 319/319/319
f 282/282/282 345/345/345 287/287/287
f 286/286/286 349/349/349 284/284/284
f 290/290/290 351/351/351 286/286/286
f 292/292/292 288/288/288 352/352/352
f 290/290/290 320/320/320 354/354/354
f 355/355/355 321/321/321 292/292/292
f 263/263/263 302/302/302 322/322/322
f 322/322/322 323/323/323 264/264/264
f 324/324/324 265/265/265 323/323/323
f 356/356/356 293/293/293 324/324/324
f 358/358/358 295/295/295 293/293/293
f 357/357/357 296/296/296 294/294/294
f 296/296/296 359/359/359 325/325/325
f 327/327/327 361/361/361 267/267/267
f 329/329/329 267/267/267 363/363/363
f 331/331/331 298/298/298 328/328/328
f 330/330/330 332/332/332 269/269/269
f 330/330/330 268/268/268 364/364/364
f 364/364/364 268/268/268 331/331/331
f 366/366/366 301/301/301 321/321/321
f 303/303/303 367/367/367 302/302/302
f 303/303/303 301/301/301 366/366/366
f 368/368/368 304/304/304 332/332/332
f 306/306/306 369/369/369 305/305/305
f 307/307/307 305/305/305 370/370/370
f 308/308/308 371/371/371 306/306/306
f 307/307/307 372/372/372 311/311/311
f 309/309/309 373/373/373 308/308/308
f 334/334/334 374/374/374 309/309/309
f 375/375/375 313/313/313 310/310/310
f 368/368/368 335/335/335 304/304/304
f 336/336/336 273/273/273 335/335/335
f 337/337/337 274/274/274 336/336/336
f 275/275/275 337/337/337 338/338/338
f 312/312/312 338/338/338 377/377/377
f 312/312/312 377/377/377 333/333/333
f 378/378/378 319/319/319 313/313/313
f 341/341/341 339/339/339 277/277/277
f 276/276/276 339/339/339 340/340/340
f 341/341/341 279/279/279 379/379/379
f 280/280/280 340/340/340 343/343/343
f 314/314/314 380/380/380 342/342/342
f 342/342/342 379/379/379 279/279/279
f 315/315/315 343/343/343 381/381/381
f 315/315/315 382/382/382 316/316/316
f 317/317/317 316/316/316 384/384/384
f 318/318/318 386/386/386 320/320/320
f 344/344/344 380/380/380 314/314/314
f 344/344/344 319/319/319 387/387/387
f 284/284/284 349/349/349 347/347/347
f 346/346/346 352/352/352 288/288/288
f 286/286/286 351/351/351 349/349/349
f 290/290/290 354/354/354 351/351/351
f 355/355/355 292/292/292 352/352/352
f 354/354/354 320/320/320 388/388/388
f 355/355/355 389/389/389 321/321/321
f 367/367/367 322/322/322 302/302/302
f 322/322/322 390/390/390 323/323/323
f 391/391/391 324/324/324 323/323/323
f 356/356/356 358/358/358 293/293/293
f 392/392/392 356/356/356 324/324/324
f 358/358/358 360/360/360 297/297/297
f 360/360/360 393/393/393 326/326/326
f 327/327/327 394/394/394 361/361/361
f 267/267/267 361/361/361 363/363/363
f 397/397/397 329/329/329 363/363/363
f 331/331/331 328/328/328 398/398/398
f 399/399/399 332/332/332 330/330/330
f 330/330/330 364/364/364 401/401/401
f 403/403/403 364/364/364 331/331/331
f 366/366/366 321/321/321 389/389/389
f 303/303/303 366/366/366 367/367/367
f 399/399/399 368/368/368 332/332/332
f 371/371/371 369/369/369 306/306/306
f 369/369/369 370/370/370 305/305/305
f 307/307/307 370/370/370 372/372/372
f 373/373/373 371/371/371 308/308/308
f 376/376/376 311/311/311 372/372/372
f 374/374/374 373/373/373 309/309/309
f 334/334/334 406/406/406 374/374/374
f 378/378/378 313/313/313 375/375/375
f 407/407/407 335/335/335 368/368/368
f 409/409/409 336/336/336 335/335/335
f 410/410/410 337/337/337 336/336/336
f 411/411/411 338/338/338 337/337/337
f 377/377/377 338/338/338 412/412/412
f 377/377/377 405/405/405 333/333/333
f 378/378/378 387/387/387 319/319/319
f 341/341/341 413/413/413 339/339/339
f 414/414/414 340/340/340 339/339/339
f 341/341/341 379/379/379 415/415/415
f 414/414/414 343/343/343 340/340/340
f 342/342/342 380/380/380 379/379/379
f 416/416/416 381/381/381 343/343/343
f 315/315/315 381/381/381 382/382/382
f 316/316/316 382/382/382 384/384/384
f 318/318/318 385/385/385 386/386/386
f 388/388/388 320/320/320 386/386/386
f 344/344/344 417/417/417 380/380/380
f 344/344/344 387/387/387 417/417/417
f 348/348/348 418/418/418 346/346/346
f 346/346/346 419/419/419 352/352/352
f 420/420/420 348/348/348 350/350/350
f 422/422/422 351/351/351 354/354/354
f 423/423/423 355/355/355 352/352/352
f 354/354/354 388/388/388 425/425/425
f 355/355/355 426/426/426 389/389/389
f 367/367/367 390/390/390 322/322/322
f 390/390/390 391/391/391 323/323/323
f 392/392/392 324/324/324 391/391/391
f 356/356/356 427/427/427 358/358/358
f 428/428/428 356/356/356 392/392/392
f 427/427/427 360/360/360 358/358/358
f 360/360/360 429/429/429 393/393/393
f 326/326/326 393/393/393 431/431/431
f 327/327/327 432/432/432 394/394/394
f 362/362/362 395/395/395 435/435/435
f 436/436/436 363/363/363 361/361/361
f 398/398/398 328/328/328 396/396/396
f 397/397/397 363/363/363 439/439/439
f 403/403/403 331/331/331 398/398/398
f 399/399/399 330/330/330 401/401/401
f 441/441/441 402/402/402 365/365/365
f 404/404/404 441/441/441 365/365/365
f 442/442/442 366/366/366 389/389/389
f 442/442/442 367/367/367 366/366/366
f 399/399/399 443/443/443 368/368/368
f 446/446/446 369/369/369 371/371/371
f 369/369/369 447/447/447 370/370/370
f 372/372/372 370/370/370 448/448/448
f 373/373/373 449/449/449 371/371/371
f 376/376/376 372/372/372 450/450/450
f 451/451/451 373/373/373 374/374/374
f 406/406/406 452/452/452 374/374/374
f 378/378/378 375/375/375 453/453/453
f 407/407/407 409/409/409 335/335/335
f 407/407/407 368/368/368 443/443/443
f 409/409/409 410/410/410 336/336/336
f 411/411/411 337/337/337 410/410/410
f 411/411/411 412/412/412 338/338/338
f 377/377/377 412/412/412 455/455/455
f 377/377/377 455/455/455 405/405/405
f 378/378/378 456/456/456 387/387/387
f 341/341/341 415/415/415 413/413/413
f 457/457/457 339/339/339 413/413/413
f 414/414/414 339/339/339 457/457/457
f 415/415/415 379/379/379 458/458/458
f 416/416/416 343/343/343 414/414/414
f 459/459/459 379/379/379 380/380/380
f 416/416/416 460/460/460 381/381/381
f 462/462/462 382/382/382 381/381/381
f 383/383/383 465/465/465 385/385/385
f 466/466/466 386/386/386 385/385/385
f 467/467/467 388/388/388 386/386/386
f 417/417/417 468/468/468 380/380/380
f 417/417/417 387/387/387 469/469/469
f 420/420/420 418/418/418 348/348/348
f 418/418/418 419/419/419 346/346/346
f 423/423/423 352/352/352 419/419/419
f 420/420/420 350/350/350 421/421/421
f 353/353/353 470/470/470 421/421/421
f 423/423/423 426/426/426 355/355/355
f 388/388/388 473/473/473 425/425/425
f 354/354/354 425/425/425 471/471/471
f 426/426/426 474/474/474 389/389/389
f 442/442/442 390/390/390 367/367/367
f 390/390/390 475/475/475 391/391/391
f 392/392/392 391/391/391 476/476/476
f 428/428/428 427/427/427 356/356/356
f 428/428/428 392/392/392 477/477/477
f 427/427/427 429/429/429 360/360/360
f 478/478/478 393/393/393 429/429/429
f 479/479/479 431/431/431 393/393/393
f 433/433/433 481/481/481 395/395/395
f 481/481/481 435/435/435 395/395/395
f 437/437/437 362/362/362 435/435/435
f 439/439/439 363/363/363 436/436/436
f 398/398/398 396/396/396 482/482/482
f 484/484/484 397/397/397 439/439/439
f 403/403/403 398/398/398 485/485/485
f 400/400/400 402/402/402 488/488/488
f 489/489/489 402/402/402 441/441/441
f 404/404/404 490/490/490 441/441/441
f 442/442/442 389/389/389 474/474/474
f 400/400/400 488/488/488 444/444/444
f 446/446/446 447/447/447 369/369/369
f 446/446/446 371/371/371 449/449/449
f 370/370/370 447/447/447 448/448/448
f 372/372/372 448/448/448 450/450/450
f 451/451/451 449/449/449 373/373/373
f 376/376/376 450/450/450 454/454/454
f 451/451/451 374/374/374 452/452/452
f 493/493/493 452/452/452 406/406/406
f 378/378/378 453/453/453 456/456/456
f 407/407/407 494/494/494 409/409/409
f 408/408/408 445/445/445 496/496/496
f 409/409/409 497/497/497 410/410/410
f 411/411/411 410/410/410 499/499/499
f 411/411/411 500/500/500 412/412/412
f 412/412/412 501/501/501 455/455/455
f 492/492/492 405/405/405 455/455/455
f 387/387/387 456/456/456 469/469/469
f 415/415/415 502/502/502 413/413/413
f 457/457/457 413/413/413 502/502/502
f 414/414/414 457/457/457 503/503/503
f 459/459/459 458/458/458 379/379/379
f 415/415/415 458/458/458 504/504/504
f 416/416/416 414/414/414 503/503/503
f 459/459/459 380/380/380 468/468/468
f 416/416/416 505/505/505 460/460/460
f 460/460/460 462/462/462 381/381/381
f 462/462/462 507/507/507 382/382/382
f 383/383/383 508/508/508 465/465/465
f 466/466/466 385/385/385 465/465/465
f 467/467/467 386/386/386 466/466/466
f 467/467/467 473/473/473 388/388/388
f 417/417/417 509/509/509 468/468/468
f 417/417/417 469/469/469 509/509/509
f 420/420/420 510/510/510 418/418/418
f 511/511/511 419/419/419 418/418/418
f 423/423/423 419/419/419 512/512/512
f 420/420/420 421/421/421 513/513/513
f 514/514/514 421/421/421 470/470/470
f 423/423/423 515/515/515 426/426/426
f 424/424/424 472/472/472 516/516/516
f 517/517/517 470/470/470 424/424/424
f 426/426/426 518/518/518 474/474/474
f 442/442/442 475/475/475 390/390/390
f 475/475/475 476/476/476 391/391/391
f 392/392/392 476/476/476 477/477/477
f 428/428/428 519/519/519 427/427/427
f 520/520/520 428/428/428 477/477/477
f 427/427/427 519/519/519 429/429/429
f 479/479/479 393/393/393 478/478/478
f 521/521/521 478/478/478 429/429/429
f 479/479/479 523/523/523 431/431/431
f 430/430/430 522/522/522 480/480/480
f 525/525/525 434/434/434 480/480/480
f 437/437/437 435/435/435 529/529/529
f 440/440/440 437/437/437 532/532/532
f 483/483/483 482/482/482 396/396/396
f 398/398/398 482/482/482 485/485/485
f 484/484/484 439/439/439 535/535/535
f 404/404/404 486/486/486 490/490/490
f 489/489/489 488/488/488 402/402/402
f 489/489/489 441/441/441 536/536/536
f 536/536/536 441/441/441 490/490/490
f 442/442/442 474/474/474 475/475/475
f 488/488/488 537/537/537 444/444/444
f 446/446/446 539/539/539 447/447/447
f 446/446/446 449/449/449 540/540/540
f 448/448/448 447/447/447 541/541/541
f 448/448/448 542/542/542 450/450/450
f 543/543/543 449/449/449 451/451/451
f 454/454/454 450/450/450 544/544/544
f 451/451/451 452/452/452 545/545/545
f 493/493/493 546/546/546 452/452/452
f 453/453/453 547/547/547 456/456/456
f 408/408/408 496/496/496 495/495/495
f 494/494/494 497/497/497 409/409/409
f 538/538/538 496/496/496 445/445/445
f 499/499/499 410/410/410 497/497/497
f 411/411/411 499/499/499 500/500/500
f 500/500/500 501/501/501 412/412/412
f 549/549/549 455/455/455 501/501/501
f 492/492/492 455/455/455 549/549/549
f 550/550/550 469/469/469 456/456/456
f 415/415/415 504/504/504 502/502/502
f 457/457/457 502/502/502 552/552/552
f 503/503/503 457/457/457 552/552/552
f 459/459/459 553/553/553 458/458/458
f 458/458/458 554/554/554 504/504/504
f 416/416/416 503/503/503 505/505/505
f 459/459/459 468/468/468 553/553/553
f 555/555/555 461/461/461 506/506/506
f 461/461/461 557/557/557 463/463/463
f 559/559/559 508/508/508 464/464/464
f 560/560/560 465/465/465 508/508/508
f 561/561/561 466/466/466 465/465/465
f 467/467/467 466/466/466 562/562/562
f 467/467/467 564/564/564 473/473/473
f 468/468/468 509/509/509 565/565/565
f 566/566/566 509/509/509 469/469/469
f 420/420/420 513/513/513 510/510/510
f 511/511/511 418/418/418 510/510/510
f 511/511/511 512/512/512 419/419/419
f 423/423/423 512/512/512 515/515/515
f 514/514/514 513/513/513 421/421/421
f 514/514/514 470/470/470 517/517/517
f 426/426/426 515/515/515 518/518/518
f 516/516/516 472/472/472 568/568/568
f 517/517/517 424/424/424 516/516/516
f 569/569/569 474/474/474 518/518/518
f 475/475/475 570/570/570 476/476/476
f 477/477/477 476/476/476 570/570/570
f 520/520/520 519/519/519 428/428/428
f 520/520/520 477/477/477 571/571/571
f 519/519/519 521/521/521 429/429/429
f 479/479/479 478/478/478 572/572/572
f 521/521/521 572/572/572 478/478/478
f 479/479/479 573/573/573 523/523/523
f 574/574/574 480/480/480 522/522/522
f 526/526/526 529/529/529 435/435/435
f 525/525/525 480/480/480 574/574/574
f 437/437/437 529/529/529 576/576/576
f 437/437/437 576/576/576 532/532/532
f 438/438/438 531/531/531 578/578/578
f 579/579/579 482/482/482 483/483/483
f 485/485/485 482/482/482 580/580/580
f 582/582/582 534/534/534 438/438/438
f 584/584/584 484/484/484 535/535/535
f 491/491/491 487/487/487 586/586/586
f 489/489/489 587/587/587 488/488/488
f 489/489/489 536/536/536 588/588/588
f 589/589/589 536/536/536 490/490/490
f 475/475/475 474/474/474 569/569/569
f 488/488/488 587/587/587 537/537/537
f 446/446/446 540/540/540 539/539/539
f 541/541/541 447/447/447 539/539/539
f 543/543/543 540/540/540 449/449/449
f 448/448/448 541/541/541 542/542/542
f 450/450/450 542/542/542 544/544/544
f 543/543/543 451/451/451 545/545/545
f 454/454/454 544/544/544 548/548/548
f 546/546/546 545/545/545 452/452/452
f 493/493/493 592/592/592 546/546/546
f 550/550/550 456/456/456 547/547/547
f 593/593/593 495/495/495 496/496/496
f 594/594/594 498/498/498 495/495/495
f 538/538/538 595/595/595 496/496/496
f 499/499/499 497/497/497 596/596/596
f 500/500/500 499/499/499 598/598/598
f 600/600/600 501/501/501 500/500/500
f 601/601/601 549/549/549 501/501/501
f 492/492/492 549/549/549 591/591/591
f 566/566/566 469/469/469 550/550/550
f 602/602/602 502/502/502 504/504/504
f 552/552/552 502/502/502 602/602/602
f 603/603/603 503/503/503 552/552/552
f 458/458/458 553/553/553 554/554/554
f 554/554/554 605/605/605 504/504/504
f 603/603/603 505/505/505 503/503/503
f 468/468/468 565/565/565 553/553/553
f 555/555/555 557/557/557 461/461/461
f 555/555/555 506/506/506 606/606/606
f 559/559/559 464/464/464 558/558/558
f 560/560/560 508/508/508 559/559/559
f 561/561/561 465/465/465 560/560/560
f 561/561/561 562/562/562 466/466/466
f 467/467/467 562/562/562 564/564/564
f 563/563/563 568/568/568 472/472/472
f 509/509/509 607/607/607 565/565/565
f 566/566/566 607/607/607 509/509/509
f 609/609/609 510/510/510 513/513/513
f 511/511/511 510/510/510 610/610/610
f 511/511/511 611/611/611 512/512/512
f 512/512/512 612/612/612 515/515/515
f 514/514/514 613/613/613 513/513/513
f 514/514/514 517/517/517 614/614/614
f 615/615/615 518/518/518 515/515/515
f 516/516/516 568/568/568 616/616/616
f 517/517/517 516/516/516 617/617/617
f 618/618/618 569/569/569 518/518/518
f 475/475/475 569/569/569 570/570/570
f 477/477/477 570/570/570 571/571/571
f 619/619/619 519/519/519 520/520/520
f 620/620/620 520/520/520 571/571/571
f 619/619/619 521/521/521 519/519/519
f 479/479/479 572/572/572 573/573/573
f 621/621/621 572/572/572 521/521/521
f 573/573/573 531/531/531 523/523/523
f 575/575/575 524/524/524 577/577/577
f 622/622/622 529/529/529 526/526/526
f 527/527/527 575/575/575 627/627/627
f 630/630/630 577/577/577 530/530/530
f 533/533/533 577/577/577 524/524/524
f 573/573/573 578/578/578 531/531/531
f 582/582/582 438/438/438 578/578/578
f 579/579/579 580/580/580 482/482/482
f 585/585/585 579/579/579 483/483/483
f 586/586/586 487/487/487 581/581/581
f 632/632/632 534/534/534 582/582/582
f 633/633/633 583/583/583 534/534/534
f 590/590/590 491/491/491 586/586/586
f 489/489/489 588/588/588 587/587/587
f 536/536/536 634/634/634 588/588/588
f 589/589/589 635/635/635 536/536/536
f 587/587/587 636/636/636 537/537/537
f 638/638/638 539/539/539 540/540/540
f 639/639/639 541/541/541 539/539/539
f 543/543/543 640/640/640 540/540/540
f 541/541/541 641/641/641 542/542/542
f 642/642/642 544/544/544 542/542/542
f 543/543/543 545/545/545 643/643/643
f 544/544/544 644/644/644 548/548/548
f 645/645/645 545/545/545 546/546/546
f 646/646/646 546/546/546 592/592/592
f 550/550/550 547/547/547 647/647/647
f 594/594/594 495/495/495 593/593/593
f 593/593/593 496/496/496 595/595/595
f 594/594/594 597/597/597 498/498/498
f 637/637/637 595/595/595 538/538/538
f 598/598/598 499/499/499 596/596/596
f 600/600/600 500/500/500 598/598/598
f 601/601/601 501/501/501 600/600/600
f 650/650/650 549/549/549 601/601/601
f 650/650/650 591/591/591 549/549/549
f 566/566/566 550/550/550 651/651/651
f 602/602/602 504/504/504 605/605/605
f 552/552/552 602/602/602 653/653/653
f 603/603/603 552/552/552 653/653/653
f 553/553/553 655/655/655 554/554/554
f 656/656/656 605/605/605 554/554/554
f 604/604/604 606/606/606 506/506/506
f 553/553/553 565/565/565 655/655/655
f 556/556/556 657/657/657 558/558/558
f 555/555/555 606/606/606 658/658/658
f 559/559/559 558/558/558 660/660/660
f 560/560/560 559/559/559 661/661/661
f 561/561/561 560/560/560 662/662/662
f 561/561/561 663/663/663 562/562/562
f 665/665/665 564/564/564 562/562/562
f 666/666/666 568/568/568 563/563/563
f 565/565/565 607/607/607 667/667/667
f 566/566/566 669/669/669 607/607/607
f 610/610/610 510/510/510 609/609/609
f 609/609/609 513/513/513 613/613/613
f 511/511/511 610/610/610 611/611/611
f 611/611/611 612/612/612 512/512/512
f 615/615/615 515/515/515 612/612/612
f 514/514/514 614/614/614 613/613/613
f 517/517/517 617/617/617 614/614/614
f 618/618/618 518/518/518 615/615/615
f 671/671/671 616/616/616 568/568/568
f 516/516/516 616/616/616 617/617/617
f 618/618/618 672/672/672 569/569/569
f 569/569/569 672/672/672 570/570/570
f 672/672/672 571/571/571 570/570/570
f 619/619/619 520/520/520 673/673/673
f 620/620/620 674/674/674 520/520/520
f 620/620/620 571/571/571 672/672/672
f 619/619/619 621/621/621 521/521/521
f 573/573/573 572/572/572 675/675/675
f 621/621/621 675/675/675 572/572/572
f 630/630/630 575/575/575 577/577/577
f 623/623/623 630/630/630 530/530/530
f 624/624/624 528/528/528 677/677/677
f 627/627/627 575/575/575 630/630/630
f 677/677/677 528/528/528 628/628/628
f 573/573/573 675/675/675 578/578/578
f 582/582/582 578/578/578 678/678/678
f 579/579/579 679/679/679 580/580/580
f 682/682/682 579/579/579 585/585/585
f 586/586/586 581/581/581 683/683/683
f 632/632/632 633/633/633 534/534/534
f 632/632/632 582/582/582 684/684/684
f 685/685/685 583/583/583 633/633/633
f 590/590/590 586/586/586 688/688/688
f 587/587/587 588/588/588 689/689/689
f 536/536/536 635/635/635 634/634/634
f 634/634/634 690/690/690 588/588/588
f 589/589/589 687/687/687 635/635/635
f 587/587/587 689/689/689 636/636/636
f 638/638/638 639/639/639 539/539/539
f 638/638/638 540/540/540 640/640/640
f 639/639/639 641/641/641 541/541/541
f 543/543/543 643/643/643 640/640/640
f 642/642/642 542/542/542 641/641/641
f 642/642/642 644/644/644 544/544/544
f 645/645/645 643/643/643 545/545/545
f 648/648/648 548/548/548 644/644/644
f 645/645/645 546/546/546 646/646/646
f 646/646/646 592/592/592 692/692/692
f 551/551/551 649/649/649 652/652/652
f 594/594/594 593/593/593 693/693/693
f 593/593/593 595/595/595 694/694/694
f 594/594/594 695/695/695 597/597/597
f 637/637/637 696/696/696 595/595/595
f 599/599/599 597/597/597 697/697/697
f 600/600/600 598/598/598 698/698/698
f 601/601/601 600/600/600 700/700/700
f 650/650/650 601/601/601 702/702/702
f 650/650/650 691/691/691 591/591/591
f 567/567/567 652/652/652 670/670/670
f 602/602/602 605/605/605 703/703/703
f 653/653/653 602/602/602 703/703/703
f 604/604/604 654/654/654 705/705/705
f 656/656/656 554/554/554 655/655/655
f 656/656/656 706/706/706 605/605/605
f 604/604/604 705/705/705 606/606/606
f 565/565/565 667/667/667 655/655/655
f 556/556/556 659/659/659 657/657/657
f 558/558/558 657/657/657 660/660/660
f 606/606/606 708/708/708 658/658/658
f 559/559/559 660/660/660 661/661/661
f 560/560/560 661/661/661 662/662/662
f 561/561/561 662/662/662 663/663/663
f 665/665/665 562/562/562 663/663/663
f 664/664/664 666/666/666 563/563/563
f 666/666/666 671/671/671 568/568/568
f 608/608/608 710/710/710 668/668/668
f 608/608/608 670/670/670 710/710/710
f 711/711/711 610/610/610 609/609/609
f 712/712/712 609/609/609 613/613/613
f 610/610/610 713/713/713 611/611/611
f 714/714/714 612/612/612 611/611/611
f 615/615/615 612/612/612 715/715/715
f 614/614/614 716/716/716 613/613/613
f 614/614/614 617/617/617 717/717/717
f 718/718/718 618/618/618 615/615/615
f 671/671/671 719/719/719 616/616/616
f 720/720/720 617/617/617 616/616/616
f 618/618/618 721/721/721 672/672/672
f 674/674/674 673/673/673 520/520/520
f 722/722/722 619/619/619 673/673/673
f 620/620/620 723/723/723 674/674/674
f 620/620/620 672/672/672 721/721/721
f 722/722/722 621/621/621 619/619/619
f 621/621/621 724/724/724 675/675/675
f 624/624/624 726/726/726 631/631/631
f 624/624/624 677/677/677 728/728/728
f 625/625/625 629/629/629 725/725/725
f 676/676/676 626/626/626 730/730/730
f 678/678/678 578/578/578 675/675/675
f 684/684/684 582/582/582 678/678/678
f 682/682/682 679/679/679 579/579/579
f 680/680/680 683/683/683 581/581/581
f 685/685/685 681/681/681 583/583/583
f 586/586/586 683/683/683 731/731/731
f 632/632/632 732/732/732 633/633/633
f 632/632/632 684/684/684 733/733/733
f 685/685/685 633/633/633 734/734/734
f 688/688/688 586/586/586 731/731/731
f 689/689/689 588/588/588 690/690/690
f 635/635/635 735/735/735 634/634/634
f 736/736/736 690/690/690 634/634/634
f 687/687/687 738/738/738 635/635/635
f 636/636/636 689/689/689 739/739/739
f 638/638/638 741/741/741 639/639/639
f 638/638/638 640/640/640 742/742/742
f 639/639/639 743/743/743 641/641/641
f 744/744/744 640/640/640 643/643/643
f 642/642/642 641/641/641 745/745/745
f 642/642/642 746/746/746 644/644/644
f 645/645/645 747/747/747 643/643/643
f 648/648/648 644/644/644 748/748/748
f 645/645/645 646/646/646 750/750/750
f 646/646/646 692/692/692 751/751/751
f 649/649/649 752/752/752 652/652/652
f 593/593/593 694/694/694 693/693/693
f 594/594/594 693/693/693 695/695/695
f 694/694/694 595/595/595 696/696/696
f 695/695/695 697/697/697 597/597/597
f 637/637/637 740/740/740 696/696/696
f 599/599/599 697/697/697 699/699/699
f 600/600/600 698/698/698 700/700/700
f 601/601/601 700/700/700 702/702/702
f 753/753/753 650/650/650 702/702/702
f 753/753/753 691/691/691 650/650/650
f 652/652/652 754/754/754 670/670/670
f 703/703/703 605/605/605 706/706/706
f 654/654/654 704/704/704 755/755/755
f 654/654/654 755/755/755 705/705/705
f 756/756/756 656/656/656 655/655/655
f 656/656/656 758/758/758 706/706/706
f 606/606/606 705/705/705 708/708/708
f 667/667/667 756/756/756 655/655/655
f 659/659/659 761/761/761 657/657/657
f 660/660/660 657/657/657 762/762/762
f 763/763/763 659/659/659 709/709/709
f 661/661/661 660/660/660 764/764/764
f 662/662/662 661/661/661 765/765/765
f 663/663/663 662/662/662 766/766/766
f 768/768/768 665/665/665 663/663/663
f 664/664/664 769/769/769 666/666/666
f 666/666/666 771/771/771 671/671/671
f 668/668/668 710/710/710 772/772/772
f 773/773/773 710/710/710 670/670/670
f 711/711/711 713/713/713 610/610/610
f 711/711/711 609/609/609 712/712/712
f 716/716/716 712/712/712 613/613/613
f 714/714/714 611/611/611 713/713/713
f 714/714/714 715/715/715 612/612/612
f 715/715/715 774/774/774 615/615/615
f 614/614/614 717/717/717 716/716/716
f 717/717/717 617/617/617 720/720/720
f 718/718/718 775/775/775 618/618/618
f 718/718/718 615/615/615 774/774/774
f 671/671/671 776/776/776 719/719/719
f 720/720/720 616/616/616 719/719/719
f 618/618/618 775/775/775 721/721/721
f 777/777/777 673/673/673 674/674/674
f 778/778/778 722/722/722 673/673/673
f 620/620/620 721/721/721 723/723/723
f 723/723/723 779/779/779 674/674/674
f 722/722/722 724/724/724 621/621/621
f 678/678/678 675/675/675 724/724/724
f 624/624/624 728/728/728 726/726/726
f 782/782/782 728/728/728 677/677/677
f 625/625/625 725/725/725 729/729/729
f 780/780/780 676/676/676 730/730/730
f 783/783/783 684/684/684 678/678/678
f 682/682/682 784/784/784 679/679/679
f 680/680/680 786/786/786 683/683/683
f 685/685/685 787/787/787 681/681/681
f 789/789/789 731/731/731 683/683/683
f 632/632/632 733/733/733 732/732/732
f 734/734/734 633/633/633 732/732/732
f 733/733/733 684/684/684 790/790/790
f 685/685/685 734/734/734 791/791/791
f 688/688/688 731/731/731 793/793/793
f 689/689/689 690/690/690 794/794/794
f 635/635/635 738/738/738 735/735/735
f 736/736/736 634/634/634 735/735/735
f 736/736/736 795/795/795 690/690/690
f 686/686/686 792/792/792 737/737/737
f 739/739/739 689/689/689 794/794/794
f 638/638/638 742/742/742 741/741/741
f 741/741/741 743/743/743 639/639/639
f 744/744/744 742/742/742 640/640/640
f 743/743/743 745/745/745 641/641/641
f 744/744/744 643/643/643 747/747/747
f 642/642/642 745/745/745 746/746/746
f 746/746/746 748/748/748 644/644/644
f 645/645/645 750/750/750 747/747/747
f 649/649/649 749/749/749 752/752/752
f 646/646/646 751/751/751 750/750/750
f 797/797/797 751/751/751 692/692/692
f 652/652/652 752/752/752 754/754/754
f 694/694/694 798/798/798 693/693/693
f 799/799/799 695/695/695 693/693/693
f 800/800/800 694/694/694 696/696/696
f 801/801/801 697/697/697 695/695/695
f 740/740/740 803/803/803 696/696/696
f 699/699/699 697/697/697 804/804/804
f 699/699/699 805/805/805 701/701/701
f 700/700/700 806/806/806 702/702/702
f 753/753/753 702/702/702 808/808/808
f 753/753/753 796/796/796 691/691/691
f 773/773/773 670/670/670 754/754/754
f 704/704/704 707/707/707 810/810/810
f 755/755/755 704/704/704 810/810/810
f 811/811/811 705/705/705 755/755/755
f 756/756/756 758/758/758 656/656/656
f 758/758/758 812/812/812 706/706/706
f 811/811/811 708/708/708 705/705/705
f 668/668/668 772/772/772 757/757/757
f 763/763/763 761/761/761 659/659/659
f 762/762/762 657/657/657 761/761/761
f 764/764/764 660/660/660 762/762/762
f 815/815/815 763/763/763 709/709/709
f 765/765/765 661/661/661 764/764/764
f 662/662/662 765/765/765 766/766/766
f 768/768/768 663/663/663 766/766/766
f 768/768/768 770/770/770 665/665/665
f 666/666/666 769/769/769 771/771/771
f 671/671/671 771/771/771 776/776/776
f 772/772/772 710/710/710 816/816/816
f 773/773/773 816/816/816 710/710/710
f 711/711/711 817/817/817 713/713/713
f 711/711/711 712/712/712 818/818/818
f 716/716/716 819/819/819 712/712/712
f 714/714/714 713/713/713 820/820/820
f 821/821/821 715/715/715 714/714/714
f 774/774/774 715/715/715 821/821/821
f 716/716/716 717/717/717 822/822/822
f 717/717/717 720/720/720 823/823/823
f 824/824/824 775/775/775 718/718/718
f 718/718/718 774/774/774 825/825/825
f 826/826/826 719/719/719 776/776/776
f 720/720/720 719/719/719 827/827/827
f 775/775/775 723/723/723 721/721/721
f 778/778/778 673/673/673 777/777/777
f 777/777/777 674/674/674 779/779/779
f 778/778/778 828/828/828 722/722/722
f 723/723/723 829/829/829 779/779/779
f 828/828/828 724/724/724 722/722/722
f 783/783/783 678/678/678 724/724/724
f 727/727/727 831/831/831 725/725/725
f 781/781/781 831/831/831 727/727/727
f 831/831/831 729/729/729 725/725/725
f 780/780/780 730/730/730 833/833/833
f 783/783/783 790/790/790 684/684/684
f 788/788/788 784/784/784 682/682/682
f 785/785/785 786/786/786 680/680/680
f 789/789/789 683/683/683 786/786/786
f 685/685/685 791/791/791 787/787/787
f 789/789/789 834/834/834 731/731/731
f 733/733/733 835/835/835 732/732/732
f 734/734/734 732/732/732 836/836/836
f 733/733/733 790/790/790 837/837/837
f 838/838/838 791/791/791 734/734/734
f 793/793/793 731/731/731 834/834/834
f 794/794/794 690/690/690 795/795/795
f 735/735/735 738/738/738 840/840/840
f 736/736/736 735/735/735 841/841/841
f 736/736/736 842/842/842 795/795/795
f 792/792/792 843/843/843 737/737/737
f 844/844/844 739/739/739 794/794/794
f 845/845/845 741/741/741 742/742/742
f 741/741/741 846/846/846 743/743/743
f 744/744/744 847/847/847 742/742/742
f 848/848/848 745/745/745 743/743/743
f 744/744/744 747/747/747 849/849/849
f 850/850/850 746/746/746 745/745/745
f 746/746/746 851/851/851 748/748/748
f 852/852/852 747/747/747 750/750/750
f 854/854/854 752/752/752 749/749/749
f 855/855/855 750/750/750 751/751/751
f 856/856/856 751/751/751 797/797/797
f 857/857/857 754/754/754 752/752/752
f 800/800/800 798/798/798 694/694/694
f 799/799/799 693/693/693 798/798/798
f 801/801/801 695/695/695 799/799/799
f 800/800/800 696/696/696 803/803/803
f 804/804/804 697/697/697 801/801/801
f 844/844/844 802/802/802 739/739/739
f 699/699/699 804/804/804 805/805/805
f 701/701/701 805/805/805 807/807/807
f 808/808/808 702/702/702 806/806/806
f 858/858/858 753/753/753 808/808/808
f 858/858/858 796/796/796 753/753/753
f 859/859/859 773/773/773 754/754/754
f 813/813/813 810/810/810 707/707/707
f 860/860/860 755/755/755 810/810/810
f 811/811/811 755/755/755 860/860/860
f 757/757/757 861/861/861 760/760/760
f 759/759/759 862/862/862 813/813/813
f 814/814/814 708/708/708 811/811/811
f 772/772/772 861/861/861 757/757/757
f 864/864/864 761/761/761 763/763/763
f 865/865/865 762/762/762 761/761/761
f 764/764/764 762/762/762 866/866/866
f 867/867/867 763/763/763 815/815/815
f 765/765/765 764/764/764 868/868/868
f 765/765/765 869/869/869 766/766/766
f 871/871/871 768/768/768 766/766/766
f 767/767/767 872/872/872 769/769/769
f 874/874/874 771/771/771 769/769/769
f 875/875/875 776/776/776 771/771/771
f 772/772/772 816/816/816 876/876/876
f 773/773/773 877/877/877 816/816/816
f 711/711/711 818/818/818 817/817/817
f 817/817/817 820/820/820 713/713/713
f 712/712/712 819/819/819 818/818/818
f 716/716/716 822/822/822 819/819/819
f 821/821/821 714/714/714 820/820/820
f 774/774/774 821/821/821 878/878/878
f 822/822/822 717/717/717 823/823/823
f 823/823/823 720/720/720 827/827/827
f 824/824/824 829/829/829 775/775/775
f 824/824/824 718/718/718 825/825/825
f 774/774/774 878/878/878 825/825/825
f 826/826/826 827/827/827 719/719/719
f 879/879/879 826/826/826 776/776/776
f 775/775/775 829/829/829 723/723/723
f 778/778/778 777/777/777 880/880/880
f 777/777/777 779/779/779 881/881/881
f 778/778/778 882/882/882 828/828/828
f 883/883/883 779/779/779 829/829/829
f 783/783/783 724/724/724 828/828/828
f 780/780/780 833/833/833 830/830/830
f 831/831/831 832/832/832 729/729/729
f 884/884/884 790/790/790 783/783/783
f 788/788/788 886/886/886 784/784/784
f 785/785/785 888/888/888 786/786/786
f 789/789/789 786/786/786 889/889/889
f 787/787/787 791/791/791 890/890/890
f 789/789/789 891/891/891 834/834/834
f 733/733/733 837/837/837 835/835/835
f 836/836/836 732/732/732 835/835/835
f 838/838/838 734/734/734 836/836/836
f 892/892/892 837/837/837 790/790/790
f 838/838/838 893/893/893 791/791/791
f 895/895/895 793/793/793 834/834/834
f 794/794/794 795/795/795 896/896/896
f 843/843/843 839/839/839 737/737/737
f 841/841/841 735/735/735 840/840/840
f 736/736/736 841/841/841 842/842/842
f 842/842/842 897/897/897 795/795/795
f 894/894/894 843/843/843 792/792/792
f 844/844/844 794/794/794 896/896/896
f 845/845/845 846/846/846 741/741/741
f 845/845/845 742/742/742 847/847/847
f 846/846/846 848/848/848 743/743/743
f 744/744/744 849/849/849 847/847/847
f 848/848/848 850/850/850 745/745/745
f 852/852/852 849/849/849 747/747/747
f 850/850/850 851/851/851 746/746/746
f 853/853/853 748/748/748 851/851/851
f 852/852/852 750/750/750 855/855/855
f 857/857/857 752/752/752 854/854/854
f 856/856/856 855/855/855 751/751/751
f 899/899/899 856/856/856 797/797/797
f 859/859/859 754/754/754 857/857/857
f 800/800/800 900/900/900 798/798/798
f 901/901/901 799/799/799 798/798/798
f 902/902/902 801/801/801 799/799/799
f 800/800/800 803/803/803 903/903/903
f 904/904/904 804/804/804 801/801/801
f 844/844/844 905/905/905 802/802/802
f 804/804/804 907/907/907 805/805/805
f 807/807/807 805/805/805 908/908/908
f 809/809/809 807/807/807 909/909/909
f 858/858/858 808/808/808 910/910/910
f 858/858/858 898/898/898 796/796/796
f 859/859/859 877/877/877 773/773/773
f 912/912/912 810/810/810 813/813/813
f 860/860/860 810/810/810 912/912/912
f 811/811/811 860/860/860 913/913/913
f 861/861/861 863/863/863 760/760/760
f 915/915/915 813/813/813 862/862/862
f 814/814/814 811/811/811 913/913/913
f 772/772/772 876/876/876 861/861/861
f 864/864/864 865/865/865 761/761/761
f 867/867/867 864/864/864 763/763/763
f 865/865/865 866/866/866 762/762/762
f 764/764/764 866/866/866 868/868/868
f 916/916/916 867/867/867 815/815/815
f 765/765/765 868/868/868 869/869/869
f 871/871/871 766/766/766 869/869/869
f 871/871/871 873/873/873 768/768/768
f 874/874/874 769/769/769 872/872/872
f 874/874/874 875/875/875 771/771/771
f 879/879/879 776/776/776 875/875/875
f 816/816/816 917/917/917 876/876/876
f 877/877/877 917/917/917 816/816/816
f 918/918/918 817/817/817 818/818/818
f 919/919/919 820/820/820 817/817/817
f 818/818/818 819/819/819 920/920/920
f 822/822/822 921/921/921 819/819/819
f 821/821/821 820/820/820 922/922/922
f 878/878/878 821/821/821 922/922/922
f 923/923/923 822/822/822 823/823/823
f 924/924/924 823/823/823 827/827/827
f 824/824/824 925/925/925 829/829/829
f 824/824/824 825/825/825 926/926/926
f 878/878/878 927/927/927 825/825/825
f 928/928/928 827/827/827 826/826/826
f 929/929/929 826/826/826 879/879/879
f 880/880/880 777/777/777 881/881/881
f 778/778/778 880/880/880 882/882/882
f 883/883/883 881/881/881 779/779/779
f 884/884/884 828/828/828 882/882/882
f 883/883/883 829/829/829 925/925/925
f 884/884/884 783/783/783 828/828/828
f 884/884/884 892/892/892 790/790/790
f 787/787/787 890/890/890 885/885/885
f 887/887/887 888/888/888 785/785/785
f 888/888/888 930/930/930 786/786/786
f 786/786/786 930/930/930 889/889/889
f 789/789/789 889/889/889 891/891/891
f 791/791/791 893/893/893 890/890/890
f 834/834/834 891/891/891 931/931/931
f 932/932/932 835/835/835 837/837/837
f 933/933/933 836/836/836 835/835/835
f 934/934/934 838/838/838 836/836/836
f 892/892/892 935/935/935 837/837/837
f 838/838/838 936/936/936 893/893/893
f 895/895/895 834/834/834 931/931/931
f 896/896/896 795/795/795 897/897/897
f 843/843/843 937/937/937 839/839/839
f 940/940/940 841/841/841 840/840/840
f 841/841/841 941/941/941 842/842/842
f 842/842/842 942/942/942 897/897/897
f 894/894/894 943/943/943 843/843/843
f 844/844/844 896/896/896 945/945/945
f 845/845/845 946/946/946 846/846/846
f 845/845/845 847/847/847 947/947/947
f 948/948/948 848/848/848 846/846/846
f 849/849/849 949/949/949 847/847/847
f 950/950/950 850/850/850 848/848/848
f 852/852/852 951/951/951 849/849/849
f 850/850/850 952/952/952 851/851/851
f 853/853/853 851/851/851 953/953/953
f 852/852/852 855/855/855 954/954/954
f 857/857/857 854/854/854 956/956/956
f 856/856/856 957/957/957 855/855/855
f 899/899/899 958/958/958 856/856/856
f 859/859/859 857/857/857 959/959/959
f 800/800/800 903/903/903 900/900/900
f 901/901/901 798/798/798 900/900/900
f 902/902/902 799/799/799 901/901/901
f 904/904/904 801/801/801 902/902/902
f 906/906/906 903/903/903 803/803/803
f 904/904/904 907/907/907 804/804/804
f 844/844/844 945/945/945 905/905/905
f 907/907/907 908/908/908 805/805/805
f 909/909/909 807/807/807 908/908/908
f 911/911/911 809/809/809 909/909/909
f 858/858/858 910/910/910 960/960/960
f 858/858/858 960/960/960 898/898/898
f 859/859/859 962/962/962 877/877/877
f 915/915/915 912/912/912 813/813/813
f 963/963/963 860/860/860 912/912/912
f 913/913/913 860/860/860 963/963/963
f 966/966/966 863/863/863 861/861/861
f 915/915/915 862/862/862 967/967/967
f 916/916/916 815/815/815 914/914/914
f 966/966/966 861/861/861 876/876/876
f 968/968/968 865/865/865 864/864/864
f 969/969/969 864/864/864 867/867/867
f 970/970/970 866/866/866 865/865/865
f 868/868/868 866/866/866 971/971/971
f 916/916/916 972/972/972 867/867/867
f 869/869/869 868/868/868 973/973/973
f 871/871/871 869/869/869 975/975/975
f 870/870/870 976/976/976 872/872/872
f 874/874/874 872/872/872 978/978/978
f 874/874/874 979/979/979 875/875/875
f 980/980/980 879/879/879 875/875/875
f 982/982/982 876/876/876 917/917/917
f 877/877/877 983/983/983 917/917/917
f 984/984/984 817/817/817 918/918/918
f 918/918/918 818/818/818 920/920/920
f 919/919/919 922/922/922 820/820/820
f 984/984/984 919/919/919 817/817/817
f 921/921/921 920/920/920 819/819/819
f 923/923/923 921/921/921 822/822/822
f 985/985/985 878/878/878 922/922/922
f 924/924/924 923/923/923 823/823/823
f 928/928/928 924/924/924 827/827/827
f 824/824/824 926/926/926 925/925/925
f 926/926/926 825/825/825 927/927/927
f 985/985/985 927/927/927 878/878/878
f 929/929/929 928/928/928 826/826/826
f 929/929/929 879/879/879 986/986/986
f 880/880/880 881/881/881 987/987/987
f 882/882/882 880/880/880 988/988/988
f 989/989/989 881/881/881 883/883/883
f 884/884/884 882/882/882 990/990/990
f 991/991/991 883/883/883 925/925/925
f 884/884/884 990/990/990 892/892/892
f 992/992/992 885/885/885 890/890/890
f 994/994/994 888/888/888 887/887/887
f 888/888/888 995/995/995 930/930/930
f 930/930/930 996/996/996 889/889/889
f 891/891/891 889/889/889 996/996/996
f 997/997/997 890/890/890 893/893/893
f 891/891/891 998/998/998 931/931/931
f 933/933/933 835/835/835 932/932/932
f 935/935/935 932/932/932 837/837/837
f 933/933/933 934/934/934 836/836/836
f 934/934/934 936/936/936 838/838/838
f 892/892/892 999/999/999 935/935/935
f 1000/1000/1000 893/893/893 936/936/936
f 1001/1001/1001 895/895/895 931/931/931
f 1002/1002/1002 896/896/896 897/897/897
f 943/943/943 937/937/937 843/843/843
f 940/940/940 840/840/840 938/938/938
f 940/940/940 941/941/941 841/841/841
f 842/842/842 941/941/941 942/942/942
f 897/897/897 942/942/942 1003/1003/1003
f 1001/1001/1001 944/944/944 895/895/895
f 1002/1002/1002 945/945/945 896/896/896
f 845/845/845 947/947/947 946/946/946
f 946/946/946 948/948/948 846/846/846
f 947/947/947 847/847/847 949/949/949
f 948/948/948 950/950/950 848/848/848
f 849/849/849 951/951/951 949/949/949
f 950/950/950 952/952/952 850/850/850
f 852/852/852 954/954/954 951/951/951
f 851/851/851 952/952/952 953/953/953
f 853/853/853 953/953/953 955/955/955
f 957/957/957 954/954/954 855/855/855
f 857/857/857 956/956/956 959/959/959
f 856/856/856 958/958/958 957/957/957
f 899/899/899 1005/1005/1005 958/958/958
f 859/859/859 959/959/959 962/962/962
f 1006/1006/1006 900/900/900 903/903/903
f 901/901/901 900/900/900 1007/1007/1007
f 902/902/902 901/901/901 1008/1008/1008
f 904/904/904 902/902/902 1009/1009/1009
f 1010/1010/1010 903/903/903 906/906/906
f 904/904/904 1011/1011/1011 907/907/907
f 905/905/905 945/945/945 1013/1013/1013
f 1015/1015/1015 908/908/908 907/907/907
f 909/909/909 908/908/908 1016/1016/1016
f 911/911/911 909/909/909 1017/1017/1017
f 1018/1018/1018 961/961/961 911/911/911
f 898/898/898 960/960/960 1004/1004/1004
f 877/877/877 962/962/962 983/983/983
f 1019/1019/1019 912/912/912 915/915/915
f 1019/1019/1019 963/963/963 912/912/912
f 1020/1020/1020 913/913/913 963/963/963
f 965/965/965 967/967/967 862/862/862
f 1022/1022/1022 915/915/915 967/967/967
f 916/916/916 914/914/914 1021/1021/1021
f 982/982/982 966/966/966 876/876/876
f 968/968/968 970/970/970 865/865/865
f 969/969/969 968/968/968 864/864/864
f 969/969/969 867/867/867 972/972/972
f 970/970/970 971/971/971 866/866/866
f 868/868/868 971/971/971 973/973/973
f 916/916/916 1023/1023/1023 972/972/972
f 869/869/869 973/973/973 975/975/975
f 871/871/871 975/975/975 977/977/977
f 978/978/978 872/872/872 976/976/976
f 874/874/874 978/978/978 979/979/979
f 980/980/980 875/875/875 979/979/979
f 980/980/980 986/986/986 879/879/879
f 982/982/982 917/917/917 1025/1025/1025
f 917/917/917 983/983/983 1025/1025/1025
f 984/984/984 918/918/918 1026/1026/1026
f 918/918/918 920/920/920 1026/1026/1026
f 1027/1027/1027 922/922/922 919/919/919
f 1028/1028/1028 919/919/919 984/984/984
f 921/921/921 1029/1029/1029 920/920/920
f 1030/1030/1030 921/921/921 923/923/923
f 985/985/985 922/922/922 1027/1027/1027
f 1031/1031/1031 923/923/923 924/924/924
f 928/928/928 1032/1032/1032 924/924/924
f 926/926/926 1033/1033/1033 925/925/925
f 1034/1034/1034 926/926/926 927/927/927
f 1035/1035/1035 927/927/927 985/985/985
f 929/929/929 1036/1036/1036 928/928/928
f 929/929/929 986/986/986 1037/1037/1037
f 989/989/989 987/987/987 881/881/881
f 880/880/880 987/987/987 988/988/988
f 990/990/990 882/882/882 988/988/988
f 991/991/991 989/989/989 883/883/883
f 1033/1033/1033 991/991/991 925/925/925
f 990/990/990 999/999/999 892/892/892
f 993/993/993 885/885/885 992/992/992
f 997/997/997 992/992/992 890/890/890
f 1038/1038/1038 888/888/888 994/994/994
f 1038/1038/1038 995/995/995 888/888/888
f 995/995/995 996/996/996 930/930/930
f 891/891/891 996/996/996 998/998/998
f 1000/1000/1000 997/997/997 893/893/893
f 1001/1001/1001 931/931/931 998/998/998
f 933/933/933 932/932/932 1039/1039/1039
f 1040/1040/1040 932/932/932 935/935/935
f 1041/1041/1041 934/934/934 933/933/933
f 934/934/934 1042/1042/1042 936/936/936
f 999/999/999 1043/1043/1043 935/935/935
f 1000/1000/1000 936/936/936 1044/1044/1044
f 1002/1002/1002 897/897/897 1003/1003/1003
f 943/943/943 1045/1045/1045 937/937/937
f 939/939/939 937/937/937 1046/1046/1046
f 940/940/940 1049/1049/1049 941/941/941
f 941/941/941 1050/1050/1050 942/942/942
f 1003/1003/1003 942/942/942 1052/1052/1052
f 1001/1001/1001 1054/1054/1054 944/944/944
f 1002/1002/1002 1056/1056/1056 945/945/945
f 946/946/946 947/947/947 1057/1057/1057
f 946/946/946 1058/1058/1058 948/948/948
f 947/947/947 949/949/949 1059/1059/1059
f 948/948/948 1060/1060/1060 950/950/950
f 1061/1061/1061 949/949/949 951/951/951
f 950/950/950 1062/1062/1062 952/952/952
f 954/954/954 1063/1063/1063 951/951/951
f 953/953/953 952/952/952 1064/1064/1064
f 953/953/953 1065/1065/1065 955/955/955
f 1066/1066/1066 954/954/954 957/957/957
f 956/956/956 1068/1068/1068 959/959/959
f 958/958/958 1069/1069/1069 957/957/957
f 958/958/958 1005/1005/1005 1070/1070/1070
f 959/959/959 1071/1071/1071 962/962/962
f 1007/1007/1007 900/900/900 1006/1006/1006
f 1006/1006/1006 903/903/903 1010/1010/1010
f 901/901/901 1007/1007/1007 1008/1008/1008
f 1009/1009/1009 902/902/902 1008/1008/1008
f 904/904/904 1009/1009/1009 1011/1011/1011
f 1010/1010/1010 906/906/906 1014/1014/1014
f 1011/1011/1011 1015/1015/1015 907/907/907
f 1013/1013/1013 945/945/945 1056/1056/1056
f 1016/1016/1016 908/908/908 1015/1015/1015
f 1017/1017/1017 909/909/909 1016/1016/1016
f 1018/1018/1018 911/911/911 1017/1017/1017
f 1018/1018/1018 1073/1073/1073 961/961/961
f 1072/1072/1072 1004/1004/1004 960/960/960
f 1074/1074/1074 983/983/983 962/962/962
f 1019/1019/1019 915/915/915 1022/1022/1022
f 1019/1019/1019 1075/1075/1075 963/963/963
f 1021/1021/1021 964/964/964 1076/1076/1076
f 1077/1077/1077 967/967/967 965/965/965
f 1022/1022/1022 967/967/967 1079/1079/1079
f 916/916/916 1021/1021/1021 1023/1023/1023
f 982/982/982 1078/1078/1078 966/966/966
f 968/968/968 1080/1080/1080 970/970/970
f 1081/1081/1081 968/968/968 969/969/969
f 969/969/969 972/972/972 1082/1082/1082
f 1083/1083/1083 971/971/971 970/970/970
f 1084/1084/1084 973/973/973 971/971/971
f 1023/1023/1023 1085/1085/1085 972/972/972
f 975/975/975 973/973/973 1087/1087/1087
f 1088/1088/1088 976/976/976 974/974/974
f 1090/1090/1090 978/978/978 976/976/976
f 979/979/979 978/978/978 1091/1091/1091
f 980/980/980 979/979/979 1092/1092/1092
f 1093/1093/1093 986/986/986 980/980/980
f 1095/1095/1095 982/982/982 1025/1025/1025
f 1096/1096/1096 1025/1025/1025 983/983/983
f 1097/1097/1097 984/984/984 1026/1026/1026
f 1026/1026/1026 920/920/920 1029/1029/1029
f 1028/1028/1028 1027/1027/1027 919/919/919
f 1097/1097/1097 1028/1028/1028 984/984/984
f 1030/1030/1030 1029/1029/1029 921/921/921
f 1030/1030/1030 923/923/923 1031/1031/1031
f 985/985/985 1027/1027/1027 1098/1098/1098
f 1032/1032/1032 1031/1031/1031 924/924/924
f 1036/1036/1036 1032/1032/1032 928/928/928
f 1034/1034/1034 1033/1033/1033 926/926/926
f 1034/1034/1034 927/927/927 1035/1035/1035
f 1035/1035/1035 985/985/985 1098/1098/1098
f 929/929/929 1037/1037/1037 1036/1036/1036
f 1099/1099/1099 1037/1037/1037 986/986/986
f 989/989/989 1100/1100/1100 987/987/987
f 988/988/988 987/987/987 1101/1101/1101
f 1102/1102/1102 990/990/990 988/988/988
f 1103/1103/1103 989/989/989 991/991/991
f 1104/1104/1104 991/991/991 1033/1033/1033
f 1102/1102/1102 999/999/999 990/990/990
f 1105/1105/1105 993/993/993 992/992/992
f 997/997/997 1106/1106/1106 992/992/992
f 1038/1038/1038 994/994/994 1108/1108/1108
f 1038/1038/1038 1109/1109/1109 995/995/995
f 1110/1110/1110 996/996/996 995/995/995
f 1110/1110/1110 998/998/998 996/996/996
f 1000/1000/1000 1111/1111/1111 997/997/997
f 1001/1001/1001 998/998/998 1112/1112/1112
f 1040/1040/1040 1039/1039/1039 932/932/932
f 1041/1041/1041 933/933/933 1039/1039/1039
f 1043/1043/1043 1040/1040/1040 935/935/935
f 1041/1041/1041 1042/1042/1042 934/934/934
f 1042/1042/1042 1044/1044/1044 936/936/936
f 1113/1113/1113 1043/1043/1043 999/999/999
f 1114/1114/1114 1000/1000/1000 1044/1044/1044
f 1002/1002/1002 1003/1003/1003 1116/1116/1116
f 943/943/943 1053/1053/1053 1045/1045/1045
f 1046/1046/1046 937/937/937 1045/1045/1045
f 940/940/940 1047/1047/1047 1049/1049/1049
f 941/941/941 1049/1049/1049 1050/1050/1050
f 1052/1052/1052 942/942/942 1050/1050/1050
f 1116/1116/1116 1003/1003/1003 1052/1052/1052
f 1001/1001/1001 1112/1112/1112 1054/1054/1054
f 1002/1002/1002 1118/1118/1118 1056/1056/1056
f 947/947/947 1059/1059/1059 1057/1057/1057
f 946/946/946 1057/1057/1057 1058/1058/1058
f 948/948/948 1058/1058/1058 1060/1060/1060
f 1061/1061/1061 1059/1059/1059 949/949/949
f 950/950/950 1060/1060/1060 1062/1062/1062
f 1061/1061/1061 951/951/951 1063/1063/1063
f 952/952/952 1062/1062/1062 1119/1119/1119
f 1066/1066/1066 1063/1063/1063 954/954/954
f 952/952/952 1119/1119/1119 1064/1064/1064
f 953/953/953 1064/1064/1064 1065/1065/1065
f 955/955/955 1065/1065/1065 1067/1067/1067
f 1066/1066/1066 957/957/957 1069/1069/1069
f 959/959/959 1068/1068/1068 1071/1071/1071
f 958/958/958 1070/1070/1070 1069/1069/1069
f 1122/1122/1122 1070/1070/1070 1005/1005/1005
f 1074/1074/1074 962/962/962 1071/1071/1071
f 1123/1123/1123 1007/1007/1007 1006/1006/1006
f 1125/1125/1125 1006/1006/1006 1010/1010/1010
f 1126/1126/1126 1008/1008/1008 1007/1007/1007
f 1127/1127/1127 1009/1009/1009 1008/1008/1008
f 1011/1011/1011 1009/1009/1009 1128/1128/1128
f 1010/1010/1010 1014/1014/1014 1130/1130/1130
f 1011/1011/1011 1131/1131/1131 1015/1015/1015
f 1012/1012/1012 1055/1055/1055 1132/1132/1132
f 1016/1016/1016 1015/1015/1015 1133/1133/1133
f 1134/1134/1134 1017/1017/1017 1016/1016/1016
f 1018/1018/1018 1017/1017/1017 1135/1135/1135
f 1018/1018/1018 1136/1136/1136 1073/1073/1073
f 1120/1120/1120 1004/1004/1004 1072/1072/1072
f 1074/1074/1074 1096/1096/1096 983/983/983
f 1019/1019/1019 1022/1022/1022 1137/1137/1137
f 1019/1019/1019 1137/1137/1137 1075/1075/1075
f 1021/1021/1021 1076/1076/1076 1139/1139/1139
f 1079/1079/1079 967/967/967 1077/1077/1077
f 1022/1022/1022 1079/1079/1079 1140/1140/1140
f 1021/1021/1021 1139/1139/1139 1023/1023/1023
f 1094/1094/1094 1077/1077/1077 981/981/981
f 1081/1081/1081 1080/1080/1080 968/968/968
f 1080/1080/1080 1083/1083/1083 970/970/970
f 1081/1081/1081 969/969/969 1082/1082/1082
f 1082/1082/1082 972/972/972 1085/1085/1085
f 1083/1083/1083 1084/1084/1084 971/971/971
f 1084/1084/1084 1087/1087/1087 973/973/973
f 1141/1141/1141 1085/1085/1085 1023/1023/1023
f 1089/1089/1089 975/975/975 1087/1087/1087
f 1088/1088/1088 1090/1090/1090 976/976/976
f 1090/1090/1090 1091/1091/1091 978/978/978
f 1092/1092/1092 979/979/979 1091/1091/1091
f 1093/1093/1093 980/980/980 1092/1092/1092
f 1099/1099/1099 986/986/986 1093/1093/1093
f 1094/1094/1094 1024/1024/1024 1142/1142/1142
f 1143/1143/1143 1025/1025/1025 1096/1096/1096
f 1144/1144/1144 1097/1097/1097 1026/1026/1026
f 1144/1144/1144 1026/1026/1026 1029/1029/1029
f 1145/1145/1145 1027/1027/1027 1028/1028/1028
f 1097/1097/1097 1146/1146/1146 1028/1028/1028
f 1030/1030/1030 1147/1147/1147 1029/1029/1029
f 1030/1030/1030 1031/1031/1031 1148/1148/1148
f 1145/1145/1145 1098/1098/1098 1027/1027/1027
f 1149/1149/1149 1031/1031/1031 1032/1032/1032
f 1150/1150/1150 1032/1032/1032 1036/1036/1036
f 1034/1034/1034 1151/1151/1151 1033/1033/1033
f 1034/1034/1034 1035/1035/1035 1152/1152/1152
f 1035/1035/1035 1098/1098/1098 1153/1153/1153
f 1036/1036/1036 1037/1037/1037 1154/1154/1154
f 1099/1099/1099 1155/1155/1155 1037/1037/1037
f 1103/1103/1103 1100/1100/1100 989/989/989
f 987/987/987 1100/1100/1100 1101/1101/1101
f 1102/1102/1102 988/988/988 1101/1101/1101
f 1104/1104/1104 1103/1103/1103 991/991/991
f 1104/1104/1104 1033/1033/1033 1151/1151/1151
f 1102/1102/1102 1113/1113/1113 999/999/999
f 1105/1105/1105 1107/1107/1107 993/993/993
f 1105/1105/1105 992/992/992 1106/1106/1106
f 997/997/997 1111/1111/1111 1106/1106/1106
f 1038/1038/1038 1108/1108/1108 1157/1157/1157
f 1038/1038/1038 1157/1157/1157 1109/1109/1109
f 1109/1109/1109 1110/1110/1110 995/995/995
f 1110/1110/1110 1158/1158/1158 998/998/998
f 1114/1114/1114 1111/1111/1111 1000/1000/1000
f 998/998/998 1158/1158/1158 1112/1112/1112
f 1040/1040/1040 1159/1159/1159 1039/1039/1039
f 1041/1041/1041 1039/1039/1039 1160/1160/1160
f 1161/1161/1161 1040/1040/1040 1043/1043/1043
f 1041/1041/1041 1162/1162/1162 1042/1042/1042
f 1163/1163/1163 1044/1044/1044 1042/1042/1042
f 1113/1113/1113 1164/1164/1164 1043/1043/1043
f 1114/1114/1114 1044/1044/1044 1165/1165/1165
f 1002/1002/1002 1116/1116/1116 1118/1118/1118
f 1053/1053/1053 1166/1166/1166 1045/1045/1045
f 1046/1046/1046 1045/1045/1045 1168/1168/1168
f 1169/1169/1169 1048/1048/1048 1046/1046/1046
f 1050/1050/1050 1049/1049/1049 1172/1172/1172
f 1052/1052/1052 1050/1050/1050 1174/1174/1174
f 1115/1115/1115 1051/1051/1051 1175/1175/1175
f 1176/1176/1176 1054/1054/1054 1112/1112/1112
f 1055/1055/1055 1117/1117/1117 1132/1132/1132
f 1177/1177/1177 1057/1057/1057 1059/1059/1059
f 1058/1058/1058 1057/1057/1057 1178/1178/1178
f 1058/1058/1058 1179/1179/1179 1060/1060/1060
f 1061/1061/1061 1180/1180/1180 1059/1059/1059
f 1060/1060/1060 1181/1181/1181 1062/1062/1062
f 1182/1182/1182 1061/1061/1061 1063/1063/1063
f 1119/1119/1119 1062/1062/1062 1183/1183/1183
f 1066/1066/1066 1184/1184/1184 1063/1063/1063
f 1119/1119/1119 1185/1185/1185 1064/1064/1064
f 1185/1185/1185 1065/1065/1065 1064/1064/1064
f 1186/1186/1186 1067/1067/1067 1065/1065/1065
f 1066/1066/1066 1069/1069/1069 1187/1187/1187
f 1071/1071/1071 1068/1068/1068 1189/1189/1189
f 1070/1070/1070 1190/1190/1190 1069/1069/1069
f 1122/1122/1122 1192/1192/1192 1070/1070/1070
f 1074/1074/1074 1071/1071/1071 1193/1193/1193
f 1126/1126/1126 1007/1007/1007 1123/1123/1123
f 1123/1123/1123 1006/1006/1006 1125/1125/1125
f 1125/1125/1125 1010/1010/1010 1130/1130/1130
f 1127/1127/1127 1008/1008/1008 1126/1126/1126
f 1127/1127/1127 1128/1128/1128 1009/1009/1009
f 1011/1011/1011 1128/1128/1128 1131/1131/1131
f 1012/1012/1012 1194/1194/1194 1129/1129/1129
f 1131/1131/1131 1133/1133/1133 1015/1015/1015
f 1012/1012/1012 1132/1132/1132 1194/1194/1194
f 1134/1134/1134 1016/1016/1016 1133/1133/1133
f 1134/1134/1134 1135/1135/1135 1017/1017/1017
f 1018/1018/1018 1135/1135/1135 1136/1136/1136
f 1136/1136/1136 1195/1195/1195 1073/1073/1073
f 1121/1121/1121 1073/1073/1073 1195/1195/1195
f 1074/1074/1074 1196/1196/1196 1096/1096/1096
f 1022/1022/1022 1140/1140/1140 1137/1137/1137
f 1138/1138/1138 1198/1198/1198 1076/1076/1076
f 1139/1139/1139 1076/1076/1076 1198/1198/1198
f 1199/1199/1199 1079/1079/1079 1077/1077/1077
f 1140/1140/1140 1079/1079/1079 1200/1200/1200
f 1141/1141/1141 1023/1023/1023 1139/1139/1139
f 1094/1094/1094 1199/1199/1199 1077/1077/1077
f 1081/1081/1081 1201/1201/1201 1080/1080/1080
f 1202/1202/1202 1083/1083/1083 1080/1080/1080
f 1081/1081/1081 1082/1082/1082 1203/1203/1203
f 1082/1082/1082 1085/1085/1085 1204/1204/1204
f 1205/1205/1205 1084/1084/1084 1083/1083/1083
f 1207/1207/1207 1087/1087/1087 1084/1084/1084
f 1141/1141/1141 1208/1208/1208 1085/1085/1085
f 1088/1088/1088 1086/1086/1086 1209/1209/1209
f 1088/1088/1088 1211/1211/1211 1090/1090/1090
f 1212/1212/1212 1091/1091/1091 1090/1090/1090
f 1092/1092/1092 1091/1091/1091 1213/1213/1213
f 1093/1093/1093 1092/1092/1092 1214/1214/1214
f 1099/1099/1099 1093/1093/1093 1215/1215/1215
f 1094/1094/1094 1142/1142/1142 1216/1216/1216
f 1143/1143/1143 1096/1096/1096 1218/1218/1218
f 1144/1144/1144 1219/1219/1219 1097/1097/1097
f 1144/1144/1144 1029/1029/1029 1147/1147/1147
f 1145/1145/1145 1028/1028/1028 1146/1146/1146
f 1097/1097/1097 1219/1219/1219 1146/1146/1146
f 1030/1030/1030 1148/1148/1148 1147/1147/1147
f 1149/1149/1149 1148/1148/1148 1031/1031/1031
f 1145/1145/1145 1220/1220/1220 1098/1098/1098
f 1150/1150/1150 1149/1149/1149 1032/1032/1032
f 1150/1150/1150 1036/1036/1036 1154/1154/1154
f 1034/1034/1034 1152/1152/1152 1151/1151/1151
f 1035/1035/1035 1153/1153/1153 1152/1152/1152
f 1220/1220/1220 1153/1153/1153 1098/1098/1098
f 1155/1155/1155 1154/1154/1154 1037/1037/1037
f 1099/1099/1099 1221/1221/1221 1155/1155/1155
f 1103/1103/1103 1222/1222/1222 1100/1100/1100
f 1223/1223/1223 1101/1101/1101 1100/1100/1100
f 1102/1102/1102 1101/1101/1101 1224/1224/1224
f 1104/1104/1104 1225/1225/1225 1103/1103/1103
f 1226/1226/1226 1104/1104/1104 1151/1151/1151
f 1102/1102/1102 1224/1224/1224 1113/1113/1113
f 1105/1105/1105 1227/1227/1227 1107/1107/1107
f 1105/1105/1105 1106/1106/1106 1228/1228/1228
f 1229/1229/1229 1106/1106/1106 1111/1111/1111
f 1107/1107/1107 1227/1227/1227 1156/1156/1156
f 1157/1157/1157 1230/1230/1230 1109/1109/1109
f 1109/1109/1109 1231/1231/1231 1110/1110/1110
f 1110/1110/1110 1231/1231/1231 1158/1158/1158
f 1114/1114/1114 1232/1232/1232 1111/1111/1111
f 1112/1112/1112 1158/1158/1158 1233/1233/1233
f 1161/1161/1161 1159/1159/1159 1040/1040/1040
f 1039/1039/1039 1159/1159/1159 1160/1160/1160
f 1041/1041/1041 1160/1160/1160 1162/1162/1162
f 1161/1161/1161 1043/1043/1043 1164/1164/1164
f 1163/1163/1163 1042/1042/1042 1162/1162/1162
f 1165/1165/1165 1044/1044/1044 1163/1163/1163
f 1113/1113/1113 1234/1234/1234 1164/1164/1164
f 1235/1235/1235 1114/1114/1114 1165/1165/1165
f 1115/1115/1115 1236/1236/1236 1117/1117/1117
f 1176/1176/1176 1167/1167/1167 1054/1054/1054
f 1166/1166/1166 1168/1168/1168 1045/1045/1045
f 1169/1169/1169 1046/1046/1046 1168/1168/1168
f 1170/1170/1170 1172/1172/1172 1049/1049/1049
f 1174/1174/1174 1050/1050/1050 1172/1172/1172
f 1051/1051/1051 1173/1173/1173 1237/1237/1237
f 1175/1175/1175 1051/1051/1051 1237/1237/1237
f 1115/1115/1115 1175/1175/1175 1236/1236/1236
f 1176/1176/1176 1112/1112/1112 1233/1233/1233
f 1132/1132/1132 1117/1117/1117 1238/1238/1238
f 1177/1177/1177 1178/1178/1178 1057/1057/1057
f 1180/1180/1180 1177/1177/1177 1059/1059/1059
f 1058/1058/1058 1178/1178/1178 1179/1179/1179
f 1179/1179/1179 1181/1181/1181 1060/1060/1060
f 1182/1182/1182 1180/1180/1180 1061/1061/1061
f 1181/1181/1181 1183/1183/1183 1062/1062/1062
f 1182/1182/1182 1063/1063/1063 1184/1184/1184
f 1239/1239/1239 1119/1119/1119 1183/1183/1183
f 1066/1066/1066 1187/1187/1187 1184/1184/1184
f 1239/1239/1239 1185/1185/1185 1119/1119/1119
f 1185/1185/1185 1186/1186/1186 1065/1065/1065
f 1186/1186/1186 1188/1188/1188 1067/1067/1067
f 1187/1187/1187 1069/1069/1069 1190/1190/1190
f 1071/1071/1071 1189/1189/1189 1193/1193/1193
f 1192/1192/1192 1190/1190/1190 1070/1070/1070
f 1122/1122/1122 1241/1241/1241 1192/1192/1192
f 1074/1074/1074 1193/1193/1193 1196/1196/1196
f 1242/1242/1242 1126/1126/1126 1123/1123/1123
f 1123/1123/1123 1125/1125/1125 1244/1244/1244
f 1124/1124/1124 1129/1129/1129 1245/1245/1245
f 1127/1127/1127 1126/1126/1126 1246/1246/1246
f 1127/1127/1127 1247/1247/1247 1128/1128/1128
f 1131/1131/1131 1128/1128/1128 1248/1248/1248
f 1249/1249/1249 1129/1129/1129 1194/1194/1194
f 1131/1131/1131 1250/1250/1250 1133/1133/1133
f 1194/1194/1194 1132/1132/1132 1251/1251/1251
f 1134/1134/1134 1133/1133/1133 1252/1252/1252
f 1134/1134/1134 1253/1253/1253 1135/1135/1135
f 1136/1136/1136 1135/1135/1135 1254/1254/1254
f 1136/1136/1136 1255/1255/1255 1195/1195/1195
f 1121/1121/1121 1195/1195/1195 1240/1240/1240
f 1096/1096/1096 1196/1196/1196 1218/1218/1218
f 1140/1140/1140 1256/1256/1256 1137/1137/1137
f 1137/1137/1137 1256/1256/1256 1197/1197/1197
f 1258/1258/1258 1139/1139/1139 1198/1198/1198
f 1199/1199/1199 1200/1200/1200 1079/1079/1079
f 1259/1259/1259 1140/1140/1140 1200/1200/1200
f 1141/1141/1141 1139/1139/1139 1258/1258/1258
f 1094/1094/1094 1216/1216/1216 1199/1199/1199
f 1081/1081/1081 1203/1203/1203 1201/1201/1201
f 1202/1202/1202 1080/1080/1080 1201/1201/1201
f 1205/1205/1205 1083/1083/1083 1202/1202/1202
f 1082/1082/1082 1204/1204/1204 1203/1203/1203
f 1204/1204/1204 1085/1085/1085 1208/1208/1208
f 1205/1205/1205 1207/1207/1207 1084/1084/1084
f 1207/1207/1207 1210/1210/1210 1087/1087/1087
f 1141/1141/1141 1260/1260/1260 1208/1208/1208
f 1088/1088/1088 1209/1209/1209 1211/1211/1211
f 1212/1212/1212 1090/1090/1090 1211/1211/1211
f 1212/1212/1212 1213/1213/1213 1091/1091/1091
f 1214/1214/1214 1092/1092/1092 1213/1213/1213
f 1093/1093/1093 1214/1214/1214 1215/1215/1215
f 1099/1099/1099 1215/1215/1215 1221/1221/1221
f 1216/1216/1216 1142/1142/1142 1261/1261/1261
f 1261/1261/1261 1142/1142/1142 1217/1217/1217
f 1144/1144/1144 1262/1262/1262 1219/1219/1219
f 1144/1144/1144 1147/1147/1147 1262/1262/1262
f 1263/1263/1263 1145/1145/1145 1146/1146/1146
f 1264/1264/1264 1146/1146/1146 1219/1219/1219
f 1265/1265/1265 1147/1147/1147 1148/1148/1148
f 1266/1266/1266 1148/1148/1148 1149/1149/1149
f 1263/1263/1263 1220/1220/1220 1145/1145/1145
f 1267/1267/1267 1149/1149/1149 1150/1150/1150
f 1150/1150/1150 1154/1154/1154 1268/1268/1268
f 1152/1152/1152 1269/1269/1269 1151/1151/1151
f 1152/1152/1152 1153/1153/1153 1270/1270/1270
f 1220/1220/1220 1271/1271/1271 1153/1153/1153
f 1155/1155/1155 1272/1272/1272 1154/1154/1154
f 1155/1155/1155 1221/1221/1221 1273/1273/1273
f 1225/1225/1225 1222/1222/1222 1103/1103/1103
f 1223/1223/1223 1100/1100/1100 1222/1222/1222
f 1224/1224/1224 1101/1101/1101 1223/1223/1223
f 1226/1226/1226 1225/1225/1225 1104/1104/1104
f 1226/1226/1226 1151/1151/1151 1269/1269/1269
f 1224/1224/1224 1234/1234/1234 1113/1113/1113
f 1105/1105/1105 1274/1274/1274 1227/1227/1227
f 1229/1229/1229 1228/1228/1228 1106/1106/1106
f 1105/1105/1105 1228/1228/1228 1274/1274/1274
f 1229/1229/1229 1111/1111/1111 1232/1232/1232
f 1275/1275/1275 1156/1156/1156 1227/1227/1227
f 1157/1157/1157 1277/1277/1277 1230/1230/1230
f 1109/1109/1109 1230/1230/1230 1231/1231/1231
f 1231/1231/1231 1278/1278/1278 1158/1158/1158
f 1235/1235/1235 1232/1232/1232 1114/1114/1114
f 1278/1278/1278 1233/1233/1233 1158/1158/1158
f 1279/1279/1279 1159/1159/1159 1161/1161/1161
f 1280/1280/1280 1160/1160/1160 1159/1159/1159
f 1281/1281/1281 1162/1162/1162 1160/1160/1160
f 1282/1282/1282 1161/1161/1161 1164/1164/1164
f 1163/1163/1163 1162/1162/1162 1283/1283/1283
f 1284/1284/1284 1165/1165/1165 1163/1163/1163
f 1285/1285/1285 1164/1164/1164 1234/1234/1234
f 1286/1286/1286 1235/1235/1235 1165/1165/1165
f 1236/1236/1236 1238/1238/1238 1117/1117/1117
f 1176/1176/1176 1288/1288/1288 1167/1167/1167
f 1166/1166/1166 1289/1289/1289 1168/1168/1168
f 1169/1169/1169 1168/1168/1168 1290/1290/1290
f 1291/1291/1291 1171/1171/1171 1169/1169/1169
f 1174/1174/1174 1172/1172/1172 1294/1294/1294
f 1237/1237/1237 1173/1173/1173 1295/1295/1295
f 1175/1175/1175 1237/1237/1237 1229/1229/1229
f 1236/1236/1236 1175/1175/1175 1232/1232/1232
f 1176/1176/1176 1233/1233/1233 1296/1296/1296
f 1251/1251/1251 1132/1132/1132 1238/1238/1238
f 1177/1177/1177 1297/1297/1297 1178/1178/1178
f 1180/1180/1180 1298/1298/1298 1177/1177/1177
f 1178/1178/1178 1299/1299/1299 1179/1179/1179
f 1179/1179/1179 1300/1300/1300 1181/1181/1181
f 1182/1182/1182 1301/1301/1301 1180/1180/1180
f 1181/1181/1181 1302/1302/1302 1183/1183/1183
f 1182/1182/1182 1184/1184/1184 1303/1303/1303
f 1239/1239/1239 1183/1183/1183 1304/1304/1304
f 1187/1187/1187 1305/1305/1305 1184/1184/1184
f 1306/1306/1306 1185/1185/1185 1239/1239/1239
f 1306/1306/1306 1186/1186/1186 1185/1185/1185
f 1307/1307/1307 1188/1188/1188 1186/1186/1186
f 1308/1308/1308 1187/1187/1187 1190/1190/1190
f 1310/1310/1310 1193/1193/1193 1189/1189/1189
f 1192/1192/1192 1311/1311/1311 1190/1190/1190
f 1312/1312/1312 1191/1191/1191 1240/1240/1240
f 1314/1314/1314 1196/1196/1196 1193/1193/1193
f 1242/1242/1242 1246/1246/1246 1126/1126/1126
f 1242/1242/1242 1123/1123/1123 1244/1244/1244
f 1243/1243/1243 1124/1124/1124 1245/1245/1245
f 1245/1245/1245 1129/1129/1129 1249/1249/1249
f 1127/1127/1127 1246/1246/1246 1247/1247/1247
f 1247/1247/1247 1248/1248/1248 1128/1128/1128
f 1131/1131/1131 1248/1248/1248 1250/1250/1250
f 1315/1315/1315 1249/1249/1249 1194/1194/1194
f 1252/1252/1252 1133/1133/1133 1250/1250/1250
f 1315/1315/1315 1194/1194/1194 1251/1251/1251
f 1134/1134/1134 1252/1252/1252 1253/1253/1253
f 1135/1135/1135 1253/1253/1253 1254/1254/1254
f 1136/1136/1136 1254/1254/1254 1255/1255/1255
f 1195/1195/1195 1255/1255/1255 1316/1316/1316
f 1195/1195/1195 1316/1316/1316 1240/1240/1240
f 1317/1317/1317 1218/1218/1218 1196/1196/1196
f 1259/1259/1259 1256/1256/1256 1140/1140/1140
f 1319/1319/1319 1198/1198/1198 1257/1257/1257
f 1258/1258/1258 1198/1198/1198 1319/1319/1319
f 1199/1199/1199 1320/1320/1320 1200/1200/1200
f 1321/1321/1321 1259/1259/1259 1200/1200/1200
f 1141/1141/1141 1258/1258/1258 1260/1260/1260
f 1216/1216/1216 1320/1320/1320 1199/1199/1199
f 1201/1201/1201 1203/1203/1203 1322/1322/1322
f 1202/1202/1202 1201/1201/1201 1323/1323/1323
f 1205/1205/1205 1202/1202/1202 1324/1324/1324
f 1204/1204/1204 1325/1325/1325 1203/1203/1203
f 1204/1204/1204 1208/1208/1208 1326/1326/1326
f 1205/1205/1205 1327/1327/1327 1207/1207/1207
f 1328/1328/1328 1209/1209/1209 1206/1206/1206
f 1208/1208/1208 1260/1260/1260 1330/1330/1330
f 1211/1211/1211 1209/1209/1209 1331/1331/1331
f 1212/1212/1212 1211/1211/1211 1332/1332/1332
f 1212/1212/1212 1333/1333/1333 1213/1213/1213
f 1214/1214/1214 1213/1213/1213 1334/1334/1334
f 1214/1214/1214 1335/1335/1335 1215/1215/1215
f 1221/1221/1221 1215/1215/1215 1336/1336/1336
f 1216/1216/1216 1261/1261/1261 1337/1337/1337
f 1261/1261/1261 1217/1217/1217 1338/1338/1338
f 1219/1219/1219 1262/1262/1262 1340/1340/1340
f 1265/1265/1265 1262/1262/1262 1147/1147/1147
f 1263/1263/1263 1146/1146/1146 1264/1264/1264
f 1264/1264/1264 1219/1219/1219 1340/1340/1340
f 1265/1265/1265 1148/1148/1148 1266/1266/1266
f 1267/1267/1267 1266/1266/1266 1149/1149/1149
f 1263/1263/1263 1341/1341/1341 1220/1220/1220
f 1267/1267/1267 1150/1150/1150 1268/1268/1268
f 1154/1154/1154 1272/1272/1272 1268/1268/1268
f 1152/1152/1152 1270/1270/1270 1269/1269/1269
f 1271/1271/1271 1270/1270/1270 1153/1153/1153
f 1341/1341/1341 1271/1271/1271 1220/1220/1220
f 1155/1155/1155 1273/1273/1273 1272/1272/1272
f 1273/1273/1273 1221/1221/1221 1342/1342/1342
f 1343/1343/1343 1222/1222/1222 1225/1225/1225
f 1344/1344/1344 1223/1223/1223 1222/1222/1222
f 1224/1224/1224 1223/1223/1223 1345/1345/1345
f 1226/1226/1226 1346/1346/1346 1225/1225/1225
f 1226/1226/1226 1269/1269/1269 1347/1347/1347
f 1224/1224/1224 1345/1345/1345 1234/1234/1234
f 1348/1348/1348 1227/1227/1227 1274/1274/1274
f 1237/1237/1237 1228/1228/1228 1229/1229/1229
f 1295/1295/1295 1274/1274/1274 1228/1228/1228
f 1175/1175/1175 1229/1229/1229 1232/1232/1232
f 1276/1276/1276 1277/1277/1277 1157/1157/1157
f 1348/1348/1348 1275/1275/1275 1227/1227/1227
f 1277/1277/1277 1349/1349/1349 1230/1230/1230
f 1230/1230/1230 1350/1350/1350 1231/1231/1231
f 1350/1350/1350 1278/1278/1278 1231/1231/1231
f 1236/1236/1236 1232/1232/1232 1235/1235/1235
f 1278/1278/1278 1351/1351/1351 1233/1233/1233
f 1280/1280/1280 1159/1159/1159 1279/1279/1279
f 1282/1282/1282 1279/1279/1279 1161/1161/1161
f 1280/1280/1280 1281/1281/1281 1160/1160/1160
f 1283/1283/1283 1162/1162/1162 1281/1281/1281
f 1282/1282/1282 1164/1164/1164 1285/1285/1285
f 1284/1284/1284 1163/1163/1163 1283/1283/1283
f 1286/1286/1286 1165/1165/1165 1284/1284/1284
f 1352/1352/1352 1285/1285/1285 1234/1234/1234
f 1286/1286/1286 1238/1238/1238 1235/1235/1235
f 1236/1236/1236 1235/1235/1235 1238/1238/1238
f 1176/1176/1176 1296/1296/1296 1288/1288/1288
f 1166/1166/1166 1287/1287/1287 1289/1289/1289
f 1289/1289/1289 1290/1290/1290 1168/1168/1168
f 1291/1291/1291 1169/1169/1169 1290/1290/1290
f 1292/1292/1292 1294/1294/1294 1172/1172/1172
f 1173/1173/1173 1293/1293/1293 1295/1295/1295
f 1237/1237/1237 1295/1295/1295 1228/1228/1228
f 1296/1296/1296 1233/1233/1233 1351/1351/1351
f 1251/1251/1251 1238/1238/1238 1286/1286/1286
f 1177/1177/1177 1298/1298/1298 1297/1297/1297
f 1178/1178/1178 1297/1297/1297 1299/1299/1299
f 1301/1301/1301 1298/1298/1298 1180/1180/1180
f 1179/1179/1179 1299/1299/1299 1300/1300/1300
f 1181/1181/1181 1300/1300/1300 1302/1302/1302
f 1182/1182/1182 1303/1303/1303 1301/1301/1301
f 1304/1304/1304 1183/1183/1183 1302/1302/1302
f 1303/1303/1303 1184/1184/1184 1305/1305/1305
f 1353/1353/1353 1239/1239/1239 1304/1304/1304
f 1308/1308/1308 1305/1305/1305 1187/1187/1187
f 1306/1306/1306 1239/1239/1239 1353/1353/1353
f 1307/1307/1307 1186/1186/1186 1306/1306/1306
f 1307/1307/1307 1309/1309/1309 1188/1188/1188
f 1311/1311/1311 1308/1308/1308 1190/1190/1190
f 1314/1314/1314 1193/1193/1193 1310/1310/1310
f 1313/1313/1313 1311/1311/1311 1192/1192/1192
f 1312/1312/1312 1240/1240/1240 1354/1354/1354
f 1314/1314/1314 1317/1317/1317 1196/1196/1196
f 1242/1242/1242 1356/1356/1356 1246/1246/1246
f 1242/1242/1242 1244/1244/1244 1358/1358/1358
f 1359/1359/1359 1243/1243/1243 1245/1245/1245
f 1360/1360/1360 1245/1245/1245 1249/1249/1249
f 1247/1247/1247 1246/1246/1246 1361/1361/1361
f 1247/1247/1247 1362/1362/1362 1248/1248/1248
f 1248/1248/1248 1363/1363/1363 1250/1250/1250
f 1364/1364/1364 1249/1249/1249 1315/1315/1315
f 1252/1252/1252 1250/1250/1250 1365/1365/1365
f 1366/1366/1366 1315/1315/1315 1251/1251/1251
f 1367/1367/1367 1253/1253/1253 1252/1252/1252
f 1254/1254/1254 1253/1253/1253 1368/1368/1368
f 1255/1255/1255 1254/1254/1254 1369/1369/1369
f 1316/1316/1316 1255/1255/1255 1370/1370/1370
f 1316/1316/1316 1354/1354/1354 1240/1240/1240
f 1339/1339/1339 1218/1218/1218 1317/1317/1317
f 1259/1259/1259 1371/1371/1371 1256/1256/1256
f 1318/1318/1318 1256/1256/1256 1371/1371/1371
f 1258/1258/1258 1319/1319/1319 1373/1373/1373
f 1321/1321/1321 1200/1200/1200 1320/1320/1320
f 1321/1321/1321 1375/1375/1375 1259/1259/1259
f 1258/1258/1258 1373/1373/1373 1260/1260/1260
f 1216/1216/1216 1337/1337/1337 1320/1320/1320
f 1203/1203/1203 1325/1325/1325 1322/1322/1322
f 1201/1201/1201 1322/1322/1322 1323/1323/1323
f 1202/1202/1202 1323/1323/1323 1324/1324/1324
f 1205/1205/1205 1324/1324/1324 1327/1327/1327
f 1204/1204/1204 1326/1326/1326 1325/1325/1325
f 1326/1326/1326 1208/1208/1208 1330/1330/1330
f 1329/1329/1329 1207/1207/1207 1327/1327/1327
f 1328/1328/1328 1331/1331/1331 1209/1209/1209
f 1376/1376/1376 1330/1330/1330 1260/1260/1260
f 1211/1211/1211 1331/1331/1331 1332/1332/1332
f 1212/1212/1212 1332/1332/1332 1333/1333/1333
f 1333/1333/1333 1334/1334/1334 1213/1213/1213
f 1214/1214/1214 1334/1334/1334 1335/1335/1335
f 1336/1336/1336 1215/1215/1215 1335/1335/1335
f 1221/1221/1221 1336/1336/1336 1342/1342/1342
f 1377/1377/1377 1337/1337/1337 1261/1261/1261
f 1377/1377/1377 1261/1261/1261 1338/1338/1338
f 1378/1378/1378 1340/1340/1340 1262/1262/1262
f 1265/1265/1265 1378/1378/1378 1262/1262/1262
f 1263/1263/1263 1264/1264/1264 1379/1379/1379
f 1380/1380/1380 1264/1264/1264 1340/1340/1340
f 1381/1381/1381 1265/1265/1265 1266/1266/1266
f 1381/1381/1381 1266/1266/1266 1267/1267/1267
f 1263/1263/1263 1379/1379/1379 1341/1341/1341
f 1382/1382/1382 1267/1267/1267 1268/1268/1268
f 1383/1383/1383 1268/1268/1268 1272/1272/1272
f 1384/1384/1384 1269/1269/1269 1270/1270/1270
f 1385/1385/1385 1270/1270/1270 1271/1271/1271
f 1386/1386/1386 1271/1271/1271 1341/1341/1341
f 1273/1273/1273 1387/1387/1387 1272/1272/1272
f 1273/1273/1273 1342/1342/1342 1388/1388/1388
f 1343/1343/1343 1344/1344/1344 1222/1222/1222
f 1343/1343/1343 1225/1225/1225 1346/1346/1346
f 1344/1344/1344 1345/1345/1345 1223/1223/1223
f 1226/1226/1226 1347/1347/1347 1346/1346/1346
f 1384/1384/1384 1347/1347/1347 1269/1269/1269
f 1352/1352/1352 1234/1234/1234 1345/1345/1345
f 1348/1348/1348 1274/1274/1274 1389/1389/1389
f 1295/1295/1295 1389/1389/1389 1274/1274/1274
f 1276/1276/1276 1391/1391/1391 1277/1277/1277
f 1348/1348/1348 1392/1392/1392 1275/1275/1275
f 1393/1393/1393 1349/1349/1349 1277/1277/1277
f 1349/1349/1349 1350/1350/1350 1230/1230/1230
f 1394/1394/1394 1278/1278/1278 1350/1350/1350
f 1394/1394/1394 1351/1351/1351 1278/1278/1278
f 1395/1395/1395 1280/1280/1280 1279/1279/1279
f 1282/1282/1282 1396/1396/1396 1279/1279/1279
f 1280/1280/1280 1397/1397/1397 1281/1281/1281
f 1398/1398/1398 1283/1283/1283 1281/1281/1281
f 1282/1282/1282 1285/1285/1285 1399/1399/1399
f 1400/1400/1400 1284/1284/1284 1283/1283/1283
f 1401/1401/1401 1286/1286/1286 1284/1284/1284
f 1352/1352/1352 1402/1402/1402 1285/1285/1285
f 1404/1404/1404 1288/1288/1288 1296/1296/1296
f 1289/1289/1289 1287/1287/1287 1405/1405/1405
f 1289/1289/1289 1407/1407/1407 1290/1290/1290
f 1408/1408/1408 1291/1291/1291 1290/1290/1290
f 1292/1292/1292 1411/1411/1411 1294/1294/1294
f 1295/1295/1295 1293/1293/1293 1389/1389/1389
f 1412/1412/1412 1296/1296/1296 1351/1351/1351
f 1401/1401/1401 1251/1251/1251 1286/1286/1286
f 1413/1413/1413 1297/1297/1297 1298/1298/1298
f 1297/1297/1297 1414/1414/1414 1299/1299/1299
f 1301/1301/1301 1415/1415/1415 1298/1298/1298
f 1299/1299/1299 1416/1416/1416 1300/1300/1300
f 1416/1416/1416 1302/1302/1302 1300/1300/1300
f 1303/1303/1303 1417/1417/1417 1301/1301/1301
f 1304/1304/1304 1302/1302/1302 1418/1418/1418
f 1303/1303/1303 1305/1305/1305 1419/1419/1419
f 1353/1353/1353 1304/1304/1304 1420/1420/1420
f 1308/1308/1308 1421/1421/1421 1305/1305/1305
f 1422/1422/1422 1306/1306/1306 1353/1353/1353
f 1422/1422/1422 1307/1307/1307 1306/1306/1306
f 1307/1307/1307 1423/1423/1423 1309/1309/1309
f 1311/1311/1311 1424/1424/1424 1308/1308/1308
f 1426/1426/1426 1314/1314/1314 1310/1310/1310
f 1313/1313/1313 1428/1428/1428 1311/1311/1311
f 1312/1312/1312 1354/1354/1354 1429/1429/1429
f 1314/1314/1314 1430/1430/1430 1317/1317/1317
f 1242/1242/1242 1358/1358/1358 1356/1356/1356
f 1246/1246/1246 1356/1356/1356 1361/1361/1361
f 1359/1359/1359 1357/1357/1357 1243/1243/1243
f 1360/1360/1360 1359/1359/1359 1245/1245/1245
f 1364/1364/1364 1360/1360/1360 1249/1249/1249
f 1247/1247/1247 1361/1361/1361 1362/1362/1362
f 1248/1248/1248 1362/1362/1362 1363/1363/1363
f 1363/1363/1363 1365/1365/1365 1250/1250/1250
f 1364/1364/1364 1315/1315/1315 1431/1431/1431
f 1367/1367/1367 1252/1252/1252 1365/1365/1365
f 1315/1315/1315 1366/1366/1366 1431/1431/1431
f 1251/1251/1251 1401/1401/1401 1366/1366/1366
f 1367/1367/1367 1368/1368/1368 1253/1253/1253
f 1254/1254/1254 1368/1368/1368 1369/1369/1369
f 1255/1255/1255 1369/1369/1369 1370/1370/1370
f 1316/1316/1316 1370/1370/1370 1432/1432/1432
f 1316/1316/1316 1432/1432/1432 1354/1354/1354
f 1339/1339/1339 1317/1317/1317 1434/1434/1434
f 1259/1259/1259 1375/1375/1375 1371/1371/1371
f 1436/1436/1436 1319/1319/1319 1372/1372/1372
f 1436/1436/1436 1373/1373/1373 1319/1319/1319
f 1321/1321/1321 1320/1320/1320 1437/1437/1437
f 1321/1321/1321 1439/1439/1439 1375/1375/1375
f 1373/1373/1373 1376/1376/1376 1260/1260/1260
f 1320/1320/1320 1337/1337/1337 1437/1437/1437
f 1440/1440/1440 1322/1322/1322 1325/1325/1325
f 1323/1323/1323 1322/1322/1322 1441/1441/1441
f 1442/1442/1442 1324/1324/1324 1323/1323/1323
f 1327/1327/1327 1324/1324/1324 1444/1444/1444
f 1445/1445/1445 1325/1325/1325 1326/1326/1326
f 1446/1446/1446 1326/1326/1326 1330/1330/1330
f 1329/1329/1329 1327/1327/1327 1448/1448/1448
f 1328/1328/1328 1449/1449/1449 1331/1331/1331
f 1450/1450/1450 1330/1330/1330 1376/1376/1376
f 1331/1331/1331 1451/1451/1451 1332/1332/1332
f 1333/1333/1333 1332/1332/1332 1452/1452/1452
f 1333/1333/1333 1453/1453/1453 1334/1334/1334
f 1335/1335/1335 1334/1334/1334 1454/1454/1454
f 1336/1336/1336 1335/1335/1335 1455/1455/1455
f 1336/1336/1336 1456/1456/1456 1342/1342/1342
f 1377/1377/1377 1458/1458/1458 1337/1337/1337
f 1459/1459/1459 1377/1377/1377 1338/1338/1338
f 1460/1460/1460 1340/1340/1340 1378/1378/1378
f 1265/1265/1265 1461/1461/1461 1378/1378/1378
f 1380/1380/1380 1379/1379/1379 1264/1264/1264
f 1380/1380/1380 1340/1340/1340 1460/1460/1460
f 1381/1381/1381 1461/1461/1461 1265/1265/1265
f 1382/1382/1382 1381/1381/1381 1267/1267/1267
f 1462/1462/1462 1341/1341/1341 1379/1379/1379
f 1382/1382/1382 1268/1268/1268 1383/1383/1383
f 1383/1383/1383 1272/1272/1272 1387/1387/1387
f 1385/1385/1385 1384/1384/1384 1270/1270/1270
f 1386/1386/1386 1385/1385/1385 1271/1271/1271
f 1462/1462/1462 1386/1386/1386 1341/1341/1341
f 1273/1273/1273 1388/1388/1388 1387/1387/1387
f 1388/1388/1388 1342/1342/1342 1463/1463/1463
f 1343/1343/1343 1464/1464/1464 1344/1344/1344
f 1343/1343/1343 1346/1346/1346 1465/1465/1465
f 1466/1466/1466 1345/1345/1345 1344/1344/1344
f 1346/1346/1346 1347/1347/1347 1467/1467/1467
f 1384/1384/1384 1468/1468/1468 1347/1347/1347
f 1466/1466/1466 1352/1352/1352 1345/1345/1345
f 1348/1348/1348 1389/1389/1389 1469/1469/1469
f 1275/1275/1275 1392/1392/1392 1390/1390/1390
f 1393/1393/1393 1277/1277/1277 1391/1391/1391
f 1348/1348/1348 1469/1469/1469 1392/1392/1392
f 1393/1393/1393 1470/1470/1470 1349/1349/1349
f 1349/1349/1349 1471/1471/1471 1350/1350/1350
f 1394/1394/1394 1350/1350/1350 1471/1471/1471
f 1472/1472/1472 1351/1351/1351 1394/1394/1394
f 1395/1395/1395 1397/1397/1397 1280/1280/1280
f 1396/1396/1396 1395/1395/1395 1279/1279/1279
f 1282/1282/1282 1399/1399/1399 1396/1396/1396
f 1398/1398/1398 1281/1281/1281 1397/1397/1397
f 1398/1398/1398 1400/1400/1400 1283/1283/1283
f 1399/1399/1399 1285/1285/1285 1402/1402/1402
f 1400/1400/1400 1401/1401/1401 1284/1284/1284
f 1473/1473/1473 1402/1402/1402 1352/1352/1352
f 1406/1406/1406 1288/1288/1288 1404/1404/1404
f 1404/1404/1404 1296/1296/1296 1412/1412/1412
f 1289/1289/1289 1405/1405/1405 1407/1407/1407
f 1408/1408/1408 1290/1290/1290 1407/1407/1407
f 1408/1408/1408 1410/1410/1410 1291/1291/1291
f 1389/1389/1389 1293/1293/1293 1409/1409/1409
f 1472/1472/1472 1412/1412/1412 1351/1351/1351
f 1413/1413/1413 1414/1414/1414 1297/1297/1297
f 1413/1413/1413 1298/1298/1298 1415/1415/1415
f 1299/1299/1299 1414/1414/1414 1416/1416/1416
f 1417/1417/1417 1415/1415/1415 1301/1301/1301
f 1416/1416/1416 1418/1418/1418 1302/1302/1302
f 1303/1303/1303 1419/1419/1419 1417/1417/1417
f 1420/1420/1420 1304/1304/1304 1418/1418/1418
f 1419/1419/1419 1305/1305/1305 1421/1421/1421
f 1474/1474/1474 1353/1353/1353 1420/1420/1420
f 1308/1308/1308 1424/1424/1424 1421/1421/1421
f 1474/1474/1474 1422/1422/1422 1353/1353/1353
f 1422/1422/1422 1423/1423/1423 1307/1307/1307
f 1425/1425/1425 1309/1309/1309 1423/1423/1423
f 1311/1311/1311 1428/1428/1428 1424/1424/1424
f 1426/1426/1426 1430/1430/1430 1314/1314/1314
f 1312/1312/1312 1429/1429/1429 1427/1427/1427
f 1354/1354/1354 1475/1475/1475 1429/1429/1429
f 1434/1434/1434 1317/1317/1317 1430/1430/1430
f 1357/1357/1357 1476/1476/1476 1355/1355/1355
f 1356/1356/1356 1479/1479/1479 1361/1361/1361
f 1359/1359/1359 1480/1480/1480 1357/1357/1357
f 1481/1481/1481 1359/1359/1359 1360/1360/1360
f 1364/1364/1364 1482/1482/1482 1360/1360/1360
f 1483/1483/1483 1362/1362/1362 1361/1361/1361
f 1484/1484/1484 1363/1363/1363 1362/1362/1362
f 1485/1485/1485 1365/1365/1365 1363/1363/1363
f 1486/1486/1486 1364/1364/1364 1431/1431/1431
f 1367/1367/1367 1365/1365/1365 1487/1487/1487
f 1488/1488/1488 1431/1431/1431 1366/1366/1366
f 1488/1488/1488 1366/1366/1366 1401/1401/1401
f 1367/1367/1367 1489/1489/1489 1368/1368/1368
f 1369/1369/1369 1368/1368/1368 1490/1490/1490
f 1369/1369/1369 1491/1491/1491 1370/1370/1370
f 1432/1432/1432 1370/1370/1370 1492/1492/1492
f 1354/1354/1354 1432/1432/1432 1475/1475/1475
f 1459/1459/1459 1338/1338/1338 1433/1433/1433
f 1494/1494/1494 1371/1371/1371 1375/1375/1375
f 1435/1435/1435 1371/1371/1371 1494/1494/1494
f 1436/1436/1436 1496/1496/1496 1373/1373/1373
f 1321/1321/1321 1437/1437/1437 1439/1439/1439
f 1438/1438/1438 1497/1497/1497 1374/1374/1374
f 1373/1373/1373 1496/1496/1496 1376/1376/1376
f 1458/1458/1458 1437/1437/1437 1337/1337/1337
f 1440/1440/1440 1441/1441/1441 1322/1322/1322
f 1440/1440/1440 1325/1325/1325 1445/1445/1445
f 1442/1442/1442 1323/1323/1323 1441/1441/1441
f 1442/1442/1442 1444/1444/1444 1324/1324/1324
f 1327/1327/1327 1444/1444/1444 1448/1448/1448
f 1446/1446/1446 1445/1445/1445 1326/1326/1326
f 1450/1450/1450 1446/1446/1446 1330/1330/1330
f 1328/1328/1328 1447/1447/1447 1449/1449/1449
f 1449/1449/1449 1451/1451/1451 1331/1331/1331
f 1450/1450/1450 1376/1376/1376 1498/1498/1498
f 1452/1452/1452 1332/1332/1332 1451/1451/1451
f 1333/1333/1333 1452/1452/1452 1453/1453/1453
f 1334/1334/1334 1453/1453/1453 1454/1454/1454
f 1335/1335/1335 1454/1454/1454 1455/1455/1455
f 1336/1336/1336 1455/1455/1455 1456/1456/1456
f 1342/1342/1342 1456/1456/1456 1463/1463/1463
f 1377/1377/1377 1500/1500/1500 1458/1458/1458
f 1459/1459/1459 1500/1500/1500 1377/1377/1377
f 1460/1460/1460 1378/1378/1378 1501/1501/1501
f 1378/1378/1378 1461/1461/1461 1501/1501/1501
f 1380/1380/1380 1502/1502/1502 1379/1379/1379
f 1380/1380/1380 1460/1460/1460 1503/1503/1503
f 1381/1381/1381 1504/1504/1504 1461/1461/1461
f 1382/1382/1382 1504/1504/1504 1381/1381/1381
f 1462/1462/1462 1379/1379/1379 1502/1502/1502
f 1505/1505/1505 1382/1382/1382 1383/1383/1383
f 1506/1506/1506 1383/1383/1383 1387/1387/1387
f 1385/1385/1385 1507/1507/1507 1384/1384/1384
f 1386/1386/1386 1508/1508/1508 1385/1385/1385
f 1462/1462/1462 1509/1509/1509 1386/1386/1386
f 1387/1387/1387 1388/1388/1388 1510/1510/1510
f 1511/1511/1511 1388/1388/1388 1463/1463/1463
f 1343/1343/1343 1465/1465/1465 1464/1464/1464
f 1464/1464/1464 1466/1466/1466 1344/1344/1344
f 1346/1346/1346 1467/1467/1467 1465/1465/1465
f 1467/1467/1467 1347/1347/1347 1468/1468/1468
f 1384/1384/1384 1507/1507/1507 1468/1468/1468
f 1466/1466/1466 1473/1473/1473 1352/1352/1352
f 1469/1469/1469 1389/1389/1389 1409/1409/1409
f 1390/1390/1390 1392/1392/1392 1512/1512/1512
f 1393/1393/1393 1391/1391/1391 1514/1514/1514
f 1469/1469/1469 1515/1515/1515 1392/1392/1392
f 1516/1516/1516 1470/1470/1470 1393/1393/1393
f 1349/1349/1349 1470/1470/1470 1471/1471/1471
f 1517/1517/1517 1394/1394/1394 1471/1471/1471
f 1472/1472/1472 1394/1394/1394 1517/1517/1517
f 1395/1395/1395 1518/1518/1518 1397/1397/1397
f 1396/1396/1396 1519/1519/1519 1395/1395/1395
f 1396/1396/1396 1399/1399/1399 1520/1520/1520
f 1398/1398/1398 1397/1397/1397 1521/1521/1521
f 1398/1398/1398 1522/1522/1522 1400/1400/1400
f 1399/1399/1399 1402/1402/1402 1523/1523/1523
f 1400/1400/1400 1488/1488/1488 1401/1401/1401
f 1473/1473/1473 1524/1524/1524 1402/1402/1402
f 1525/1525/1525 1405/1405/1405 1403/1403/1403
f 1527/1527/1527 1404/1404/1404 1412/1412/1412
f 1407/1407/1407 1405/1405/1405 1528/1528/1528
f 1408/1408/1408 1407/1407/1407 1530/1530/1530
f 1408/1408/1408 1530/1530/1530 1410/1410/1410
f 1472/1472/1472 1531/1531/1531 1412/1412/1412
f 1413/1413/1413 1532/1532/1532 1414/1414/1414
f 1413/1413/1413 1415/1415/1415 1533/1533/1533
f 1414/1414/1414 1534/1534/1534 1416/1416/1416
f 1535/1535/1535 1415/1415/1415 1417/1417/1417
f 1416/1416/1416 1536/1536/1536 1418/1418/1418
f 1417/1417/1417 1419/1419/1419 1537/1537/1537
f 1538/1538/1538 1420/1420/1420 1418/1418/1418
f 1419/1419/1419 1421/1421/1421 1539/1539/1539
f 1474/1474/1474 1420/1420/1420 1540/1540/1540
f 1541/1541/1541 1421/1421/1421 1424/1424/1424
f 1542/1542/1542 1422/1422/1422 1474/1474/1474
f 1542/1542/1542 1423/1423/1423 1422/1422/1422
f 1425/1425/1425 1423/1423/1423 1543/1543/1543
f 1428/1428/1428 1545/1545/1545 1424/1424/1424
f 1547/1547/1547 1430/1430/1430 1426/1426/1426
f 1429/1429/1429 1548/1548/1548 1427/1427/1427
f 1429/1429/1429 1475/1475/1475 1549/1549/1549
f 1434/1434/1434 1430/1430/1430 1550/1550/1550
f 1357/1357/1357 1480/1480/1480 1476/1476/1476
f 1477/1477/1477 1479/1479/1479 1356/1356/1356
f 1483/1483/1483 1361/1361/1361 1479/1479/1479
f 1481/1481/1481 1480/1480/1480 1359/1359/1359
f 1482/1482/1482 1481/1481/1481 1360/1360/1360
f 1486/1486/1486 1482/1482/1482 1364/1364/1364
f 1483/1483/1483 1484/1484/1484 1362/1362/1362
f 1485/1485/1485 1363/1363/1363 1484/1484/1484
f 1485/1485/1485 1487/1487/1487 1365/1365/1365
f 1486/1486/1486 1431/1431/1431 1551/1551/1551
f 1367/1367/1367 1487/1487/1487 1489/1489/1489
f 1488/1488/1488 1551/1551/1551 1431/1431/1431
f 1489/1489/1489 1490/1490/1490 1368/1368/1368
f 1369/1369/1369 1490/1490/1490 1491/1491/1491
f 1370/1370/1370 1491/1491/1491 1492/1492/1492
f 1432/1432/1432 1492/1492/1492 1552/1552/1552
f 1432/1432/1432 1552/1552/1552 1475/1475/1475
f 1459/1459/1459 1433/1433/1433 1554/1554/1554
f 1493/1493/1493 1374/1374/1374 1497/1497/1497
f 1436/1436/1436 1495/1495/1495 1556/1556/1556
f 1436/1436/1436 1556/1556/1556 1496/1496/1496
f 1439/1439/1439 1437/1437/1437 1558/1558/1558
f 1438/1438/1438 1559/1559/1559 1497/1497/1497
f 1376/1376/1376 1496/1496/1496 1498/1498/1498
f 1458/1458/1458 1558/1558/1558 1437/1437/1437
f 1440/1440/1440 1560/1560/1560 1441/1441/1441
f 1440/1440/1440 1445/1445/1445 1561/1561/1561
f 1442/1442/1442 1441/1441/1441 1563/1563/1563
f 1442/1442/1442 1565/1565/1565 1444/1444/1444
f 1447/1447/1447 1443/1443/1443 1566/1566/1566
f 1446/1446/1446 1567/1567/1567 1445/1445/1445
f 1450/1450/1450 1568/1568/1568 1446/1446/1446
f 1447/1447/1447 1566/1566/1566 1449/1449/1449
f 1449/1449/1449 1569/1569/1569 1451/1451/1451
f 1450/1450/1450 1498/1498/1498 1570/1570/1570
f 1571/1571/1571 1452/1452/1452 1451/1451/1451
f 1453/1453/1453 1452/1452/1452 1572/1572/1572
f 1453/1453/1453 1573/1573/1573 1454/1454/1454
f 1455/1455/1455 1454/1454/1454 1574/1574/1574
f 1575/1575/1575 1456/1456/1456 1455/1455/1455
f 1463/1463/1463 1456/1456/1456 1576/1576/1576
f 1500/1500/1500 1578/1578/1578 1458/1458/1458
f 1459/1459/1459 1580/1580/1580 1500/1500/1500
f 1460/1460/1460 1501/1501/1501 1581/1581/1581
f 1582/1582/1582 1501/1501/1501 1461/1461/1461
f 1380/1380/1380 1503/1503/1503 1502/1502/1502
f 1460/1460/1460 1581/1581/1581 1503/1503/1503
f 1582/1582/1582 1461/1461/1461 1504/1504/1504
f 1505/1505/1505 1504/1504/1504 1382/1382/1382
f 1462/1462/1462 1502/1502/1502 1583/1583/1583
f 1506/1506/1506 1505/1505/1505 1383/1383/1383
f 1506/1506/1506 1387/1387/1387 1510/1510/1510
f 1508/1508/1508 1507/1507/1507 1385/1385/1385
f 1386/1386/1386 1509/1509/1509 1508/1508/1508
f 1462/1462/1462 1583/1583/1583 1509/1509/1509
f 1511/1511/1511 1510/1510/1510 1388/1388/1388
f 1584/1584/1584 1511/1511/1511 1463/1463/1463
f 1465/1465/1465 1585/1585/1585 1464/1464/1464
f 1464/1464/1464 1586/1586/1586 1466/1466/1466
f 1465/1465/1465 1467/1467/1467 1587/1587/1587
f 1467/1467/1467 1468/1468/1468 1588/1588/1588
f 1589/1589/1589 1468/1468/1468 1507/1507/1507
f 1466/1466/1466 1586/1586/1586 1473/1473/1473
f 1529/1529/1529 1469/1469/1469 1409/1409/1409
f 1392/1392/1392 1515/1515/1515 1512/1512/1512
f 1390/1390/1390 1512/1512/1512 1513/1513/1513
f 1516/1516/1516 1393/1393/1393 1514/1514/1514
f 1529/1529/1529 1515/1515/1515 1469/1469/1469
f 1516/1516/1516 1590/1590/1590 1470/1470/1470
f 1470/1470/1470 1591/1591/1591 1471/1471/1471
f 1517/1517/1517 1471/1471/1471 1591/1591/1591
f 1592/1592/1592 1472/1472/1472 1517/1517/1517
f 1395/1395/1395 1519/1519/1519 1518/1518/1518
f 1521/1521/1521 1397/1397/1397 1518/1518/1518
f 1396/1396/1396 1520/1520/1520 1519/1519/1519
f 1399/1399/1399 1523/1523/1523 1520/1520/1520
f 1398/1398/1398 1521/1521/1521 1522/1522/1522
f 1400/1400/1400 1522/1522/1522 1488/1488/1488
f 1524/1524/1524 1523/1523/1523 1402/1402/1402
f 1593/1593/1593 1524/1524/1524 1473/1473/1473
f 1528/1528/1528 1405/1405/1405 1525/1525/1525
f 1527/1527/1527 1526/1526/1526 1404/1404/1404
f 1527/1527/1527 1412/1412/1412 1531/1531/1531
f 1407/1407/1407 1528/1528/1528 1530/1530/1530
f 1592/1592/1592 1531/1531/1531 1472/1472/1472
f 1413/1413/1413 1533/1533/1533 1532/1532/1532
f 1414/1414/1414 1532/1532/1532 1534/1534/1534
f 1535/1535/1535 1533/1533/1533 1415/1415/1415
f 1534/1534/1534 1536/1536/1536 1416/1416/1416
f 1535/1535/1535 1417/1417/1417 1537/1537/1537
f 1538/1538/1538 1418/1418/1418 1536/1536/1536
f 1537/1537/1537 1419/1419/1419 1539/1539/1539
f 1538/1538/1538 1540/1540/1540 1420/1420/1420
f 1541/1541/1541 1539/1539/1539 1421/1421/1421
f 1474/1474/1474 1540/1540/1540 1594/1594/1594
f 1541/1541/1541 1424/1424/1424 1545/1545/1545
f 1542/1542/1542 1474/1474/1474 1594/1594/1594
f 1542/1542/1542 1543/1543/1543 1423/1423/1423
f 1546/1546/1546 1425/1425/1425 1543/1543/1543
f 1548/1548/1548 1544/1544/1544 1427/1427/1427
f 1547/1547/1547 1550/1550/1550 1430/1430/1430
f 1429/1429/1429 1549/1549/1549 1548/1548/1548
f 1595/1595/1595 1549/1549/1549 1475/1475/1475
f 1434/1434/1434 1550/1550/1550 1555/1555/1555
f 1480/1480/1480 1596/1596/1596 1476/1476/1476
f 1597/1597/1597 1478/1478/1478 1476/1476/1476
f 1483/1483/1483 1479/1479/1479 1599/1599/1599
f 1481/1481/1481 1600/1600/1600 1480/1480/1480
f 1482/1482/1482 1601/1601/1601 1481/1481/1481
f 1486/1486/1486 1602/1602/1602 1482/1482/1482
f 1603/1603/1603 1484/1484/1484 1483/1483/1483
f 1485/1485/1485 1484/1484/1484 1604/1604/1604
f 1605/1605/1605 1487/1487/1487 1485/1485/1485
f 1486/1486/1486 1551/1551/1551 1606/1606/1606
f 1489/1489/1489 1487/1487/1487 1607/1607/1607
f 1488/1488/1488 1522/1522/1522 1551/1551/1551
f 1608/1608/1608 1490/1490/1490 1489/1489/1489
f 1609/1609/1609 1491/1491/1491 1490/1490/1490
f 1492/1492/1492 1491/1491/1491 1610/1610/1610
f 1552/1552/1552 1492/1492/1492 1611/1611/1611
f 1595/1595/1595 1475/1475/1475 1552/1552/1552
f 1459/1459/1459 1554/1554/1554 1580/1580/1580
f 1493/1493/1493 1497/1497/1497 1612/1612/1612
f 1495/1495/1495 1613/1613/1613 1556/1556/1556
f 1614/1614/1614 1496/1496/1496 1556/1556/1556
f 1438/1438/1438 1557/1557/1557 1559/1559/1559
f 1615/1615/1615 1497/1497/1497 1559/1559/1559
f 1614/1614/1614 1498/1498/1498 1496/1496/1496
f 1457/1457/1457 1577/1577/1577 1557/1557/1557
f 1440/1440/1440 1561/1561/1561 1560/1560/1560
f 1563/1563/1563 1441/1441/1441 1560/1560/1560
f 1561/1561/1561 1445/1445/1445 1567/1567/1567
f 1442/1442/1442 1563/1563/1563 1565/1565/1565
f 1564/1564/1564 1566/1566/1566 1443/1443/1443
f 1446/1446/1446 1568/1568/1568 1567/1567/1567
f 1450/1450/1450 1570/1570/1570 1568/1568/1568
f 1566/1566/1566 1569/1569/1569 1449/1449/1449
f 1569/1569/1569 1571/1571/1571 1451/1451/1451
f 1617/1617/1617 1570/1570/1570 1498/1498/1498
f 1571/1571/1571 1572/1572/1572 1452/1452/1452
f 1453/1453/1453 1572/1572/1572 1573/1573/1573
f 1573/1573/1573 1574/1574/1574 1454/1454/1454
f 1575/1575/1575 1455/1455/1455 1574/1574/1574
f 1575/1575/1575 1576/1576/1576 1456/1456/1456
f 1584/1584/1584 1463/1463/1463 1576/1576/1576
f 1499/1499/1499 1618/1618/1618 1577/1577/1577
f 1499/1499/1499 1579/1579/1579 1618/1618/1618
f 1581/1581/1581 1501/1501/1501 1619/1619/1619
f 1582/1582/1582 1619/1619/1619 1501/1501/1501
f 1503/1503/1503 1620/1620/1620 1502/1502/1502
f 1621/1621/1621 1503/1503/1503 1581/1581/1581
f 1582/1582/1582 1504/1504/1504 1622/1622/1622
f 1505/1505/1505 1622/1622/1622 1504/1504/1504
f 1583/1583/1583 1502/1502/1502 1620/1620/1620
f 1506/1506/1506 1623/1623/1623 1505/1505/1505
f 1506/1506/1506 1510/1510/1510 1624/1624/1624
f 1625/1625/1625 1507/1507/1507 1508/1508/1508
f 1509/1509/1509 1626/1626/1626 1508/1508/1508
f 1509/1509/1509 1583/1583/1583 1627/1627/1627
f 1511/1511/1511 1628/1628/1628 1510/1510/1510
f 1584/1584/1584 1629/1629/1629 1511/1511/1511
f 1465/1465/1465 1587/1587/1587 1585/1585/1585
f 1464/1464/1464 1585/1585/1585 1586/1586/1586
f 1467/1467/1467 1588/1588/1588 1587/1587/1587
f 1589/1589/1589 1588/1588/1588 1468/1468/1468
f 1625/1625/1625 1589/1589/1589 1507/1507/1507
f 1593/1593/1593 1473/1473/1473 1586/1586/1586
f 1630/1630/1630 1512/1512/1512 1515/1515/1515
f 1631/1631/1631 1513/1513/1513 1512/1512/1512
f 1633/1633/1633 1516/1516/1516 1514/1514/1514
f 1529/1529/1529 1634/1634/1634 1515/1515/1515
f 1516/1516/1516 1636/1636/1636 1590/1590/1590
f 1590/1590/1590 1591/1591/1591 1470/1470/1470
f 1517/1517/1517 1591/1591/1591 1637/1637/1637
f 1592/1592/1592 1517/1517/1517 1637/1637/1637
f 1638/1638/1638 1518/1518/1518 1519/1519/1519
f 1521/1521/1521 1518/1518/1518 1639/1639/1639
f 1640/1640/1640 1519/1519/1519 1520/1520/1520
f 1523/1523/1523 1641/1641/1641 1520/1520/1520
f 1521/1521/1521 1642/1642/1642 1522/1522/1522
f 1643/1643/1643 1523/1523/1523 1524/1524/1524
f 1593/1593/1593 1644/1644/1644 1524/1524/1524
f 1528/1528/1528 1525/1525/1525 1645/1645/1645
f 1527/1527/1527 1647/1647/1647 1526/1526/1526
f 1527/1527/1527 1531/1531/1531 1648/1648/1648
f 1528/1528/1528 1635/1635/1635 1530/1530/1530
f 1592/1592/1592 1649/1649/1649 1531/1531/1531
f 1650/1650/1650 1532/1532/1532 1533/1533/1533
f 1651/1651/1651 1534/1534/1534 1532/1532/1532
f 1535/1535/1535 1652/1652/1652 1533/1533/1533
f 1534/1534/1534 1653/1653/1653 1536/1536/1536
f 1535/1535/1535 1537/1537/1537 1654/1654/1654
f 1655/1655/1655 1538/1538/1538 1536/1536/1536
f 1537/1537/1537 1539/1539/1539 1656/1656/1656
f 1538/1538/1538 1657/1657/1657 1540/1540/1540
f 1541/1541/1541 1658/1658/1658 1539/1539/1539
f 1659/1659/1659 1594/1594/1594 1540/1540/1540
f 1541/1541/1541 1545/1545/1545 1661/1661/1661
f 1542/1542/1542 1594/1594/1594 1662/1662/1662
f 1542/1542/1542 1662/1662/1662 1543/1543/1543
f 1546/1546/1546 1543/1543/1543 1663/1663/1663
f 1548/1548/1548 1664/1664/1664 1544/1544/1544
f 1547/1547/1547 1666/1666/1666 1550/1550/1550
f 1667/1667/1667 1548/1548/1548 1549/1549/1549
f 1595/1595/1595 1668/1668/1668 1549/1549/1549
f 1555/1555/1555 1550/1550/1550 1670/1670/1670
f 1600/1600/1600 1596/1596/1596 1480/1480/1480
f 1597/1597/1597 1476/1476/1476 1596/1596/1596
f 1599/1599/1599 1479/1479/1479 1598/1598/1598
f 1603/1603/1603 1483/1483/1483 1599/1599/1599
f 1601/1601/1601 1600/1600/1600 1481/1481/1481
f 1482/1482/1482 1602/1602/1602 1601/1601/1601
f 1486/1486/1486 1606/1606/1606 1602/1602/1602
f 1604/1604/1604 1484/1484/1484 1603/1603/1603
f 1605/1605/1605 1485/1485/1485 1604/1604/1604
f 1605/1605/1605 1607/1607/1607 1487/1487/1487
f 1606/1606/1606 1551/1551/1551 1642/1642/1642
f 1608/1608/1608 1489/1489/1489 1607/1607/1607
f 1522/1522/1522 1642/1642/1642 1551/1551/1551
f 1608/1608/1608 1609/1609/1609 1490/1490/1490
f 1609/1609/1609 1610/1610/1610 1491/1491/1491
f 1611/1611/1611 1492/1492/1492 1610/1610/1610
f 1552/1552/1552 1611/1611/1611 1671/1671/1671
f 1595/1595/1595 1552/1552/1552 1671/1671/1671
f 1553/1553/1553 1672/1672/1672 1579/1579/1579
f 1612/1612/1612 1497/1497/1497 1615/1615/1615
f 1613/1613/1613 1674/1674/1674 1556/1556/1556
f 1614/1614/1614 1556/1556/1556 1674/1674/1674
f 1557/1557/1557 1675/1675/1675 1559/1559/1559
f 1615/1615/1615 1559/1559/1559 1676/1676/1676
f 1614/1614/1614 1617/1617/1617 1498/1498/1498
f 1557/1557/1557 1577/1577/1577 1675/1675/1675
f 1561/1561/1561 1677/1677/1677 1560/1560/1560
f 1563/1563/1563 1560/1560/1560 1679/1679/1679
f 1680/1680/1680 1561/1561/1561 1567/1567/1567
f 1564/1564/1564 1562/1562/1562 1681/1681/1681
f 1564/1564/1564 1683/1683/1683 1566/1566/1566
f 1684/1684/1684 1567/1567/1567 1568/1568/1568
f 1568/1568/1568 1570/1570/1570 1685/1685/1685
f 1566/1566/1566 1683/1683/1683 1569/1569/1569
f 1569/1569/1569 1686/1686/1686 1571/1571/1571
f 1617/1617/1617 1687/1687/1687 1570/1570/1570
f 1688/1688/1688 1572/1572/1572 1571/1571/1571
f 1689/1689/1689 1573/1573/1573 1572/1572/1572
f 1573/1573/1573 1690/1690/1690 1574/1574/1574
f 1691/1691/1691 1575/1575/1575 1574/1574/1574
f 1692/1692/1692 1576/1576/1576 1575/1575/1575
f 1692/1692/1692 1584/1584/1584 1576/1576/1576
f 1577/1577/1577 1618/1618/1618 1693/1693/1693
f 1579/1579/1579 1694/1694/1694 1618/1618/1618
f 1695/1695/1695 1581/1581/1581 1619/1619/1619
f 1582/1582/1582 1696/1696/1696 1619/1619/1619
f 1621/1621/1621 1620/1620/1620 1503/1503/1503
f 1695/1695/1695 1621/1621/1621 1581/1581/1581
f 1582/1582/1582 1622/1622/1622 1696/1696/1696
f 1505/1505/1505 1623/1623/1623 1622/1622/1622
f 1583/1583/1583 1620/1620/1620 1697/1697/1697
f 1506/1506/1506 1624/1624/1624 1623/1623/1623
f 1510/1510/1510 1628/1628/1628 1624/1624/1624
f 1625/1625/1625 1508/1508/1508 1626/1626/1626
f 1509/1509/1509 1627/1627/1627 1626/1626/1626
f 1583/1583/1583 1697/1697/1697 1627/1627/1627
f 1629/1629/1629 1628/1628/1628 1511/1511/1511
f 1584/1584/1584 1698/1698/1698 1629/1629/1629
f 1699/1699/1699 1585/1585/1585 1587/1587/1587
f 1585/1585/1585 1700/1700/1700 1586/1586/1586
f 1701/1701/1701 1587/1587/1587 1588/1588/1588
f 1589/1589/1589 1702/1702/1702 1588/1588/1588
f 1625/1625/1625 1703/1703/1703 1589/1589/1589
f 1593/1593/1593 1586/1586/1586 1700/1700/1700
f 1631/1631/1631 1512/1512/1512 1630/1630/1630
f 1630/1630/1630 1515/1515/1515 1634/1634/1634
f 1632/1632/1632 1513/1513/1513 1631/1631/1631
f 1633/1633/1633 1636/1636/1636 1516/1516/1516
f 1590/1590/1590 1636/1636/1636 1704/1704/1704
f 1590/1590/1590 1705/1705/1705 1591/1591/1591
f 1591/1591/1591 1705/1705/1705 1637/1637/1637
f 1592/1592/1592 1637/1637/1637 1706/1706/1706
f 1638/1638/1638 1639/1639/1639 1518/1518/1518
f 1638/1638/1638 1519/1519/1519 1640/1640/1640
f 1521/1521/1521 1639/1639/1639 1642/1642/1642
f 1707/1707/1707 1640/1640/1640 1520/1520/1520
f 1643/1643/1643 1641/1641/1641 1523/1523/1523
f 1707/1707/1707 1520/1520/1520 1641/1641/1641
f 1643/1643/1643 1524/1524/1524 1644/1644/1644
f 1593/1593/1593 1708/1708/1708 1644/1644/1644
f 1646/1646/1646 1645/1645/1645 1525/1525/1525
f 1528/1528/1528 1645/1645/1645 1635/1635/1635
f 1527/1527/1527 1648/1648/1648 1647/1647/1647
f 1648/1648/1648 1531/1531/1531 1649/1649/1649
f 1592/1592/1592 1706/1706/1706 1649/1649/1649
f 1650/1650/1650 1651/1651/1651 1532/1532/1532
f 1652/1652/1652 1650/1650/1650 1533/1533/1533
f 1651/1651/1651 1653/1653/1653 1534/1534/1534
f 1535/1535/1535 1654/1654/1654 1652/1652/1652
f 1655/1655/1655 1536/1536/1536 1653/1653/1653
f 1537/1537/1537 1656/1656/1656 1654/1654/1654
f 1655/1655/1655 1657/1657/1657 1538/1538/1538
f 1539/1539/1539 1658/1658/1658 1656/1656/1656
f 1659/1659/1659 1540/1540/1540 1657/1657/1657
f 1541/1541/1541 1661/1661/1661 1658/1658/1658
f 1659/1659/1659 1709/1709/1709 1594/1594/1594
f 1664/1664/1664 1660/1660/1660 1544/1544/1544
f 1662/1662/1662 1594/1594/1594 1709/1709/1709
f 1543/1543/1543 1662/1662/1662 1663/1663/1663
f 1546/1546/1546 1663/1663/1663 1665/1665/1665
f 1667/1667/1667 1664/1664/1664 1548/1548/1548
f 1670/1670/1670 1550/1550/1550 1666/1666/1666
f 1667/1667/1667 1549/1549/1549 1668/1668/1668
f 1595/1595/1595 1710/1710/1710 1668/1668/1668
f 1555/1555/1555 1670/1670/1670 1673/1673/1673
f 1600/1600/1600 1711/1711/1711 1596/1596/1596
f 1712/1712/1712 1597/1597/1597 1596/1596/1596
f 1599/1599/1599 1598/1598/1598 1714/1714/1714
f 1715/1715/1715 1603/1603/1603 1599/1599/1599
f 1716/1716/1716 1600/1600/1600 1601/1601/1601
f 1717/1717/1717 1601/1601/1601 1602/1602/1602
f 1606/1606/1606 1718/1718/1718 1602/1602/1602
f 1719/1719/1719 1604/1604/1604 1603/1603/1603
f 1720/1720/1720 1605/1605/1605 1604/1604/1604
f 1605/1605/1605 1721/1721/1721 1607/1607/1607
f 1606/1606/1606 1642/1642/1642 1722/1722/1722
f 1608/1608/1608 1607/1607/1607 1723/1723/1723
f 1608/1608/1608 1724/1724/1724 1609/1609/1609
f 1725/1725/1725 1610/1610/1610 1609/1609/1609
f 1726/1726/1726 1611/1611/1611 1610/1610/1610
f 1611/1611/1611 1727/1727/1727 1671/1671/1671
f 1595/1595/1595 1671/1671/1671 1710/1710/1710
f 1672/1672/1672 1694/1694/1694 1579/1579/1579
f 1728/1728/1728 1613/1613/1613 1616/1616/1616
f 1728/1728/1728 1674/1674/1674 1613/1613/1613
f 1614/1614/1614 1674/1674/1674 1729/1729/1729
f 1676/1676/1676 1559/1559/1559 1675/1675/1675
f 1615/1615/1615 1676/1676/1676 1730/1730/1730
f 1614/1614/1614 1729/1729/1729 1617/1617/1617
f 1577/1577/1577 1693/1693/1693 1675/1675/1675
f 1680/1680/1680 1677/1677/1677 1561/1561/1561
f 1677/1677/1677 1679/1679/1679 1560/1560/1560
f 1682/1682/1682 1563/1563/1563 1679/1679/1679
f 1684/1684/1684 1680/1680/1680 1567/1567/1567
f 1564/1564/1564 1681/1681/1681 1683/1683/1683
f 1684/1684/1684 1568/1568/1568 1685/1685/1685
f 1687/1687/1687 1685/1685/1685 1570/1570/1570
f 1569/1569/1569 1683/1683/1683 1686/1686/1686
f 1688/1688/1688 1571/1571/1571 1686/1686/1686
f 1617/1617/1617 1732/1732/1732 1687/1687/1687
f 1688/1688/1688 1689/1689/1689 1572/1572/1572
f 1689/1689/1689 1690/1690/1690 1573/1573/1573
f 1691/1691/1691 1574/1574/1574 1690/1690/1690
f 1692/1692/1692 1575/1575/1575 1691/1691/1691
f 1733/1733/1733 1584/1584/1584 1692/1692/1692
f 1734/1734/1734 1693/1693/1693 1618/1618/1618
f 1734/1734/1734 1618/1618/1618 1694/1694/1694
f 1695/1695/1695 1619/1619/1619 1735/1735/1735
f 1735/1735/1735 1619/1619/1619 1696/1696/1696
f 1621/1621/1621 1736/1736/1736 1620/1620/1620
f 1695/1695/1695 1737/1737/1737 1621/1621/1621
f 1738/1738/1738 1696/1696/1696 1622/1622/1622
f 1738/1738/1738 1622/1622/1622 1623/1623/1623
f 1736/1736/1736 1697/1697/1697 1620/1620/1620
f 1623/1623/1623 1624/1624/1624 1739/1739/1739
f 1628/1628/1628 1740/1740/1740 1624/1624/1624
f 1625/1625/1625 1626/1626/1626 1741/1741/1741
f 1626/1626/1626 1627/1627/1627 1742/1742/1742
f 1627/1627/1627 1697/1697/1697 1743/1743/1743
f 1629/1629/1629 1744/1744/1744 1628/1628/1628
f 1733/1733/1733 1698/1698/1698 1584/1584/1584
f 1629/1629/1629 1698/1698/1698 1745/1745/1745
f 1699/1699/1699 1700/1700/1700 1585/1585/1585
f 1699/1699/1699 1587/1587/1587 1701/1701/1701
f 1701/1701/1701 1588/1588/1588 1702/1702/1702
f 1589/1589/1589 1703/1703/1703 1702/1702/1702
f 1625/1625/1625 1741/1741/1741 1703/1703/1703
f 1593/1593/1593 1700/1700/1700 1708/1708/1708
f 1631/1631/1631 1630/1630/1630 1746/1746/1746
f 1630/1630/1630 1634/1634/1634 1747/1747/1747
f 1632/1632/1632 1631/1631/1631 1749/1749/1749
f 1633/1633/1633 1751/1751/1751 1636/1636/1636
f 1752/1752/1752 1704/1704/1704 1636/1636/1636
f 1590/1590/1590 1704/1704/1704 1705/1705/1705
f 1705/1705/1705 1753/1753/1753 1637/1637/1637
f 1706/1706/1706 1637/1637/1637 1753/1753/1753
f 1638/1638/1638 1754/1754/1754 1639/1639/1639
f 1755/1755/1755 1638/1638/1638 1640/1640/1640
f 1639/1639/1639 1722/1722/1722 1642/1642/1642
f 1707/1707/1707 1756/1756/1756 1640/1640/1640
f 1643/1643/1643 1757/1757/1757 1641/1641/1641
f 1707/1707/1707 1641/1641/1641 1757/1757/1757
f 1643/1643/1643 1644/1644/1644 1758/1758/1758
f 1708/1708/1708 1759/1759/1759 1644/1644/1644
f 1646/1646/1646 1760/1760/1760 1645/1645/1645
f 1645/1645/1645 1748/1748/1748 1635/1635/1635
f 1647/1647/1647 1648/1648/1648 1762/1762/1762
f 1648/1648/1648 1649/1649/1649 1763/1763/1763
f 1649/1649/1649 1706/1706/1706 1764/1764/1764
f 1650/1650/1650 1766/1766/1766 1651/1651/1651
f 1652/1652/1652 1768/1768/1768 1650/1650/1650
f 1651/1651/1651 1770/1770/1770 1653/1653/1653
f 1652/1652/1652 1654/1654/1654 1772/1772/1772
f 1774/1774/1774 1655/1655/1655 1653/1653/1653
f 1656/1656/1656 1776/1776/1776 1654/1654/1654
f 1778/1778/1778 1657/1657/1657 1655/1655/1655
f 1658/1658/1658 1780/1780/1780 1656/1656/1656
f 1659/1659/1659 1657/1657/1657 1782/1782/1782
f 1661/1661/1661 1785/1785/1785 1658/1658/1658
f 1787/1787/1787 1709/1709/1709 1659/1659/1659
f 1664/1664/1664 1788/1788/1788 1660/1660/1660
f 1662/1662/1662 1709/1709/1709 1663/1663/1663
f 1789/1789/1789 1665/1665/1665 1663/1663/1663
f 1667/1667/1667 1790/1790/1790 1664/1664/1664
f 1670/1670/1670 1666/1666/1666 1793/1793/1793
f 1667/1667/1667 1668/1668/1668 1794/1794/1794
f 1795/1795/1795 1668/1668/1668 1710/1710/1710
f 1672/1672/1672 1669/1669/1669 1796/1796/1796
f 1716/1716/1716 1711/1711/1711 1600/1600/1600
f 1712/1712/1712 1596/1596/1596 1711/1711/1711
f 1712/1712/1712 1713/1713/1713 1597/1597/1597
f 1715/1715/1715 1599/1599/1599 1714/1714/1714
f 1715/1715/1715 1719/1719/1719 1603/1603/1603
f 1716/1716/1716 1601/1601/1601 1717/1717/1717
f 1717/1717/1717 1602/1602/1602 1718/1718/1718
f 1606/1606/1606 1722/1722/1722 1718/1718/1718
f 1720/1720/1720 1604/1604/1604 1719/1719/1719
f 1720/1720/1720 1721/1721/1721 1605/1605/1605
f 1723/1723/1723 1607/1607/1607 1721/1721/1721
f 1608/1608/1608 1723/1723/1723 1724/1724/1724
f 1725/1725/1725 1609/1609/1609 1724/1724/1724
f 1726/1726/1726 1610/1610/1610 1725/1725/1725
f 1726/1726/1726 1727/1727/1727 1611/1611/1611
f 1798/1798/1798 1671/1671/1671 1727/1727/1727
f 1798/1798/1798 1710/1710/1710 1671/1671/1671
f 1672/1672/1672 1799/1799/1799 1694/1694/1694
f 1728/1728/1728 1616/1616/1616 1731/1731/1731
f 1728/1728/1728 1800/1800/1800 1674/1674/1674
f 1674/1674/1674 1800/1800/1800 1729/1729/1729
f 1675/1675/1675 1693/1693/1693 1676/1676/1676
f 1730/1730/1730 1676/1676/1676 1801/1801/1801
f 1617/1617/1617 1729/1729/1729 1732/1732/1732
f 1680/1680/1680 1804/1804/1804 1677/1677/1677
f 1677/1677/1677 1807/1807/1807 1679/1679/1679
f 1681/1681/1681 1678/1678/1678 1808/1808/1808
f 1684/1684/1684 1810/1810/1810 1680/1680/1680
f 1681/1681/1681 1811/1811/1811 1683/1683/1683
f 1684/1684/1684 1685/1685/1685 1813/1813/1813
f 1687/1687/1687 1815/1815/1815 1685/1685/1685
f 1683/1683/1683 1811/1811/1811 1686/1686/1686
f 1688/1688/1688 1686/1686/1686 1816/1816/1816
f 1687/1687/1687 1732/1732/1732 1818/1818/1818
f 1819/1819/1819 1689/1689/1689 1688/1688/1688
f 1820/1820/1820 1690/1690/1690 1689/1689/1689
f 1821/1821/1821 1691/1691/1691 1690/1690/1690
f 1692/1692/1692 1691/1691/1691 1822/1822/1822
f 1733/1733/1733 1692/1692/1692 1822/1822/1822
f 1734/1734/1734 1823/1823/1823 1693/1693/1693
f 1734/1734/1734 1694/1694/1694 1824/1824/1824
f 1695/1695/1695 1735/1735/1735 1825/1825/1825
f 1735/1735/1735 1696/1696/1696 1826/1826/1826
f 1621/1621/1621 1737/1737/1737 1736/1736/1736
f 1695/1695/1695 1825/1825/1825 1737/1737/1737
f 1738/1738/1738 1826/1826/1826 1696/1696/1696
f 1738/1738/1738 1623/1623/1623 1739/1739/1739
f 1736/1736/1736 1827/1827/1827 1697/1697/1697
f 1624/1624/1624 1740/1740/1740 1739/1739/1739
f 1628/1628/1628 1744/1744/1744 1740/1740/1740
f 1626/1626/1626 1742/1742/1742 1741/1741/1741
f 1742/1742/1742 1627/1627/1627 1743/1743/1743
f 1697/1697/1697 1827/1827/1827 1743/1743/1743
f 1629/1629/1629 1745/1745/1745 1744/1744/1744
f 1733/1733/1733 1828/1828/1828 1698/1698/1698
f 1698/1698/1698 1829/1829/1829 1745/1745/1745
f 1699/1699/1699 1830/1830/1830 1700/1700/1700
f 1699/1699/1699 1701/1701/1701 1831/1831/1831
f 1701/1701/1701 1702/1702/1702 1832/1832/1832
f 1703/1703/1703 1833/1833/1833 1702/1702/1702
f 1741/1741/1741 1834/1834/1834 1703/1703/1703
f 1708/1708/1708 1700/1700/1700 1830/1830/1830
f 1630/1630/1630 1747/1747/1747 1746/1746/1746
f 1631/1631/1631 1746/1746/1746 1749/1749/1749
f 1632/1632/1632 1749/1749/1749 1750/1750/1750
f 1752/1752/1752 1636/1636/1636 1751/1751/1751
f 1752/1752/1752 1835/1835/1835 1704/1704/1704
f 1704/1704/1704 1836/1836/1836 1705/1705/1705
f 1836/1836/1836 1753/1753/1753 1705/1705/1705
f 1706/1706/1706 1753/1753/1753 1837/1837/1837
f 1755/1755/1755 1754/1754/1754 1638/1638/1638
f 1639/1639/1639 1754/1754/1754 1722/1722/1722
f 1755/1755/1755 1640/1640/1640 1756/1756/1756
f 1838/1838/1838 1756/1756/1756 1707/1707/1707
f 1643/1643/1643 1758/1758/1758 1757/1757/1757
f 1838/1838/1838 1707/1707/1707 1757/1757/1757
f 1758/1758/1758 1644/1644/1644 1759/1759/1759
f 1708/1708/1708 1839/1839/1839 1759/1759/1759
f 1647/1647/1647 1762/1762/1762 1761/1761/1761
f 1760/1760/1760 1748/1748/1748 1645/1645/1645
f 1648/1648/1648 1763/1763/1763 1762/1762/1762
f 1649/1649/1649 1764/1764/1764 1763/1763/1763
f 1764/1764/1764 1706/1706/1706 1837/1837/1837
f 1650/1650/1650 1768/1768/1768 1766/1766/1766
f 1651/1651/1651 1766/1766/1766 1841/1841/1841
f 1652/1652/1652 1772/1772/1772 1768/1768/1768
f 1651/1651/1651 1841/1841/1841 1770/1770/1770
f 1770/1770/1770 1774/1774/1774 1653/1653/1653
f 1654/1654/1654 1776/1776/1776 1772/1772/1772
f 1778/1778/1778 1655/1655/1655 1774/1774/1774
f 1656/1656/1656 1780/1780/1780 1776/1776/1776
f 1778/1778/1778 1782/1782/1782 1657/1657/1657
f 1658/1658/1658 1785/1785/1785 1780/1780/1780
f 1787/1787/1787 1659/1659/1659 1782/1782/1782
f 1660/1660/1660 1788/1788/1788 1784/1784/1784
f 1787/1787/1787 1843/1843/1843 1709/1709/1709
f 1790/1790/1790 1788/1788/1788 1664/1664/1664
f 1789/1789/1789 1663/1663/1663 1709/1709/1709
f 1789/1789/1789 1792/1792/1792 1665/1665/1665
f 1667/1667/1667 1794/1794/1794 1790/1790/1790
f 1670/1670/1670 1793/1793/1793 1797/1797/1797
f 1794/1794/1794 1668/1668/1668 1795/1795/1795
f 1795/1795/1795 1710/1710/1710 1844/1844/1844
f 1672/1672/1672 1796/1796/1796 1799/1799/1799
f 1845/1845/1845 1711/1711/1711 1716/1716/1716
f 1846/1846/1846 1712/1712/1712 1711/1711/1711
f 1712/1712/1712 1847/1847/1847 1713/1713/1713
f 1715/1715/1715 1714/1714/1714 1849/1849/1849
f 1715/1715/1715 1850/1850/1850 1719/1719/1719
f 1716/1716/1716 1717/1717/1717 1851/1851/1851
f 1717/1717/1717 1718/1718/1718 1852/1852/1852
f 1722/1722/1722 1853/1853/1853 1718/1718/1718
f 1854/1854/1854 1720/1720/1720 1719/1719/1719
f 1720/1720/1720 1855/1855/1855 1721/1721/1721
f 1723/1723/1723 1721/1721/1721 1856/1856/1856
f 1723/1723/1723 1857/1857/1857 1724/1724/1724
f 1725/1725/1725 1724/1724/1724 1858/1858/1858
f 1726/1726/1726 1725/1725/1725 1859/1859/1859
f 1726/1726/1726 1860/1860/1860 1727/1727/1727
f 1861/1861/1861 1798/1798/1798 1727/1727/1727
f 1798/1798/1798 1844/1844/1844 1710/1710/1710
f 1799/1799/1799 1824/1824/1824 1694/1694/1694
f 1728/1728/1728 1731/1731/1731 1862/1862/1862
f 1728/1728/1728 1862/1862/1862 1800/1800/1800
f 1863/1863/1863 1729/1729/1729 1800/1800/1800
f 1693/1693/1693 1823/1823/1823 1676/1676/1676
f 1801/1801/1801 1676/1676/1676 1823/1823/1823
f 1731/1731/1731 1802/1802/1802 1865/1865/1865
f 1863/1863/1863 1732/1732/1732 1729/1729/1729
f 1680/1680/1680 1810/1810/1810 1804/1804/1804
f 1804/1804/1804 1807/1807/1807 1677/1677/1677
f 1808/1808/1808 1678/1678/1678 1805/1805/1805
f 1681/1681/1681 1808/1808/1808 1811/1811/1811
f 1684/1684/1684 1813/1813/1813 1810/1810/1810
f 1685/1685/1685 1815/1815/1815 1813/1813/1813
f 1687/1687/1687 1818/1818/1818 1815/1815/1815
f 1686/1686/1686 1811/1811/1811 1816/1816/1816
f 1819/1819/1819 1688/1688/1688 1816/1816/1816
f 1867/1867/1867 1818/1818/1818 1732/1732/1732
f 1820/1820/1820 1689/1689/1689 1819/1819/1819
f 1821/1821/1821 1690/1690/1690 1820/1820/1820
f 1821/1821/1821 1822/1822/1822 1691/1691/1691
f 1733/1733/1733 1822/1822/1822 1868/1868/1868
f 1734/1734/1734 1869/1869/1869 1823/1823/1823
f 1734/1734/1734 1824/1824/1824 1869/1869/1869
f 1825/1825/1825 1735/1735/1735 1870/1870/1870
f 1735/1735/1735 1826/1826/1826 1870/1870/1870
f 1736/1736/1736 1737/1737/1737 1871/1871/1871
f 1825/1825/1825 1872/1872/1872 1737/1737/1737
f 1738/1738/1738 1873/1873/1873 1826/1826/1826
f 1738/1738/1738 1739/1739/1739 1873/1873/1873
f 1736/1736/1736 1871/1871/1871 1827/1827/1827
f 1739/1739/1739 1740/1740/1740 1874/1874/1874
f 1744/1744/1744 1875/1875/1875 1740/1740/1740
f 1742/1742/1742 1876/1876/1876 1741/1741/1741
f 1742/1742/1742 1743/1743/1743 1877/1877/1877
f 1827/1827/1827 1878/1878/1878 1743/1743/1743
f 1744/1744/1744 1745/1745/1745 1879/1879/1879
f 1733/1733/1733 1868/1868/1868 1828/1828/1828
f 1828/1828/1828 1829/1829/1829 1698/1698/1698
f 1745/1745/1745 1829/1829/1829 1880/1880/1880
f 1699/1699/1699 1881/1881/1881 1830/1830/1830
f 1701/1701/1701 1832/1832/1832 1831/1831/1831
f 1699/1699/1699 1831/1831/1831 1881/1881/1881
f 1832/1832/1832 1702/1702/1702 1833/1833/1833
f 1703/1703/1703 1834/1834/1834 1833/1833/1833
f 1876/1876/1876 1834/1834/1834 1741/1741/1741
f 1708/1708/1708 1830/1830/1830 1839/1839/1839
f 1746/1746/1746 1747/1747/1747 1882/1882/1882
f 1884/1884/1884 1749/1749/1749 1746/1746/1746
f 1885/1885/1885 1750/1750/1750 1749/1749/1749
f 1752/1752/1752 1751/1751/1751 1887/1887/1887
f 1752/1752/1752 1888/1888/1888 1835/1835/1835
f 1704/1704/1704 1835/1835/1835 1836/1836/1836
f 1836/1836/1836 1889/1889/1889 1753/1753/1753
f 1837/1837/1837 1753/1753/1753 1889/1889/1889
f 1755/1755/1755 1890/1890/1890 1754/1754/1754
f 1722/1722/1722 1754/1754/1754 1853/1853/1853
f 1755/1755/1755 1756/1756/1756 1891/1891/1891
f 1838/1838/1838 1892/1892/1892 1756/1756/1756
f 1893/1893/1893 1757/1757/1757 1758/1758/1758
f 1838/1838/1838 1757/1757/1757 1893/1893/1893
f 1758/1758/1758 1759/1759/1759 1894/1894/1894
f 1895/1895/1895 1759/1759/1759 1839/1839/1839
f 1761/1761/1761 1762/1762/1762 1897/1897/1897
f 1760/1760/1760 1883/1883/1883 1748/1748/1748
f 1762/1762/1762 1763/1763/1763 1898/1898/1898
f 1899/1899/1899 1763/1763/1763 1764/1764/1764
f 1900/1900/1900 1764/1764/1764 1837/1837/1837
f 1767/1767/1767 1901/1901/1901 1765/1765/1765
f 1902/1902/1902 1840/1840/1840 1765/1765/1765
f 1767/1767/1767 1771/1771/1771 1903/1903/1903
f 1904/1904/1904 1769/1769/1769 1840/1840/1840
f 1904/1904/1904 1773/1773/1773 1769/1769/1769
f 1771/1771/1771 1775/1775/1775 1905/1905/1905
f 1907/1907/1907 1778/1778/1778 1774/1774/1774
f 1779/1779/1779 1908/1908/1908 1775/1775/1775
f 1910/1910/1910 1782/1782/1782 1778/1778/1778
f 1779/1779/1779 1783/1783/1783 1911/1911/1911
f 1913/1913/1913 1787/1787/1787 1782/1782/1782
f 1788/1788/1788 1915/1915/1915 1784/1784/1784
f 1787/1787/1787 1917/1917/1917 1843/1843/1843
f 1789/1789/1789 1709/1709/1709 1843/1843/1843
f 1790/1790/1790 1918/1918/1918 1788/1788/1788
f 1789/1789/1789 1920/1920/1920 1792/1792/1792
f 1794/1794/1794 1921/1921/1921 1790/1790/1790
f 1796/1796/1796 1791/1791/1791 1922/1922/1922
f 1794/1794/1794 1795/1795/1795 1923/1923/1923
f 1795/1795/1795 1844/1844/1844 1924/1924/1924
f 1799/1799/1799 1796/1796/1796 1925/1925/1925
f 1845/1845/1845 1846/1846/1846 1711/1711/1711
f 1845/1845/1845 1716/1716/1716 1851/1851/1851
f 1846/1846/1846 1847/1847/1847 1712/1712/1712
f 1848/1848/1848 1713/1713/1713 1847/1847/1847
f 1715/1715/1715 1849/1849/1849 1850/1850/1850
f 1854/1854/1854 1719/1719/1719 1850/1850/1850
f 1717/1717/1717 1852/1852/1852 1851/1851/1851
f 1926/1926/1926 1852/1852/1852 1718/1718/1718
f 1926/1926/1926 1718/1718/1718 1853/1853/1853
f 1854/1854/1854 1855/1855/1855 1720/1720/1720
f 1855/1855/1855 1856/1856/1856 1721/1721/1721
f 1723/1723/1723 1856/1856/1856 1857/1857/1857
f 1724/1724/1724 1857/1857/1857 1858/1858/1858
f 1725/1725/1725 1858/1858/1858 1859/1859/1859
f 1726/1726/1726 1859/1859/1859 1860/1860/1860
f 1861/1861/1861 1727/1727/1727 1860/1860/1860
f 1861/1861/1861 1927/1927/1927 1798/1798/1798
f 1798/1798/1798 1927/1927/1927 1844/1844/1844
f 1799/1799/1799 1928/1928/1928 1824/1824/1824
f 1862/1862/1862 1731/1731/1731 1865/1865/1865
f 1862/1862/1862 1929/1929/1929 1800/1800/1800
f 1863/1863/1863 1800/1800/1800 1929/1929/1929
f 1801/1801/1801 1823/1823/1823 1869/1869/1869
f 1801/1801/1801 1930/1930/1930 1864/1864/1864
f 1863/1863/1863 1867/1867/1867 1732/1732/1732
f 1803/1803/1803 1809/1809/1809 1933/1933/1933
f 1935/1935/1935 1806/1806/1806 1803/1803/1803
f 1936/1936/1936 1808/1808/1808 1805/1805/1805
f 1808/1808/1808 1937/1937/1937 1811/1811/1811
f 1809/1809/1809 1812/1812/1812 1938/1938/1938
f 1812/1812/1812 1814/1814/1814 1939/1939/1939
f 1817/1817/1817 1940/1940/1940 1814/1814/1814
f 1937/1937/1937 1816/1816/1816 1811/1811/1811
f 1819/1819/1819 1816/1816/1816 1941/1941/1941
f 1866/1866/1866 1942/1942/1942 1817/1817/1817
f 1943/1943/1943 1820/1820/1820 1819/1819/1819
f 1821/1821/1821 1820/1820/1820 1944/1944/1944
f 1945/1945/1945 1822/1822/1822 1821/1821/1821
f 1945/1945/1945 1868/1868/1868 1822/1822/1822
f 1824/1824/1824 1946/1946/1946 1869/1869/1869
f 1825/1825/1825 1870/1870/1870 1947/1947/1947
f 1870/1870/1870 1826/1826/1826 1948/1948/1948
f 1737/1737/1737 1872/1872/1872 1871/1871/1871
f 1825/1825/1825 1947/1947/1947 1872/1872/1872
f 1826/1826/1826 1873/1873/1873 1948/1948/1948
f 1873/1873/1873 1739/1739/1739 1874/1874/1874
f 1871/1871/1871 1949/1949/1949 1827/1827/1827
f 1875/1875/1875 1874/1874/1874 1740/1740/1740
f 1744/1744/1744 1879/1879/1879 1875/1875/1875
f 1742/1742/1742 1877/1877/1877 1876/1876/1876
f 1743/1743/1743 1878/1878/1878 1877/1877/1877
f 1827/1827/1827 1949/1949/1949 1878/1878/1878
f 1879/1879/1879 1745/1745/1745 1880/1880/1880
f 1950/1950/1950 1828/1828/1828 1868/1868/1868
f 1951/1951/1951 1829/1829/1829 1828/1828/1828
f 1880/1880/1880 1829/1829/1829 1952/1952/1952
f 1830/1830/1830 1881/1881/1881 1953/1953/1953
f 1831/1831/1831 1832/1832/1832 1954/1954/1954
f 1831/1831/1831 1954/1954/1954 1881/1881/1881
f 1955/1955/1955 1832/1832/1832 1833/1833/1833
f 1834/1834/1834 1956/1956/1956 1833/1833/1833
f 1876/1876/1876 1957/1957/1957 1834/1834/1834
f 1830/1830/1830 1953/1953/1953 1839/1839/1839
f 1746/1746/1746 1882/1882/1882 1958/1958/1958
f 1885/1885/1885 1749/1749/1749 1884/1884/1884
f 1884/1884/1884 1746/1746/1746 1958/1958/1958
f 1886/1886/1886 1750/1750/1750 1885/1885/1885
f 1752/1752/1752 1887/1887/1887 1888/1888/1888
f 1888/1888/1888 1959/1959/1959 1835/1835/1835
f 1835/1835/1835 1960/1960/1960 1836/1836/1836
f 1960/1960/1960 1889/1889/1889 1836/1836/1836
f 1961/1961/1961 1837/1837/1837 1889/1889/1889
f 1755/1755/1755 1891/1891/1891 1890/1890/1890
f 1754/1754/1754 1890/1890/1890 1853/1853/1853
f 1756/1756/1756 1892/1892/1892 1891/1891/1891
f 1838/1838/1838 1962/1962/1962 1892/1892/1892
f 1893/1893/1893 1758/1758/1758 1894/1894/1894
f 1838/1838/1838 1893/1893/1893 1962/1962/1962
f 1895/1895/1895 1894/1894/1894 1759/1759/1759
f 1895/1895/1895 1839/1839/1839 1963/1963/1963
f 1762/1762/1762 1898/1898/1898 1897/1897/1897
f 1760/1760/1760 1896/1896/1896 1883/1883/1883
f 1899/1899/1899 1898/1898/1898 1763/1763/1763
f 1899/1899/1899 1764/1764/1764 1900/1900/1900
f 1900/1900/1900 1837/1837/1837 1961/1961/1961
f 1767/1767/1767 1903/1903/1903 1901/1901/1901
f 1902/1902/1902 1765/1765/1765 1901/1901/1901
f 1902/1902/1902 1964/1964/1964 1840/1840/1840
f 1771/1771/1771 1905/1905/1905 1903/1903/1903
f 1964/1964/1964 1904/1904/1904 1840/1840/1840
f 1906/1906/1906 1773/1773/1773 1904/1904/1904
f 1775/1775/1775 1908/1908/1908 1905/1905/1905
f 1909/1909/1909 1777/1777/1777 1906/1906/1906
f 1779/1779/1779 1911/1911/1911 1908/1908/1908
f 1909/1909/1909 1912/1912/1912 1781/1781/1781
f 1783/1783/1783 1914/1914/1914 1911/1911/1911
f 1912/1912/1912 1916/1916/1916 1786/1786/1786
f 1918/1918/1918 1915/1915/1915 1788/1788/1788
f 1919/1919/1919 1842/1842/1842 1916/1916/1916
f 1789/1789/1789 1843/1843/1843 1920/1920/1920
f 1965/1965/1965 1918/1918/1918 1790/1790/1790
f 1922/1922/1922 1791/1791/1791 1919/1919/1919
f 1794/1794/1794 1923/1923/1923 1921/1921/1921
f 1790/1790/1790 1921/1921/1921 1965/1965/1965
f 1796/1796/1796 1922/1922/1922 1925/1925/1925
f 1795/1795/1795 1924/1924/1924 1923/1923/1923
f 1924/1924/1924 1844/1844/1844 1966/1966/1966
f 1799/1799/1799 1925/1925/1925 1928/1928/1928
f 1845/1845/1845 1967/1967/1967 1846/1846/1846
f 1845/1845/1845 1851/1851/1851 1968/1968/1968
f 1846/1846/1846 1969/1969/1969 1847/1847/1847
f 1848/1848/1848 1847/1847/1847 1970/1970/1970
f 1850/1850/1850 1849/1849/1849 1972/1972/1972
f 1854/1854/1854 1850/1850/1850 1973/1973/1973
f 1851/1851/1851 1852/1852/1852 1974/1974/1974
f 1926/1926/1926 1975/1975/1975 1852/1852/1852
f 1976/1976/1976 1926/1926/1926 1853/1853/1853
f 1854/1854/1854 1977/1977/1977 1855/1855/1855
f 1855/1855/1855 1978/1978/1978 1856/1856/1856
f 1979/1979/1979 1857/1857/1857 1856/1856/1856
f 1980/1980/1980 1858/1858/1858 1857/1857/1857
f 1859/1859/1859 1858/1858/1858 1981/1981/1981
f 1982/1982/1982 1860/1860/1860 1859/1859/1859
f 1983/1983/1983 1861/1861/1861 1860/1860/1860
f 1984/1984/1984 1927/1927/1927 1861/1861/1861
f 1844/1844/1844 1927/1927/1927 1966/1966/1966
f 1824/1824/1824 1928/1928/1928 1946/1946/1946
f 1862/1862/1862 1865/1865/1865 1985/1985/1985
f 1862/1862/1862 1985/1985/1985 1929/1929/1929
f 1863/1863/1863 1929/1929/1929 1987/1987/1987
f 1801/1801/1801 1869/1869/1869 1930/1930/1930
f 1865/1865/1865 1931/1931/1931 1988/1988/1988
f 1863/1863/1863 1987/1987/1987 1867/1867/1867
f 1809/1809/1809 1938/1938/1938 1933/1933/1933
f 1935/1935/1935 1803/1803/1803 1933/1933/1933
f 1936/1936/1936 1805/1805/1805 1934/1934/1934
f 1936/1936/1936 1937/1937/1937 1808/1808/1808
f 1812/1812/1812 1939/1939/1939 1938/1938/1938
f 1814/1814/1814 1940/1940/1940 1939/1939/1939
f 1942/1942/1942 1940/1940/1940 1817/1817/1817
f 1941/1941/1941 1816/1816/1816 1937/1937/1937
f 1943/1943/1943 1819/1819/1819 1941/1941/1941
f 1866/1866/1866 1986/1986/1986 1942/1942/1942
f 1943/1943/1943 1944/1944/1944 1820/1820/1820
f 1945/1945/1945 1821/1821/1821 1944/1944/1944
f 1989/1989/1989 1868/1868/1868 1945/1945/1945
f 1946/1946/1946 1930/1930/1930 1869/1869/1869
f 1870/1870/1870 1990/1990/1990 1947/1947/1947
f 1870/1870/1870 1948/1948/1948 1990/1990/1990
f 1871/1871/1871 1872/1872/1872 1991/1991/1991
f 1947/1947/1947 1992/1992/1992 1872/1872/1872
f 1948/1948/1948 1873/1873/1873 1993/1993/1993
f 1873/1873/1873 1874/1874/1874 1993/1993/1993
f 1871/1871/1871 1991/1991/1991 1949/1949/1949
f 1994/1994/1994 1874/1874/1874 1875/1875/1875
f 1995/1995/1995 1875/1875/1875 1879/1879/1879
f 1876/1876/1876 1877/1877/1877 1996/1996/1996
f 1877/1877/1877 1878/1878/1878 1997/1997/1997
f 1998/1998/1998 1878/1878/1878 1949/1949/1949
f 1999/1999/1999 1879/1879/1879 1880/1880/1880
f 1951/1951/1951 1828/1828/1828 1950/1950/1950
f 1989/1989/1989 1950/1950/1950 1868/1868/1868
f 1951/1951/1951 1952/1952/1952 1829/1829/1829
f 2000/2000/2000 1880/1880/1880 1952/1952/1952
f 1953/1953/1953 1881/1881/1881 2001/2001/2001
f 1954/1954/1954 1832/1832/1832 1955/1955/1955
f 1954/1954/1954 2001/2001/2001 1881/1881/1881
f 1956/1956/1956 1955/1955/1955 1833/1833/1833
f 1834/1834/1834 1957/1957/1957 1956/1956/1956
f 1876/1876/1876 1996/1996/1996 1957/1957/1957
f 1963/1963/1963 1839/1839/1839 1953/1953/1953
f 1958/1958/1958 1882/1882/1882 2002/2002/2002
f 2004/2004/2004 1885/1885/1885 1884/1884/1884
f 2005/2005/2005 1884/1884/1884 1958/1958/1958
f 2006/2006/2006 1886/1886/1886 1885/1885/1885
f 1887/1887/1887 2008/2008/2008 1888/1888/1888
f 1888/1888/1888 2009/2009/2009 1959/1959/1959
f 1835/1835/1835 1959/1959/1959 1960/1960/1960
f 1960/1960/1960 2010/2010/2010 1889/1889/1889
f 1961/1961/1961 1889/1889/1889 2010/2010/2010
f 2011/2011/2011 1890/1890/1890 1891/1891/1891
f 1976/1976/1976 1853/1853/1853 1890/1890/1890
f 2012/2012/2012 1891/1891/1891 1892/1892/1892
f 1892/1892/1892 1962/1962/1962 2013/2013/2013
f 2014/2014/2014 1893/1893/1893 1894/1894/1894
f 2014/2014/2014 1962/1962/1962 1893/1893/1893
f 2015/2015/2015 1894/1894/1894 1895/1895/1895
f 1895/1895/1895 1963/1963/1963 2016/2016/2016
f 2018/2018/2018 1897/1897/1897 1898/1898/1898
f 1883/1883/1883 1896/1896/1896 2003/2003/2003
f 1899/1899/1899 2019/2019/2019 1898/1898/1898
f 2020/2020/2020 1899/1899/1899 1900/1900/1900
f 1900/1900/1900 1961/1961/1961 2021/2021/2021
f 2022/2022/2022 1901/1901/1901 1903/1903/1903
f 2023/2023/2023 1902/1902/1902 1901/1901/1901
f 1902/1902/1902 2024/2024/2024 1964/1964/1964
f 2025/2025/2025 1903/1903/1903 1905/1905/1905
f 2026/2026/2026 1904/1904/1904 1964/1964/1964
f 2026/2026/2026 1906/1906/1906 1904/1904/1904
f 2027/2027/2027 1905/1905/1905 1908/1908/1908
f 2028/2028/2028 1909/1909/1909 1906/1906/1906
f 2029/2029/2029 1908/1908/1908 1911/1911/1911
f 2030/2030/2030 1912/1912/1912 1909/1909/1909
f 1911/1911/1911 1914/1914/1914 2031/2031/2031
f 2033/2033/2033 1916/1916/1916 1912/1912/1912
f 1918/1918/1918 2034/2034/2034 1915/1915/1915
f 2035/2035/2035 1919/1919/1919 1916/1916/1916
f 2036/2036/2036 1918/1918/1918 1965/1965/1965
f 1922/1922/1922 1919/1919/1919 2035/2035/2035
f 2037/2037/2037 1921/1921/1921 1923/1923/1923
f 2038/2038/2038 1965/1965/1965 1921/1921/1921
f 1925/1925/1925 1922/1922/1922 2039/2039/2039
f 1924/1924/1924 2040/2040/2040 1923/1923/1923
f 2041/2041/2041 1924/1924/1924 1966/1966/1966
f 1928/1928/1928 1925/1925/1925 2042/2042/2042
f 1845/1845/1845 1968/1968/1968 1967/1967/1967
f 1967/1967/1967 1969/1969/1969 1846/1846/1846
f 1968/1968/1968 1851/1851/1851 1974/1974/1974
f 1969/1969/1969 1970/1970/1970 1847/1847/1847
f 1848/1848/1848 1970/1970/1970 1971/1971/1971
f 1850/1850/1850 1972/1972/1972 1973/1973/1973
f 1854/1854/1854 1973/1973/1973 1977/1977/1977
f 1974/1974/1974 1852/1852/1852 1975/1975/1975
f 1976/1976/1976 1975/1975/1975 1926/1926/1926
f 1855/1855/1855 1977/1977/1977 1978/1978/1978
f 1979/1979/1979 1856/1856/1856 1978/1978/1978
f 1980/1980/1980 1857/1857/1857 1979/1979/1979
f 1981/1981/1981 1858/1858/1858 1980/1980/1980
f 1982/1982/1982 1859/1859/1859 1981/1981/1981
f 1983/1983/1983 1860/1860/1860 1982/1982/1982
f 1983/1983/1983 1984/1984/1984 1861/1861/1861
f 2043/2043/2043 1927/1927/1927 1984/1984/1984
f 2043/2043/2043 1966/1966/1966 1927/1927/1927
f 2044/2044/2044 1946/1946/1946 1928/1928/1928
f 1865/1865/1865 1988/1988/1988 1985/1985/1985
f 1929/1929/1929 1985/1985/1985 2046/2046/2046
f 1987/1987/1987 1929/1929/1929 2046/2046/2046
f 1931/1931/1931 2048/2048/2048 1988/1988/1988
f 1933/1933/1933 1938/1938/1938 2050/2050/2050
f 1934/1934/1934 1932/1932/1932 2051/2051/2051
f 1936/1936/1936 1934/1934/1934 2053/2053/2053
f 1936/1936/1936 2054/2054/2054 1937/1937/1937
f 1938/1938/1938 1939/1939/1939 2055/2055/2055
f 2056/2056/2056 1939/1939/1939 1940/1940/1940
f 1942/1942/1942 2057/2057/2057 1940/1940/1940
f 1941/1941/1941 1937/1937/1937 2054/2054/2054
f 1943/1943/1943 1941/1941/1941 2058/2058/2058
f 1942/1942/1942 1986/1986/1986 2059/2059/2059
f 1943/1943/1943 2060/2060/2060 1944/1944/1944
f 1945/1945/1945 1944/1944/1944 2061/2061/2061
f 1989/1989/1989 1945/1945/1945 2061/2061/2061
f 2062/2062/2062 1930/1930/1930 1946/1946/1946
f 1947/1947/1947 1990/1990/1990 2063/2063/2063
f 1990/1990/1990 1948/1948/1948 2064/2064/2064
f 1991/1991/1991 1872/1872/1872 1992/1992/1992
f 1947/1947/1947 2063/2063/2063 1992/1992/1992
f 1948/1948/1948 1993/1993/1993 2064/2064/2064
f 1994/1994/1994 1993/1993/1993 1874/1874/1874
f 2065/2065/2065 1949/1949/1949 1991/1991/1991
f 1994/1994/1994 1875/1875/1875 1995/1995/1995
f 1999/1999/1999 1995/1995/1995 1879/1879/1879
f 1996/1996/1996 1877/1877/1877 1997/1997/1997
f 1998/1998/1998 1997/1997/1997 1878/1878/1878
f 1998/1998/1998 1949/1949/1949 2065/2065/2065
f 1999/1999/1999 1880/1880/1880 2000/2000/2000
f 1951/1951/1951 1950/1950/1950 2066/2066/2066
f 1989/1989/1989 2067/2067/2067 1950/1950/1950
f 1951/1951/1951 2068/2068/2068 1952/1952/1952
f 2000/2000/2000 1952/1952/1952 2069/2069/2069
f 2070/2070/2070 1953/1953/1953 2001/2001/2001
f 2071/2071/2071 1954/1954/1954 1955/1955/1955
f 2071/2071/2071 2001/2001/2001 1954/1954/1954
f 1956/1956/1956 2072/2072/2072 1955/1955/1955
f 1956/1956/1956 1957/1957/1957 2073/2073/2073
f 1957/1957/1957 1996/1996/1996 2074/2074/2074
f 1963/1963/1963 1953/1953/1953 2070/2070/2070
f 2005/2005/2005 1958/1958/1958 2002/2002/2002
f 2006/2006/2006 1885/1885/1885 2004/2004/2004
f 2005/2005/2005 2004/2004/2004 1884/1884/1884
f 2006/2006/2006 2007/2007/2007 1886/1886/1886
f 1888/1888/1888 2008/2008/2008 2009/2009/2009
f 2075/2075/2075 1959/1959/1959 2009/2009/2009
f 2076/2076/2076 1960/1960/1960 1959/1959/1959
f 2076/2076/2076 2010/2010/2010 1960/1960/1960
f 1961/1961/1961 2010/2010/2010 2077/2077/2077
f 2011/2011/2011 1976/1976/1976 1890/1890/1890
f 2012/2012/2012 2011/2011/2011 1891/1891/1891
f 2012/2012/2012 1892/1892/1892 2013/2013/2013
f 1962/1962/1962 2078/2078/2078 2013/2013/2013
f 2015/2015/2015 2014/2014/2014 1894/1894/1894
f 2014/2014/2014 2078/2078/2078 1962/1962/1962
f 2015/2015/2015 1895/1895/1895 2016/2016/2016
f 1963/1963/1963 2079/2079/2079 2016/2016/2016
f 2017/2017/2017 2003/2003/2003 1896/1896/1896
f 2019/2019/2019 2018/2018/2018 1898/1898/1898
f 2020/2020/2020 2019/2019/2019 1899/1899/1899
f 2020/2020/2020 1900/1900/1900 2021/2021/2021
f 2021/2021/2021 1961/1961/1961 2077/2077/2077
f 2022/2022/2022 2023/2023/2023 1901/1901/1901
f 2022/2022/2022 1903/1903/1903 2025/2025/2025
f 2023/2023/2023 2024/2024/2024 1902/1902/1902
f 2080/2080/2080 1964/1964/1964 2024/2024/2024
f 2025/2025/2025 1905/1905/1905 2027/2027/2027
f 2026/2026/2026 1964/1964/1964 2080/2080/2080
f 2028/2028/2028 1906/1906/1906 2026/2026/2026
f 2029/2029/2029 2027/2027/2027 1908/1908/1908
f 2028/2028/2028 2030/2030/2030 1909/1909/1909
f 2029/2029/2029 1911/1911/1911 2031/2031/2031
f 2030/2030/2030 2033/2033/2033 1912/1912/1912
f 2034/2034/2034 2032/2032/2032 1915/1915/1915
f 2033/2033/2033 2035/2035/2035 1916/1916/1916
f 2036/2036/2036 2034/2034/2034 1918/1918/1918
f 2038/2038/2038 2036/2036/2036 1965/1965/1965
f 1922/1922/1922 2035/2035/2035 2039/2039/2039
f 2038/2038/2038 1921/1921/1921 2037/2037/2037
f 2037/2037/2037 1923/1923/1923 2040/2040/2040
f 1925/1925/1925 2039/2039/2039 2042/2042/2042
f 2041/2041/2041 2040/2040/2040 1924/1924/1924
f 2041/2041/2041 1966/1966/1966 2081/2081/2081
f 2044/2044/2044 1928/1928/1928 2042/2042/2042
f 1968/1968/1968 2082/2082/2082 1967/1967/1967
f 1967/1967/1967 2083/2083/2083 1969/1969/1969
f 2084/2084/2084 1968/1968/1968 1974/1974/1974
f 1969/1969/1969 2085/2085/2085 1970/1970/1970
f 1970/1970/1970 2086/2086/2086 1971/1971/1971
f 1973/1973/1973 1972/1972/1972 2088/2088/2088
f 1973/1973/1973 2089/2089/2089 1977/1977/1977
f 2090/2090/2090 1974/1974/1974 1975/1975/1975
f 2091/2091/2091 1975/1975/1975 1976/1976/1976
f 1977/1977/1977 2092/2092/2092 1978/1978/1978
f 1979/1979/1979 1978/1978/1978 2093/2093/2093
f 2094/2094/2094 1980/1980/1980 1979/1979/1979
f 2095/2095/2095 1981/1981/1981 1980/1980/1980
f 2096/2096/2096 1982/1982/1982 1981/1981/1981
f 2097/2097/2097 1983/1983/1983 1982/1982/1982
f 1983/1983/1983 2098/2098/2098 1984/1984/1984
f 2099/2099/2099 2043/2043/2043 1984/1984/1984
f 2043/2043/2043 2081/2081/2081 1966/1966/1966
f 2044/2044/2044 2062/2062/2062 1946/1946/1946
f 1988/1988/1988 2100/2100/2100 1985/1985/1985
f 1985/1985/1985 2100/2100/2100 2046/2046/2046
f 1986/1986/1986 2045/2045/2045 2101/2101/2101
f 2062/2062/2062 2047/2047/2047 1930/1930/1930
f 2102/2102/2102 1988/1988/1988 2048/2048/2048
f 1938/1938/1938 2055/2055/2055 2050/2050/2050
f 2052/2052/2052 1933/1933/1933 2050/2050/2050
f 1934/1934/1934 2051/2051/2051 2053/2053/2053
f 1936/1936/1936 2053/2053/2053 2054/2054/2054
f 2056/2056/2056 2055/2055/2055 1939/1939/1939
f 2056/2056/2056 1940/1940/1940 2057/2057/2057
f 1942/1942/1942 2059/2059/2059 2057/2057/2057
f 2058/2058/2058 1941/1941/1941 2054/2054/2054
f 1943/1943/1943 2058/2058/2058 2060/2060/2060
f 1986/1986/1986 2101/2101/2101 2059/2059/2059
f 2061/2061/2061 1944/1944/1944 2060/2060/2060
f 1989/1989/1989 2061/2061/2061 2103/2103/2103
f 1990/1990/1990 2104/2104/2104 2063/2063/2063
f 1990/1990/1990 2064/2064/2064 2104/2104/2104
f 2105/2105/2105 1991/1991/1991 1992/1992/1992
f 2063/2063/2063 2106/2106/2106 1992/1992/1992
f 2107/2107/2107 2064/2064/2064 1993/1993/1993
f 1994/1994/1994 2107/2107/2107 1993/1993/1993
f 2065/2065/2065 1991/1991/1991 2105/2105/2105
f 1994/1994/1994 1995/1995/1995 2108/2108/2108
f 2109/2109/2109 1995/1995/1995 1999/1999/1999
f 2110/2110/2110 1996/1996/1996 1997/1997/1997
f 2111/2111/2111 1997/1997/1997 1998/1998/1998
f 1998/1998/1998 2065/2065/2065 2112/2112/2112
f 1999/1999/1999 2000/2000/2000 2113/2113/2113
f 2067/2067/2067 2066/2066/2066 1950/1950/1950
f 1951/1951/1951 2066/2066/2066 2068/2068/2068
f 1989/1989/1989 2103/2103/2103 2067/2067/2067
f 2069/2069/2069 1952/1952/1952 2068/2068/2068
f 2000/2000/2000 2069/2069/2069 2114/2114/2114
f 2115/2115/2115 2070/2070/2070 2001/2001/2001
f 2071/2071/2071 1955/1955/1955 2072/2072/2072
f 2115/2115/2115 2001/2001/2001 2071/2071/2071
f 1956/1956/1956 2073/2073/2073 2072/2072/2072
f 1957/1957/1957 2074/2074/2074 2073/2073/2073
f 2074/2074/2074 1996/1996/1996 2110/2110/2110
f 2070/2070/2070 2116/2116/2116 1963/1963/1963
f 2005/2005/2005 2002/2002/2002 2117/2117/2117
f 2006/2006/2006 2004/2004/2004 2120/2120/2120
f 2005/2005/2005 2121/2121/2121 2004/2004/2004
f 2122/2122/2122 2007/2007/2007 2006/2006/2006
f 2125/2125/2125 2009/2009/2009 2008/2008/2008
f 2075/2075/2075 2076/2076/2076 1959/1959/1959
f 2127/2127/2127 2075/2075/2075 2009/2009/2009
f 2076/2076/2076 2128/2128/2128 2010/2010/2010
f 2077/2077/2077 2010/2010/2010 2128/2128/2128
f 2091/2091/2091 1976/1976/1976 2011/2011/2011
f 2012/2012/2012 2129/2129/2129 2011/2011/2011
f 2012/2012/2012 2013/2013/2013 2130/2130/2130
f 2078/2078/2078 2131/2131/2131 2013/2013/2013
f 2015/2015/2015 2132/2132/2132 2014/2014/2014
f 2014/2014/2014 2132/2132/2132 2078/2078/2078
f 2015/2015/2015 2016/2016/2016 2133/2133/2133
f 2116/2116/2116 2079/2079/2079 1963/1963/1963
f 2079/2079/2079 2134/2134/2134 2016/2016/2016
f 2017/2017/2017 2118/2118/2118 2003/2003/2003
f 2019/2019/2019 2135/2135/2135 2018/2018/2018
f 2020/2020/2020 2135/2135/2135 2019/2019/2019
f 2020/2020/2020 2021/2021/2021 2136/2136/2136
f 2021/2021/2021 2077/2077/2077 2137/2137/2137
f 2138/2138/2138 2023/2023/2023 2022/2022/2022
f 2022/2022/2022 2025/2025/2025 2139/2139/2139
f 2140/2140/2140 2024/2024/2024 2023/2023/2023
f 2080/2080/2080 2024/2024/2024 2141/2141/2141
f 2142/2142/2142 2025/2025/2025 2027/2027/2027
f 2143/2143/2143 2026/2026/2026 2080/2080/2080
f 2143/2143/2143 2028/2028/2028 2026/2026/2026
f 2144/2144/2144 2027/2027/2027 2029/2029/2029
f 2145/2145/2145 2030/2030/2030 2028/2028/2028
f 2029/2029/2029 2031/2031/2031 2146/2146/2146
f 2030/2030/2030 2147/2147/2147 2033/2033/2033
f 2034/2034/2034 2149/2149/2149 2032/2032/2032
f 2033/2033/2033 2150/2150/2150 2035/2035/2035
f 2036/2036/2036 2151/2151/2151 2034/2034/2034
f 2038/2038/2038 2152/2152/2152 2036/2036/2036
f 2035/2035/2035 2150/2150/2150 2039/2039/2039
f 2038/2038/2038 2037/2037/2037 2153/2153/2153
f 2037/2037/2037 2040/2040/2040 2154/2154/2154
f 2042/2042/2042 2039/2039/2039 2155/2155/2155
f 2041/2041/2041 2156/2156/2156 2040/2040/2040
f 2157/2157/2157 2041/2041/2041 2081/2081/2081
f 2044/2044/2044 2042/2042/2042 2158/2158/2158
f 2084/2084/2084 2082/2082/2082 1968/1968/1968
f 1967/1967/1967 2082/2082/2082 2083/2083/2083
f 2083/2083/2083 2085/2085/2085 1969/1969/1969
f 2084/2084/2084 1974/1974/1974 2090/2090/2090
f 1970/1970/1970 2085/2085/2085 2086/2086/2086
f 1971/1971/1971 2086/2086/2086 2087/2087/2087
f 1973/1973/1973 2088/2088/2088 2089/2089/2089
f 1977/1977/1977 2089/2089/2089 2092/2092/2092
f 2091/2091/2091 2090/2090/2090 1975/1975/1975
f 2093/2093/2093 1978/1978/1978 2092/2092/2092
f 2094/2094/2094 1979/1979/1979 2093/2093/2093
f 2095/2095/2095 1980/1980/1980 2094/2094/2094
f 2095/2095/2095 2096/2096/2096 1981/1981/1981
f 2097/2097/2097 1982/1982/1982 2096/2096/2096
f 2097/2097/2097 2098/2098/2098 1983/1983/1983
f 2099/2099/2099 1984/1984/1984 2098/2098/2098
f 2099/2099/2099 2159/2159/2159 2043/2043/2043
f 2159/2159/2159 2081/2081/2081 2043/2043/2043
f 2044/2044/2044 2160/2160/2160 2062/2062/2062
f 2102/2102/2102 2100/2100/2100 1988/1988/1988
f 2162/2162/2162 2046/2046/2046 2100/2100/2100
f 2101/2101/2101 2045/2045/2045 2161/2161/2161
f 2163/2163/2163 2047/2047/2047 2062/2062/2062
f 2164/2164/2164 2102/2102/2102 2048/2048/2048
f 2166/2166/2166 2050/2050/2050 2055/2055/2055
f 2051/2051/2051 2049/2049/2049 2167/2167/2167
f 2053/2053/2053 2051/2051/2051 2168/2168/2168
f 2169/2169/2169 2054/2054/2054 2053/2053/2053
f 2170/2170/2170 2055/2055/2055 2056/2056/2056
f 2056/2056/2056 2057/2057/2057 2171/2171/2171
f 2059/2059/2059 2172/2172/2172 2057/2057/2057
f 2058/2058/2058 2054/2054/2054 2169/2169/2169
f 2058/2058/2058 2173/2173/2173 2060/2060/2060
f 2059/2059/2059 2101/2101/2101 2174/2174/2174
f 2175/2175/2175 2061/2061/2061 2060/2060/2060
f 2103/2103/2103 2061/2061/2061 2175/2175/2175
f 2104/2104/2104 2176/2176/2176 2063/2063/2063
f 2177/2177/2177 2104/2104/2104 2064/2064/2064
f 2105/2105/2105 1992/1992/1992 2106/2106/2106
f 2176/2176/2176 2106/2106/2106 2063/2063/2063
f 2177/2177/2177 2064/2064/2064 2107/2107/2107
f 1994/1994/1994 2108/2108/2108 2107/2107/2107
f 2065/2065/2065 2105/2105/2105 2178/2178/2178
f 2109/2109/2109 2108/2108/2108 1995/1995/1995
f 2109/2109/2109 1999/1999/1999 2113/2113/2113
f 2111/2111/2111 2110/2110/2110 1997/1997/1997
f 2111/2111/2111 1998/1998/1998 2112/2112/2112
f 2112/2112/2112 2065/2065/2065 2178/2178/2178
f 2000/2000/2000 2114/2114/2114 2113/2113/2113
f 2067/2067/2067 2179/2179/2179 2066/2066/2066
f 2066/2066/2066 2180/2180/2180 2068/2068/2068
f 2067/2067/2067 2103/2103/2103 2181/2181/2181
f 2069/2069/2069 2068/2068/2068 2182/2182/2182
f 2183/2183/2183 2114/2114/2114 2069/2069/2069
f 2115/2115/2115 2116/2116/2116 2070/2070/2070
f 2071/2071/2071 2072/2072/2072 2184/2184/2184
f 2115/2115/2115 2071/2071/2071 2184/2184/2184
f 2072/2072/2072 2073/2073/2073 2185/2185/2185
f 2073/2073/2073 2074/2074/2074 2186/2186/2186
f 2074/2074/2074 2110/2110/2110 2187/2187/2187
f 2005/2005/2005 2117/2117/2117 2188/2188/2188
f 2121/2121/2121 2120/2120/2120 2004/2004/2004
f 2122/2122/2122 2006/2006/2006 2120/2120/2120
f 2005/2005/2005 2188/2188/2188 2121/2121/2121
f 2122/2122/2122 2123/2123/2123 2007/2007/2007
f 2127/2127/2127 2009/2009/2009 2125/2125/2125
f 2075/2075/2075 2190/2190/2190 2076/2076/2076
f 2127/2127/2127 2192/2192/2192 2075/2075/2075
f 2076/2076/2076 2190/2190/2190 2128/2128/2128
f 2077/2077/2077 2128/2128/2128 2193/2193/2193
f 2091/2091/2091 2011/2011/2011 2129/2129/2129
f 2012/2012/2012 2130/2130/2130 2129/2129/2129
f 2013/2013/2013 2131/2131/2131 2130/2130/2130
f 2194/2194/2194 2131/2131/2131 2078/2078/2078
f 2015/2015/2015 2133/2133/2133 2132/2132/2132
f 2132/2132/2132 2194/2194/2194 2078/2078/2078
f 2133/2133/2133 2016/2016/2016 2134/2134/2134
f 2116/2116/2116 2195/2195/2195 2079/2079/2079
f 2079/2079/2079 2196/2196/2196 2134/2134/2134
f 2018/2018/2018 2135/2135/2135 2119/2119/2119
f 2197/2197/2197 2135/2135/2135 2020/2020/2020
f 2021/2021/2021 2137/2137/2137 2136/2136/2136
f 2197/2197/2197 2020/2020/2020 2136/2136/2136
f 2077/2077/2077 2193/2193/2193 2137/2137/2137
f 2138/2138/2138 2140/2140/2140 2023/2023/2023
f 2138/2138/2138 2022/2022/2022 2139/2139/2139
f 2139/2139/2139 2025/2025/2025 2142/2142/2142
f 2140/2140/2140 2141/2141/2141 2024/2024/2024
f 2198/2198/2198 2080/2080/2080 2141/2141/2141
f 2142/2142/2142 2027/2027/2027 2144/2144/2144
f 2198/2198/2198 2143/2143/2143 2080/2080/2080
f 2145/2145/2145 2028/2028/2028 2143/2143/2143
f 2144/2144/2144 2029/2029/2029 2146/2146/2146
f 2145/2145/2145 2147/2147/2147 2030/2030/2030
f 2148/2148/2148 2146/2146/2146 2031/2031/2031
f 2147/2147/2147 2150/2150/2150 2033/2033/2033
f 2151/2151/2151 2149/2149/2149 2034/2034/2034
f 2152/2152/2152 2151/2151/2151 2036/2036/2036
f 2038/2038/2038 2153/2153/2153 2152/2152/2152
f 2150/2150/2150 2155/2155/2155 2039/2039/2039
f 2037/2037/2037 2154/2154/2154 2153/2153/2153
f 2156/2156/2156 2154/2154/2154 2040/2040/2040
f 2158/2158/2158 2042/2042/2042 2155/2155/2155
f 2157/2157/2157 2156/2156/2156 2041/2041/2041
f 2157/2157/2157 2081/2081/2081 2199/2199/2199
f 2044/2044/2044 2158/2158/2158 2160/2160/2160
f 2084/2084/2084 2200/2200/2200 2082/2082/2082
f 2201/2201/2201 2083/2083/2083 2082/2082/2082
f 2202/2202/2202 2085/2085/2085 2083/2083/2083
f 2084/2084/2084 2090/2090/2090 2203/2203/2203
f 2085/2085/2085 2204/2204/2204 2086/2086/2086
f 2086/2086/2086 2205/2205/2205 2087/2087/2087
f 2207/2207/2207 2089/2089/2089 2088/2088/2088
f 2089/2089/2089 2208/2208/2208 2092/2092/2092
f 2091/2091/2091 2209/2209/2209 2090/2090/2090
f 2093/2093/2093 2092/2092/2092 2210/2210/2210
f 2211/2211/2211 2094/2094/2094 2093/2093/2093
f 2212/2212/2212 2095/2095/2095 2094/2094/2094
f 2095/2095/2095 2213/2213/2213 2096/2096/2096
f 2097/2097/2097 2096/2096/2096 2214/2214/2214
f 2215/2215/2215 2098/2098/2098 2097/2097/2097
f 2099/2099/2099 2098/2098/2098 2216/2216/2216
f 2099/2099/2099 2217/2217/2217 2159/2159/2159
f 2159/2159/2159 2199/2199/2199 2081/2081/2081
f 2163/2163/2163 2062/2062/2062 2160/2160/2160
f 2102/2102/2102 2219/2219/2219 2100/2100/2100
f 2162/2162/2162 2100/2100/2100 2219/2219/2219
f 2101/2101/2101 2161/2161/2161 2220/2220/2220
f 2164/2164/2164 2222/2222/2222 2102/2102/2102
f 2165/2165/2165 2167/2167/2167 2049/2049/2049
f 2166/2166/2166 2055/2055/2055 2170/2170/2170
f 2168/2168/2168 2051/2051/2051 2167/2167/2167
f 2169/2169/2169 2053/2053/2053 2168/2168/2168
f 2170/2170/2170 2056/2056/2056 2171/2171/2171
f 2172/2172/2172 2171/2171/2171 2057/2057/2057
f 2059/2059/2059 2174/2174/2174 2172/2172/2172
f 2058/2058/2058 2169/2169/2169 2173/2173/2173
f 2175/2175/2175 2060/2060/2060 2173/2173/2173
f 2101/2101/2101 2220/2220/2220 2174/2174/2174
f 2103/2103/2103 2175/2175/2175 2223/2223/2223
f 2224/2224/2224 2176/2176/2176 2104/2104/2104
f 2224/2224/2224 2104/2104/2104 2177/2177/2177
f 2105/2105/2105 2106/2106/2106 2225/2225/2225
f 2176/2176/2176 2226/2226/2226 2106/2106/2106
f 2177/2177/2177 2107/2107/2107 2227/2227/2227
f 2107/2107/2107 2108/2108/2108 2227/2227/2227
f 2105/2105/2105 2225/2225/2225 2178/2178/2178
f 2109/2109/2109 2228/2228/2228 2108/2108/2108
f 2109/2109/2109 2113/2113/2113 2229/2229/2229
f 2111/2111/2111 2230/2230/2230 2110/2110/2110
f 2111/2111/2111 2112/2112/2112 2231/2231/2231
f 2112/2112/2112 2178/2178/2178 2232/2232/2232
f 2113/2113/2113 2114/2114/2114 2233/2233/2233
f 2067/2067/2067 2181/2181/2181 2179/2179/2179
f 2179/2179/2179 2180/2180/2180 2066/2066/2066
f 2068/2068/2068 2180/2180/2180 2182/2182/2182
f 2103/2103/2103 2223/2223/2223 2181/2181/2181
f 2183/2183/2183 2069/2069/2069 2182/2182/2182
f 2234/2234/2234 2114/2114/2114 2183/2183/2183
f 2115/2115/2115 2235/2235/2235 2116/2116/2116
f 2072/2072/2072 2185/2185/2185 2184/2184/2184
f 2115/2115/2115 2184/2184/2184 2235/2235/2235
f 2185/2185/2185 2073/2073/2073 2186/2186/2186
f 2074/2074/2074 2187/2187/2187 2186/2186/2186
f 2230/2230/2230 2187/2187/2187 2110/2110/2110
f 2189/2189/2189 2119/2119/2119 2135/2135/2135
f 2121/2121/2121 2236/2236/2236 2120/2120/2120
f 2122/2122/2122 2120/2120/2120 2237/2237/2237
f 2121/2121/2121 2188/2188/2188 2238/2238/2238
f 2122/2122/2122 2240/2240/2240 2123/2123/2123
f 2126/2126/2126 2124/2124/2124 2242/2242/2242
f 2075/2075/2075 2244/2244/2244 2190/2190/2190
f 2245/2245/2245 2191/2191/2191 2126/2126/2126
f 2075/2075/2075 2192/2192/2192 2244/2244/2244
f 2190/2190/2190 2247/2247/2247 2128/2128/2128
f 2247/2247/2247 2193/2193/2193 2128/2128/2128
f 2091/2091/2091 2129/2129/2129 2209/2209/2209
f 2129/2129/2129 2130/2130/2130 2248/2248/2248
f 2249/2249/2249 2130/2130/2130 2131/2131/2131
f 2194/2194/2194 2250/2250/2250 2131/2131/2131
f 2132/2132/2132 2133/2133/2133 2251/2251/2251
f 2132/2132/2132 2251/2251/2251 2194/2194/2194
f 2252/2252/2252 2133/2133/2133 2134/2134/2134
f 2116/2116/2116 2235/2235/2235 2195/2195/2195
f 2079/2079/2079 2195/2195/2195 2196/2196/2196
f 2253/2253/2253 2134/2134/2134 2196/2196/2196
f 2197/2197/2197 2189/2189/2189 2135/2135/2135
f 2254/2254/2254 2136/2136/2136 2137/2137/2137
f 2197/2197/2197 2136/2136/2136 2255/2255/2255
f 2256/2256/2256 2137/2137/2137 2193/2193/2193
f 2138/2138/2138 2257/2257/2257 2140/2140/2140
f 2138/2138/2138 2139/2139/2139 2258/2258/2258
f 2259/2259/2259 2139/2139/2139 2142/2142/2142
f 2260/2260/2260 2141/2141/2141 2140/2140/2140
f 2261/2261/2261 2198/2198/2198 2141/2141/2141
f 2262/2262/2262 2142/2142/2142 2144/2144/2144
f 2263/2263/2263 2143/2143/2143 2198/2198/2198
f 2145/2145/2145 2143/2143/2143 2263/2263/2263
f 2264/2264/2264 2144/2144/2144 2146/2146/2146
f 2265/2265/2265 2147/2147/2147 2145/2145/2145
f 2148/2148/2148 2266/2266/2266 2146/2146/2146
f 2147/2147/2147 2268/2268/2268 2150/2150/2150
f 2151/2151/2151 2269/2269/2269 2149/2149/2149
f 2152/2152/2152 2270/2270/2270 2151/2151/2151
f 2152/2152/2152 2153/2153/2153 2271/2271/2271
f 2268/2268/2268 2155/2155/2155 2150/2150/2150
f 2153/2153/2153 2154/2154/2154 2273/2273/2273
f 2156/2156/2156 2274/2274/2274 2154/2154/2154
f 2275/2275/2275 2158/2158/2158 2155/2155/2155
f 2157/2157/2157 2276/2276/2276 2156/2156/2156
f 2157/2157/2157 2199/2199/2199 2278/2278/2278
f 2279/2279/2279 2160/2160/2160 2158/2158/2158
f 2084/2084/2084 2203/2203/2203 2200/2200/2200
f 2201/2201/2201 2082/2082/2082 2200/2200/2200
f 2201/2201/2201 2280/2280/2280 2083/2083/2083
f 2085/2085/2085 2202/2202/2202 2204/2204/2204
f 2083/2083/2083 2280/2280/2280 2202/2202/2202
f 2090/2090/2090 2209/2209/2209 2203/2203/2203
f 2086/2086/2086 2204/2204/2204 2205/2205/2205
f 2206/2206/2206 2087/2087/2087 2205/2205/2205
f 2207/2207/2207 2208/2208/2208 2089/2089/2089
f 2210/2210/2210 2092/2092/2092 2208/2208/2208
f 2211/2211/2211 2093/2093/2093 2210/2210/2210
f 2212/2212/2212 2094/2094/2094 2211/2211/2211
f 2212/2212/2212 2213/2213/2213 2095/2095/2095
f 2214/2214/2214 2096/2096/2096 2213/2213/2213
f 2215/2215/2215 2097/2097/2097 2214/2214/2214
f 2216/2216/2216 2098/2098/2098 2215/2215/2215
f 2099/2099/2099 2216/2216/2216 2217/2217/2217
f 2159/2159/2159 2217/2217/2217 2199/2199/2199
f 2163/2163/2163 2160/2160/2160 2281/2281/2281
f 2222/2222/2222 2219/2219/2219 2102/2102/2102
f 2161/2161/2161 2218/2218/2218 2282/2282/2282
f 2220/2220/2220 2161/2161/2161 2282/2282/2282
f 2163/2163/2163 2281/2281/2281 2221/2221/2221
f 2283/2283/2283 2167/2167/2167 2165/2165/2165
f 2166/2166/2166 2170/2170/2170 2285/2285/2285
f 2286/2286/2286 2168/2168/2168 2167/2167/2167
f 2169/2169/2169 2168/2168/2168 2287/2287/2287
f 2288/2288/2288 2170/2170/2170 2171/2171/2171
f 2172/2172/2172 2289/2289/2289 2171/2171/2171
f 2172/2172/2172 2174/2174/2174 2290/2290/2290
f 2169/2169/2169 2287/2287/2287 2173/2173/2173
f 2291/2291/2291 2175/2175/2175 2173/2173/2173
f 2174/2174/2174 2220/2220/2220 2292/2292/2292
f 2291/2291/2291 2223/2223/2223 2175/2175/2175
f 2224/2224/2224 2293/2293/2293 2176/2176/2176
f 2224/2224/2224 2177/2177/2177 2294/2294/2294
f 2226/2226/2226 2225/2225/2225 2106/2106/2106
f 2176/2176/2176 2293/2293/2293 2226/2226/2226
f 2177/2177/2177 2227/2227/2227 2294/2294/2294
f 2227/2227/2227 2108/2108/2108 2228/2228/2228
f 2178/2178/2178 2225/2225/2225 2295/2295/2295
f 2109/2109/2109 2229/2229/2229 2228/2228/2228
f 2113/2113/2113 2233/2233/2233 2229/2229/2229
f 2111/2111/2111 2231/2231/2231 2230/2230/2230
f 2231/2231/2231 2112/2112/2112 2232/2232/2232
f 2232/2232/2232 2178/2178/2178 2295/2295/2295
f 2234/2234/2234 2233/2233/2233 2114/2114/2114
f 2179/2179/2179 2181/2181/2181 2296/2296/2296
f 2179/2179/2179 2297/2297/2297 2180/2180/2180
f 2298/2298/2298 2182/2182/2182 2180/2180/2180
f 2299/2299/2299 2181/2181/2181 2223/2223/2223
f 2300/2300/2300 2183/2183/2183 2182/2182/2182
f 2301/2301/2301 2234/2234/2234 2183/2183/2183
f 2184/2184/2184 2185/2185/2185 2302/2302/2302
f 2184/2184/2184 2302/2302/2302 2235/2235/2235
f 2185/2185/2185 2186/2186/2186 2303/2303/2303
f 2186/2186/2186 2187/2187/2187 2304/2304/2304
f 2305/2305/2305 2187/2187/2187 2230/2230/2230
f 2121/2121/2121 2238/2238/2238 2236/2236/2236
f 2120/2120/2120 2236/2236/2236 2237/2237/2237
f 2122/2122/2122 2237/2237/2237 2240/2240/2240
f 2197/2197/2197 2239/2239/2239 2189/2189/2189
f 2240/2240/2240 2241/2241/2241 2123/2123/2123
f 2245/2245/2245 2126/2126/2126 2242/2242/2242
f 2244/2244/2244 2307/2307/2307 2190/2190/2190
f 2245/2245/2245 2308/2308/2308 2191/2191/2191
f 2309/2309/2309 2243/2243/2243 2191/2191/2191
f 2307/2307/2307 2247/2247/2247 2190/2190/2190
f 2311/2311/2311 2193/2193/2193 2247/2247/2247
f 2129/2129/2129 2248/2248/2248 2209/2209/2209
f 2248/2248/2248 2130/2130/2130 2249/2249/2249
f 2249/2249/2249 2131/2131/2131 2250/2250/2250
f 2194/2194/2194 2312/2312/2312 2250/2250/2250
f 2252/2252/2252 2251/2251/2251 2133/2133/2133
f 2194/2194/2194 2251/2251/2251 2312/2312/2312
f 2253/2253/2253 2252/2252/2252 2134/2134/2134
f 2313/2313/2313 2195/2195/2195 2235/2235/2235
f 2196/2196/2196 2195/2195/2195 2314/2314/2314
f 2253/2253/2253 2196/2196/2196 2315/2315/2315
f 2255/2255/2255 2136/2136/2136 2254/2254/2254
f 2254/2254/2254 2137/2137/2137 2256/2256/2256
f 2197/2197/2197 2255/2255/2255 2239/2239/2239
f 2256/2256/2256 2193/2193/2193 2311/2311/2311
f 2138/2138/2138 2258/2258/2258 2257/2257/2257
f 2257/2257/2257 2260/2260/2260 2140/2140/2140
f 2259/2259/2259 2258/2258/2258 2139/2139/2139
f 2259/2259/2259 2142/2142/2142 2262/2262/2262
f 2260/2260/2260 2261/2261/2261 2141/2141/2141
f 2261/2261/2261 2316/2316/2316 2198/2198/2198
f 2262/2262/2262 2144/2144/2144 2264/2264/2264
f 2263/2263/2263 2198/2198/2198 2316/2316/2316
f 2265/2265/2265 2145/2145/2145 2263/2263/2263
f 2264/2264/2264 2146/2146/2146 2266/2266/2266
f 2265/2265/2265 2268/2268/2268 2147/2147/2147
f 2149/2149/2149 2269/2269/2269 2267/2267/2267
f 2151/2151/2151 2270/2270/2270 2269/2269/2269
f 2152/2152/2152 2271/2271/2271 2270/2270/2270
f 2153/2153/2153 2273/2273/2273 2271/2271/2271
f 2275/2275/2275 2155/2155/2155 2268/2268/2268
f 2274/2274/2274 2273/2273/2273 2154/2154/2154
f 2156/2156/2156 2276/2276/2276 2274/2274/2274
f 2279/2279/2279 2158/2158/2158 2275/2275/2275
f 2157/2157/2157 2318/2318/2318 2276/2276/2276
f 2319/2319/2319 2278/2278/2278 2199/2199/2199
f 2157/2157/2157 2278/2278/2278 2318/2318/2318
f 2281/2281/2281 2160/2160/2160 2279/2279/2279
f 2320/2320/2320 2200/2200/2200 2203/2203/2203
f 2201/2201/2201 2200/2200/2200 2321/2321/2321
f 2201/2201/2201 2322/2322/2322 2280/2280/2280
f 2323/2323/2323 2204/2204/2204 2202/2202/2202
f 2323/2323/2323 2202/2202/2202 2280/2280/2280
f 2209/2209/2209 2324/2324/2324 2203/2203/2203
f 2204/2204/2204 2325/2325/2325 2205/2205/2205
f 2206/2206/2206 2205/2205/2205 2326/2326/2326
f 2207/2207/2207 2328/2328/2328 2208/2208/2208
f 2210/2210/2210 2208/2208/2208 2329/2329/2329
f 2211/2211/2211 2210/2210/2210 2330/2330/2330
f 2331/2331/2331 2212/2212/2212 2211/2211/2211
f 2212/2212/2212 2332/2332/2332 2213/2213/2213
f 2333/2333/2333 2214/2214/2214 2213/2213/2213
f 2215/2215/2215 2214/2214/2214 2334/2334/2334
f 2216/2216/2216 2215/2215/2215 2335/2335/2335
f 2216/2216/2216 2336/2336/2336 2217/2217/2217
f 2319/2319/2319 2199/2199/2199 2217/2217/2217
f 2222/2222/2222 2338/2338/2338 2219/2219/2219
f 2282/2282/2282 2218/2218/2218 2339/2339/2339
f 2340/2340/2340 2220/2220/2220 2282/2282/2282
f 2281/2281/2281 2341/2341/2341 2221/2221/2221
f 2286/2286/2286 2167/2167/2167 2283/2283/2283
f 2283/2283/2283 2165/2165/2165 2284/2284/2284
f 2288/2288/2288 2285/2285/2285 2170/2170/2170
f 2286/2286/2286 2287/2287/2287 2168/2168/2168
f 2288/2288/2288 2171/2171/2171 2289/2289/2289
f 2172/2172/2172 2290/2290/2290 2289/2289/2289
f 2344/2344/2344 2290/2290/2290 2174/2174/2174
f 2291/2291/2291 2173/2173/2173 2287/2287/2287
f 2340/2340/2340 2292/2292/2292 2220/2220/2220
f 2292/2292/2292 2344/2344/2344 2174/2174/2174
f 2291/2291/2291 2345/2345/2345 2223/2223/2223
f 2224/2224/2224 2346/2346/2346 2293/2293/2293
f 2224/2224/2224 2294/2294/2294 2346/2346/2346
f 2226/2226/2226 2347/2347/2347 2225/2225/2225
f 2293/2293/2293 2348/2348/2348 2226/2226/2226
f 2349/2349/2349 2294/2294/2294 2227/2227/2227
f 2349/2349/2349 2227/2227/2227 2228/2228/2228
f 2295/2295/2295 2225/2225/2225 2347/2347/2347
f 2350/2350/2350 2228/2228/2228 2229/2229/2229
f 2351/2351/2351 2229/2229/2229 2233/2233/2233
f 2230/2230/2230 2231/2231/2231 2352/2352/2352
f 2353/2353/2353 2231/2231/2231 2232/2232/2232
f 2232/2232/2232 2295/2295/2295 2354/2354/2354
f 2234/2234/2234 2355/2355/2355 2233/2233/2233
f 2299/2299/2299 2296/2296/2296 2181/2181/2181
f 2179/2179/2179 2296/2296/2296 2297/2297/2297
f 2298/2298/2298 2180/2180/2180 2297/2297/2297
f 2300/2300/2300 2182/2182/2182 2298/2298/2298
f 2299/2299/2299 2223/2223/2223 2345/2345/2345
f 2301/2301/2301 2183/2183/2183 2300/2300/2300
f 2301/2301/2301 2356/2356/2356 2234/2234/2234
f 2185/2185/2185 2303/2303/2303 2302/2302/2302
f 2313/2313/2313 2235/2235/2235 2302/2302/2302
f 2303/2303/2303 2186/2186/2186 2304/2304/2304
f 2305/2305/2305 2304/2304/2304 2187/2187/2187
f 2305/2305/2305 2230/2230/2230 2352/2352/2352
f 2238/2238/2238 2357/2357/2357 2236/2236/2236
f 2237/2237/2237 2236/2236/2236 2359/2359/2359
f 2240/2240/2240 2237/2237/2237 2360/2360/2360
f 2240/2240/2240 2361/2361/2361 2241/2241/2241
f 2245/2245/2245 2242/2242/2242 2363/2363/2363
f 2309/2309/2309 2306/2306/2306 2243/2243/2243
f 2245/2245/2245 2364/2364/2364 2308/2308/2308
f 2309/2309/2309 2191/2191/2191 2308/2308/2308
f 2306/2306/2306 2365/2365/2365 2246/2246/2246
f 2310/2310/2310 2246/2246/2246 2365/2365/2365
f 2209/2209/2209 2248/2248/2248 2324/2324/2324
f 2248/2248/2248 2249/2249/2249 2366/2366/2366
f 2249/2249/2249 2250/2250/2250 2367/2367/2367
f 2250/2250/2250 2312/2312/2312 2368/2368/2368
f 2252/2252/2252 2369/2369/2369 2251/2251/2251
f 2251/2251/2251 2369/2369/2369 2312/2312/2312
f 2253/2253/2253 2370/2370/2370 2252/2252/2252
f 2313/2313/2313 2314/2314/2314 2195/2195/2195
f 2196/2196/2196 2314/2314/2314 2315/2315/2315
f 2253/2253/2253 2315/2315/2315 2371/2371/2371
f 2255/2255/2255 2254/2254/2254 2372/2372/2372
f 2254/2254/2254 2256/2256/2256 2373/2373/2373
f 2255/2255/2255 2358/2358/2358 2239/2239/2239
f 2256/2256/2256 2311/2311/2311 2376/2376/2376
f 2257/2257/2257 2258/2258/2258 2377/2377/2377
f 2257/2257/2257 2378/2378/2378 2260/2260/2260
f 2259/2259/2259 2380/2380/2380 2258/2258/2258
f 2259/2259/2259 2262/2262/2262 2381/2381/2381
f 2260/2260/2260 2382/2382/2382 2261/2261/2261
f 2261/2261/2261 2384/2384/2384 2316/2316/2316
f 2262/2262/2262 2264/2264/2264 2386/2386/2386
f 2263/2263/2263 2316/2316/2316 2387/2387/2387
f 2265/2265/2265 2263/2263/2263 2387/2387/2387
f 2264/2264/2264 2266/2266/2266 2388/2388/2388
f 2265/2265/2265 2389/2389/2389 2268/2268/2268
f 2391/2391/2391 2267/2267/2267 2269/2269/2269
f 2270/2270/2270 2393/2393/2393 2269/2269/2269
f 2395/2395/2395 2270/2270/2270 2271/2271/2271
f 2273/2273/2273 2397/2397/2397 2271/2271/2271
f 2275/2275/2275 2268/2268/2268 2389/2389/2389
f 2399/2399/2399 2273/2273/2273 2274/2274/2274
f 2274/2274/2274 2276/2276/2276 2401/2401/2401
f 2279/2279/2279 2275/2275/2275 2402/2402/2402
f 2401/2401/2401 2276/2276/2276 2318/2318/2318
f 2319/2319/2319 2404/2404/2404 2278/2278/2278
f 2317/2317/2317 2277/2277/2277 2405/2405/2405
f 2281/2281/2281 2279/2279/2279 2406/2406/2406
f 2320/2320/2320 2321/2321/2321 2200/2200/2200
f 2320/2320/2320 2203/2203/2203 2324/2324/2324
f 2201/2201/2201 2321/2321/2321 2322/2322/2322
f 2322/2322/2322 2407/2407/2407 2280/2280/2280
f 2323/2323/2323 2325/2325/2325 2204/2204/2204
f 2407/2407/2407 2323/2323/2323 2280/2280/2280
f 2326/2326/2326 2205/2205/2205 2325/2325/2325
f 2206/2206/2206 2326/2326/2326 2327/2327/2327
f 2329/2329/2329 2208/2208/2208 2328/2328/2328
f 2330/2330/2330 2210/2210/2210 2329/2329/2329
f 2331/2331/2331 2211/2211/2211 2330/2330/2330
f 2331/2331/2331 2332/2332/2332 2212/2212/2212
f 2333/2333/2333 2213/2213/2213 2332/2332/2332
f 2334/2334/2334 2214/2214/2214 2333/2333/2333
f 2215/2215/2215 2334/2334/2334 2335/2335/2335
f 2216/2216/2216 2335/2335/2335 2336/2336/2336
f 2319/2319/2319 2217/2217/2217 2336/2336/2336
f 2222/2222/2222 2343/2343/2343 2338/2338/2338
f 2339/2339/2339 2218/2218/2218 2337/2337/2337
f 2408/2408/2408 2282/2282/2282 2339/2339/2339
f 2340/2340/2340 2282/2282/2282 2408/2408/2408
f 2281/2281/2281 2406/2406/2406 2341/2341/2341
f 2286/2286/2286 2283/2283/2283 2409/2409/2409
f 2410/2410/2410 2283/2283/2283 2284/2284/2284
f 2288/2288/2288 2412/2412/2412 2285/2285/2285
f 2286/2286/2286 2413/2413/2413 2287/2287/2287
f 2288/2288/2288 2289/2289/2289 2414/2414/2414
f 2289/2289/2289 2290/2290/2290 2415/2415/2415
f 2416/2416/2416 2290/2290/2290 2344/2344/2344
f 2291/2291/2291 2287/2287/2287 2413/2413/2413
f 2417/2417/2417 2292/2292/2292 2340/2340/2340
f 2417/2417/2417 2344/2344/2344 2292/2292/2292
f 2291/2291/2291 2413/2413/2413 2345/2345/2345
f 2418/2418/2418 2293/2293/2293 2346/2346/2346
f 2419/2419/2419 2346/2346/2346 2294/2294/2294
f 2348/2348/2348 2347/2347/2347 2226/2226/2226
f 2418/2418/2418 2348/2348/2348 2293/2293/2293
f 2349/2349/2349 2419/2419/2419 2294/2294/2294
f 2350/2350/2350 2349/2349/2349 2228/2228/2228
f 2420/2420/2420 2295/2295/2295 2347/2347/2347
f 2351/2351/2351 2350/2350/2350 2229/2229/2229
f 2351/2351/2351 2233/2233/2233 2355/2355/2355
f 2353/2353/2353 2352/2352/2352 2231/2231/2231
f 2353/2353/2353 2232/2232/2232 2354/2354/2354
f 2354/2354/2354 2295/2295/2295 2420/2420/2420
f 2234/2234/2234 2356/2356/2356 2355/2355/2355
f 2421/2421/2421 2296/2296/2296 2299/2299/2299
f 2296/2296/2296 2422/2422/2422 2297/2297/2297
f 2423/2423/2423 2298/2298/2298 2297/2297/2297
f 2300/2300/2300 2298/2298/2298 2424/2424/2424
f 2425/2425/2425 2299/2299/2299 2345/2345/2345
f 2301/2301/2301 2300/2300/2300 2426/2426/2426
f 2301/2301/2301 2427/2427/2427 2356/2356/2356
f 2428/2428/2428 2302/2302/2302 2303/2303/2303
f 2428/2428/2428 2313/2313/2313 2302/2302/2302
f 2303/2303/2303 2304/2304/2304 2429/2429/2429
f 2305/2305/2305 2430/2430/2430 2304/2304/2304
f 2305/2305/2305 2352/2352/2352 2431/2431/2431
f 2357/2357/2357 2359/2359/2359 2236/2236/2236
f 2360/2360/2360 2237/2237/2237 2359/2359/2359
f 2240/2240/2240 2360/2360/2360 2361/2361/2361
f 2361/2361/2361 2362/2362/2362 2241/2241/2241
f 2245/2245/2245 2363/2363/2363 2364/2364/2364
f 2309/2309/2309 2432/2432/2432 2306/2306/2306
f 2364/2364/2364 2433/2433/2433 2308/2308/2308
f 2309/2309/2309 2308/2308/2308 2434/2434/2434
f 2306/2306/2306 2432/2432/2432 2365/2365/2365
f 2310/2310/2310 2365/2365/2365 2435/2435/2435
f 2248/2248/2248 2366/2366/2366 2324/2324/2324
f 2366/2366/2366 2249/2249/2249 2367/2367/2367
f 2367/2367/2367 2250/2250/2250 2368/2368/2368
f 2368/2368/2368 2312/2312/2312 2436/2436/2436
f 2370/2370/2370 2369/2369/2369 2252/2252/2252
f 2369/2369/2369 2436/2436/2436 2312/2312/2312
f 2253/2253/2253 2371/2371/2371 2370/2370/2370
f 2437/2437/2437 2314/2314/2314 2313/2313/2313
f 2315/2315/2315 2314/2314/2314 2438/2438/2438
f 2371/2371/2371 2315/2315/2315 2439/2439/2439
f 2254/2254/2254 2373/2373/2373 2372/2372/2372
f 2255/2255/2255 2372/2372/2372 2358/2358/2358
f 2256/2256/2256 2376/2376/2376 2373/2373/2373
f 2310/2310/2310 2435/2435/2435 2374/2374/2374
f 2377/2377/2377 2258/2258/2258 2380/2380/2380
f 2257/2257/2257 2377/2377/2377 2378/2378/2378
f 2260/2260/2260 2378/2378/2378 2382/2382/2382
f 2259/2259/2259 2381/2381/2381 2380/2380/2380
f 2262/2262/2262 2386/2386/2386 2381/2381/2381
f 2261/2261/2261 2382/2382/2382 2440/2440/2440
f 2261/2261/2261 2440/2440/2440 2384/2384/2384
f 2442/2442/2442 2316/2316/2316 2384/2384/2384
f 2386/2386/2386 2264/2264/2264 2388/2388/2388
f 2387/2387/2387 2316/2316/2316 2442/2442/2442
f 2265/2265/2265 2387/2387/2387 2389/2389/2389
f 2390/2390/2390 2388/2388/2388 2266/2266/2266
f 2391/2391/2391 2269/2269/2269 2393/2393/2393
f 2395/2395/2395 2393/2393/2393 2270/2270/2270
f 2395/2395/2395 2271/2271/2271 2397/2397/2397
f 2398/2398/2398 2396/2396/2396 2272/2272/2272
f 2275/2275/2275 2389/2389/2389 2402/2402/2402
f 2399/2399/2399 2274/2274/2274 2401/2401/2401
f 2279/2279/2279 2402/2402/2402 2406/2406/2406
f 2400/2400/2400 2317/2317/2317 2444/2444/2444
f 2319/2319/2319 2446/2446/2446 2404/2404/2404
f 2403/2403/2403 2405/2405/2405 2277/2277/2277
f 2317/2317/2317 2405/2405/2405 2444/2444/2444
f 2320/2320/2320 2447/2447/2447 2321/2321/2321
f 2448/2448/2448 2320/2320/2320 2324/2324/2324
f 2322/2322/2322 2321/2321/2321 2449/2449/2449
f 2322/2322/2322 2450/2450/2450 2407/2407/2407
f 2451/2451/2451 2325/2325/2325 2323/2323/2323
f 2407/2407/2407 2451/2451/2451 2323/2323/2323
f 2452/2452/2452 2326/2326/2326 2325/2325/2325
f 2326/2326/2326 2453/2453/2453 2327/2327/2327
f 2329/2329/2329 2328/2328/2328 2455/2455/2455
f 2330/2330/2330 2329/2329/2329 2456/2456/2456
f 2331/2331/2331 2330/2330/2330 2457/2457/2457
f 2331/2331/2331 2458/2458/2458 2332/2332/2332
f 2333/2333/2333 2332/2332/2332 2459/2459/2459
f 2334/2334/2334 2333/2333/2333 2460/2460/2460
f 2334/2334/2334 2461/2461/2461 2335/2335/2335
f 2335/2335/2335 2463/2463/2463 2336/2336/2336
f 2319/2319/2319 2336/2336/2336 2465/2465/2465
f 2466/2466/2466 2337/2337/2337 2342/2342/2342
f 2466/2466/2466 2339/2339/2339 2337/2337/2337
f 2467/2467/2467 2408/2408/2408 2339/2339/2339
f 2340/2340/2340 2408/2408/2408 2468/2468/2468
f 2406/2406/2406 2469/2469/2469 2341/2341/2341
f 2409/2409/2409 2283/2283/2283 2410/2410/2410
f 2286/2286/2286 2409/2409/2409 2413/2413/2413
f 2410/2410/2410 2284/2284/2284 2411/2411/2411
f 2288/2288/2288 2414/2414/2414 2412/2412/2412
f 2289/2289/2289 2415/2415/2415 2414/2414/2414
f 2416/2416/2416 2415/2415/2415 2290/2290/2290
f 2416/2416/2416 2344/2344/2344 2471/2471/2471
f 2417/2417/2417 2340/2340/2340 2468/2468/2468
f 2417/2417/2417 2471/2471/2471 2344/2344/2344
f 2413/2413/2413 2472/2472/2472 2345/2345/2345
f 2419/2419/2419 2418/2418/2418 2346/2346/2346
f 2348/2348/2348 2473/2473/2473 2347/2347/2347
f 2418/2418/2418 2474/2474/2474 2348/2348/2348
f 2349/2349/2349 2475/2475/2475 2419/2419/2419
f 2350/2350/2350 2475/2475/2475 2349/2349/2349
f 2420/2420/2420 2347/2347/2347 2473/2473/2473
f 2351/2351/2351 2476/2476/2476 2350/2350/2350
f 2351/2351/2351 2355/2355/2355 2476/2476/2476
f 2353/2353/2353 2477/2477/2477 2352/2352/2352
f 2353/2353/2353 2354/2354/2354 2478/2478/2478
f 2479/2479/2479 2354/2354/2354 2420/2420/2420
f 2356/2356/2356 2480/2480/2480 2355/2355/2355
f 2421/2421/2421 2422/2422/2422 2296/2296/2296
f 2421/2421/2421 2299/2299/2299 2425/2425/2425
f 2422/2422/2422 2423/2423/2423 2297/2297/2297
f 2424/2424/2424 2298/2298/2298 2423/2423/2423
f 2426/2426/2426 2300/2300/2300 2424/2424/2424
f 2425/2425/2425 2345/2345/2345 2472/2472/2472
f 2301/2301/2301 2426/2426/2426 2427/2427/2427
f 2481/2481/2481 2356/2356/2356 2427/2427/2427
f 2428/2428/2428 2303/2303/2303 2429/2429/2429
f 2428/2428/2428 2437/2437/2437 2313/2313/2313
f 2430/2430/2430 2429/2429/2429 2304/2304/2304
f 2305/2305/2305 2431/2431/2431 2430/2430/2430
f 2431/2431/2431 2352/2352/2352 2477/2477/2477
f 2357/2357/2357 2482/2482/2482 2359/2359/2359
f 2360/2360/2360 2359/2359/2359 2484/2484/2484
f 2361/2361/2361 2360/2360/2360 2485/2485/2485
f 2361/2361/2361 2486/2486/2486 2362/2362/2362
f 2363/2363/2363 2488/2488/2488 2364/2364/2364
f 2309/2309/2309 2434/2434/2434 2432/2432/2432
f 2489/2489/2489 2433/2433/2433 2364/2364/2364
f 2433/2433/2433 2434/2434/2434 2308/2308/2308
f 2490/2490/2490 2365/2365/2365 2432/2432/2432
f 2435/2435/2435 2365/2365/2365 2490/2490/2490
f 2448/2448/2448 2324/2324/2324 2366/2366/2366
f 2366/2366/2366 2367/2367/2367 2491/2491/2491
f 2492/2492/2492 2367/2367/2367 2368/2368/2368
f 2368/2368/2368 2436/2436/2436 2493/2493/2493
f 2370/2370/2370 2494/2494/2494 2369/2369/2369
f 2494/2494/2494 2436/2436/2436 2369/2369/2369
f 2370/2370/2370 2371/2371/2371 2495/2495/2495
f 2438/2438/2438 2314/2314/2314 2437/2437/2437
f 2315/2315/2315 2438/2438/2438 2439/2439/2439
f 2371/2371/2371 2439/2439/2439 2496/2496/2496
f 2372/2372/2372 2373/2373/2373 2497/2497/2497
f 2372/2372/2372 2483/2483/2483 2358/2358/2358
f 2376/2376/2376 2499/2499/2499 2373/2373/2373
f 2374/2374/2374 2435/2435/2435 2500/2500/2500
f 2503/2503/2503 2377/2377/2377 2380/2380/2380
f 2377/2377/2377 2505/2505/2505 2378/2378/2378
f 2507/2507/2507 2382/2382/2382 2378/2378/2378
f 2509/2509/2509 2380/2380/2380 2381/2381/2381
f 2386/2386/2386 2511/2511/2511 2381/2381/2381
f 2512/2512/2512 2441/2441/2441 2383/2383/2383
f 2441/2441/2441 2514/2514/2514 2385/2385/2385
f 2442/2442/2442 2384/2384/2384 2513/2513/2513
f 2515/2515/2515 2386/2386/2386 2388/2388/2388
f 2387/2387/2387 2442/2442/2442 2516/2516/2516
f 2387/2387/2387 2516/2516/2516 2389/2389/2389
f 2517/2517/2517 2388/2388/2388 2390/2390/2390
f 2391/2391/2391 2393/2393/2393 2521/2521/2521
f 2395/2395/2395 2523/2523/2523 2393/2393/2393
f 2524/2524/2524 2394/2394/2394 2396/2396/2396
f 2398/2398/2398 2525/2525/2525 2396/2396/2396
f 2402/2402/2402 2389/2389/2389 2516/2516/2516
f 2526/2526/2526 2398/2398/2398 2400/2400/2400
f 2406/2406/2406 2402/2402/2402 2527/2527/2527
f 2526/2526/2526 2400/2400/2400 2444/2444/2444
f 2319/2319/2319 2465/2465/2465 2446/2446/2446
f 2445/2445/2445 2529/2529/2529 2403/2403/2403
f 2403/2403/2403 2530/2530/2530 2405/2405/2405
f 2444/2444/2444 2405/2405/2405 2531/2531/2531
f 2448/2448/2448 2447/2447/2447 2320/2320/2320
f 2447/2447/2447 2449/2449/2449 2321/2321/2321
f 2322/2322/2322 2449/2449/2449 2450/2450/2450
f 2450/2450/2450 2532/2532/2532 2407/2407/2407
f 2451/2451/2451 2452/2452/2452 2325/2325/2325
f 2407/2407/2407 2532/2532/2532 2451/2451/2451
f 2452/2452/2452 2453/2453/2453 2326/2326/2326
f 2327/2327/2327 2453/2453/2453 2454/2454/2454
f 2329/2329/2329 2455/2455/2455 2456/2456/2456
f 2330/2330/2330 2456/2456/2456 2457/2457/2457
f 2331/2331/2331 2457/2457/2457 2458/2458/2458
f 2459/2459/2459 2332/2332/2332 2458/2458/2458
f 2333/2333/2333 2459/2459/2459 2460/2460/2460
f 2334/2334/2334 2460/2460/2460 2461/2461/2461
f 2335/2335/2335 2461/2461/2461 2463/2463/2463
f 2463/2463/2463 2465/2465/2465 2336/2336/2336
f 2466/2466/2466 2342/2342/2342 2470/2470/2470
f 2467/2467/2467 2339/2339/2339 2466/2466/2466
f 2533/2533/2533 2408/2408/2408 2467/2467/2467
f 2533/2533/2533 2468/2468/2468 2408/2408/2408
f 2406/2406/2406 2527/2527/2527 2469/2469/2469
f 2409/2409/2409 2410/2410/2410 2534/2534/2534
f 2413/2413/2413 2409/2409/2409 2472/2472/2472
f 2410/2410/2410 2411/2411/2411 2535/2535/2535
f 2412/2412/2412 2414/2414/2414 2537/2537/2537
f 2414/2414/2414 2415/2415/2415 2539/2539/2539
f 2416/2416/2416 2540/2540/2540 2415/2415/2415
f 2541/2541/2541 2416/2416/2416 2471/2471/2471
f 2417/2417/2417 2468/2468/2468 2542/2542/2542
f 2417/2417/2417 2542/2542/2542 2471/2471/2471
f 2543/2543/2543 2418/2418/2418 2419/2419/2419
f 2348/2348/2348 2474/2474/2474 2473/2473/2473
f 2418/2418/2418 2544/2544/2544 2474/2474/2474
f 2543/2543/2543 2419/2419/2419 2475/2475/2475
f 2350/2350/2350 2476/2476/2476 2475/2475/2475
f 2545/2545/2545 2420/2420/2420 2473/2473/2473
f 2355/2355/2355 2480/2480/2480 2476/2476/2476
f 2353/2353/2353 2478/2478/2478 2477/2477/2477
f 2479/2479/2479 2478/2478/2478 2354/2354/2354
f 2479/2479/2479 2420/2420/2420 2545/2545/2545
f 2481/2481/2481 2480/2480/2480 2356/2356/2356
f 2421/2421/2421 2546/2546/2546 2422/2422/2422
f 2421/2421/2421 2425/2425/2425 2547/2547/2547
f 2548/2548/2548 2423/2423/2423 2422/2422/2422
f 2424/2424/2424 2423/2423/2423 2549/2549/2549
f 2426/2426/2426 2424/2424/2424 2550/2550/2550
f 2425/2425/2425 2472/2472/2472 2551/2551/2551
f 2426/2426/2426 2552/2552/2552 2427/2427/2427
f 2553/2553/2553 2481/2481/2481 2427/2427/2427
f 2554/2554/2554 2428/2428/2428 2429/2429/2429
f 2554/2554/2554 2437/2437/2437 2428/2428/2428
f 2430/2430/2430 2555/2555/2555 2429/2429/2429
f 2431/2431/2431 2556/2556/2556 2430/2430/2430
f 2431/2431/2431 2477/2477/2477 2557/2557/2557
f 2359/2359/2359 2482/2482/2482 2484/2484/2484
f 2360/2360/2360 2484/2484/2484 2485/2485/2485
f 2361/2361/2361 2485/2485/2485 2486/2486/2486
f 2362/2362/2362 2486/2486/2486 2487/2487/2487
f 2488/2488/2488 2489/2489/2489 2364/2364/2364
f 2558/2558/2558 2432/2432/2432 2434/2434/2434
f 2489/2489/2489 2559/2559/2559 2433/2433/2433
f 2433/2433/2433 2561/2561/2561 2434/2434/2434
f 2558/2558/2558 2490/2490/2490 2432/2432/2432
f 2435/2435/2435 2490/2490/2490 2562/2562/2562
f 2448/2448/2448 2366/2366/2366 2491/2491/2491
f 2492/2492/2492 2491/2491/2491 2367/2367/2367
f 2492/2492/2492 2368/2368/2368 2493/2493/2493
f 2564/2564/2564 2493/2493/2493 2436/2436/2436
f 2370/2370/2370 2495/2495/2495 2494/2494/2494
f 2494/2494/2494 2564/2564/2564 2436/2436/2436
f 2371/2371/2371 2496/2496/2496 2495/2495/2495
f 2438/2438/2438 2437/2437/2437 2565/2565/2565
f 2439/2439/2439 2438/2438/2438 2566/2566/2566
f 2496/2496/2496 2439/2439/2439 2567/2567/2567
f 2499/2499/2499 2497/2497/2497 2373/2373/2373
f 2372/2372/2372 2497/2497/2497 2483/2483/2483
f 2375/2375/2375 2501/2501/2501 2498/2498/2498
f 2435/2435/2435 2562/2562/2562 2500/2500/2500
f 2503/2503/2503 2505/2505/2505 2377/2377/2377
f 2503/2503/2503 2380/2380/2380 2509/2509/2509
f 2508/2508/2508 2379/2379/2379 2506/2506/2506
f 2508/2508/2508 2512/2512/2512 2383/2383/2383
f 2509/2509/2509 2381/2381/2381 2511/2511/2511
f 2515/2515/2515 2511/2511/2511 2386/2386/2386
f 2512/2512/2512 2568/2568/2568 2441/2441/2441
f 2568/2568/2568 2514/2514/2514 2441/2441/2441
f 2443/2443/2443 2514/2514/2514 2570/2570/2570
f 2515/2515/2515 2388/2388/2388 2517/2517/2517
f 2442/2442/2442 2569/2569/2569 2516/2516/2516
f 2519/2519/2519 2391/2391/2391 2521/2521/2521
f 2522/2522/2522 2520/2520/2520 2392/2392/2392
f 2524/2524/2524 2522/2522/2522 2394/2394/2394
f 2524/2524/2524 2396/2396/2396 2525/2525/2525
f 2526/2526/2526 2525/2525/2525 2398/2398/2398
f 2402/2402/2402 2516/2516/2516 2527/2527/2527
f 2526/2526/2526 2444/2444/2444 2571/2571/2571
f 2445/2445/2445 2464/2464/2464 2572/2572/2572
f 2445/2445/2445 2572/2572/2572 2529/2529/2529
f 2529/2529/2529 2530/2530/2530 2403/2403/2403
f 2405/2405/2405 2530/2530/2530 2531/2531/2531
f 2571/2571/2571 2444/2444/2444 2531/2531/2531
f 2448/2448/2448 2573/2573/2573 2447/2447/2447
f 2574/2574/2574 2449/2449/2449 2447/2447/2447
f 2575/2575/2575 2450/2450/2450 2449/2449/2449
f 2450/2450/2450 2576/2576/2576 2532/2532/2532
f 2577/2577/2577 2452/2452/2452 2451/2451/2451
f 2532/2532/2532 2577/2577/2577 2451/2451/2451
f 2452/2452/2452 2578/2578/2578 2453/2453/2453
f 2453/2453/2453 2579/2579/2579 2454/2454/2454
f 2456/2456/2456 2455/2455/2455 2581/2581/2581
f 2457/2457/2457 2456/2456/2456 2583/2583/2583
f 2458/2458/2458 2457/2457/2457 2584/2584/2584
f 2459/2459/2459 2458/2458/2458 2585/2585/2585
f 2460/2460/2460 2459/2459/2459 2586/2586/2586
f 2588/2588/2588 2461/2461/2461 2460/2460/2460
f 2590/2590/2590 2463/2463/2463 2461/2461/2461
f 2462/2462/2462 2591/2591/2591 2464/2464/2464
f 2592/2592/2592 2466/2466/2466 2470/2470/2470
f 2467/2467/2467 2466/2466/2466 2592/2592/2592
f 2533/2533/2533 2467/2467/2467 2593/2593/2593
f 2533/2533/2533 2594/2594/2594 2468/2468/2468
f 2528/2528/2528 2595/2595/2595 2470/2470/2470
f 2410/2410/2410 2535/2535/2535 2534/2534/2534
f 2472/2472/2472 2409/2409/2409 2534/2534/2534
f 2411/2411/2411 2536/2536/2536 2535/2535/2535
f 2414/2414/2414 2539/2539/2539 2537/2537/2537
f 2415/2415/2415 2540/2540/2540 2539/2539/2539
f 2541/2541/2541 2540/2540/2540 2416/2416/2416
f 2541/2541/2541 2471/2471/2471 2596/2596/2596
f 2594/2594/2594 2542/2542/2542 2468/2468/2468
f 2471/2471/2471 2542/2542/2542 2596/2596/2596
f 2543/2543/2543 2544/2544/2544 2418/2418/2418
f 2474/2474/2474 2597/2597/2597 2473/2473/2473
f 2474/2474/2474 2544/2544/2544 2598/2598/2598
f 2543/2543/2543 2475/2475/2475 2599/2599/2599
f 2599/2599/2599 2475/2475/2475 2476/2476/2476
f 2545/2545/2545 2473/2473/2473 2597/2597/2597
f 2600/2600/2600 2476/2476/2476 2480/2480/2480
f 2477/2477/2477 2478/2478/2478 2601/2601/2601
f 2602/2602/2602 2478/2478/2478 2479/2479/2479
f 2479/2479/2479 2545/2545/2545 2603/2603/2603
f 2481/2481/2481 2604/2604/2604 2480/2480/2480
f 2421/2421/2421 2547/2547/2547 2546/2546/2546
f 2548/2548/2548 2422/2422/2422 2546/2546/2546
f 2425/2425/2425 2551/2551/2551 2547/2547/2547
f 2548/2548/2548 2549/2549/2549 2423/2423/2423
f 2550/2550/2550 2424/2424/2424 2549/2549/2549
f 2426/2426/2426 2550/2550/2550 2552/2552/2552
f 2472/2472/2472 2534/2534/2534 2551/2551/2551
f 2553/2553/2553 2427/2427/2427 2552/2552/2552
f 2553/2553/2553 2605/2605/2605 2481/2481/2481
f 2554/2554/2554 2429/2429/2429 2555/2555/2555
f 2554/2554/2554 2565/2565/2565 2437/2437/2437
f 2430/2430/2430 2556/2556/2556 2555/2555/2555
f 2431/2431/2431 2557/2557/2557 2556/2556/2556
f 2477/2477/2477 2601/2601/2601 2557/2557/2557
f 2484/2484/2484 2482/2482/2482 2606/2606/2606
f 2485/2485/2485 2484/2484/2484 2608/2608/2608
f 2486/2486/2486 2485/2485/2485 2609/2609/2609
f 2486/2486/2486 2610/2610/2610 2487/2487/2487
f 2488/2488/2488 2612/2612/2612 2489/2489/2489
f 2558/2558/2558 2434/2434/2434 2561/2561/2561
f 2489/2489/2489 2613/2613/2613 2559/2559/2559
f 2559/2559/2559 2561/2561/2561 2433/2433/2433
f 2614/2614/2614 2490/2490/2490 2558/2558/2558
f 2614/2614/2614 2562/2562/2562 2490/2490/2490
f 2448/2448/2448 2491/2491/2491 2573/2573/2573
f 2492/2492/2492 2616/2616/2616 2491/2491/2491
f 2492/2492/2492 2493/2493/2493 2617/2617/2617
f 2564/2564/2564 2618/2618/2618 2493/2493/2493
f 2619/2619/2619 2494/2494/2494 2495/2495/2495
f 2619/2619/2619 2564/2564/2564 2494/2494/2494
f 2496/2496/2496 2620/2620/2620 2495/2495/2495
f 2438/2438/2438 2565/2565/2565 2566/2566/2566
f 2567/2567/2567 2439/2439/2439 2566/2566/2566
f 2496/2496/2496 2567/2567/2567 2621/2621/2621
f 2499/2499/2499 2623/2623/2623 2497/2497/2497
f 2607/2607/2607 2483/2483/2483 2497/2497/2497
f 2624/2624/2624 2498/2498/2498 2501/2501/2501
f 2626/2626/2626 2502/2502/2502 2563/2563/2563
f 2504/2504/2504 2627/2627/2627 2506/2506/2506
f 2503/2503/2503 2509/2509/2509 2628/2628/2628
f 2630/2630/2630 2508/2508/2508 2506/2506/2506
f 2508/2508/2508 2631/2631/2631 2512/2512/2512
f 2632/2632/2632 2509/2509/2509 2511/2511/2511
f 2634/2634/2634 2511/2511/2511 2515/2515/2515
f 2512/2512/2512 2636/2636/2636 2568/2568/2568
f 2568/2568/2568 2637/2637/2637 2514/2514/2514
f 2514/2514/2514 2638/2638/2638 2570/2570/2570
f 2639/2639/2639 2515/2515/2515 2517/2517/2517
f 2527/2527/2527 2516/2516/2516 2569/2569/2569
f 2518/2518/2518 2520/2520/2520 2641/2641/2641
f 2522/2522/2522 2642/2642/2642 2520/2520/2520
f 2524/2524/2524 2643/2643/2643 2522/2522/2522
f 2524/2524/2524 2525/2525/2525 2644/2644/2644
f 2526/2526/2526 2645/2645/2645 2525/2525/2525
f 2526/2526/2526 2571/2571/2571 2645/2645/2645
f 2591/2591/2591 2572/2572/2572 2464/2464/2464
f 2572/2572/2572 2646/2646/2646 2529/2529/2529
f 2647/2647/2647 2530/2530/2530 2529/2529/2529
f 2648/2648/2648 2531/2531/2531 2530/2530/2530
f 2571/2571/2571 2531/2531/2531 2649/2649/2649
f 2573/2573/2573 2574/2574/2574 2447/2447/2447
f 2575/2575/2575 2449/2449/2449 2574/2574/2574
f 2575/2575/2575 2576/2576/2576 2450/2450/2450
f 2576/2576/2576 2650/2650/2650 2532/2532/2532
f 2577/2577/2577 2578/2578/2578 2452/2452/2452
f 2532/2532/2532 2650/2650/2650 2577/2577/2577
f 2578/2578/2578 2579/2579/2579 2453/2453/2453
f 2580/2580/2580 2454/2454/2454 2579/2579/2579
f 2456/2456/2456 2581/2581/2581 2583/2583/2583
f 2457/2457/2457 2583/2583/2583 2584/2584/2584
f 2458/2458/2458 2584/2584/2584 2585/2585/2585
f 2586/2586/2586 2459/2459/2459 2585/2585/2585
f 2588/2588/2588 2460/2460/2460 2586/2586/2586
f 2590/2590/2590 2461/2461/2461 2588/2588/2588
f 2589/2589/2589 2591/2591/2591 2462/2462/2462
f 2592/2592/2592 2470/2470/2470 2595/2595/2595
f 2467/2467/2467 2592/2592/2592 2593/2593/2593
f 2533/2533/2533 2593/2593/2593 2651/2651/2651
f 2533/2533/2533 2651/2651/2651 2594/2594/2594
f 2528/2528/2528 2570/2570/2570 2595/2595/2595
f 2534/2534/2534 2535/2535/2535 2652/2652/2652
f 2653/2653/2653 2535/2535/2535 2536/2536/2536
f 2653/2653/2653 2536/2536/2536 2538/2538/2538
f 2655/2655/2655 2539/2539/2539 2540/2540/2540
f 2541/2541/2541 2657/2657/2657 2540/2540/2540
f 2541/2541/2541 2596/2596/2596 2659/2659/2659
f 2594/2594/2594 2660/2660/2660 2542/2542/2542
f 2596/2596/2596 2542/2542/2542 2660/2660/2660
f 2543/2543/2543 2661/2661/2661 2544/2544/2544
f 2474/2474/2474 2598/2598/2598 2597/2597/2597
f 2598/2598/2598 2544/2544/2544 2662/2662/2662
f 2543/2543/2543 2599/2599/2599 2661/2661/2661
f 2600/2600/2600 2599/2599/2599 2476/2476/2476
f 2545/2545/2545 2597/2597/2597 2663/2663/2663
f 2600/2600/2600 2480/2480/2480 2604/2604/2604
f 2601/2601/2601 2478/2478/2478 2602/2602/2602
f 2602/2602/2602 2479/2479/2479 2603/2603/2603
f 2603/2603/2603 2545/2545/2545 2663/2663/2663
f 2481/2481/2481 2605/2605/2605 2604/2604/2604
f 2546/2546/2546 2547/2547/2547 2664/2664/2664
f 2665/2665/2665 2548/2548/2548 2546/2546/2546
f 2551/2551/2551 2666/2666/2666 2547/2547/2547
f 2548/2548/2548 2667/2667/2667 2549/2549/2549
f 2550/2550/2550 2549/2549/2549 2668/2668/2668
f 2550/2550/2550 2669/2669/2669 2552/2552/2552
f 2534/2534/2534 2652/2652/2652 2551/2551/2551
f 2553/2553/2553 2552/2552/2552 2670/2670/2670
f 2553/2553/2553 2671/2671/2671 2605/2605/2605
f 2672/2672/2672 2554/2554/2554 2555/2555/2555
f 2672/2672/2672 2565/2565/2565 2554/2554/2554
f 2673/2673/2673 2555/2555/2555 2556/2556/2556
f 2556/2556/2556 2557/2557/2557 2674/2674/2674
f 2675/2675/2675 2557/2557/2557 2601/2601/2601
f 2608/2608/2608 2484/2484/2484 2606/2606/2606
f 2485/2485/2485 2608/2608/2608 2609/2609/2609
f 2486/2486/2486 2609/2609/2609 2610/2610/2610
f 2487/2487/2487 2610/2610/2610 2611/2611/2611
f 2489/2489/2489 2612/2612/2612 2613/2613/2613
f 2558/2558/2558 2561/2561/2561 2676/2676/2676
f 2559/2559/2559 2613/2613/2613 2678/2678/2678
f 2559/2559/2559 2680/2680/2680 2561/2561/2561
f 2614/2614/2614 2558/2558/2558 2676/2676/2676
f 2682/2682/2682 2563/2563/2563 2615/2615/2615
f 2616/2616/2616 2573/2573/2573 2491/2491/2491
f 2492/2492/2492 2617/2617/2617 2616/2616/2616
f 2617/2617/2617 2493/2493/2493 2618/2618/2618
f 2683/2683/2683 2618/2618/2618 2564/2564/2564
f 2619/2619/2619 2495/2495/2495 2620/2620/2620
f 2619/2619/2619 2683/2683/2683 2564/2564/2564
f 2496/2496/2496 2621/2621/2621 2620/2620/2620
f 2684/2684/2684 2566/2566/2566 2565/2565/2565
f 2567/2567/2567 2566/2566/2566 2685/2685/2685
f 2567/2567/2567 2686/2686/2686 2621/2621/2621
f 2624/2624/2624 2622/2622/2622 2498/2498/2498
f 2623/2623/2623 2607/2607/2607 2497/2497/2497
f 2625/2625/2625 2624/2624/2624 2501/2501/2501
f 2626/2626/2626 2563/2563/2563 2682/2682/2682
f 2504/2504/2504 2629/2629/2629 2627/2627/2627
f 2630/2630/2630 2506/2506/2506 2627/2627/2627
f 2629/2629/2629 2510/2510/2510 2633/2633/2633
f 2630/2630/2630 2631/2631/2631 2508/2508/2508
f 2631/2631/2631 2636/2636/2636 2512/2512/2512
f 2634/2634/2634 2632/2632/2632 2511/2511/2511
f 2634/2634/2634 2515/2515/2515 2639/2639/2639
f 2568/2568/2568 2636/2636/2636 2687/2687/2687
f 2568/2568/2568 2687/2687/2687 2637/2637/2637
f 2637/2637/2637 2638/2638/2638 2514/2514/2514
f 2638/2638/2638 2595/2595/2595 2570/2570/2570
f 2640/2640/2640 2518/2518/2518 2641/2641/2641
f 2642/2642/2642 2641/2641/2641 2520/2520/2520
f 2522/2522/2522 2643/2643/2643 2642/2642/2642
f 2524/2524/2524 2644/2644/2644 2643/2643/2643
f 2644/2644/2644 2525/2525/2525 2645/2645/2645
f 2688/2688/2688 2645/2645/2645 2571/2571/2571
f 2591/2591/2591 2689/2689/2689 2572/2572/2572
f 2572/2572/2572 2689/2689/2689 2646/2646/2646
f 2647/2647/2647 2529/2529/2529 2646/2646/2646
f 2647/2647/2647 2648/2648/2648 2530/2530/2530
f 2649/2649/2649 2531/2531/2531 2648/2648/2648
f 2688/2688/2688 2571/2571/2571 2649/2649/2649
f 2690/2690/2690 2574/2574/2574 2573/2573/2573
f 2575/2575/2575 2574/2574/2574 2691/2691/2691
f 2575/2575/2575 2692/2692/2692 2576/2576/2576
f 2576/2576/2576 2693/2693/2693 2650/2650/2650
f 2694/2694/2694 2578/2578/2578 2577/2577/2577
f 2694/2694/2694 2577/2577/2577 2650/2650/2650
f 2578/2578/2578 2695/2695/2695 2579/2579/2579
f 2580/2580/2580 2579/2579/2579 2696/2696/2696
f 2582/2582/2582 2580/2580/2580 2697/2697/2697
f 2583/2583/2583 2699/2699/2699 2584/2584/2584
f 2585/2585/2585 2584/2584/2584 2701/2701/2701
f 2704/2704/2704 2586/2586/2586 2585/2585/2585
f 2588/2588/2588 2586/2586/2586 2706/2706/2706
f 2589/2589/2589 2587/2587/2587 2707/2707/2707
f 2589/2589/2589 2708/2708/2708 2591/2591/2591
f 2709/2709/2709 2592/2592/2592 2595/2595/2595
f 2709/2709/2709 2593/2593/2593 2592/2592/2592
f 2651/2651/2651 2593/2593/2593 2710/2710/2710
f 2651/2651/2651 2711/2711/2711 2594/2594/2594
f 2653/2653/2653 2652/2652/2652 2535/2535/2535
f 2653/2653/2653 2538/2538/2538 2654/2654/2654
f 2655/2655/2655 2540/2540/2540 2657/2657/2657
f 2541/2541/2541 2659/2659/2659 2657/2657/2657
f 2659/2659/2659 2596/2596/2596 2712/2712/2712
f 2594/2594/2594 2711/2711/2711 2660/2660/2660
f 2712/2712/2712 2596/2596/2596 2660/2660/2660
f 2661/2661/2661 2662/2662/2662 2544/2544/2544
f 2598/2598/2598 2713/2713/2713 2597/2597/2597
f 2598/2598/2598 2662/2662/2662 2713/2713/2713
f 2714/2714/2714 2661/2661/2661 2599/2599/2599
f 2714/2714/2714 2599/2599/2599 2600/2600/2600
f 2663/2663/2663 2597/2597/2597 2713/2713/2713
f 2600/2600/2600 2604/2604/2604 2715/2715/2715
f 2716/2716/2716 2601/2601/2601 2602/2602/2602
f 2717/2717/2717 2602/2602/2602 2603/2603/2603
f 2603/2603/2603 2663/2663/2663 2718/2718/2718
f 2719/2719/2719 2604/2604/2604 2605/2605/2605
f 2666/2666/2666 2664/2664/2664 2547/2547/2547
f 2665/2665/2665 2546/2546/2546 2664/2664/2664
f 2665/2665/2665 2667/2667/2667 2548/2548/2548
f 2551/2551/2551 2652/2652/2652 2666/2666/2666
f 2549/2549/2549 2667/2667/2667 2668/2668/2668
f 2550/2550/2550 2668/2668/2668 2669/2669/2669
f 2670/2670/2670 2552/2552/2552 2669/2669/2669
f 2553/2553/2553 2670/2670/2670 2671/2671/2671
f 2671/2671/2671 2720/2720/2720 2605/2605/2605
f 2672/2672/2672 2555/2555/2555 2673/2673/2673
f 2684/2684/2684 2565/2565/2565 2672/2672/2672
f 2673/2673/2673 2556/2556/2556 2674/2674/2674
f 2674/2674/2674 2557/2557/2557 2675/2675/2675
f 2675/2675/2675 2601/2601/2601 2716/2716/2716
f 2608/2608/2608 2606/2606/2606 2721/2721/2721
f 2608/2608/2608 2724/2724/2724 2609/2609/2609
f 2610/2610/2610 2609/2609/2609 2725/2725/2725
f 2610/2610/2610 2726/2726/2726 2611/2611/2611
f 2612/2612/2612 2728/2728/2728 2613/2613/2613
f 2680/2680/2680 2676/2676/2676 2561/2561/2561
f 2729/2729/2729 2678/2678/2678 2613/2613/2613
f 2559/2559/2559 2678/2678/2678 2731/2731/2731
f 2560/2560/2560 2733/2733/2733 2681/2681/2681
f 2734/2734/2734 2615/2615/2615 2677/2677/2677
f 2734/2734/2734 2682/2682/2682 2615/2615/2615
f 2690/2690/2690 2573/2573/2573 2616/2616/2616
f 2735/2735/2735 2616/2616/2616 2617/2617/2617
f 2617/2617/2617 2618/2618/2618 2736/2736/2736
f 2683/2683/2683 2737/2737/2737 2618/2618/2618
f 2619/2619/2619 2620/2620/2620 2738/2738/2738
f 2619/2619/2619 2738/2738/2738 2683/2683/2683
f 2621/2621/2621 2739/2739/2739 2620/2620/2620
f 2684/2684/2684 2685/2685/2685 2566/2566/2566
f 2567/2567/2567 2685/2685/2685 2686/2686/2686
f 2686/2686/2686 2740/2740/2740 2621/2621/2621
f 2624/2624/2624 2741/2741/2741 2622/2622/2622
f 2723/2723/2723 2607/2607/2607 2623/2623/2623
f 2625/2625/2625 2742/2742/2742 2624/2624/2624
f 2626/2626/2626 2682/2682/2682 2744/2744/2744
f 2629/2629/2629 2745/2745/2745 2627/2627/2627
f 2630/2630/2630 2627/2627/2627 2746/2746/2746
f 2629/2629/2629 2633/2633/2633 2747/2747/2747
f 2630/2630/2630 2748/2748/2748 2631/2631/2631
f 2631/2631/2631 2749/2749/2749 2636/2636/2636
f 2635/2635/2635 2750/2750/2750 2633/2633/2633
f 2635/2635/2635 2640/2640/2640 2751/2751/2751
f 2636/2636/2636 2752/2752/2752 2687/2687/2687
f 2637/2637/2637 2687/2687/2687 2753/2753/2753
f 2637/2637/2637 2754/2754/2754 2638/2638/2638
f 2709/2709/2709 2595/2595/2595 2638/2638/2638
f 2755/2755/2755 2640/2640/2640 2641/2641/2641
f 2642/2642/2642 2756/2756/2756 2641/2641/2641
f 2643/2643/2643 2757/2757/2757 2642/2642/2642
f 2758/2758/2758 2643/2643/2643 2644/2644/2644
f 2759/2759/2759 2644/2644/2644 2645/2645/2645
f 2688/2688/2688 2759/2759/2759 2645/2645/2645
f 2708/2708/2708 2689/2689/2689 2591/2591/2591
f 2689/2689/2689 2760/2760/2760 2646/2646/2646
f 2761/2761/2761 2647/2647/2647 2646/2646/2646
f 2762/2762/2762 2648/2648/2648 2647/2647/2647
f 2763/2763/2763 2649/2649/2649 2648/2648/2648
f 2688/2688/2688 2649/2649/2649 2764/2764/2764
f 2690/2690/2690 2691/2691/2691 2574/2574/2574
f 2575/2575/2575 2691/2691/2691 2692/2692/2692
f 2692/2692/2692 2693/2693/2693 2576/2576/2576
f 2765/2765/2765 2650/2650/2650 2693/2693/2693
f 2694/2694/2694 2695/2695/2695 2578/2578/2578
f 2765/2765/2765 2694/2694/2694 2650/2650/2650
f 2579/2579/2579 2695/2695/2695 2696/2696/2696
f 2580/2580/2580 2696/2696/2696 2697/2697/2697
f 2582/2582/2582 2697/2697/2697 2698/2698/2698
f 2699/2699/2699 2701/2701/2701 2584/2584/2584
f 2704/2704/2704 2585/2585/2585 2701/2701/2701
f 2704/2704/2704 2706/2706/2706 2586/2586/2586
f 2587/2587/2587 2705/2705/2705 2707/2707/2707
f 2589/2589/2589 2707/2707/2707 2708/2708/2708
f 2766/2766/2766 2593/2593/2593 2709/2709/2709
f 2766/2766/2766 2710/2710/2710 2593/2593/2593
f 2651/2651/2651 2710/2710/2710 2711/2711/2711
f 2767/2767/2767 2652/2652/2652 2653/2653/2653
f 2768/2768/2768 2653/2653/2653 2654/2654/2654
f 2654/2654/2654 2656/2656/2656 2769/2769/2769
f 2658/2658/2658 2770/2770/2770 2656/2656/2656
f 2772/2772/2772 2659/2659/2659 2712/2712/2712
f 2711/2711/2711 2773/2773/2773 2660/2660/2660
f 2712/2712/2712 2660/2660/2660 2773/2773/2773
f 2774/2774/2774 2662/2662/2662 2661/2661/2661
f 2775/2775/2775 2713/2713/2713 2662/2662/2662
f 2714/2714/2714 2774/2774/2774 2661/2661/2661
f 2714/2714/2714 2600/2600/2600 2715/2715/2715
f 2776/2776/2776 2663/2663/2663 2713/2713/2713
f 2719/2719/2719 2715/2715/2715 2604/2604/2604
f 2717/2717/2717 2716/2716/2716 2602/2602/2602
f 2717/2717/2717 2603/2603/2603 2718/2718/2718
f 2718/2718/2718 2663/2663/2663 2776/2776/2776
f 2719/2719/2719 2605/2605/2605 2720/2720/2720
f 2666/2666/2666 2777/2777/2777 2664/2664/2664
f 2665/2665/2665 2664/2664/2664 2778/2778/2778
f 2665/2665/2665 2779/2779/2779 2667/2667/2667
f 2767/2767/2767 2666/2666/2666 2652/2652/2652
f 2667/2667/2667 2780/2780/2780 2668/2668/2668
f 2669/2669/2669 2668/2668/2668 2781/2781/2781
f 2670/2670/2670 2669/2669/2669 2782/2782/2782
f 2783/2783/2783 2671/2671/2671 2670/2670/2670
f 2671/2671/2671 2784/2784/2784 2720/2720/2720
f 2672/2672/2672 2673/2673/2673 2785/2785/2785
f 2684/2684/2684 2672/2672/2672 2785/2785/2785
f 2786/2786/2786 2673/2673/2673 2674/2674/2674
f 2674/2674/2674 2675/2675/2675 2787/2787/2787
f 2788/2788/2788 2675/2675/2675 2716/2716/2716
f 2608/2608/2608 2721/2721/2721 2724/2724/2724
f 2725/2725/2725 2609/2609/2609 2724/2724/2724
f 2610/2610/2610 2725/2725/2725 2726/2726/2726
f 2611/2611/2611 2726/2726/2726 2727/2727/2727
f 2729/2729/2729 2613/2613/2613 2728/2728/2728
f 2789/2789/2789 2677/2677/2677 2681/2681/2681
f 2730/2730/2730 2790/2790/2790 2679/2679/2679
f 2790/2790/2790 2732/2732/2732 2679/2679/2679
f 2791/2791/2791 2681/2681/2681 2733/2733/2733
f 2734/2734/2734 2677/2677/2677 2789/2789/2789
f 2792/2792/2792 2682/2682/2682 2734/2734/2734
f 2690/2690/2690 2616/2616/2616 2735/2735/2735
f 2735/2735/2735 2617/2617/2617 2736/2736/2736
f 2736/2736/2736 2618/2618/2618 2737/2737/2737
f 2683/2683/2683 2793/2793/2793 2737/2737/2737
f 2738/2738/2738 2620/2620/2620 2739/2739/2739
f 2738/2738/2738 2793/2793/2793 2683/2683/2683
f 2740/2740/2740 2739/2739/2739 2621/2621/2621
f 2794/2794/2794 2685/2685/2685 2684/2684/2684
f 2686/2686/2686 2685/2685/2685 2795/2795/2795
f 2686/2686/2686 2796/2796/2796 2740/2740/2740
f 2742/2742/2742 2741/2741/2741 2624/2624/2624
f 2741/2741/2741 2722/2722/2722 2622/2622/2622
f 2625/2625/2625 2743/2743/2743 2742/2742/2742
f 2792/2792/2792 2744/2744/2744 2682/2682/2682
f 2629/2629/2629 2747/2747/2747 2745/2745/2745
f 2746/2746/2746 2627/2627/2627 2745/2745/2745
f 2630/2630/2630 2746/2746/2746 2748/2748/2748
f 2750/2750/2750 2747/2747/2747 2633/2633/2633
f 2631/2631/2631 2748/2748/2748 2749/2749/2749
f 2749/2749/2749 2752/2752/2752 2636/2636/2636
f 2635/2635/2635 2751/2751/2751 2750/2750/2750
f 2755/2755/2755 2751/2751/2751 2640/2640/2640
f 2752/2752/2752 2797/2797/2797 2687/2687/2687
f 2753/2753/2753 2687/2687/2687 2797/2797/2797
f 2637/2637/2637 2753/2753/2753 2754/2754/2754
f 2754/2754/2754 2709/2709/2709 2638/2638/2638
f 2756/2756/2756 2755/2755/2755 2641/2641/2641
f 2642/2642/2642 2757/2757/2757 2756/2756/2756
f 2758/2758/2758 2757/2757/2757 2643/2643/2643
f 2758/2758/2758 2644/2644/2644 2759/2759/2759
f 2798/2798/2798 2759/2759/2759 2688/2688/2688
f 2799/2799/2799 2689/2689/2689 2708/2708/2708
f 2799/2799/2799 2760/2760/2760 2689/2689/2689
f 2761/2761/2761 2646/2646/2646 2760/2760/2760
f 2761/2761/2761 2762/2762/2762 2647/2647/2647
f 2763/2763/2763 2648/2648/2648 2762/2762/2762
f 2763/2763/2763 2764/2764/2764 2649/2649/2649
f 2798/2798/2798 2688/2688/2688 2764/2764/2764
f 2690/2690/2690 2800/2800/2800 2691/2691/2691
f 2692/2692/2692 2691/2691/2691 2801/2801/2801
f 2692/2692/2692 2802/2802/2802 2693/2693/2693
f 2765/2765/2765 2693/2693/2693 2803/2803/2803
f 2694/2694/2694 2804/2804/2804 2695/2695/2695
f 2765/2765/2765 2804/2804/2804 2694/2694/2694
f 2696/2696/2696 2695/2695/2695 2805/2805/2805
f 2806/2806/2806 2697/2697/2697 2696/2696/2696
f 2698/2698/2698 2697/2697/2697 2807/2807/2807
f 2698/2698/2698 2808/2808/2808 2700/2700/2700
f 2704/2704/2704 2701/2701/2701 2810/2810/2810
f 2703/2703/2703 2812/2812/2812 2705/2705/2705
f 2705/2705/2705 2814/2814/2814 2707/2707/2707
f 2707/2707/2707 2816/2816/2816 2708/2708/2708
f 2766/2766/2766 2709/2709/2709 2754/2754/2754
f 2766/2766/2766 2817/2817/2817 2710/2710/2710
f 2710/2710/2710 2818/2818/2818 2711/2711/2711
f 2767/2767/2767 2653/2653/2653 2768/2768/2768
f 2768/2768/2768 2654/2654/2654 2819/2819/2819
f 2769/2769/2769 2656/2656/2656 2770/2770/2770
f 2769/2769/2769 2819/2819/2819 2654/2654/2654
f 2771/2771/2771 2770/2770/2770 2658/2658/2658
f 2772/2772/2772 2712/2712/2712 2820/2820/2820
f 2818/2818/2818 2773/2773/2773 2711/2711/2711
f 2712/2712/2712 2773/2773/2773 2820/2820/2820
f 2774/2774/2774 2775/2775/2775 2662/2662/2662
f 2775/2775/2775 2776/2776/2776 2713/2713/2713
f 2714/2714/2714 2821/2821/2821 2774/2774/2774
f 2714/2714/2714 2715/2715/2715 2821/2821/2821
f 2822/2822/2822 2715/2715/2715 2719/2719/2719
f 2823/2823/2823 2716/2716/2716 2717/2717/2717
f 2717/2717/2717 2718/2718/2718 2824/2824/2824
f 2825/2825/2825 2718/2718/2718 2776/2776/2776
f 2719/2719/2719 2720/2720/2720 2826/2826/2826
f 2767/2767/2767 2777/2777/2777 2666/2666/2666
f 2664/2664/2664 2777/2777/2777 2778/2778/2778
f 2665/2665/2665 2778/2778/2778 2779/2779/2779
f 2667/2667/2667 2779/2779/2779 2780/2780/2780
f 2780/2780/2780 2781/2781/2781 2668/2668/2668
f 2782/2782/2782 2669/2669/2669 2781/2781/2781
f 2783/2783/2783 2670/2670/2670 2782/2782/2782
f 2783/2783/2783 2784/2784/2784 2671/2671/2671
f 2827/2827/2827 2720/2720/2720 2784/2784/2784
f 2785/2785/2785 2673/2673/2673 2786/2786/2786
f 2794/2794/2794 2684/2684/2684 2785/2785/2785
f 2786/2786/2786 2674/2674/2674 2787/2787/2787
f 2788/2788/2788 2787/2787/2787 2675/2675/2675
f 2788/2788/2788 2716/2716/2716 2823/2823/2823
f 2724/2724/2724 2721/2721/2721 2828/2828/2828
f 2830/2830/2830 2725/2725/2725 2724/2724/2724
f 2726/2726/2726 2725/2725/2725 2831/2831/2831
f 2727/2727/2727 2726/2726/2726 2832/2832/2832
f 2834/2834/2834 2729/2729/2729 2728/2728/2728
f 2789/2789/2789 2681/2681/2681 2791/2791/2791
f 2836/2836/2836 2790/2790/2790 2730/2730/2730
f 2837/2837/2837 2732/2732/2732 2790/2790/2790
f 2791/2791/2791 2733/2733/2733 2838/2838/2838
f 2734/2734/2734 2789/2789/2789 2839/2839/2839
f 2792/2792/2792 2734/2734/2734 2839/2839/2839
f 2690/2690/2690 2735/2735/2735 2800/2800/2800
f 2735/2735/2735 2736/2736/2736 2840/2840/2840
f 2736/2736/2736 2737/2737/2737 2841/2841/2841
f 2737/2737/2737 2793/2793/2793 2842/2842/2842
f 2738/2738/2738 2739/2739/2739 2843/2843/2843
f 2738/2738/2738 2843/2843/2843 2793/2793/2793
f 2844/2844/2844 2739/2739/2739 2740/2740/2740
f 2795/2795/2795 2685/2685/2685 2794/2794/2794
f 2686/2686/2686 2795/2795/2795 2796/2796/2796
f 2740/2740/2740 2796/2796/2796 2845/2845/2845
f 2742/2742/2742 2846/2846/2846 2741/2741/2741
f 2741/2741/2741 2829/2829/2829 2722/2722/2722
f 2742/2742/2742 2743/2743/2743 2847/2847/2847
f 2792/2792/2792 2850/2850/2850 2744/2744/2744
f 2851/2851/2851 2745/2745/2745 2747/2747/2747
f 2746/2746/2746 2745/2745/2745 2852/2852/2852
f 2746/2746/2746 2853/2853/2853 2748/2748/2748
f 2854/2854/2854 2747/2747/2747 2750/2750/2750
f 2855/2855/2855 2749/2749/2749 2748/2748/2748
f 2856/2856/2856 2752/2752/2752 2749/2749/2749
f 2750/2750/2750 2751/2751/2751 2857/2857/2857
f 2755/2755/2755 2858/2858/2858 2751/2751/2751
f 2752/2752/2752 2859/2859/2859 2797/2797/2797
f 2753/2753/2753 2797/2797/2797 2860/2860/2860
f 2753/2753/2753 2861/2861/2861 2754/2754/2754
f 2756/2756/2756 2862/2862/2862 2755/2755/2755
f 2756/2756/2756 2757/2757/2757 2863/2863/2863
f 2758/2758/2758 2864/2864/2864 2757/2757/2757
f 2758/2758/2758 2759/2759/2759 2865/2865/2865
f 2798/2798/2798 2865/2865/2865 2759/2759/2759
f 2799/2799/2799 2708/2708/2708 2816/2816/2816
f 2866/2866/2866 2760/2760/2760 2799/2799/2799
f 2867/2867/2867 2761/2761/2761 2760/2760/2760
f 2868/2868/2868 2762/2762/2762 2761/2761/2761
f 2763/2763/2763 2762/2762/2762 2869/2869/2869
f 2763/2763/2763 2870/2870/2870 2764/2764/2764
f 2798/2798/2798 2764/2764/2764 2871/2871/2871
f 2800/2800/2800 2801/2801/2801 2691/2691/2691
f 2692/2692/2692 2801/2801/2801 2802/2802/2802
f 2802/2802/2802 2803/2803/2803 2693/2693/2693
f 2765/2765/2765 2803/2803/2803 2872/2872/2872
f 2695/2695/2695 2804/2804/2804 2805/2805/2805
f 2765/2765/2765 2872/2872/2872 2804/2804/2804
f 2806/2806/2806 2696/2696/2696 2805/2805/2805
f 2806/2806/2806 2807/2807/2807 2697/2697/2697
f 2698/2698/2698 2807/2807/2807 2808/2808/2808
f 2700/2700/2700 2808/2808/2808 2809/2809/2809
f 2702/2702/2702 2809/2809/2809 2811/2811/2811
f 2705/2705/2705 2812/2812/2812 2814/2814/2814
f 2707/2707/2707 2814/2814/2814 2816/2816/2816
f 2766/2766/2766 2754/2754/2754 2861/2861/2861
f 2766/2766/2766 2861/2861/2861 2817/2817/2817
f 2710/2710/2710 2817/2817/2817 2818/2818/2818
f 2767/2767/2767 2768/2768/2768 2873/2873/2873
f 2768/2768/2768 2819/2819/2819 2874/2874/2874
f 2769/2769/2769 2770/2770/2770 2819/2819/2819
f 2771/2771/2771 2875/2875/2875 2770/2770/2770
f 2772/2772/2772 2820/2820/2820 2877/2877/2877
f 2818/2818/2818 2878/2878/2878 2773/2773/2773
f 2773/2773/2773 2878/2878/2878 2820/2820/2820
f 2774/2774/2774 2879/2879/2879 2775/2775/2775
f 2775/2775/2775 2880/2880/2880 2776/2776/2776
f 2821/2821/2821 2879/2879/2879 2774/2774/2774
f 2822/2822/2822 2821/2821/2821 2715/2715/2715
f 2822/2822/2822 2719/2719/2719 2826/2826/2826
f 2823/2823/2823 2717/2717/2717 2824/2824/2824
f 2824/2824/2824 2718/2718/2718 2825/2825/2825
f 2825/2825/2825 2776/2776/2776 2880/2880/2880
f 2827/2827/2827 2826/2826/2826 2720/2720/2720
f 2767/2767/2767 2873/2873/2873 2777/2777/2777
f 2777/2777/2777 2881/2881/2881 2778/2778/2778
f 2882/2882/2882 2779/2779/2779 2778/2778/2778
f 2779/2779/2779 2883/2883/2883 2780/2780/2780
f 2884/2884/2884 2781/2781/2781 2780/2780/2780
f 2782/2782/2782 2781/2781/2781 2885/2885/2885
f 2783/2783/2783 2782/2782/2782 2886/2886/2886
f 2783/2783/2783 2887/2887/2887 2784/2784/2784
f 2888/2888/2888 2827/2827/2827 2784/2784/2784
f 2785/2785/2785 2786/2786/2786 2889/2889/2889
f 2794/2794/2794 2785/2785/2785 2889/2889/2889
f 2786/2786/2786 2787/2787/2787 2890/2890/2890
f 2788/2788/2788 2891/2891/2891 2787/2787/2787
f 2788/2788/2788 2823/2823/2823 2892/2892/2892
f 2830/2830/2830 2724/2724/2724 2828/2828/2828
f 2831/2831/2831 2725/2725/2725 2830/2830/2830
f 2832/2832/2832 2726/2726/2726 2831/2831/2831
f 2833/2833/2833 2727/2727/2727 2832/2832/2832
f 2836/2836/2836 2730/2730/2730 2835/2835/2835
f 2789/2789/2789 2791/2791/2791 2893/2893/2893
f 2836/2836/2836 2894/2894/2894 2790/2790/2790
f 2837/2837/2837 2790/2790/2790 2894/2894/2894
f 2791/2791/2791 2838/2838/2838 2896/2896/2896
f 2839/2839/2839 2789/2789/2789 2897/2897/2897
f 2792/2792/2792 2839/2839/2839 2898/2898/2898
f 2735/2735/2735 2840/2840/2840 2800/2800/2800
f 2736/2736/2736 2841/2841/2841 2840/2840/2840
f 2841/2841/2841 2737/2737/2737 2842/2842/2842
f 2793/2793/2793 2899/2899/2899 2842/2842/2842
f 2844/2844/2844 2843/2843/2843 2739/2739/2739
f 2843/2843/2843 2899/2899/2899 2793/2793/2793
f 2844/2844/2844 2740/2740/2740 2845/2845/2845
f 2795/2795/2795 2794/2794/2794 2900/2900/2900
f 2795/2795/2795 2901/2901/2901 2796/2796/2796
f 2796/2796/2796 2902/2902/2902 2845/2845/2845
f 2742/2742/2742 2847/2847/2847 2846/2846/2846
f 2741/2741/2741 2846/2846/2846 2829/2829/2829
f 2744/2744/2744 2850/2850/2850 2848/2848/2848
f 2792/2792/2792 2898/2898/2898 2850/2850/2850
f 2851/2851/2851 2852/2852/2852 2745/2745/2745
f 2747/2747/2747 2903/2903/2903 2851/2851/2851
f 2746/2746/2746 2852/2852/2852 2853/2853/2853
f 2855/2855/2855 2748/2748/2748 2853/2853/2853
f 2854/2854/2854 2903/2903/2903 2747/2747/2747
f 2854/2854/2854 2750/2750/2750 2857/2857/2857
f 2855/2855/2855 2856/2856/2856 2749/2749/2749
f 2856/2856/2856 2859/2859/2859 2752/2752/2752
f 2857/2857/2857 2751/2751/2751 2858/2858/2858
f 2862/2862/2862 2858/2858/2858 2755/2755/2755
f 2904/2904/2904 2797/2797/2797 2859/2859/2859
f 2904/2904/2904 2860/2860/2860 2797/2797/2797
f 2753/2753/2753 2860/2860/2860 2861/2861/2861
f 2756/2756/2756 2863/2863/2863 2862/2862/2862
f 2864/2864/2864 2863/2863/2863 2757/2757/2757
f 2758/2758/2758 2865/2865/2865 2864/2864/2864
f 2905/2905/2905 2865/2865/2865 2798/2798/2798
f 2799/2799/2799 2816/2816/2816 2907/2907/2907
f 2867/2867/2867 2760/2760/2760 2866/2866/2866
f 2799/2799/2799 2909/2909/2909 2866/2866/2866
f 2868/2868/2868 2761/2761/2761 2867/2867/2867
f 2869/2869/2869 2762/2762/2762 2868/2868/2868
f 2763/2763/2763 2869/2869/2869 2870/2870/2870
f 2870/2870/2870 2871/2871/2871 2764/2764/2764
f 2905/2905/2905 2798/2798/2798 2871/2871/2871
f 2800/2800/2800 2910/2910/2910 2801/2801/2801
f 2802/2802/2802 2801/2801/2801 2911/2911/2911
f 2802/2802/2802 2912/2912/2912 2803/2803/2803
f 2913/2913/2913 2872/2872/2872 2803/2803/2803
f 2914/2914/2914 2805/2805/2805 2804/2804/2804
f 2872/2872/2872 2914/2914/2914 2804/2804/2804
f 2806/2806/2806 2805/2805/2805 2915/2915/2915
f 2806/2806/2806 2916/2916/2916 2807/2807/2807
f 2807/2807/2807 2917/2917/2917 2808/2808/2808
f 2918/2918/2918 2809/2809/2809 2808/2808/2808
f 2919/2919/2919 2811/2811/2811 2809/2809/2809
f 2920/2920/2920 2813/2813/2813 2811/2811/2811
f 2813/2813/2813 2921/2921/2921 2815/2815/2815
f 2922/2922/2922 2817/2817/2817 2861/2861/2861
f 2923/2923/2923 2818/2818/2818 2817/2817/2817
f 2768/2768/2768 2874/2874/2874 2873/2873/2873
f 2924/2924/2924 2874/2874/2874 2819/2819/2819
f 2925/2925/2925 2819/2819/2819 2770/2770/2770
f 2771/2771/2771 2876/2876/2876 2875/2875/2875
f 2925/2925/2925 2770/2770/2770 2875/2875/2875
f 2877/2877/2877 2820/2820/2820 2926/2926/2926
f 2923/2923/2923 2878/2878/2878 2818/2818/2818
f 2820/2820/2820 2878/2878/2878 2926/2926/2926
f 2879/2879/2879 2880/2880/2880 2775/2775/2775
f 2821/2821/2821 2927/2927/2927 2879/2879/2879
f 2822/2822/2822 2927/2927/2927 2821/2821/2821
f 2822/2822/2822 2826/2826/2826 2928/2928/2928
f 2823/2823/2823 2824/2824/2824 2929/2929/2929
f 2824/2824/2824 2825/2825/2825 2930/2930/2930
f 2825/2825/2825 2880/2880/2880 2931/2931/2931
f 2827/2827/2827 2932/2932/2932 2826/2826/2826
f 2873/2873/2873 2881/2881/2881 2777/2777/2777
f 2882/2882/2882 2778/2778/2778 2881/2881/2881
f 2882/2882/2882 2883/2883/2883 2779/2779/2779
f 2883/2883/2883 2884/2884/2884 2780/2780/2780
f 2885/2885/2885 2781/2781/2781 2884/2884/2884
f 2886/2886/2886 2782/2782/2782 2885/2885/2885
f 2783/2783/2783 2886/2886/2886 2887/2887/2887
f 2888/2888/2888 2784/2784/2784 2887/2887/2887
f 2888/2888/2888 2932/2932/2932 2827/2827/2827
f 2786/2786/2786 2890/2890/2890 2889/2889/2889
f 2794/2794/2794 2889/2889/2889 2900/2900/2900
f 2891/2891/2891 2890/2890/2890 2787/2787/2787
f 2788/2788/2788 2892/2892/2892 2891/2891/2891
f 2892/2892/2892 2823/2823/2823 2929/2929/2929
f 2830/2830/2830 2828/2828/2828 2933/2933/2933
f 2831/2831/2831 2830/2830/2830 2935/2935/2935
f 2936/2936/2936 2832/2832/2832 2831/2831/2831
f 2833/2833/2833 2832/2832/2832 2937/2937/2937
f 2836/2836/2836 2835/2835/2835 2939/2939/2939
f 2791/2791/2791 2896/2896/2896 2893/2893/2893
f 2789/2789/2789 2893/2893/2893 2897/2897/2897
f 2836/2836/2836 2940/2940/2940 2894/2894/2894
f 2838/2838/2838 2895/2895/2895 2941/2941/2941
f 2896/2896/2896 2838/2838/2838 2941/2941/2941
f 2839/2839/2839 2897/2897/2897 2942/2942/2942
f 2898/2898/2898 2839/2839/2839 2942/2942/2942
f 2800/2800/2800 2840/2840/2840 2910/2910/2910
f 2841/2841/2841 2943/2943/2943 2840/2840/2840
f 2841/2841/2841 2842/2842/2842 2944/2944/2944
f 2945/2945/2945 2842/2842/2842 2899/2899/2899
f 2844/2844/2844 2946/2946/2946 2843/2843/2843
f 2843/2843/2843 2946/2946/2946 2899/2899/2899
f 2844/2844/2844 2845/2845/2845 2947/2947/2947
f 2795/2795/2795 2900/2900/2900 2901/2901/2901
f 2901/2901/2901 2902/2902/2902 2796/2796/2796
f 2948/2948/2948 2845/2845/2845 2902/2902/2902
f 2847/2847/2847 2949/2949/2949 2846/2846/2846
f 2934/2934/2934 2829/2829/2829 2846/2846/2846
f 2847/2847/2847 2849/2849/2849 2950/2950/2950
f 2898/2898/2898 2953/2953/2953 2850/2850/2850
f 2851/2851/2851 2954/2954/2954 2852/2852/2852
f 2851/2851/2851 2903/2903/2903 2954/2954/2954
f 2852/2852/2852 2955/2955/2955 2853/2853/2853
f 2855/2855/2855 2853/2853/2853 2956/2956/2956
f 2854/2854/2854 2957/2957/2957 2903/2903/2903
f 2854/2854/2854 2857/2857/2857 2958/2958/2958
f 2855/2855/2855 2959/2959/2959 2856/2856/2856
f 2856/2856/2856 2960/2960/2960 2859/2859/2859
f 2958/2958/2958 2857/2857/2857 2858/2858/2858
f 2862/2862/2862 2961/2961/2961 2858/2858/2858
f 2962/2962/2962 2904/2904/2904 2859/2859/2859
f 2904/2904/2904 2963/2963/2963 2860/2860/2860
f 2922/2922/2922 2861/2861/2861 2860/2860/2860
f 2862/2862/2862 2863/2863/2863 2964/2964/2964
f 2864/2864/2864 2965/2965/2965 2863/2863/2863
f 2865/2865/2865 2966/2966/2966 2864/2864/2864
f 2905/2905/2905 2966/2966/2966 2865/2865/2865
f 2906/2906/2906 2815/2815/2815 2921/2921/2921
f 2799/2799/2799 2907/2907/2907 2909/2909/2909
f 2867/2867/2867 2866/2866/2866 2968/2968/2968
f 2909/2909/2909 2968/2968/2968 2866/2866/2866
f 2969/2969/2969 2868/2868/2868 2867/2867/2867
f 2970/2970/2970 2869/2869/2869 2868/2868/2868
f 2971/2971/2971 2870/2870/2870 2869/2869/2869
f 2870/2870/2870 2972/2972/2972 2871/2871/2871
f 2905/2905/2905 2871/2871/2871 2973/2973/2973
f 2801/2801/2801 2910/2910/2910 2911/2911/2911
f 2802/2802/2802 2911/2911/2911 2912/2912/2912
f 2912/2912/2912 2913/2913/2913 2803/2803/2803
f 2974/2974/2974 2872/2872/2872 2913/2913/2913
f 2914/2914/2914 2915/2915/2915 2805/2805/2805
f 2914/2914/2914 2872/2872/2872 2974/2974/2974
f 2806/2806/2806 2915/2915/2915 2916/2916/2916
f 2807/2807/2807 2916/2916/2916 2917/2917/2917
f 2918/2918/2918 2808/2808/2808 2917/2917/2917
f 2919/2919/2919 2809/2809/2809 2918/2918/2918
f 2920/2920/2920 2811/2811/2811 2919/2919/2919
f 2920/2920/2920 2921/2921/2921 2813/2813/2813
f 2923/2923/2923 2817/2817/2817 2922/2922/2922
f 2873/2873/2873 2874/2874/2874 2975/2975/2975
f 2924/2924/2924 2976/2976/2976 2874/2874/2874
f 2924/2924/2924 2819/2819/2819 2925/2925/2925
f 2875/2875/2875 2876/2876/2876 2977/2977/2977
f 2978/2978/2978 2925/2925/2925 2875/2875/2875
f 2877/2877/2877 2926/2926/2926 2980/2980/2980
f 2923/2923/2923 2981/2981/2981 2878/2878/2878
f 2926/2926/2926 2878/2878/2878 2981/2981/2981
f 2879/2879/2879 2982/2982/2982 2880/2880/2880
f 2927/2927/2927 2982/2982/2982 2879/2879/2879
f 2822/2822/2822 2928/2928/2928 2927/2927/2927
f 2932/2932/2932 2928/2928/2928 2826/2826/2826
f 2929/2929/2929 2824/2824/2824 2930/2930/2930
f 2825/2825/2825 2931/2931/2931 2930/2930/2930
f 2931/2931/2931 2880/2880/2880 2982/2982/2982
f 2873/2873/2873 2975/2975/2975 2881/2881/2881
f 2983/2983/2983 2882/2882/2882 2881/2881/2881
f 2882/2882/2882 2984/2984/2984 2883/2883/2883
f 2883/2883/2883 2985/2985/2985 2884/2884/2884
f 2986/2986/2986 2885/2885/2885 2884/2884/2884
f 2886/2886/2886 2885/2885/2885 2987/2987/2987
f 2988/2988/2988 2887/2887/2887 2886/2886/2886
f 2888/2888/2888 2887/2887/2887 2989/2989/2989
f 2888/2888/2888 2990/2990/2990 2932/2932/2932
f 2991/2991/2991 2889/2889/2889 2890/2890/2890
f 2991/2991/2991 2900/2900/2900 2889/2889/2889
f 2891/2891/2891 2992/2992/2992 2890/2890/2890
f 2892/2892/2892 2993/2993/2993 2891/2891/2891
f 2892/2892/2892 2929/2929/2929 2994/2994/2994
f 2830/2830/2830 2933/2933/2933 2935/2935/2935
f 2936/2936/2936 2831/2831/2831 2935/2935/2935
f 2936/2936/2936 2937/2937/2937 2832/2832/2832
f 2833/2833/2833 2937/2937/2937 2938/2938/2938
f 2836/2836/2836 2939/2939/2939 2940/2940/2940
f 2896/2896/2896 2995/2995/2995 2893/2893/2893
f 2897/2897/2897 2893/2893/2893 2996/2996/2996
f 2894/2894/2894 2940/2940/2940 2997/2997/2997
f 2895/2895/2895 2998/2998/2998 2941/2941/2941
f 2896/2896/2896 2941/2941/2941 2999/2999/2999
f 2942/2942/2942 2897/2897/2897 2996/2996/2996
f 2898/2898/2898 2942/2942/2942 3000/3000/3000
f 2910/2910/2910 2840/2840/2840 2943/2943/2943
f 2841/2841/2841 2944/2944/2944 2943/2943/2943
f 2944/2944/2944 2842/2842/2842 2945/2945/2945
f 3001/3001/3001 2945/2945/2945 2899/2899/2899
f 2844/2844/2844 2947/2947/2947 2946/2946/2946
f 3001/3001/3001 2899/2899/2899 2946/2946/2946
f 2948/2948/2948 2947/2947/2947 2845/2845/2845
f 2901/2901/2901 2900/2900/2900 3002/3002/3002
f 2901/2901/2901 3003/3003/3003 2902/2902/2902
f 2948/2948/2948 2902/2902/2902 3004/3004/3004
f 2847/2847/2847 2950/2950/2950 2949/2949/2949
f 2934/2934/2934 2846/2846/2846 2949/2949/2949
f 2953/2953/2953 2951/2951/2951 2850/2850/2850
f 2898/2898/2898 3000/3000/3000 2953/2953/2953
f 2852/2852/2852 2954/2954/2954 2955/2955/2955
f 3005/3005/3005 2954/2954/2954 2903/2903/2903
f 2955/2955/2955 2956/2956/2956 2853/2853/2853
f 2855/2855/2855 2956/2956/2956 2959/2959/2959
f 2854/2854/2854 2958/2958/2958 2957/2957/2957
f 2957/2957/2957 3005/3005/3005 2903/2903/2903
f 2856/2856/2856 2959/2959/2959 2960/2960/2960
f 2962/2962/2962 2859/2859/2859 2960/2960/2960
f 2958/2958/2958 2858/2858/2858 2961/2961/2961
f 2862/2862/2862 2964/2964/2964 2961/2961/2961
f 2962/2962/2962 3006/3006/3006 2904/2904/2904
f 2904/2904/2904 3006/3006/3006 2963/2963/2963
f 2922/2922/2922 2860/2860/2860 2963/2963/2963
f 2964/2964/2964 2863/2863/2863 2965/2965/2965
f 2966/2966/2966 2965/2965/2965 2864/2864/2864
f 2905/2905/2905 3007/3007/3007 2966/2966/2966
f 3008/3008/3008 2906/2906/2906 2921/2921/2921
f 2908/2908/2908 2906/2906/2906 3009/3009/3009
f 2969/2969/2969 2867/2867/2867 2968/2968/2968
f 2908/2908/2908 3010/3010/3010 2967/2967/2967
f 2969/2969/2969 2970/2970/2970 2868/2868/2868
f 2971/2971/2971 2869/2869/2869 2970/2970/2970
f 2971/2971/2971 2972/2972/2972 2870/2870/2870
f 2973/2973/2973 2871/2871/2871 2972/2972/2972
f 2905/2905/2905 2973/2973/2973 3007/3007/3007
f 2910/2910/2910 3011/3011/3011 2911/2911/2911
f 2912/2912/2912 2911/2911/2911 3012/3012/3012
f 2912/2912/2912 3013/3013/3013 2913/2913/2913
f 2974/2974/2974 2913/2913/2913 3014/3014/3014
f 2974/2974/2974 2915/2915/2915 2914/2914/2914
f 2916/2916/2916 2915/2915/2915 3015/3015/3015
f 2916/2916/2916 3016/3016/3016 2917/2917/2917
f 2918/2918/2918 2917/2917/2917 3017/3017/3017
f 2919/2919/2919 2918/2918/2918 3018/3018/3018
f 2920/2920/2920 2919/2919/2919 3019/3019/3019
f 2920/2920/2920 3020/3020/3020 2921/2921/2921
f 2923/2923/2923 2922/2922/2922 3021/3021/3021
f 2975/2975/2975 2874/2874/2874 2976/2976/2976
f 2924/2924/2924 2978/2978/2978 2976/2976/2976
f 2924/2924/2924 2925/2925/2925 2978/2978/2978
f 2876/2876/2876 2979/2979/2979 2977/2977/2977
f 2978/2978/2978 2875/2875/2875 2977/2977/2977
f 2926/2926/2926 3022/3022/3022 2980/2980/2980
f 2923/2923/2923 3021/3021/3021 2981/2981/2981
f 2926/2926/2926 2981/2981/2981 3022/3022/3022
f 3023/3023/3023 2982/2982/2982 2927/2927/2927
f 3023/3023/3023 2927/2927/2927 2928/2928/2928
f 3024/3024/3024 2928/2928/2928 2932/2932/2932
f 2929/2929/2929 2930/2930/2930 3025/3025/3025
f 2931/2931/2931 3026/3026/3026 2930/2930/2930
f 3027/3027/3027 2931/2931/2931 2982/2982/2982
f 2983/2983/2983 2881/2881/2881 2975/2975/2975
f 2983/2983/2983 2984/2984/2984 2882/2882/2882
f 2984/2984/2984 2985/2985/2985 2883/2883/2883
f 2986/2986/2986 2884/2884/2884 2985/2985/2985
f 2987/2987/2987 2885/2885/2885 2986/2986/2986
f 2988/2988/2988 2886/2886/2886 2987/2987/2987
f 2988/2988/2988 2989/2989/2989 2887/2887/2887
f 2888/2888/2888 2989/2989/2989 3028/3028/3028
f 2888/2888/2888 3028/3028/3028 2990/2990/2990
f 3024/3024/3024 2932/2932/2932 2990/2990/2990
f 2991/2991/2991 2890/2890/2890 2992/2992/2992
f 3002/3002/3002 2900/2900/2900 2991/2991/2991
f 2891/2891/2891 2993/2993/2993 2992/2992/2992
f 2892/2892/2892 2994/2994/2994 2993/2993/2993
f 2994/2994/2994 2929/2929/2929 3025/3025/3025
f 2935/2935/2935 2933/2933/2933 3029/3029/3029
f 2936/2936/2936 2935/2935/2935 3031/3031/3031
f 2936/2936/2936 3032/3032/3032 2937/2937/2937
f 3033/3033/3033 2938/2938/2938 2937/2937/2937
f 2939/2939/2939 3035/3035/3035 2940/2940/2940
f 2896/2896/2896 2999/2999/2999 2995/2995/2995
f 2996/2996/2996 2893/2893/2893 2995/2995/2995
f 3035/3035/3035 2997/2997/2997 2940/2940/2940
f 2941/2941/2941 2998/2998/2998 2999/2999/2999
f 2942/2942/2942 2996/2996/2996 3037/3037/3037
f 2942/2942/2942 3037/3037/3037 3000/3000/3000
f 2910/2910/2910 2943/2943/2943 3011/3011/3011
f 2944/2944/2944 3038/3038/3038 2943/2943/2943
f 3039/3039/3039 2944/2944/2944 2945/2945/2945
f 3001/3001/3001 3040/3040/3040 2945/2945/2945
f 2947/2947/2947 3041/3041/3041 2946/2946/2946
f 3001/3001/3001 2946/2946/2946 3041/3041/3041
f 2948/2948/2948 3042/3042/3042 2947/2947/2947
f 2901/2901/2901 3002/3002/3002 3003/3003/3003
f 3004/3004/3004 2902/2902/2902 3003/3003/3003
f 2948/2948/2948 3004/3004/3004 3043/3043/3043
f 3044/3044/3044 2949/2949/2949 2950/2950/2950
f 3030/3030/3030 2934/2934/2934 2949/2949/2949
f 2952/2952/2952 3045/3045/3045 2950/2950/2950
f 2953/2953/2953 3000/3000/3000 3047/3047/3047
f 3048/3048/3048 2955/2955/2955 2954/2954/2954
f 3048/3048/3048 2954/2954/2954 3005/3005/3005
f 3049/3049/3049 2956/2956/2956 2955/2955/2955
f 2956/2956/2956 3050/3050/3050 2959/2959/2959
f 2957/2957/2957 2958/2958/2958 3051/3051/3051
f 2957/2957/2957 3052/3052/3052 3005/3005/3005
f 2959/2959/2959 3053/3053/3053 2960/2960/2960
f 3054/3054/3054 2962/2962/2962 2960/2960/2960
f 2958/2958/2958 2961/2961/2961 3051/3051/3051
f 3055/3055/3055 2961/2961/2961 2964/2964/2964
f 2962/2962/2962 3056/3056/3056 3006/3006/3006
f 3057/3057/3057 2963/2963/2963 3006/3006/3006
f 3021/3021/3021 2922/2922/2922 2963/2963/2963
f 3058/3058/3058 2964/2964/2964 2965/2965/2965
f 2966/2966/2966 3059/3059/3059 2965/2965/2965
f 2966/2966/2966 3007/3007/3007 3059/3059/3059
f 3008/3008/3008 3009/3009/3009 2906/2906/2906
f 3008/3008/3008 2921/2921/2921 3020/3020/3020
f 2908/2908/2908 3009/3009/3009 3010/3010/3010
f 2969/2969/2969 2968/2968/2968 3061/3061/3061
f 3060/3060/3060 2967/2967/2967 3010/3010/3010
f 3062/3062/3062 2970/2970/2970 2969/2969/2969
f 3063/3063/3063 2971/2971/2971 2970/2970/2970
f 3064/3064/3064 2972/2972/2972 2971/2971/2971
f 2973/2973/2973 2972/2972/2972 3065/3065/3065
f 2973/2973/2973 3066/3066/3066 3007/3007/3007
f 3011/3011/3011 3012/3012/3012 2911/2911/2911
f 2912/2912/2912 3012/3012/3012 3013/3013/3013
f 2913/2913/2913 3013/3013/3013 3014/3014/3014
f 2974/2974/2974 3014/3014/3014 3067/3067/3067
f 2974/2974/2974 3015/3015/3015 2915/2915/2915
f 2916/2916/2916 3015/3015/3015 3016/3016/3016
f 2917/2917/2917 3016/3016/3016 3017/3017/3017
f 3018/3018/3018 2918/2918/2918 3017/3017/3017
f 2919/2919/2919 3018/3018/3018 3019/3019/3019
f 2920/2920/2920 3019/3019/3019 3020/3020/3020
f 2975/2975/2975 2976/2976/2976 3068/3068/3068
f 2978/2978/2978 3069/3069/3069 2976/2976/2976
f 2977/2977/2977 2979/2979/2979 3070/3070/3070
f 2978/2978/2978 2977/2977/2977 3071/3071/3071
f 2980/2980/2980 3022/3022/3022 3073/3073/3073
f 3074/3074/3074 2981/2981/2981 3021/3021/3021
f 3074/3074/3074 3022/3022/3022 2981/2981/2981
f 3027/3027/3027 2982/2982/2982 3023/3023/3023
f 3024/3024/3024 3023/3023/3023 2928/2928/2928
f 3026/3026/3026 3025/3025/3025 2930/2930/2930
f 3027/3027/3027 3026/3026/3026 2931/2931/2931
f 2983/2983/2983 2975/2975/2975 3068/3068/3068
f 2983/2983/2983 3075/3075/3075 2984/2984/2984
f 3076/3076/3076 2985/2985/2985 2984/2984/2984
f 2986/2986/2986 2985/2985/2985 3077/3077/3077
f 2987/2987/2987 2986/2986/2986 3078/3078/3078
f 2988/2988/2988 2987/2987/2987 3079/3079/3079
f 2988/2988/2988 3080/3080/3080 2989/2989/2989
f 2989/2989/2989 3080/3080/3080 3028/3028/3028
f 3028/3028/3028 3081/3081/3081 2990/2990/2990
f 3024/3024/3024 2990/2990/2990 3082/3082/3082
f 3083/3083/3083 2991/2991/2991 2992/2992/2992
f 3083/3083/3083 3002/3002/3002 2991/2991/2991
f 3084/3084/3084 2992/2992/2992 2993/2993/2993
f 3085/3085/3085 2993/2993/2993 2994/2994/2994
f 2994/2994/2994 3025/3025/3025 3086/3086/3086
f 3031/3031/3031 2935/2935/2935 3029/3029/3029
f 2936/2936/2936 3031/3031/3031 3032/3032/3032
f 3032/3032/3032 3033/3033/3033 2937/2937/2937
f 3033/3033/3033 3034/3034/3034 2938/2938/2938
f 2995/2995/2995 2999/2999/2999 3088/3088/3088
f 2996/2996/2996 2995/2995/2995 3089/3089/3089
f 3036/3036/3036 2999/2999/2999 2998/2998/2998
f 2996/2996/2996 3089/3089/3089 3037/3037/3037
f 3000/3000/3000 3037/3037/3037 3090/3090/3090
f 3038/3038/3038 3011/3011/3011 2943/2943/2943
f 3039/3039/3039 3038/3038/3038 2944/2944/2944
f 3039/3039/3039 2945/2945/2945 3040/3040/3040
f 3001/3001/3001 3091/3091/3091 3040/3040/3040
f 3042/3042/3042 3041/3041/3041 2947/2947/2947
f 3001/3001/3001 3041/3041/3041 3091/3091/3091
f 2948/2948/2948 3043/3043/3043 3042/3042/3042
f 3002/3002/3002 3092/3092/3092 3003/3003/3003
f 3093/3093/3093 3004/3004/3004 3003/3003/3003
f 3094/3094/3094 3043/3043/3043 3004/3004/3004
f 3030/3030/3030 2949/2949/2949 3044/3044/3044
f 3045/3045/3045 3044/3044/3044 2950/2950/2950
f 2953/2953/2953 3047/3047/3047 3046/3046/3046
f 3000/3000/3000 3090/3090/3090 3047/3047/3047
f 3049/3049/3049 2955/2955/2955 3048/3048/3048
f 3048/3048/3048 3005/3005/3005 3095/3095/3095
f 3049/3049/3049 3050/3050/3050 2956/2956/2956
f 3050/3050/3050 3053/3053/3053 2959/2959/2959
f 2957/2957/2957 3051/3051/3051 3052/3052/3052
f 3095/3095/3095 3005/3005/3005 3052/3052/3052
f 3054/3054/3054 2960/2960/2960 3053/3053/3053
f 3054/3054/3054 3056/3056/3056 2962/2962/2962
f 3055/3055/3055 3051/3051/3051 2961/2961/2961
f 3055/3055/3055 2964/2964/2964 3058/3058/3058
f 3056/3056/3056 3096/3096/3096 3006/3006/3006
f 3057/3057/3057 3021/3021/3021 2963/2963/2963
f 3057/3057/3057 3006/3006/3006 3096/3096/3096
f 3058/3058/3058 2965/2965/2965 3059/3059/3059
f 3007/3007/3007 3097/3097/3097 3059/3059/3059
f 3008/3008/3008 3098/3098/3098 3009/3009/3009
f 3008/3008/3008 3020/3020/3020 3099/3099/3099
f 3100/3100/3100 3010/3010/3010 3009/3009/3009
f 3062/3062/3062 2969/2969/2969 3061/3061/3061
f 3060/3060/3060 3010/3010/3010 3101/3101/3101
f 3062/3062/3062 3063/3063/3063 2970/2970/2970
f 3064/3064/3064 2971/2971/2971 3063/3063/3063
f 3065/3065/3065 2972/2972/2972 3064/3064/3064
f 2973/2973/2973 3065/3065/3065 3066/3066/3066
f 3007/3007/3007 3066/3066/3066 3097/3097/3097
f 3011/3011/3011 3102/3102/3102 3012/3012/3012
f 3103/3103/3103 3013/3013/3013 3012/3012/3012
f 3104/3104/3104 3014/3014/3014 3013/3013/3013
f 3105/3105/3105 3067/3067/3067 3014/3014/3014
f 2974/2974/2974 3067/3067/3067 3015/3015/3015
f 3016/3016/3016 3015/3015/3015 3106/3106/3106
f 3017/3017/3017 3016/3016/3016 3107/3107/3107
f 3018/3018/3018 3017/3017/3017 3108/3108/3108
f 3019/3019/3019 3018/3018/3018 3109/3109/3109
f 3110/3110/3110 3020/3020/3020 3019/3019/3019
f 3069/3069/3069 3068/3068/3068 2976/2976/2976
f 2978/2978/2978 3071/3071/3071 3069/3069/3069
f 2979/2979/2979 3072/3072/3072 3070/3070/3070
f 2977/2977/2977 3070/3070/3070 3071/3071/3071
f 3022/3022/3022 3111/3111/3111 3073/3073/3073
f 3057/3057/3057 3074/3074/3074 3021/3021/3021
f 3074/3074/3074 3111/3111/3111 3022/3022/3022
f 3027/3027/3027 3023/3023/3023 3112/3112/3112
f 3024/3024/3024 3112/3112/3112 3023/3023/3023
f 3113/3113/3113 3025/3025/3025 3026/3026/3026
f 3027/3027/3027 3114/3114/3114 3026/3026/3026
f 2983/2983/2983 3068/3068/3068 3075/3075/3075
f 3075/3075/3075 3076/3076/3076 2984/2984/2984
f 3076/3076/3076 3077/3077/3077 2985/2985/2985
f 2986/2986/2986 3077/3077/3077 3078/3078/3078
f 3079/3079/3079 2987/2987/2987 3078/3078/3078
f 2988/2988/2988 3079/3079/3079 3080/3080/3080
f 3080/3080/3080 3115/3115/3115 3028/3028/3028
f 3028/3028/3028 3115/3115/3115 3081/3081/3081
f 2990/2990/2990 3081/3081/3081 3082/3082/3082
f 3024/3024/3024 3082/3082/3082 3112/3112/3112
f 3084/3084/3084 3083/3083/3083 2992/2992/2992
f 3083/3083/3083 3092/3092/3092 3002/3002/3002
f 3084/3084/3084 2993/2993/2993 3085/3085/3085
f 3085/3085/3085 2994/2994/2994 3086/3086/3086
f 3113/3113/3113 3086/3086/3086 3025/3025/3025
f 3031/3031/3031 3029/3029/3029 3116/3116/3116
f 3031/3031/3031 3118/3118/3118 3032/3032/3032
f 3032/3032/3032 3120/3120/3120 3033/3033/3033
f 3033/3033/3033 3087/3087/3087 3034/3034/3034
f 3036/3036/3036 3088/3088/3088 2999/2999/2999
f 2995/2995/2995 3088/3088/3088 3089/3089/3089
f 3037/3037/3037 3089/3089/3089 3123/3123/3123
f 3090/3090/3090 3037/3037/3037 3123/3123/3123
f 3038/3038/3038 3102/3102/3102 3011/3011/3011
f 3039/3039/3039 3124/3124/3124 3038/3038/3038
f 3039/3039/3039 3040/3040/3040 3125/3125/3125
f 3126/3126/3126 3040/3040/3040 3091/3091/3091
f 3042/3042/3042 3127/3127/3127 3041/3041/3041
f 3127/3127/3127 3091/3091/3091 3041/3041/3041
f 3043/3043/3043 3128/3128/3128 3042/3042/3042
f 3092/3092/3092 3093/3093/3093 3003/3003/3003
f 3094/3094/3094 3004/3004/3004 3093/3093/3093
f 3129/3129/3129 3043/3043/3043 3094/3094/3094
f 3030/3030/3030 3044/3044/3044 3117/3117/3117
f 3045/3045/3045 3130/3130/3130 3044/3044/3044
f 3046/3046/3046 3047/3047/3047 3132/3132/3132
f 3132/3132/3132 3047/3047/3047 3090/3090/3090
f 3049/3049/3049 3048/3048/3048 3133/3133/3133
f 3048/3048/3048 3095/3095/3095 3133/3133/3133
f 3049/3049/3049 3134/3134/3134 3050/3050/3050
f 3050/3050/3050 3135/3135/3135 3053/3053/3053
f 3136/3136/3136 3052/3052/3052 3051/3051/3051
f 3137/3137/3137 3095/3095/3095 3052/3052/3052
f 3054/3054/3054 3053/3053/3053 3138/3138/3138
f 3054/3054/3054 3139/3139/3139 3056/3056/3056
f 3055/3055/3055 3136/3136/3136 3051/3051/3051
f 3140/3140/3140 3055/3055/3055 3058/3058/3058
f 3056/3056/3056 3141/3141/3141 3096/3096/3096
f 3142/3142/3142 3057/3057/3057 3096/3096/3096
f 3143/3143/3143 3058/3058/3058 3059/3059/3059
f 3143/3143/3143 3059/3059/3059 3097/3097/3097
f 3008/3008/3008 3099/3099/3099 3098/3098/3098
f 3098/3098/3098 3100/3100/3100 3009/3009/3009
f 3110/3110/3110 3099/3099/3099 3020/3020/3020
f 3100/3100/3100 3101/3101/3101 3010/3010/3010
f 3062/3062/3062 3061/3061/3061 3145/3145/3145
f 3144/3144/3144 3060/3060/3060 3101/3101/3101
f 3062/3062/3062 3146/3146/3146 3063/3063/3063
f 3064/3064/3064 3063/3063/3063 3147/3147/3147
f 3065/3065/3065 3064/3064/3064 3148/3148/3148
f 3149/3149/3149 3066/3066/3066 3065/3065/3065
f 3150/3150/3150 3097/3097/3097 3066/3066/3066
f 3103/3103/3103 3012/3012/3012 3102/3102/3102
f 3103/3103/3103 3104/3104/3104 3013/3013/3013
f 3104/3104/3104 3105/3105/3105 3014/3014/3014
f 3105/3105/3105 3151/3151/3151 3067/3067/3067
f 3067/3067/3067 3106/3106/3106 3015/3015/3015
f 3016/3016/3016 3106/3106/3106 3107/3107/3107
f 3017/3017/3017 3107/3107/3107 3108/3108/3108
f 3018/3018/3018 3108/3108/3108 3109/3109/3109
f 3110/3110/3110 3019/3019/3019 3109/3109/3109
f 3069/3069/3069 3152/3152/3152 3068/3068/3068
f 3069/3069/3069 3071/3071/3071 3153/3153/3153
f 3154/3154/3154 3070/3070/3070 3072/3072/3072
f 3070/3070/3070 3155/3155/3155 3071/3071/3071
f 3157/3157/3157 3073/3073/3073 3111/3111/3111
f 3142/3142/3142 3074/3074/3074 3057/3057/3057
f 3142/3142/3142 3111/3111/3111 3074/3074/3074
f 3027/3027/3027 3112/3112/3112 3114/3114/3114
f 3114/3114/3114 3113/3113/3113 3026/3026/3026
f 3075/3075/3075 3068/3068/3068 3152/3152/3152
f 3158/3158/3158 3076/3076/3076 3075/3075/3075
f 3076/3076/3076 3159/3159/3159 3077/3077/3077
f 3160/3160/3160 3078/3078/3078 3077/3077/3077
f 3079/3079/3079 3078/3078/3078 3161/3161/3161
f 3079/3079/3079 3162/3162/3162 3080/3080/3080
f 3080/3080/3080 3162/3162/3162 3115/3115/3115
f 3115/3115/3115 3163/3163/3163 3081/3081/3081
f 3081/3081/3081 3164/3164/3164 3082/3082/3082
f 3112/3112/3112 3082/3082/3082 3165/3165/3165
f 3084/3084/3084 3166/3166/3166 3083/3083/3083
f 3083/3083/3083 3166/3166/3166 3092/3092/3092
f 3084/3084/3084 3085/3085/3085 3167/3167/3167
f 3168/3168/3168 3085/3085/3085 3086/3086/3086
f 3113/3113/3113 3169/3169/3169 3086/3086/3086
f 3031/3031/3031 3116/3116/3116 3118/3118/3118
f 3032/3032/3032 3118/3118/3118 3120/3120/3120
f 3033/3033/3033 3120/3120/3120 3087/3087/3087
f 3121/3121/3121 3089/3089/3089 3088/3088/3088
f 3121/3121/3121 3123/3123/3123 3089/3089/3089
f 3090/3090/3090 3123/3123/3123 3172/3172/3172
f 3038/3038/3038 3124/3124/3124 3102/3102/3102
f 3039/3039/3039 3125/3125/3125 3124/3124/3124
f 3126/3126/3126 3125/3125/3125 3040/3040/3040
f 3126/3126/3126 3091/3091/3091 3173/3173/3173
f 3042/3042/3042 3128/3128/3128 3127/3127/3127
f 3127/3127/3127 3173/3173/3173 3091/3091/3091
f 3129/3129/3129 3128/3128/3128 3043/3043/3043
f 3174/3174/3174 3093/3093/3093 3092/3092/3092
f 3094/3094/3094 3093/3093/3093 3175/3175/3175
f 3129/3129/3129 3094/3094/3094 3176/3176/3176
f 3044/3044/3044 3130/3130/3130 3117/3117/3117
f 3045/3045/3045 3131/3131/3131 3130/3130/3130
f 3132/3132/3132 3090/3090/3090 3172/3172/3172
f 3049/3049/3049 3133/3133/3133 3134/3134/3134
f 3095/3095/3095 3177/3177/3177 3133/3133/3133
f 3050/3050/3050 3134/3134/3134 3135/3135/3135
f 3135/3135/3135 3138/3138/3138 3053/3053/3053
f 3137/3137/3137 3052/3052/3052 3136/3136/3136
f 3137/3137/3137 3177/3177/3177 3095/3095/3095
f 3054/3054/3054 3138/3138/3138 3139/3139/3139
f 3139/3139/3139 3141/3141/3141 3056/3056/3056
f 3140/3140/3140 3136/3136/3136 3055/3055/3055
f 3140/3140/3140 3058/3058/3058 3143/3143/3143
f 3096/3096/3096 3141/3141/3141 3178/3178/3178
f 3142/3142/3142 3096/3096/3096 3178/3178/3178
f 3179/3179/3179 3143/3143/3143 3097/3097/3097
f 3099/3099/3099 3180/3180/3180 3098/3098/3098
f 3098/3098/3098 3181/3181/3181 3100/3100/3100
f 3110/3110/3110 3182/3182/3182 3099/3099/3099
f 3183/3183/3183 3101/3101/3101 3100/3100/3100
f 3062/3062/3062 3145/3145/3145 3146/3146/3146
f 3184/3184/3184 3144/3144/3144 3101/3101/3101
f 3146/3146/3146 3147/3147/3147 3063/3063/3063
f 3064/3064/3064 3147/3147/3147 3148/3148/3148
f 3149/3149/3149 3065/3065/3065 3148/3148/3148
f 3150/3150/3150 3066/3066/3066 3149/3149/3149
f 3150/3150/3150 3179/3179/3179 3097/3097/3097
f 3103/3103/3103 3102/3102/3102 3185/3185/3185
f 3103/3103/3103 3186/3186/3186 3104/3104/3104
f 3104/3104/3104 3187/3187/3187 3105/3105/3105
f 3188/3188/3188 3151/3151/3151 3105/3105/3105
f 3067/3067/3067 3151/3151/3151 3106/3106/3106
f 3107/3107/3107 3106/3106/3106 3189/3189/3189
f 3107/3107/3107 3190/3190/3190 3108/3108/3108
f 3109/3109/3109 3108/3108/3108 3191/3191/3191
f 3110/3110/3110 3109/3109/3109 3192/3192/3192
f 3069/3069/3069 3153/3153/3153 3152/3152/3152
f 3071/3071/3071 3155/3155/3155 3153/3153/3153
f 3154/3154/3154 3155/3155/3155 3070/3070/3070
f 3154/3154/3154 3072/3072/3072 3156/3156/3156
f 3193/3193/3193 3157/3157/3157 3111/3111/3111
f 3193/3193/3193 3111/3111/3111 3142/3142/3142
f 3114/3114/3114 3112/3112/3112 3165/3165/3165
f 3114/3114/3114 3194/3194/3194 3113/3113/3113
f 3158/3158/3158 3075/3075/3075 3152/3152/3152
f 3158/3158/3158 3159/3159/3159 3076/3076/3076
f 3160/3160/3160 3077/3077/3077 3159/3159/3159
f 3160/3160/3160 3161/3161/3161 3078/3078/3078
f 3079/3079/3079 3161/3161/3161 3162/3162/3162
f 3115/3115/3115 3162/3162/3162 3195/3195/3195
f 3115/3115/3115 3195/3195/3195 3163/3163/3163
f 3081/3081/3081 3163/3163/3163 3164/3164/3164
f 3082/3082/3082 3164/3164/3164 3165/3165/3165
f 3084/3084/3084 3167/3167/3167 3166/3166/3166
f 3174/3174/3174 3092/3092/3092 3166/3166/3166
f 3168/3168/3168 3167/3167/3167 3085/3085/3085
f 3169/3169/3169 3168/3168/3168 3086/3086/3086
f 3113/3113/3113 3194/3194/3194 3169/3169/3169
f 3116/3116/3116 3170/3170/3170 3118/3118/3118
f 3120/3120/3120 3118/3118/3118 3122/3122/3122
f 3123/3123/3123 3119/3119/3119 3172/3172/3172
f 3185/3185/3185 3102/3102/3102 3124/3124/3124
f 3196/3196/3196 3124/3124/3124 3125/3125/3125
f 3126/3126/3126 3197/3197/3197 3125/3125/3125
f 3126/3126/3126 3173/3173/3173 3198/3198/3198
f 3127/3127/3127 3128/3128/3128 3199/3199/3199
f 3127/3127/3127 3199/3199/3199 3173/3173/3173
f 3129/3129/3129 3200/3200/3200 3128/3128/3128
f 3174/3174/3174 3175/3175/3175 3093/3093/3093
f 3176/3176/3176 3094/3094/3094 3175/3175/3175
f 3129/3129/3129 3176/3176/3176 3201/3201/3201
f 3117/3117/3117 3130/3130/3130 3171/3171/3171
f 3131/3131/3131 3171/3171/3171 3130/3130/3130
f 3202/3202/3202 3134/3134/3134 3133/3133/3133
f 3202/3202/3202 3133/3133/3133 3177/3177/3177
f 3203/3203/3203 3135/3135/3135 3134/3134/3134
f 3204/3204/3204 3138/3138/3138 3135/3135/3135
f 3205/3205/3205 3137/3137/3137 3136/3136/3136
f 3206/3206/3206 3177/3177/3177 3137/3137/3137
f 3207/3207/3207 3139/3139/3139 3138/3138/3138
f 3139/3139/3139 3208/3208/3208 3141/3141/3141
f 3205/3205/3205 3136/3136/3136 3140/3140/3140
f 3140/3140/3140 3143/3143/3143 3209/3209/3209
f 3141/3141/3141 3210/3210/3210 3178/3178/3178
f 3193/3193/3193 3142/3142/3142 3178/3178/3178
f 3179/3179/3179 3209/3209/3209 3143/3143/3143
f 3099/3099/3099 3182/3182/3182 3180/3180/3180
f 3098/3098/3098 3180/3180/3180 3181/3181/3181
f 3183/3183/3183 3100/3100/3100 3181/3181/3181
f 3110/3110/3110 3192/3192/3192 3182/3182/3182
f 3183/3183/3183 3184/3184/3184 3101/3101/3101
f 3146/3146/3146 3145/3145/3145 3212/3212/3212
f 3184/3184/3184 3211/3211/3211 3144/3144/3144
f 3214/3214/3214 3147/3147/3147 3146/3146/3146
f 3215/3215/3215 3148/3148/3148 3147/3147/3147
f 3149/3149/3149 3148/3148/3148 3216/3216/3216
f 3150/3150/3150 3149/3149/3149 3217/3217/3217
f 3150/3150/3150 3218/3218/3218 3179/3179/3179
f 3103/3103/3103 3185/3185/3185 3186/3186/3186
f 3104/3104/3104 3186/3186/3186 3187/3187/3187
f 3188/3188/3188 3105/3105/3105 3187/3187/3187
f 3188/3188/3188 3219/3219/3219 3151/3151/3151
f 3151/3151/3151 3189/3189/3189 3106/3106/3106
f 3107/3107/3107 3189/3189/3189 3190/3190/3190
f 3190/3190/3190 3191/3191/3191 3108/3108/3108
f 3192/3192/3192 3109/3109/3109 3191/3191/3191
f 3152/3152/3152 3153/3153/3153 3220/3220/3220
f 3221/3221/3221 3153/3153/3153 3155/3155/3155
f 3154/3154/3154 3222/3222/3222 3155/3155/3155
f 3154/3154/3154 3156/3156/3156 3223/3223/3223
f 3193/3193/3193 3225/3225/3225 3157/3157/3157
f 3114/3114/3114 3165/3165/3165 3194/3194/3194
f 3158/3158/3158 3152/3152/3152 3220/3220/3220
f 3226/3226/3226 3159/3159/3159 3158/3158/3158
f 3160/3160/3160 3159/3159/3159 3227/3227/3227
f 3228/3228/3228 3161/3161/3161 3160/3160/3160
f 3161/3161/3161 3229/3229/3229 3162/3162/3162
f 3162/3162/3162 3229/3229/3229 3195/3195/3195
f 3163/3163/3163 3195/3195/3195 3230/3230/3230
f 3163/3163/3163 3231/3231/3231 3164/3164/3164
f 3232/3232/3232 3165/3165/3165 3164/3164/3164
f 3166/3166/3166 3167/3167/3167 3233/3233/3233
f 3174/3174/3174 3166/3166/3166 3233/3233/3233
f 3168/3168/3168 3234/3234/3234 3167/3167/3167
f 3235/3235/3235 3168/3168/3168 3169/3169/3169
f 3236/3236/3236 3169/3169/3169 3194/3194/3194
f 3196/3196/3196 3185/3185/3185 3124/3124/3124
f 3196/3196/3196 3125/3125/3125 3197/3197/3197
f 3126/3126/3126 3198/3198/3198 3197/3197/3197
f 3237/3237/3237 3198/3198/3198 3173/3173/3173
f 3199/3199/3199 3128/3128/3128 3200/3200/3200
f 3237/3237/3237 3173/3173/3173 3199/3199/3199
f 3129/3129/3129 3201/3201/3201 3200/3200/3200
f 3174/3174/3174 3238/3238/3238 3175/3175/3175
f 3239/3239/3239 3176/3176/3176 3175/3175/3175
f 3176/3176/3176 3240/3240/3240 3201/3201/3201
f 3202/3202/3202 3203/3203/3203 3134/3134/3134
f 3202/3202/3202 3177/3177/3177 3241/3241/3241
f 3204/3204/3204 3135/3135/3135 3203/3203/3203
f 3204/3204/3204 3207/3207/3207 3138/3138/3138
f 3206/3206/3206 3137/3137/3137 3205/3205/3205
f 3206/3206/3206 3241/3241/3241 3177/3177/3177
f 3207/3207/3207 3208/3208/3208 3139/3139/3139
f 3141/3141/3141 3208/3208/3208 3210/3210/3210
f 3205/3205/3205 3140/3140/3140 3209/3209/3209
f 3243/3243/3243 3178/3178/3178 3210/3210/3210
f 3193/3193/3193 3178/3178/3178 3243/3243/3243
f 3179/3179/3179 3244/3244/3244 3209/3209/3209
f 3182/3182/3182 3245/3245/3245 3180/3180/3180
f 3180/3180/3180 3246/3246/3246 3181/3181/3181
f 3183/3183/3183 3181/3181/3181 3247/3247/3247
f 3182/3182/3182 3192/3192/3192 3248/3248/3248
f 3183/3183/3183 3249/3249/3249 3184/3184/3184
f 3214/3214/3214 3146/3146/3146 3212/3212/3212
f 3184/3184/3184 3250/3250/3250 3211/3211/3211
f 3215/3215/3215 3147/3147/3147 3214/3214/3214
f 3215/3215/3215 3216/3216/3216 3148/3148/3148
f 3149/3149/3149 3216/3216/3216 3217/3217/3217
f 3150/3150/3150 3217/3217/3217 3218/3218/3218
f 3179/3179/3179 3218/3218/3218 3244/3244/3244
f 3185/3185/3185 3251/3251/3251 3186/3186/3186
f 3252/3252/3252 3187/3187/3187 3186/3186/3186
f 3253/3253/3253 3188/3188/3188 3187/3187/3187
f 3188/3188/3188 3254/3254/3254 3219/3219/3219
f 3151/3151/3151 3219/3219/3219 3189/3189/3189
f 3190/3190/3190 3189/3189/3189 3255/3255/3255
f 3190/3190/3190 3256/3256/3256 3191/3191/3191
f 3192/3192/3192 3191/3191/3191 3257/3257/3257
f 3221/3221/3221 3220/3220/3220 3153/3153/3153
f 3222/3222/3222 3221/3221/3221 3155/3155/3155
f 3154/3154/3154 3223/3223/3223 3222/3222/3222
f 3156/3156/3156 3224/3224/3224 3223/3223/3223
f 3193/3193/3193 3243/3243/3243 3225/3225/3225
f 3232/3232/3232 3194/3194/3194 3165/3165/3165
f 3226/3226/3226 3158/3158/3158 3220/3220/3220
f 3227/3227/3227 3159/3159/3159 3226/3226/3226
f 3228/3228/3228 3160/3160/3160 3227/3227/3227
f 3228/3228/3228 3229/3229/3229 3161/3161/3161
f 3258/3258/3258 3195/3195/3195 3229/3229/3229
f 3258/3258/3258 3230/3230/3230 3195/3195/3195
f 3163/3163/3163 3230/3230/3230 3231/3231/3231
f 3232/3232/3232 3164/3164/3164 3231/3231/3231
f 3233/3233/3233 3167/3167/3167 3234/3234/3234
f 3174/3174/3174 3233/3233/3233 3238/3238/3238
f 3235/3235/3235 3234/3234/3234 3168/3168/3168
f 3235/3235/3235 3169/3169/3169 3236/3236/3236
f 3232/3232/3232 3236/3236/3236 3194/3194/3194
f 3196/3196/3196 3251/3251/3251 3185/3185/3185
f 3196/3196/3196 3197/3197/3197 3259/3259/3259
f 3198/3198/3198 3260/3260/3260 3197/3197/3197
f 3261/3261/3261 3198/3198/3198 3237/3237/3237
f 3199/3199/3199 3200/3200/3200 3262/3262/3262
f 3237/3237/3237 3199/3199/3199 3262/3262/3262
f 3200/3200/3200 3201/3201/3201 3263/3263/3263
f 3239/3239/3239 3175/3175/3175 3238/3238/3238
f 3239/3239/3239 3240/3240/3240 3176/3176/3176
f 3240/3240/3240 3264/3264/3264 3201/3201/3201
f 3202/3202/3202 3265/3265/3265 3203/3203/3203
f 3202/3202/3202 3241/3241/3241 3265/3265/3265
f 3266/3266/3266 3204/3204/3204 3203/3203/3203
f 3204/3204/3204 3267/3267/3267 3207/3207/3207
f 3206/3206/3206 3205/3205/3205 3268/3268/3268
f 3206/3206/3206 3269/3269/3269 3241/3241/3241
f 3270/3270/3270 3208/3208/3208 3207/3207/3207
f 3271/3271/3271 3210/3210/3210 3208/3208/3208
f 3205/3205/3205 3209/3209/3209 3268/3268/3268
f 3243/3243/3243 3210/3210/3210 3273/3273/3273
f 3209/3209/3209 3244/3244/3244 3268/3268/3268
f 3182/3182/3182 3248/3248/3248 3245/3245/3245
f 3180/3180/3180 3245/3245/3245 3246/3246/3246
f 3247/3247/3247 3181/3181/3181 3246/3246/3246
f 3183/3183/3183 3247/3247/3247 3249/3249/3249
f 3192/3192/3192 3257/3257/3257 3248/3248/3248
f 3184/3184/3184 3249/3249/3249 3250/3250/3250
f 3213/3213/3213 3211/3211/3211 3274/3274/3274
f 3274/3274/3274 3211/3211/3211 3250/3250/3250
f 3215/3215/3215 3214/3214/3214 3277/3277/3277
f 3215/3215/3215 3278/3278/3278 3216/3216/3216
f 3217/3217/3217 3216/3216/3216 3279/3279/3279
f 3218/3218/3218 3217/3217/3217 3280/3280/3280
f 3244/3244/3244 3218/3218/3218 3281/3281/3281
f 3251/3251/3251 3252/3252/3252 3186/3186/3186
f 3253/3253/3253 3187/3187/3187 3252/3252/3252
f 3253/3253/3253 3254/3254/3254 3188/3188/3188
f 3254/3254/3254 3282/3282/3282 3219/3219/3219
f 3219/3219/3219 3255/3255/3255 3189/3189/3189
f 3190/3190/3190 3255/3255/3255 3256/3256/3256
f 3256/3256/3256 3257/3257/3257 3191/3191/3191
f 3221/3221/3221 3283/3283/3283 3220/3220/3220
f 3222/3222/3222 3284/3284/3284 3221/3221/3221
f 3222/3222/3222 3223/3223/3223 3285/3285/3285
f 3223/3223/3223 3224/3224/3224 3286/3286/3286
f 3242/3242/3242 3287/3287/3287 3224/3224/3224
f 3226/3226/3226 3220/3220/3220 3283/3283/3283
f 3289/3289/3289 3227/3227/3227 3226/3226/3226
f 3228/3228/3228 3227/3227/3227 3290/3290/3290
f 3228/3228/3228 3291/3291/3291 3229/3229/3229
f 3258/3258/3258 3229/3229/3229 3291/3291/3291
f 3258/3258/3258 3292/3292/3292 3230/3230/3230
f 3231/3231/3231 3230/3230/3230 3293/3293/3293
f 3232/3232/3232 3231/3231/3231 3294/3294/3294
f 3233/3233/3233 3234/3234/3234 3295/3295/3295
f 3233/3233/3233 3295/3295/3295 3238/3238/3238
f 3235/3235/3235 3296/3296/3296 3234/3234/3234
f 3297/3297/3297 3235/3235/3235 3236/3236/3236
f 3232/3232/3232 3294/3294/3294 3236/3236/3236
f 3196/3196/3196 3259/3259/3259 3251/3251/3251
f 3197/3197/3197 3260/3260/3260 3259/3259/3259
f 3261/3261/3261 3260/3260/3260 3198/3198/3198
f 3261/3261/3261 3237/3237/3237 3298/3298/3298
f 3262/3262/3262 3200/3200/3200 3263/3263/3263
f 3237/3237/3237 3262/3262/3262 3298/3298/3298
f 3201/3201/3201 3264/3264/3264 3263/3263/3263
f 3239/3239/3239 3238/3238/3238 3299/3299/3299
f 3239/3239/3239 3300/3300/3300 3240/3240/3240
f 3240/3240/3240 3301/3301/3301 3264/3264/3264
f 3265/3265/3265 3266/3266/3266 3203/3203/3203
f 3241/3241/3241 3302/3302/3302 3265/3265/3265
f 3266/3266/3266 3267/3267/3267 3204/3204/3204
f 3270/3270/3270 3207/3207/3207 3267/3267/3267
f 3206/3206/3206 3268/3268/3268 3269/3269/3269
f 3269/3269/3269 3302/3302/3302 3241/3241/3241
f 3271/3271/3271 3208/3208/3208 3270/3270/3270
f 3271/3271/3271 3273/3273/3273 3210/3210/3210
f 3243/3243/3243 3273/3273/3273 3288/3288/3288
f 3268/3268/3268 3244/3244/3244 3303/3303/3303
f 3304/3304/3304 3245/3245/3245 3248/3248/3248
f 3305/3305/3305 3246/3246/3246 3245/3245/3245
f 3247/3247/3247 3246/3246/3246 3306/3306/3306
f 3249/3249/3249 3247/3247/3247 3307/3307/3307
f 3257/3257/3257 3308/3308/3308 3248/3248/3248
f 3249/3249/3249 3309/3309/3309 3250/3250/3250
f 3277/3277/3277 3214/3214/3214 3275/3275/3275
f 3274/3274/3274 3250/3250/3250 3310/3310/3310
f 3215/3215/3215 3277/3277/3277 3278/3278/3278
f 3279/3279/3279 3216/3216/3216 3278/3278/3278
f 3217/3217/3217 3279/3279/3279 3280/3280/3280
f 3218/3218/3218 3280/3280/3280 3281/3281/3281
f 3244/3244/3244 3281/3281/3281 3303/3303/3303
f 3311/3311/3311 3252/3252/3252 3251/3251/3251
f 3253/3253/3253 3252/3252/3252 3312/3312/3312
f 3253/3253/3253 3312/3312/3312 3254/3254/3254
f 3254/3254/3254 3313/3313/3313 3282/3282/3282
f 3219/3219/3219 3282/3282/3282 3255/3255/3255
f 3256/3256/3256 3255/3255/3255 3314/3314/3314
f 3256/3256/3256 3315/3315/3315 3257/3257/3257
f 3221/3221/3221 3284/3284/3284 3283/3283/3283
f 3222/3222/3222 3285/3285/3285 3284/3284/3284
f 3285/3285/3285 3223/3223/3223 3286/3286/3286
f 3224/3224/3224 3287/3287/3287 3286/3286/3286
f 3289/3289/3289 3226/3226/3226 3283/3283/3283
f 3289/3289/3289 3290/3290/3290 3227/3227/3227
f 3228/3228/3228 3290/3290/3290 3291/3291/3291
f 3316/3316/3316 3258/3258/3258 3291/3291/3291
f 3316/3316/3316 3292/3292/3292 3258/3258/3258
f 3293/3293/3293 3230/3230/3230 3292/3292/3292
f 3294/3294/3294 3231/3231/3231 3293/3293/3293
f 3295/3295/3295 3234/3234/3234 3296/3296/3296
f 3299/3299/3299 3238/3238/3238 3295/3295/3295
f 3297/3297/3297 3296/3296/3296 3235/3235/3235
f 3294/3294/3294 3297/3297/3297 3236/3236/3236
f 3311/3311/3311 3251/3251/3251 3259/3259/3259
f 3317/3317/3317 3259/3259/3259 3260/3260/3260
f 3261/3261/3261 3318/3318/3318 3260/3260/3260
f 3261/3261/3261 3298/3298/3298 3319/3319/3319
f 3262/3262/3262 3263/3263/3263 3320/3320/3320
f 3262/3262/3262 3320/3320/3320 3298/3298/3298
f 3263/3263/3263 3264/3264/3264 3321/3321/3321
f 3239/3239/3239 3299/3299/3299 3300/3300/3300
f 3300/3300/3300 3301/3301/3301 3240/3240/3240
f 3301/3301/3301 3322/3322/3322 3264/3264/3264
f 3265/3265/3265 3323/3323/3323 3266/3266/3266
f 3302/3302/3302 3323/3323/3323 3265/3265/3265
f 3266/3266/3266 3324/3324/3324 3267/3267/3267
f 3325/3325/3325 3270/3270/3270 3267/3267/3267
f 3269/3269/3269 3268/3268/3268 3303/3303/3303
f 3269/3269/3269 3326/3326/3326 3302/3302/3302
f 3327/3327/3327 3271/3271/3271 3270/3270/3270
f 3329/3329/3329 3273/3273/3273 3271/3271/3271
f 3330/3330/3330 3287/3287/3287 3272/3272/3272
f 3305/3305/3305 3245/3245/3245 3304/3304/3304
f 3308/3308/3308 3304/3304/3304 3248/3248/3248
f 3305/3305/3305 3306/3306/3306 3246/3246/3246
f 3307/3307/3307 3247/3247/3247 3306/3306/3306
f 3249/3249/3249 3307/3307/3307 3309/3309/3309
f 3257/3257/3257 3315/3315/3315 3308/3308/3308
f 3250/3250/3250 3309/3309/3309 3310/3310/3310
f 3276/3276/3276 3274/3274/3274 3331/3331/3331
f 3274/3274/3274 3310/3310/3310 3333/3333/3333
f 3277/3277/3277 3332/3332/3332 3278/3278/3278
f 3279/3279/3279 3278/3278/3278 3335/3335/3335
f 3279/3279/3279 3336/3336/3336 3280/3280/3280
f 3281/3281/3281 3280/3280/3280 3337/3337/3337
f 3338/3338/3338 3303/3303/3303 3281/3281/3281
f 3311/3311/3311 3312/3312/3312 3252/3252/3252
f 3254/3254/3254 3312/3312/3312 3339/3339/3339
f 3254/3254/3254 3339/3339/3339 3313/3313/3313
f 3313/3313/3313 3314/3314/3314 3282/3282/3282
f 3282/3282/3282 3314/3314/3314 3255/3255/3255
f 3256/3256/3256 3314/3314/3314 3315/3315/3315
f 3340/3340/3340 3283/3283/3283 3284/3284/3284
f 3285/3285/3285 3341/3341/3341 3284/3284/3284
f 3285/3285/3285 3286/3286/3286 3342/3342/3342
f 3343/3343/3343 3286/3286/3286 3287/3287/3287
f 3289/3289/3289 3283/3283/3283 3340/3340/3340
f 3289/3289/3289 3344/3344/3344 3290/3290/3290
f 3290/3290/3290 3345/3345/3345 3291/3291/3291
f 3345/3345/3345 3316/3316/3316 3291/3291/3291
f 3316/3316/3316 3346/3346/3346 3292/3292/3292
f 3347/3347/3347 3293/3293/3293 3292/3292/3292
f 3294/3294/3294 3293/3293/3293 3348/3348/3348
f 3349/3349/3349 3295/3295/3295 3296/3296/3296
f 3349/3349/3349 3299/3299/3299 3295/3295/3295
f 3297/3297/3297 3350/3350/3350 3296/3296/3296
f 3294/3294/3294 3348/3348/3348 3297/3297/3297
f 3311/3311/3311 3259/3259/3259 3317/3317/3317
f 3317/3317/3317 3260/3260/3260 3318/3318/3318
f 3261/3261/3261 3319/3319/3319 3318/3318/3318
f 3319/3319/3319 3298/3298/3298 3351/3351/3351
f 3263/3263/3263 3321/3321/3321 3320/3320/3320
f 3320/3320/3320 3351/3351/3351 3298/3298/3298
f 3322/3322/3322 3321/3321/3321 3264/3264/3264
f 3352/3352/3352 3300/3300/3300 3299/3299/3299
f 3353/3353/3353 3301/3301/3301 3300/3300/3300
f 3354/3354/3354 3322/3322/3322 3301/3301/3301
f 3323/3323/3323 3324/3324/3324 3266/3266/3266
f 3355/3355/3355 3323/3323/3323 3302/3302/3302
f 3325/3325/3325 3267/3267/3267 3324/3324/3324
f 3327/3327/3327 3270/3270/3270 3325/3325/3325
f 3269/3269/3269 3303/3303/3303 3326/3326/3326
f 3355/3355/3355 3302/3302/3302 3326/3326/3326
f 3327/3327/3327 3357/3357/3357 3271/3271/3271
f 3330/3330/3330 3272/3272/3272 3328/3328/3328
f 3329/3329/3329 3271/3271/3271 3357/3357/3357
f 3330/3330/3330 3343/3343/3343 3287/3287/3287
f 3305/3305/3305 3304/3304/3304 3358/3358/3358
f 3359/3359/3359 3304/3304/3304 3308/3308/3308
f 3305/3305/3305 3360/3360/3360 3306/3306/3306
f 3307/3307/3307 3306/3306/3306 3361/3361/3361
f 3362/3362/3362 3309/3309/3309 3307/3307/3307
f 3315/3315/3315 3363/3363/3363 3308/3308/3308
f 3364/3364/3364 3310/3310/3310 3309/3309/3309
f 3331/3331/3331 3274/3274/3274 3333/3333/3333
f 3333/3333/3333 3310/3310/3310 3365/3365/3365
f 3332/3332/3332 3335/3335/3335 3278/3278/3278
f 3279/3279/3279 3335/3335/3335 3336/3336/3336
f 3280/3280/3280 3336/3336/3336 3337/3337/3337
f 3338/3338/3338 3281/3281/3281 3337/3337/3337
f 3326/3326/3326 3303/3303/3303 3338/3338/3338
f 3311/3311/3311 3366/3366/3366 3312/3312/3312
f 3312/3312/3312 3366/3366/3366 3339/3339/3339
f 3339/3339/3339 3367/3367/3367 3313/3313/3313
f 3368/3368/3368 3314/3314/3314 3313/3313/3313
f 3368/3368/3368 3315/3315/3315 3314/3314/3314
f 3341/3341/3341 3340/3340/3340 3284/3284/3284
f 3285/3285/3285 3342/3342/3342 3341/3341/3341
f 3343/3343/3343 3342/3342/3342 3286/3286/3286
f 3289/3289/3289 3340/3340/3340 3344/3344/3344
f 3290/3290/3290 3344/3344/3344 3345/3345/3345
f 3369/3369/3369 3316/3316/3316 3345/3345/3345
f 3369/3369/3369 3346/3346/3346 3316/3316/3316
f 3347/3347/3347 3292/3292/3292 3346/3346/3346
f 3347/3347/3347 3348/3348/3348 3293/3293/3293
f 3349/3349/3349 3296/3296/3296 3350/3350/3350
f 3352/3352/3352 3299/3299/3299 3349/3349/3349
f 3297/3297/3297 3348/3348/3348 3350/3350/3350
f 3311/3311/3311 3317/3317/3317 3366/3366/3366
f 3317/3317/3317 3318/3318/3318 3370/3370/3370
f 3318/3318/3318 3319/3319/3319 3371/3371/3371
f 3319/3319/3319 3351/3351/3351 3372/3372/3372
f 3373/3373/3373 3320/3320/3320 3321/3321/3321
f 3373/3373/3373 3351/3351/3351 3320/3320/3320
f 3322/3322/3322 3374/3374/3374 3321/3321/3321
f 3353/3353/3353 3300/3300/3300 3352/3352/3352
f 3353/3353/3353 3354/3354/3354 3301/3301/3301
f 3354/3354/3354 3375/3375/3375 3322/3322/3322
f 3323/3323/3323 3376/3376/3376 3324/3324/3324
f 3355/3355/3355 3376/3376/3376 3323/3323/3323
f 3377/3377/3377 3325/3325/3325 3324/3324/3324
f 3327/3327/3327 3325/3325/3325 3378/3378/3378
f 3355/3355/3355 3326/3326/3326 3379/3379/3379
f 3327/3327/3327 3378/3378/3378 3357/3357/3357
f 3330/3330/3330 3328/3328/3328 3380/3380/3380
f 3381/3381/3381 3328/3328/3328 3356/3356/3356
f 3382/3382/3382 3343/3343/3343 3330/3330/3330
f 3359/3359/3359 3358/3358/3358 3304/3304/3304
f 3305/3305/3305 3358/3358/3358 3360/3360/3360
f 3359/3359/3359 3308/3308/3308 3363/3363/3363
f 3360/3360/3360 3361/3361/3361 3306/3306/3306
f 3362/3362/3362 3307/3307/3307 3361/3361/3361
f 3362/3362/3362 3364/3364/3364 3309/3309/3309
f 3368/3368/3368 3363/3363/3363 3315/3315/3315
f 3364/3364/3364 3365/3365/3365 3310/3310/3310
f 3383/3383/3383 3331/3331/3331 3333/3333/3333
f 3385/3385/3385 3333/3333/3333 3365/3365/3365
f 3383/3383/3383 3334/3334/3334 3331/3331/3331
f 3335/3335/3335 3387/3387/3387 3336/3336/3336
f 3336/3336/3336 3388/3388/3388 3337/3337/3337
f 3338/3338/3338 3337/3337/3337 3389/3389/3389
f 3326/3326/3326 3338/3338/3338 3379/3379/3379
f 3366/3366/3366 3390/3390/3390 3339/3339/3339
f 3339/3339/3339 3390/3390/3390 3367/3367/3367
f 3368/3368/3368 3313/3313/3313 3367/3367/3367
f 3391/3391/3391 3340/3340/3340 3341/3341/3341
f 3341/3341/3341 3342/3342/3342 3392/3392/3392
f 3393/3393/3393 3342/3342/3342 3343/3343/3343
f 3391/3391/3391 3344/3344/3344 3340/3340/3340
f 3394/3394/3394 3345/3345/3345 3344/3344/3344
f 3369/3369/3369 3345/3345/3345 3394/3394/3394
f 3369/3369/3369 3395/3395/3395 3346/3346/3346
f 3347/3347/3347 3346/3346/3346 3396/3396/3396
f 3347/3347/3347 3397/3397/3397 3348/3348/3348
f 3349/3349/3349 3350/3350/3350 3398/3398/3398
f 3352/3352/3352 3349/3349/3349 3398/3398/3398
f 3350/3350/3350 3348/3348/3348 3397/3397/3397
f 3317/3317/3317 3370/3370/3370 3366/3366/3366
f 3318/3318/3318 3371/3371/3371 3370/3370/3370
f 3319/3319/3319 3372/3372/3372 3371/3371/3371
f 3399/3399/3399 3372/3372/3372 3351/3351/3351
f 3374/3374/3374 3373/3373/3373 3321/3321/3321
f 3373/3373/3373 3399/3399/3399 3351/3351/3351
f 3375/3375/3375 3374/3374/3374 3322/3322/3322
f 3400/3400/3400 3353/3353/3353 3352/3352/3352
f 3401/3401/3401 3354/3354/3354 3353/3353/3353
f 3354/3354/3354 3402/3402/3402 3375/3375/3375
f 3377/3377/3377 3324/3324/3324 3376/3376/3376
f 3355/3355/3355 3403/3403/3403 3376/3376/3376
f 3377/3377/3377 3378/3378/3378 3325/3325/3325
f 3355/3355/3355 3379/3379/3379 3403/3403/3403
f 3405/3405/3405 3357/3357/3357 3378/3378/3378
f 3380/3380/3380 3328/3328/3328 3381/3381/3381
f 3382/3382/3382 3330/3330/3330 3380/3380/3380
f 3381/3381/3381 3356/3356/3356 3404/3404/3404
f 3382/3382/3382 3393/3393/3393 3343/3343/3343
f 3406/3406/3406 3358/3358/3358 3359/3359/3359
f 3407/3407/3407 3360/3360/3360 3358/3358/3358
f 3359/3359/3359 3363/3363/3363 3408/3408/3408
f 3409/3409/3409 3361/3361/3361 3360/3360/3360
f 3362/3362/3362 3361/3361/3361 3410/3410/3410
f 3362/3362/3362 3410/3410/3410 3364/3364/3364
f 3411/3411/3411 3363/3363/3363 3368/3368/3368
f 3364/3364/3364 3410/3410/3410 3365/3365/3365
f 3385/3385/3385 3383/3383/3383 3333/3333/3333
f 3385/3385/3385 3365/3365/3365 3412/3412/3412
f 3384/3384/3384 3387/3387/3387 3335/3335/3335
f 3387/3387/3387 3388/3388/3388 3336/3336/3336
f 3389/3389/3389 3337/3337/3337 3388/3388/3388
f 3338/3338/3338 3389/3389/3389 3379/3379/3379
f 3366/3366/3366 3370/3370/3370 3390/3390/3390
f 3413/3413/3413 3367/3367/3367 3390/3390/3390
f 3411/3411/3411 3368/3368/3368 3367/3367/3367
f 3391/3391/3391 3341/3341/3341 3392/3392/3392
f 3392/3392/3392 3342/3342/3342 3393/3393/3393
f 3391/3391/3391 3394/3394/3394 3344/3344/3344
f 3369/3369/3369 3394/3394/3394 3414/3414/3414
f 3369/3369/3369 3414/3414/3414 3395/3395/3395
f 3346/3346/3346 3395/3395/3395 3396/3396/3396
f 3347/3347/3347 3396/3396/3396 3397/3397/3397
f 3398/3398/3398 3350/3350/3350 3397/3397/3397
f 3400/3400/3400 3352/3352/3352 3398/3398/3398
f 3415/3415/3415 3370/3370/3370 3371/3371/3371
f 3416/3416/3416 3371/3371/3371 3372/3372/3372
f 3417/3417/3417 3372/3372/3372 3399/3399/3399
f 3374/3374/3374 3418/3418/3418 3373/3373/3373
f 3373/3373/3373 3418/3418/3418 3399/3399/3399
f 3375/3375/3375 3419/3419/3419 3374/3374/3374
f 3401/3401/3401 3353/3353/3353 3400/3400/3400
f 3401/3401/3401 3402/3402/3402 3354/3354/3354
f 3402/3402/3402 3420/3420/3420 3375/3375/3375
f 3377/3377/3377 3376/3376/3376 3422/3422/3422
f 3422/3422/3422 3376/3376/3376 3403/3403/3403
f 3377/3377/3377 3424/3424/3424 3378/3378/3378
f 3403/3403/3403 3379/3379/3379 3425/3425/3425
f 3424/3424/3424 3405/3405/3405 3378/3378/3378
f 3426/3426/3426 3380/3380/3380 3381/3381/3381
f 3382/3382/3382 3380/3380/3380 3427/3427/3427
f 3381/3381/3381 3404/3404/3404 3428/3428/3428
f 3382/3382/3382 3429/3429/3429 3393/3393/3393
f 3407/3407/3407 3358/3358/3358 3406/3406/3406
f 3406/3406/3406 3359/3359/3359 3408/3408/3408
f 3407/3407/3407 3409/3409/3409 3360/3360/3360
f 3411/3411/3411 3408/3408/3408 3363/3363/3363
f 3410/3410/3410 3361/3361/3361 3409/3409/3409
f 3412/3412/3412 3365/3365/3365 3410/3410/3410
f 3385/3385/3385 3430/3430/3430 3383/3383/3383
f 3385/3385/3385 3412/3412/3412 3431/3431/3431
f 3430/3430/3430 3386/3386/3386 3383/3383/3383
f 3387/3387/3387 3433/3433/3433 3388/3388/3388
f 3435/3435/3435 3389/3389/3389 3388/3388/3388
f 3379/3379/3379 3389/3389/3389 3425/3425/3425
f 3415/3415/3415 3390/3390/3390 3370/3370/3370
f 3411/3411/3411 3367/3367/3367 3413/3413/3413
f 3413/3413/3413 3390/3390/3390 3415/3415/3415
f 3391/3391/3391 3392/3392/3392 3436/3436/3436
f 3392/3392/3392 3393/3393/3393 3437/3437/3437
f 3391/3391/3391 3436/3436/3436 3394/3394/3394
f 3414/3414/3414 3394/3394/3394 3436/3436/3436
f 3414/3414/3414 3438/3438/3438 3395/3395/3395
f 3439/3439/3439 3396/3396/3396 3395/3395/3395
f 3440/3440/3440 3397/3397/3397 3396/3396/3396
f 3440/3440/3440 3398/3398/3398 3397/3397/3397
f 3400/3400/3400 3398/3398/3398 3440/3440/3440
f 3415/3415/3415 3371/3371/3371 3416/3416/3416
f 3416/3416/3416 3372/3372/3372 3417/3417/3417
f 3417/3417/3417 3399/3399/3399 3441/3441/3441
f 3374/3374/3374 3419/3419/3419 3418/3418/3418
f 3399/3399/3399 3418/3418/3418 3441/3441/3441
f 3442/3442/3442 3419/3419/3419 3375/3375/3375
f 3401/3401/3401 3400/3400/3400 3443/3443/3443
f 3444/3444/3444 3402/3402/3402 3401/3401/3401
f 3445/3445/3445 3420/3420/3420 3402/3402/3402
f 3442/3442/3442 3375/3375/3375 3420/3420/3420
f 3377/3377/3377 3422/3422/3422 3424/3424/3424
f 3422/3422/3422 3403/3403/3403 3447/3447/3447
f 3447/3447/3447 3403/3403/3403 3425/3425/3425
f 3423/3423/3423 3448/3448/3448 3404/3404/3404
f 3426/3426/3426 3427/3427/3427 3380/3380/3380
f 3426/3426/3426 3381/3381/3381 3428/3428/3428
f 3382/3382/3382 3427/3427/3427 3429/3429/3429
f 3448/3448/3448 3428/3428/3428 3404/3404/3404
f 3429/3429/3429 3437/3437/3437 3393/3393/3393
f 3407/3407/3407 3406/3406/3406 3449/3449/3449
f 3450/3450/3450 3406/3406/3406 3408/3408/3408
f 3407/3407/3407 3451/3451/3451 3409/3409/3409
f 3411/3411/3411 3452/3452/3452 3408/3408/3408
f 3453/3453/3453 3410/3410/3410 3409/3409/3409
f 3412/3412/3412 3410/3410/3410 3454/3454/3454
f 3385/3385/3385 3431/3431/3431 3430/3430/3430
f 3431/3431/3431 3412/3412/3412 3455/3455/3455
f 3430/3430/3430 3432/3432/3432 3386/3386/3386
f 3435/3435/3435 3388/3388/3388 3433/3433/3433
f 3435/3435/3435 3425/3425/3425 3389/3389/3389
f 3411/3411/3411 3413/3413/3413 3452/3452/3452
f 3456/3456/3456 3413/3413/3413 3415/3415/3415
f 3457/3457/3457 3436/3436/3436 3392/3392/3392
f 3437/3437/3437 3457/3457/3457 3392/3392/3392
f 3458/3458/3458 3414/3414/3414 3436/3436/3436
f 3458/3458/3458 3438/3438/3438 3414/3414/3414
f 3438/3438/3438 3439/3439/3439 3395/3395/3395
f 3440/3440/3440 3396/3396/3396 3439/3439/3439
f 3400/3400/3400 3440/3440/3440 3443/3443/3443
f 3456/3456/3456 3415/3415/3415 3416/3416/3416
f 3416/3416/3416 3417/3417/3417 3459/3459/3459
f 3417/3417/3417 3441/3441/3441 3460/3460/3460
f 3461/3461/3461 3418/3418/3418 3419/3419/3419
f 3461/3461/3461 3441/3441/3441 3418/3418/3418
f 3442/3442/3442 3462/3462/3462 3419/3419/3419
f 3444/3444/3444 3401/3401/3401 3443/3443/3443
f 3445/3445/3445 3402/3402/3402 3444/3444/3444
f 3445/3445/3445 3463/3463/3463 3420/3420/3420
f 3442/3442/3442 3420/3420/3420 3464/3464/3464
f 3423/3423/3423 3421/3421/3421 3465/3465/3465
f 3422/3422/3422 3447/3447/3447 3466/3466/3466
f 3468/3468/3468 3447/3447/3447 3425/3425/3425
f 3423/3423/3423 3465/3465/3465 3448/3448/3448
f 3426/3426/3426 3469/3469/3469 3427/3427/3427
f 3426/3426/3426 3428/3428/3428 3470/3470/3470
f 3429/3429/3429 3427/3427/3427 3471/3471/3471
f 3472/3472/3472 3428/3428/3428 3448/3448/3448
f 3429/3429/3429 3473/3473/3473 3437/3437/3437
f 3450/3450/3450 3449/3449/3449 3406/3406/3406
f 3407/3407/3407 3449/3449/3449 3451/3451/3451
f 3452/3452/3452 3450/3450/3450 3408/3408/3408
f 3451/3451/3451 3453/3453/3453 3409/3409/3409
f 3454/3454/3454 3410/3410/3410 3453/3453/3453
f 3412/3412/3412 3454/3454/3454 3455/3455/3455
f 3431/3431/3431 3474/3474/3474 3430/3430/3430
f 3431/3431/3431 3455/3455/3455 3475/3475/3475
f 3430/3430/3430 3474/3474/3474 3432/3432/3432
f 3476/3476/3476 3434/3434/3434 3432/3432/3432
f 3468/3468/3468 3425/3425/3425 3435/3435/3435
f 3456/3456/3456 3452/3452/3452 3413/3413/3413
f 3458/3458/3458 3436/3436/3436 3457/3457/3457
f 3457/3457/3457 3437/3437/3437 3473/3473/3473
f 3458/3458/3458 3477/3477/3477 3438/3438/3438
f 3478/3478/3478 3439/3439/3439 3438/3438/3438
f 3440/3440/3440 3439/3439/3439 3443/3443/3443
f 3456/3456/3456 3416/3416/3416 3459/3459/3459
f 3459/3459/3459 3417/3417/3417 3460/3460/3460
f 3460/3460/3460 3441/3441/3441 3479/3479/3479
f 3461/3461/3461 3419/3419/3419 3462/3462/3462
f 3461/3461/3461 3479/3479/3479 3441/3441/3441
f 3442/3442/3442 3464/3464/3464 3462/3462/3462
f 3478/3478/3478 3444/3444/3444 3443/3443/3443
f 3445/3445/3445 3444/3444/3444 3480/3480/3480
f 3445/3445/3445 3481/3481/3481 3463/3463/3463
f 3463/3463/3463 3464/3464/3464 3420/3420/3420
f 3482/3482/3482 3465/3465/3465 3446/3446/3446
f 3482/3482/3482 3446/3446/3446 3467/3467/3467
f 3448/3448/3448 3465/3465/3465 3483/3483/3483
f 3426/3426/3426 3470/3470/3470 3469/3469/3469
f 3469/3469/3469 3471/3471/3471 3427/3427/3427
f 3472/3472/3472 3470/3470/3470 3428/3428/3428
f 3429/3429/3429 3471/3471/3471 3473/3473/3473
f 3472/3472/3472 3448/3448/3448 3483/3483/3483
f 3484/3484/3484 3449/3449/3449 3450/3450/3450
f 3449/3449/3449 3485/3485/3485 3451/3451/3451
f 3452/3452/3452 3486/3486/3486 3450/3450/3450
f 3487/3487/3487 3453/3453/3453 3451/3451/3451
f 3488/3488/3488 3454/3454/3454 3453/3453/3453
f 3488/3488/3488 3455/3455/3455 3454/3454/3454
f 3431/3431/3431 3475/3475/3475 3474/3474/3474
f 3455/3455/3455 3489/3489/3489 3475/3475/3475
f 3476/3476/3476 3432/3432/3432 3474/3474/3474
f 3476/3476/3476 3467/3467/3467 3434/3434/3434
f 3456/3456/3456 3486/3486/3486 3452/3452/3452
f 3458/3458/3458 3457/3457/3457 3490/3490/3490
f 3457/3457/3457 3473/3473/3473 3490/3490/3490
f 3458/3458/3458 3490/3490/3490 3477/3477/3477
f 3478/3478/3478 3438/3438/3438 3477/3477/3477
f 3478/3478/3478 3443/3443/3443 3439/3439/3439
f 3456/3456/3456 3459/3459/3459 3486/3486/3486
f 3491/3491/3491 3459/3459/3459 3460/3460/3460
f 3492/3492/3492 3460/3460/3460 3479/3479/3479
f 3461/3461/3461 3462/3462/3462 3493/3493/3493
f 3461/3461/3461 3493/3493/3493 3479/3479/3479
f 3494/3494/3494 3462/3462/3462 3464/3464/3464
f 3478/3478/3478 3480/3480/3480 3444/3444/3444
f 3445/3445/3445 3480/3480/3480 3481/3481/3481
f 3481/3481/3481 3495/3495/3495 3463/3463/3463
f 3463/3463/3463 3496/3496/3496 3464/3464/3464
f 3482/3482/3482 3483/3483/3483 3465/3465/3465
f 3497/3497/3497 3482/3482/3482 3467/3467/3467
f 3469/3469/3469 3470/3470/3470 3498/3498/3498
f 3469/3469/3469 3499/3499/3499 3471/3471/3471
f 3472/3472/3472 3500/3500/3500 3470/3470/3470
f 3471/3471/3471 3501/3501/3501 3473/3473/3473
f 3472/3472/3472 3483/3483/3483 3502/3502/3502
f 3484/3484/3484 3485/3485/3485 3449/3449/3449
f 3484/3484/3484 3450/3450/3450 3486/3486/3486
f 3487/3487/3487 3451/3451/3451 3485/3485/3485
f 3487/3487/3487 3488/3488/3488 3453/3453/3453
f 3488/3488/3488 3489/3489/3489 3455/3455/3455
f 3503/3503/3503 3474/3474/3474 3475/3475/3475
f 3475/3475/3475 3489/3489/3489 3504/3504/3504
f 3476/3476/3476 3474/3474/3474 3503/3503/3503
f 3497/3497/3497 3467/3467/3467 3476/3476/3476
f 3473/3473/3473 3501/3501/3501 3490/3490/3490
f 3477/3477/3477 3490/3490/3490 3505/3505/3505
f 3478/3478/3478 3477/3477/3477 3480/3480/3480
f 3491/3491/3491 3486/3486/3486 3459/3459/3459
f 3491/3491/3491 3460/3460/3460 3492/3492/3492
f 3506/3506/3506 3492/3492/3492 3479/3479/3479
f 3494/3494/3494 3493/3493/3493 3462/3462/3462
f 3506/3506/3506 3479/3479/3479 3493/3493/3493
f 3496/3496/3496 3494/3494/3494 3464/3464/3464
f 3481/3481/3481 3480/3480/3480 3505/3505/3505
f 3481/3481/3481 3507/3507/3507 3495/3495/3495
f 3463/3463/3463 3495/3495/3495 3496/3496/3496
f 3508/3508/3508 3483/3483/3483 3482/3482/3482
f 3508/3508/3508 3482/3482/3482 3497/3497/3497
f 3498/3498/3498 3470/3470/3470 3500/3500/3500
f 3469/3469/3469 3498/3498/3498 3499/3499/3499
f 3499/3499/3499 3501/3501/3501 3471/3471/3471
f 3472/3472/3472 3502/3502/3502 3500/3500/3500
f 3508/3508/3508 3502/3502/3502 3483/3483/3483
f 3484/3484/3484 3509/3509/3509 3485/3485/3485
f 3491/3491/3491 3484/3484/3484 3486/3486/3486
f 3487/3487/3487 3485/3485/3485 3510/3510/3510
f 3487/3487/3487 3511/3511/3511 3488/3488/3488
f 3511/3511/3511 3489/3489/3489 3488/3488/3488
f 3503/3503/3503 3475/3475/3475 3504/3504/3504
f 3512/3512/3512 3504/3504/3504 3489/3489/3489
f 3497/3497/3497 3476/3476/3476 3503/3503/3503
f 3505/3505/3505 3490/3490/3490 3501/3501/3501
f 3477/3477/3477 3505/3505/3505 3480/3480/3480
f 3491/3491/3491 3492/3492/3492 3509/3509/3509
f 3513/3513/3513 3492/3492/3492 3506/3506/3506
f 3494/3494/3494 3514/3514/3514 3493/3493/3493
f 3506/3506/3506 3493/3493/3493 3514/3514/3514
f 3496/3496/3496 3515/3515/3515 3494/3494/3494
f 3481/3481/3481 3505/3505/3505 3507/3507/3507
f 3516/3516/3516 3495/3495/3495 3507/3507/3507
f 3517/3517/3517 3496/3496/3496 3495/3495/3495
f 3508/3508/3508 3497/3497/3497 3518/3518/3518
f 3498/3498/3498 3500/3500/3500 3519/3519/3519
f 3498/3498/3498 3516/3516/3516 3499/3499/3499
f 3499/3499/3499 3507/3507/3507 3501/3501/3501
f 3520/3520/3520 3500/3500/3500 3502/3502/3502
f 3508/3508/3508 3521/3521/3521 3502/3502/3502
f 3491/3491/3491 3509/3509/3509 3484/3484/3484
f 3510/3510/3510 3485/3485/3485 3509/3509/3509
f 3487/3487/3487 3510/3510/3510 3511/3511/3511
f 3511/3511/3511 3512/3512/3512 3489/3489/3489
f 3503/3503/3503 3504/3504/3504 3518/3518/3518
f 3512/3512/3512 3522/3522/3522 3504/3504/3504
f 3497/3497/3497 3503/3503/3503 3518/3518/3518
f 3505/3505/3505 3501/3501/3501 3507/3507/3507
f 3513/3513/3513 3509/3509/3509 3492/3492/3492
f 3513/3513/3513 3506/3506/3506 3523/3523/3523
f 3494/3494/3494 3515/3515/3515 3514/3514/3514
f 3506/3506/3506 3514/3514/3514 3523/3523/3523
f 3517/3517/3517 3515/3515/3515 3496/3496/3496
f 3516/3516/3516 3517/3517/3517 3495/3495/3495
f 3516/3516/3516 3507/3507/3507 3499/3499/3499
f 3508/3508/3508 3518/3518/3518 3521/3521/3521
f 3520/3520/3520 3519/3519/3519 3500/3500/3500
f 3498/3498/3498 3519/3519/3519 3516/3516/3516
f 3520/3520/3520 3502/3502/3502 3521/3521/3521
f 3513/3513/3513 3510/3510/3510 3509/3509/3509
f 3524/3524/3524 3511/3511/3511 3510/3510/3510
f 3524/3524/3524 3512/3512/3512 3511/3511/3511
f 3518/3518/3518 3504/3504/3504 3522/3522/3522
f 3512/3512/3512 3525/3525/3525 3522/3522/3522
f 3524/3524/3524 3513/3513/3513 3523/3523/3523
f 3514/3514/3514 3515/3515/3515 3526/3526/3526
f 3514/3514/3514 3526/3526/3526 3523/3523/3523
f 3527/3527/3527 3515/3515/3515 3517/3517/3517
f 3516/3516/3516 3519/3519/3519 3517/3517/3517
f 3518/3518/3518 3522/3522/3522 3521/3521/3521
f 3520/3520/3520 3527/3527/3527 3519/3519/3519
f 3520/3520/3520 3521/3521/3521 3528/3528/3528
f 3524/3524/3524 3510/3510/3510 3513/3513/3513
f 3524/3524/3524 3525/3525/3525 3512/3512/3512
f 3528/3528/3528 3522/3522/3522 3525/3525/3525
f 3524/3524/3524 3523/3523/3523 3525/3525/3525
f 3527/3527/3527 3526/3526/3526 3515/3515/3515
f 3526/3526/3526 3525/3525/3525 3523/3523/3523
f 3527/3527/3527 3517/3517/3517 3519/3519/3519
f 3521/3521/3521 3522/3522/3522 3528/3528/3528
f 3520/3520/3520 3528/3528/3528 3527/3527/3527
f 3526/3526/3526 3528/3528/3528 3525/3525/3525
f 3527/3527/3527 3528/3528/3528 3526/3526/3526
