mtllib pumpkin_low_poly.mtl
o Sphere_Material001_0
usemtl Material.001
v 0.7364992930777525 0.2008665261560838 0.7030974142133594
v 0.7202933269673584 0.20059055945857457 0.7202937115195219
v 0.7225066261923319 0.07962787568617563 0.7225070304518179
v 0.5736351481012592 0.2029441756306973 0.8585060312355666
v 0.5731720796263495 0.20554977760474472 0.8578130076217468
v 0.5039865857961789 0.20065472015779276 0.880512006363124
v 0.3598577895792321 0.37820018725646387 0.8687736177715375
v 0.3603263714836602 0.37414427026839153 0.8699048549602374
v 0.3803875957342773 0.3795676358730283 0.8619401835965715
v -0.38639651865370883 0.19907225520261318 0.9328436914711341
v -0.3818326209075906 0.22744705881979652 0.9218255896939
v -0.5699484220903717 0.2028679266290124 0.8599695636630915
v -0.3580410400470857 0.37536518108354383 0.864387968173517
v -0.3578928629034861 0.3762864899989598 0.864030220953471
v -0.36301853441405574 0.3766779730438358 0.8624757317886939
v -0.5830300916054076 0.03206866595195886 0.8725661984165191
v -0.5736673346087184 0.2023599309234656 0.8585538938594369
v -0.626223848173979 0.197622692324749 0.7938017345757157
v -0.6326590038986724 0.19962634566713358 0.7848990058906837
v -0.626223848173979 0.197622692324749 0.7938017345757157
v -0.6257023075438517 0.20001738334386304 0.7935745212847658
v 6.228265053263526e-8 -0.37377255921028674 -0.9515441430519745
v -2.002379328665847e-9 -0.19745079619828396 -0.9992240718357545
v 0.20143398192299933 -0.2049525196044534 -1.0126766598247512
v 0.1897466587331892 -0.38266011857428656 -0.9539205191334412
v -3.0298685105297635e-9 0.7650593013365902 -0.5713745878287367
v -4.499594374220093e-9 0.8412634488538744 -0.39885042011161076
v 0.07859568867246008 0.8494583726782033 -0.39512700877780654
v 0.11410321785278871 0.7824795924795191 -0.5736353947926601
v 2.7659876259559374e-7 -0.5114702666669362 -0.8536211420215486
v 6.228265053263526e-8 -0.37377255921028674 -0.9515441430519745
v 0.1897466587331892 -0.38266011857428656 -0.9539205191334412
v 0.17076749717963857 -0.5251786798035788 -0.8585057403183286
v -3.58598720474006e-9 0.671443387887557 -0.7309139109373631
v -3.0298685105297635e-9 0.7650593013365902 -0.5713745878287367
v 0.11410321785278871 0.7824795924795191 -0.5736353947926601
v 0.14522581967951753 0.6833235471327842 -0.7300992962109496
v 1.545212279120153e-7 -0.6181789496691452 -0.7306292078680623
v 2.7659876259559374e-7 -0.5114702666669362 -0.8536211420215486
v 0.17076749717963857 -0.5251786798035788 -0.8585057403183286
v 0.14522581967951753 -0.630354449703547 -0.7300990821856385
v -4.849356363544953e-9 0.5482555281058736 -0.8693263633596929
v -3.58598720474006e-9 0.671443387887557 -0.7309139109373631
v 0.14522581967951753 0.6833235471327842 -0.7300992962109496
v 0.17076749717963857 0.5518475441012047 -0.8585059157881721
v -3.616004081941316e-9 -0.6867429800389766 -0.5744317118808949
v 1.545212279120153e-7 -0.6181789496691452 -0.7306292078680623
v 0.14522581967951753 -0.630354449703547 -0.7300990821856385
v 0.11410320295162785 -0.6997296396225788 -0.5736350937054822
v -1.984283803991948e-9 0.3784749976238188 -0.9410915184973234
v -4.849356363544953e-9 0.5482555281058736 -0.8693263633596929
v 0.17076749717963857 0.5518475441012047 -0.8585059157881721
v 0.18974664383202833 0.390222444907582 -0.9539205854473498
v 7.78496751870683e-8 -0.7160075784107235 -0.3911442694793786
v -3.616004081941316e-9 -0.6867429800389766 -0.5744317118808949
v 0.11410320295162785 -0.6997296396225788 -0.5736350937054822
v 0.07859565141955793 -0.7382973315215133 -0.3951265712856389
v -2.1365226887516585e-9 0.19750316091331127 -1.0004593232079932
v -1.984283803991948e-9 0.3784749976238188 -0.9410915184973234
v 0.18974664383202833 0.390222444907582 -0.9539205854473498
v 0.20143396702183847 0.20294388567749289 -1.0126767262795107
v -2.0364378616756103e-9 -0.0005297884500947292 -1.0191197166670694
v -2.1365226887516585e-9 0.19750316091331127 -1.0004593232079932
v 0.20143396702183847 0.20294388567749289 -1.0126767262795107
v 0.20538030105724248 -0.0014613332114139263 -1.0325162177570042
v -2.002379328665847e-9 -0.19745079619828396 -0.9992240718357545
v -2.0364378616756103e-9 -0.0005297884500947292 -1.0191197166670694
v 0.20538030105724248 -0.0014613332114139263 -1.0325162177570042
v 0.20143398192299933 -0.2049525196044534 -1.0126766598247512
v 0.20143398192299933 -0.2049525196044534 -1.0126766598247512
v 0.20538030105724248 -0.0014613332114139263 -1.0325162177570042
v 0.38858651246309606 -0.0004274208984460521 -0.9381304768939601
v 0.3893694492570432 -0.20156237446215886 -0.9400205669731418
v 0.1897466587331892 -0.38266011857428656 -0.9539205191334412
v 0.20143398192299933 -0.2049525196044534 -1.0126766598247512
v 0.3893694492570432 -0.20156237446215886 -0.9400205669731418
v 0.3671295262769714 -0.3770681191236403 -0.8863287351707043
v 0.11410321785278871 0.7824795924795191 -0.5736353947926601
v 0.07859568867246008 0.8494583726782033 -0.39512700877780654
v 0.14969922267572822 0.8256232561195505 -0.361405767273591
v 0.21798616160483286 0.7628015443968995 -0.5262649588381372
v 0.17076749717963857 -0.5251786798035788 -0.8585057403183286
v 0.1897466587331892 -0.38266011857428656 -0.9539205191334412
v 0.3671295262769714 -0.3770681191236403 -0.8863287351707043
v 0.32533710467806953 -0.5092751953535708 -0.7854328342338031
v 0.14522581967951753 0.6833235471327842 -0.7300992962109496
v 0.11410321785278871 0.7824795924795191 -0.5736353947926601
v 0.21798616160483286 0.7628015443968995 -0.5262649588381372
v 0.27523001413278236 0.661135848513759 -0.6644637321201288
v 0.14522581967951753 -0.630354449703547 -0.7300990821856385
v 0.17076749717963857 -0.5251786798035788 -0.8585057403183286
v 0.32533710467806953 -0.5092751953535708 -0.7854328342338031
v 0.27859374258085157 -0.6158544783274246 -0.6725842395086192
v 0.17076749717963857 0.5518475441012047 -0.8585059157881721
v 0.14522581967951753 0.6833235471327842 -0.7300992962109496
v 0.27523001413278236 0.661135848513759 -0.6644637321201288
v 0.32207792277459957 0.5316710278548615 -0.7775645948445417
v 0.11410320295162785 -0.6997296396225788 -0.5736350937054822
v 0.14522581967951753 -0.630354449703547 -0.7300990821856385
v 0.27859374258085157 -0.6158544783274246 -0.6725842395086192
v 0.21261694552115462 -0.6633142324861805 -0.5133022662662365
v 0.18974664383202833 0.390222444907582 -0.9539205854473498
v 0.17076749717963857 0.5518475441012047 -0.8585059157881721
v 0.32207792277459957 0.5316710278548615 -0.7775645948445417
v 0.36059763221596985 0.3789205538246811 -0.8705594962397187
v 0.07859565141955793 -0.7382973315215133 -0.3951265712856389
v 0.11410320295162785 -0.6997296396225788 -0.5736350937054822
v 0.21261694552115462 -0.6633142324861805 -0.5133022662662365
v 0.14695694714135787 -0.7024545494516659 -0.3547850219546377
v 0.20143396702183847 0.20294388567749289 -1.0126767262795107
v 0.18974664383202833 0.390222444907582 -0.9539205854473498
v 0.36059763221596985 0.3789205538246811 -0.8705594962397187
v 0.389034560567858 0.20024189994982702 -0.9392121550517044
v 0.20538030105724248 -0.0014613332114139263 -1.0325162177570042
v 0.20143396702183847 0.20294388567749289 -1.0126767262795107
v 0.389034560567858 0.20024189994982702 -0.9392121550517044
v 0.38858651246309606 -0.0004274208984460521 -0.9381304768939601
v 0.32207792277459957 0.5316710278548615 -0.7775645948445417
v 0.27523001413278236 0.661135848513759 -0.6644637321201288
v 0.4135681596345864 0.6833235652415867 -0.6189482590949982
v 0.48630465970252446 0.5518475653949065 -0.7278061053436061
v 0.21261694552115462 -0.6633142324861805 -0.5133022662662365
v 0.27859374258085157 -0.6158544783274246 -0.6725842395086192
v 0.4135681596345864 -0.6303544315947446 -0.618948045069687
v 0.3249384092180785 -0.6997296253945781 -0.486304247678888
v 0.36059763221596985 0.3789205538246811 -0.8705594962397187
v 0.32207792277459957 0.5316710278548615 -0.7775645948445417
v 0.48630465970252446 0.5518475653949065 -0.7278061053436061
v 0.5403527496676275 0.3902224685678712 -0.8086947657678342
v 0.14695694714135787 -0.7024545494516659 -0.3547850219546377
v 0.21261694552115462 -0.6633142324861805 -0.5133022662662365
v 0.3249384092180785 -0.6997296253945781 -0.486304247678888
v 0.22382147109907546 -0.738297321721102 -0.3349720750067539
v 0.389034560567858 0.20024189994982702 -0.9392121550517044
v 0.36059763221596985 0.3789205538246811 -0.8705594962397187
v 0.5403527496676275 0.3902224685678712 -0.8086947657678342
v 0.5736353865198329 0.2029439107951444 -0.858505680130625
v 0.38858651246309606 -0.0004274208984460521 -0.9381304768939601
v 0.389034560567858 0.20024189994982702 -0.9392121550517044
v 0.5736353865198329 0.2029439107951444 -0.858505680130625
v 0.58487360362246 -0.0014613076016855768 -0.8753248255109253
v 0.3893694492570432 -0.20156237446215886 -0.9400205669731418
v 0.38858651246309606 -0.0004274208984460521 -0.9381304768939601
v 0.58487360362246 -0.0014613076016855768 -0.8753248255109253
v 0.5736353865198329 -0.20495246468448017 -0.8585056136758706
v 0.3671295262769714 -0.3770681191236403 -0.8863287351707043
v 0.3893694492570432 -0.20156237446215886 -0.9400205669731418
v 0.5736353865198329 -0.20495246468448017 -0.8585056136758706
v 0.5403527496676275 -0.3826600651116757 -0.8086946994539305
v 0.21798616160483286 0.7628015443968995 -0.5262649588381372
v 0.14969922267572822 0.8256232561195505 -0.361405767273591
v 0.22382156050604063 0.8494583824786196 -0.33497248269659985
v 0.3249384390204002 0.7824796067075198 -0.4863045487660659
v 0.32533710467806953 -0.5092751953535708 -0.7854328342338031
v 0.3671295262769714 -0.3770681191236403 -0.8863287351707043
v 0.5403527496676275 -0.3826600651116757 -0.8086946994539305
v 0.48630465970252446 -0.525178658509877 -0.7278059298737626
v 0.27523001413278236 0.661135848513759 -0.6644637321201288
v 0.21798616160483286 0.7628015443968995 -0.5262649588381372
v 0.3249384390204002 0.7824796067075198 -0.4863045487660659
v 0.4135681596345864 0.6833235652415867 -0.6189482590949982
v 0.27859374258085157 -0.6158544783274246 -0.6725842395086192
v 0.32533710467806953 -0.5092751953535708 -0.7854328342338031
v 0.48630465970252446 -0.525178658509877 -0.7278059298737626
v 0.4135681596345864 -0.6303544315947446 -0.618948045069687
v 0.5736353865198329 -0.20495246468448017 -0.8585056136758706
v 0.58487360362246 -0.0014613076016855768 -0.8753248255109253
v 0.7223504620265109 -0.0005972748969593417 -0.7223500446967078
v 0.7024352989546512 -0.1961368975909362 -0.7024349093720433
v 0.5403527496676275 -0.3826600651116757 -0.8086946994539305
v 0.5736353865198329 -0.20495246468448017 -0.8585056136758706
v 0.7024352989546512 -0.1961368975909362 -0.7024349093720433
v 0.6623172015923884 -0.3674914641701173 -0.6623169033018645
v 0.3249384390204002 0.7824796067075198 -0.4863045487660659
v 0.22382156050604063 0.8494583824786196 -0.33497248269659985
v 0.2814961608909927 0.8397237012192701 -0.28149599967613476
v 0.4023195713240002 0.7619505294911185 -0.40231936763596415
v 0.48630465970252446 -0.525178658509877 -0.7278059298737626
v 0.5403527496676275 -0.3826600651116757 -0.8086946994539305
v 0.6623172015923884 -0.3674914641701173 -0.6623169033018645
v 0.6009431347040128 -0.5090952188777572 -0.6009426941340215
v 0.4135681596345864 0.6833235652415867 -0.6189482590949982
v 0.3249384390204002 0.7824796067075198 -0.4863045487660659
v 0.4023195713240002 0.7619505294911185 -0.40231936763596415
v 0.5004805214595676 0.6510741941843429 -0.5004803295098067
v 0.4135681596345864 -0.6303544315947446 -0.618948045069687
v 0.48630465970252446 -0.525178658509877 -0.7278059298737626
v 0.6009431347040128 -0.5090952188777572 -0.6009426941340215
v 0.5184248569959804 -0.6204186191786221 -0.5184244578937474
v 0.48630465970252446 0.5518475653949065 -0.7278061053436061
v 0.4135681596345864 0.6833235652415867 -0.6189482590949982
v 0.5004805214595676 0.6510741941843429 -0.5004803295098067
v 0.594719635068186 0.5313299998743491 -0.5947193640049776
v 0.3249384092180785 -0.6997296253945781 -0.486304247678888
v 0.4135681596345864 -0.6303544315947446 -0.618948045069687
v 0.5184248569959804 -0.6204186191786221 -0.5184244578937474
v 0.3952141911861107 -0.6674464243630966 -0.3952137248174306
v 0.5403527496676275 0.3902224685678712 -0.8086947657678342
v 0.48630465970252446 0.5518475653949065 -0.7278061053436061
v 0.594719635068186 0.5313299998743491 -0.5947193640049776
v 0.6782975045227069 0.3852459789219666 -0.6782972692640351
v 0.22382147109907546 -0.738297321721102 -0.3349720750067539
v 0.3249384092180785 -0.6997296253945781 -0.486304247678888
v 0.3952141911861107 -0.6674464243630966 -0.3952137248174306
v 0.27481823545355555 -0.7112667849332039 -0.27481782155027445
v 0.5736353865198329 0.2029439107951444 -0.858505680130625
v 0.5403527496676275 0.3902224685678712 -0.8086947657678342
v 0.6782975045227069 0.3852459789219666 -0.6782972692640351
v 0.7210257488259875 0.2007660689290745 -0.7210254239070806
v 0.58487360362246 -0.0014613076016855768 -0.8753248255109253
v 0.5736353865198329 0.2029439107951444 -0.858505680130625
v 0.7210257488259875 0.2007660689290745 -0.7210254239070806
v 0.7223504620265109 -0.0005972748969593417 -0.7223500446967078
v 0.3952141911861107 -0.6674464243630966 -0.3952137248174306
v 0.5184248569959804 -0.6204186191786221 -0.5184244578937474
v 0.618948445790668 -0.6303543981340393 -0.4135676993089647
v 0.48630465970252446 -0.6997295991046693 -0.3249379375898008
v 0.6782975045227069 0.3852459789219666 -0.6782972692640351
v 0.594719635068186 0.5313299998743491 -0.5947193640049776
v 0.7278063134594337 0.5518476047405296 -0.48630439198205666
v 0.8086950002157312 0.39022251228637284 -0.540352515219734
v 0.27481823545355555 -0.7112667849332039 -0.27481782155027445
v 0.3952141911861107 -0.6674464243630966 -0.3952137248174306
v 0.48630465970252446 -0.6997295991046693 -0.3249379375898008
v 0.3349725231161893 -0.738297303612302 -0.22382105279196324
v 0.7210257488259875 0.2007660689290745 -0.7210254239070806
v 0.6782975045227069 0.3852459789219666 -0.6782972692640351
v 0.8086950002157312 0.39022251228637284 -0.540352515219734
v 0.8585059450900712 0.20294395720646863 -0.5736350023511037
v 0.7223504620265109 -0.0005972748969593417 -0.7223500446967078
v 0.7210257488259875 0.2007660689290745 -0.7210254239070806
v 0.8585059450900712 0.20294395720646863 -0.5736350023511037
v 0.8753251833768516 -0.001461260281107291 -0.5848731861518941
v 0.7024352989546512 -0.1961368975909362 -0.7024349093720433
v 0.7223504620265109 -0.0005972748969593417 -0.7223500446967078
v 0.8753251833768516 -0.001461260281107291 -0.5848731861518941
v 0.8585059450900712 -0.20495241827315594 -0.5736349358963493
v 0.6623172015923884 -0.3674914641701173 -0.6623169033018645
v 0.7024352989546512 -0.1961368975909362 -0.7024349093720433
v 0.8585059450900712 -0.20495241827315594 -0.5736349358963493
v 0.8086950002157312 -0.38266002139317407 -0.5403524489058303
v 0.4023195713240002 0.7619505294911185 -0.40231936763596415
v 0.2814961608909927 0.8397237012192701 -0.28149599967613476
v 0.3349726423254762 0.8494584005874317 -0.22382138597600487
v 0.4863047193071679 0.7824796329974286 -0.32493823867697863
v 0.6009431347040128 -0.5090952188777572 -0.6009426941340215
v 0.6623172015923884 -0.3674914641701173 -0.6623169033018645
v 0.8086950002157312 -0.38266002139317407 -0.5403524489058303
v 0.7278063134594337 -0.5251786191642539 -0.486304216512213
v 0.5004805214595676 0.6510741941843429 -0.5004803295098067
v 0.4023195713240002 0.7619505294911185 -0.40231936763596415
v 0.4863047193071679 0.7824796329974286 -0.32493823867697863
v 0.618948445790668 0.683323598702292 -0.41356791333427584
v 0.5184248569959804 -0.6204186191786221 -0.5184244578937474
v 0.6009431347040128 -0.5090952188777572 -0.6009426941340215
v 0.7278063134594337 -0.5251786191642539 -0.486304216512213
v 0.618948445790668 -0.6303543981340393 -0.4135676993089647
v 0.594719635068186 0.5313299998743491 -0.5947193640049776
v 0.5004805214595676 0.6510741941843429 -0.5004803295098067
v 0.618948445790668 0.683323598702292 -0.41356791333427584
v 0.7278063134594337 0.5518476047405296 -0.48630439198205666
v 0.8086950002157312 -0.38266002139317407 -0.5403524489058303
v 0.8585059450900712 -0.20495241827315594 -0.5736349358963493
v 0.9180060419885949 -0.19619299267449425 -0.3802501154626069
v 0.8677677318207677 -0.3685913887177718 -0.35944088445415806
v 0.4863047193071679 0.7824796329974286 -0.32493823867697863
v 0.3349726423254762 0.8494584005874317 -0.22382138597600487
v 0.36964910396227735 0.8438228526743048 -0.15311349922718354
v 0.5285286189199545 0.7659633227806127 -0.21892353961192174
v 0.7278063134594337 -0.5251786191642539 -0.486304216512213
v 0.8086950002157312 -0.38266002139317407 -0.5403524489058303
v 0.8677677318207677 -0.3685913887177718 -0.35944088445415806
v 0.7809688274345805 -0.5062229451163199 -0.32348743051320433
v 0.618948445790668 0.683323598702292 -0.41356791333427584
v 0.4863047193071679 0.7824796329974286 -0.32493823867697863
v 0.5285286189199545 0.7659633227806127 -0.21892353961192174
v 0.6643875688823853 0.6610631346635337 -0.27519811414011175
v 0.618948445790668 -0.6303543981340393 -0.4135676993089647
v 0.7278063134594337 -0.5251786191642539 -0.486304216512213
v 0.7809688274345805 -0.5062229451163199 -0.32348743051320433
v 0.6783810106281707 -0.6214006266016903 -0.2809941885541934
v 0.7278063134594337 0.5518476047405296 -0.48630439198205666
v 0.618948445790668 0.683323598702292 -0.41356791333427584
v 0.6643875688823853 0.6610631346635337 -0.27519811414011175
v 0.7704657143995375 0.5270699220915908 -0.3191370857353879
v 0.48630465970252446 -0.6997295991046693 -0.3249379375898008
v 0.618948445790668 -0.6303543981340393 -0.4135676993089647
v 0.6783810106281707 -0.6214006266016903 -0.2809941885541934
v 0.5334156632404996 -0.6903906670231728 -0.22094755053887372
v 0.8086950002157312 0.39022251228637284 -0.540352515219734
v 0.7278063134594337 0.5518476047405296 -0.48630439198205666
v 0.7704657143995375 0.5270699220915908 -0.3191370857353879
v 0.8797669810108766 0.38263522746839757 -0.3644112294449785
v 0.3349725231161893 -0.738297303612302 -0.22382105279196324
v 0.48630465970252446 -0.6997295991046693 -0.3249379375898008
v 0.5334156632404996 -0.6903906670231728 -0.22094755053887372
v 0.36782749665169034 -0.7292955006936153 -0.15235873755464857
v 0.8585059450900712 0.20294395720646863 -0.5736350023511037
v 0.8086950002157312 0.39022251228637284 -0.540352515219734
v 0.8797669810108766 0.38263522746839757 -0.3644112294449785
v 0.9277826340247097 0.19814231248311803 -0.3842997787881518
v 0.8753251833768516 -0.001461260281107291 -0.5848731861518941
v 0.8585059450900712 0.20294395720646863 -0.5736350023511037
v 0.9277826340247097 0.19814231248311803 -0.3842997787881518
v 0.9638630532354919 -0.0011989613417632983 -0.39924477618969123
v 0.8585059450900712 -0.20495241827315594 -0.5736349358963493
v 0.8753251833768516 -0.001461260281107291 -0.5848731861518941
v 0.9638630532354919 -0.0011989613417632983 -0.39924477618969123
v 0.9180060419885949 -0.19619299267449425 -0.3802501154626069
v 0.36782749665169034 -0.7292955006936153 -0.15235873755464857
v 0.5334156632404996 -0.6903906670231728 -0.22094755053887372
v 0.5736354461244764 -0.6997295051506084 -0.11410271642220177
v 0.3951269895927534 -0.7382972799520091 -0.07859521076070636
v 0.9277826340247097 0.19814231248311803 -0.3842997787881518
v 0.8797669810108766 0.38263522746839757 -0.3644112294449785
v 0.9539207006859618 0.3902225694073576 -0.18974640938413956
v 1.0126766932157416 0.2029440029446206 -0.20143355305079005
v 0.9638630532354919 -0.0011989613417632983 -0.39924477618969123
v 0.9277826340247097 0.19814231248311803 -0.3842997787881518
v 1.0126766932157416 0.2029440029446206 -0.20143355305079005
v 1.0325163372043589 -0.0014611984538032087 -0.2053798984878425
v 0.9180060419885949 -0.19619299267449425 -0.3802501154626069
v 0.9638630532354919 -0.0011989613417632983 -0.39924477618969123
v 1.0325163372043589 -0.0014611984538032087 -0.2053798984878425
v 1.0126766932157416 -0.20495235763384312 -0.20143348659603805
v 0.8677677318207677 -0.3685913887177718 -0.35944088445415806
v 0.9180060419885949 -0.19619299267449425 -0.3802501154626069
v 1.0126766932157416 -0.20495235763384312 -0.20143348659603805
v 0.9539207006859618 -0.38265993446986757 -0.18974634307024074
v 0.5285286189199545 0.7659633227806127 -0.21892353961192174
v 0.36964910396227735 0.8438228526743048 -0.15311349922718354
v 0.395127138604362 0.8494584242477342 -0.07859548434010455
v 0.5736355057291198 0.7824796673468473 -0.1141030100587895
v 0.7809688274345805 -0.5062229451163199 -0.32348743051320433
v 0.8677677318207677 -0.3685913887177718 -0.35944088445415806
v 0.9539207006859618 -0.38265993446986757 -0.18974634307024074
v 0.8585060046947146 -0.5251785677567227 -0.17076703908817048
v 0.6643875688823853 0.6610631346635337 -0.27519811414011175
v 0.5285286189199545 0.7659633227806127 -0.21892353961192174
v 0.5736355057291198 0.7824796673468473 -0.1141030100587895
v 0.7300994233019775 0.6833235828161599 -0.14522560318152256
v 0.6783810106281707 -0.6214006266016903 -0.2809941885541934
v 0.7809688274345805 -0.5062229451163199 -0.32348743051320433
v 0.8585060046947146 -0.5251785677567227 -0.17076703908817048
v 0.7300994233019775 -0.6303543544155279 -0.1452253891562211
v 0.7704657143995375 0.5270699220915908 -0.3191370857353879
v 0.6643875688823853 0.6610631346635337 -0.27519811414011175
v 0.7300994233019775 0.6833235828161599 -0.14522560318152256
v 0.8585060046947146 0.5518476561480609 -0.17076721455801414
v 0.5334156632404996 -0.6903906670231728 -0.22094755053887372
v 0.6783810106281707 -0.6214006266016903 -0.2809941885541934
v 0.7300994233019775 -0.6303543544155279 -0.1452253891562211
v 0.5736354461244764 -0.6997295051506084 -0.11410271642220177
v 0.8797669810108766 0.38263522746839757 -0.3644112294449785
v 0.7704657143995375 0.5270699220915908 -0.3191370857353879
v 0.8585060046947146 0.5518476561480609 -0.17076721455801414
v 0.9539207006859618 0.3902225694073576 -0.18974640938413956
v 0.5736355057291198 0.7824796673468473 -0.1141030100587895
v 0.395127138604362 0.8494584242477342 -0.07859548434010455
v 0.39524551342624004 0.8339102081825951 1.8830985832173979e-7
v 0.5720336309365859 0.7659097142687168 1.9123228192090604e-7
v 0.8585060046947146 -0.5251785677567227 -0.17076703908817048
v 0.9539207006859618 -0.38265993446986757 -0.18974634307024074
v 0.9586381101912678 -0.37676524273826556 2.9351182666465245e-7
v 0.839773338144123 -0.5027229077504799 4.176560835997646e-7
v 0.7300994233019775 0.6833235828161599 -0.14522560318152256
v 0.5736355057291198 0.7824796673468473 -0.1141030100587895
v 0.5720336309365859 0.7659097142687168 1.9123228192090604e-7
v 0.7303002313457374 0.6709029524571969 2.1486327416724292e-7
v 0.7300994233019775 -0.6303543544155279 -0.1452253891562211
v 0.8585060046947146 -0.5251785677567227 -0.17076703908817048
v 0.839773338144123 -0.5027229077504799 4.176560835997646e-7
v 0.7375324799671956 -0.6242808560069587 4.2742897336367263e-7
v 0.8585060046947146 0.5518476561480609 -0.17076721455801414
v 0.7300994233019775 0.6833235828161599 -0.14522560318152256
v 0.7303002313457374 0.6709029524571969 2.1486327416724292e-7
v 0.8354920558148904 0.5279957534076205 2.4887190916682316e-7
v 0.5736354461244764 -0.6997295051506084 -0.11410271642220177
v 0.7300994233019775 -0.6303543544155279 -0.1452253891562211
v 0.7375324799671956 -0.6242808560069587 4.2742897336367263e-7
v 0.5599409216655582 -0.6687196343677667 4.5185603136157944e-7
v 0.9539207006859618 0.3902225694073576 -0.18974640938413956
v 0.8585060046947146 0.5518476561480609 -0.17076721455801414
v 0.8354920558148904 0.5279957534076205 2.4887190916682316e-7
v 0.946492531601506 0.38048820837244934 2.1511586862838513e-7
v 0.3951269895927534 -0.7382972799520091 -0.07859521076070636
v 0.5736354461244764 -0.6997295051506084 -0.11410271642220177
v 0.5599409216655582 -0.6687196343677667 4.5185603136157944e-7
v 0.3953907103376675 -0.7240802483838138 4.268004914010129e-7
v 1.0126766932157416 0.2029440029446206 -0.20143355305079005
v 0.9539207006859618 0.3902225694073576 -0.18974640938413956
v 0.946492531601506 0.38048820837244934 2.1511586862838513e-7
v 1.0030723585991774 0.1979467973572609 3.665859885468521e-7
v 1.0325163372043589 -0.0014611984538032087 -0.2053798984878425
v 1.0126766932157416 0.2029440029446206 -0.20143355305079005
v 1.0030723585991774 0.1979467973572609 3.665859885468521e-7
v 1.0196951399811693 -0.0005455557134371834 3.8304415190287486e-7
v 1.0126766932157416 -0.20495235763384312 -0.20143348659603805
v 1.0325163372043589 -0.0014611984538032087 -0.2053798984878425
v 1.0196951399811693 -0.0005455557134371834 3.8304415190287486e-7
v 1.0228347549698924 -0.202770824668395 4.364328882769246e-7
v 0.9539207006859618 -0.38265993446986757 -0.18974634307024074
v 1.0126766932157416 -0.20495235763384312 -0.20143348659603805
v 1.0228347549698924 -0.202770824668395 4.364328882769246e-7
v 0.9586381101912678 -0.37676524273826556 2.9351182666465245e-7
v 1.0030723585991774 0.1979467973572609 3.665859885468521e-7
v 0.946492531601506 0.38048820837244934 2.1511586862838513e-7
v 0.9539207006859618 0.3902226014323351 0.18974684847759515
v 1.0126765740064547 0.20294406858012096 0.20143427668475547
v 1.0196951399811693 -0.0005455557134371834 3.8304415190287486e-7
v 1.0030723585991774 0.1979467973572609 3.665859885468521e-7
v 1.0126765740064547 0.20294406858012096 0.20143427668475547
v 1.0325163372043589 -0.0014611315324118827 0.20538067382431524
v 1.0228347549698924 -0.202770824668395 4.364328882769246e-7
v 1.0196951399811693 -0.0005455557134371834 3.8304415190287486e-7
v 1.0325163372043589 -0.0014611315324118827 0.20538067382431524
v 1.0126765740064547 -0.20495229199834275 0.20143434313950748
v 0.9586381101912678 -0.37676524273826556 2.9351182666465245e-7
v 1.0228347549698924 -0.202770824668395 4.364328882769246e-7
v 1.0126765740064547 -0.20495229199834275 0.20143434313950748
v 0.9539207006859618 -0.3826598726425659 0.18974692969265
v 0.5720336309365859 0.7659097142687168 1.9123228192090604e-7
v 0.39524551342624004 0.8339102081825951 1.8830985832173979e-7
v 0.39512710880204027 0.8494584498574552 0.07859586320249182
v 0.5736355057291198 0.7824797045263898 0.11410339584446313
v 0.839773338144123 -0.5027229077504799 4.176560835997646e-7
v 0.9586381101912678 -0.37676524273826556 2.9351182666465245e-7
v 0.9539207006859618 -0.3826598726425659 0.18974692969265
v 0.8585059450900712 -0.5251784525089782 0.1707678807652881
v 0.7303002313457374 0.6709029524571969 2.1486327416724292e-7
v 0.5720336309365859 0.7659097142687168 1.9123228192090604e-7
v 0.5736355057291198 0.7824797045263898 0.11410339584446313
v 0.7300993636973341 0.6833236301367334 0.1452260063751869
v 0.7375324799671956 -0.6242808560069587 4.2742897336367263e-7
v 0.839773338144123 -0.5027229077504799 4.176560835997646e-7
v 0.8585059450900712 -0.5251784525089782 0.1707678807652881
v 0.7300993636973341 -0.630354247490311 0.14522622040047864
v 0.8354920558148904 0.5279957534076205 2.4887190916682316e-7
v 0.7303002313457374 0.6709029524571969 2.1486327416724292e-7
v 0.7300993636973341 0.6833236301367334 0.1452260063751869
v 0.8585059450900712 0.5518477117911619 0.17076770529545415
v 0.5599409216655582 -0.6687196343677667 4.5185603136157944e-7
v 0.7375324799671956 -0.6242808560069587 4.2742897336367263e-7
v 0.7300993636973341 -0.630354247490311 0.14522622040047864
v 0.5736353865198329 -0.6997294679710732 0.11410364477756829
v 0.946492531601506 0.38048820837244934 2.1511586862838513e-7
v 0.8354920558148904 0.5279957534076205 2.4887190916682316e-7
v 0.8585059450900712 0.5518477117911619 0.17076770529545415
v 0.9539207006859618 0.3902226014323351 0.18974684847759515
v 0.3953907103376675 -0.7240802483838138 4.268004914010129e-7
v 0.5599409216655582 -0.6687196343677667 4.5185603136157944e-7
v 0.5736353865198329 -0.6997294679710732 0.11410364477756829
v 0.39512695979043166 -0.7382971947376555 0.07859606972665642
v 0.8585059450900712 -0.5251784525089782 0.1707678807652881
v 0.9539207006859618 -0.3826598726425659 0.18974692969265
v 0.8559988545775665 -0.363216602482635 0.3545665955446776
v 0.7808924142816864 -0.5061706260480884 0.323456690445427
v 0.7300993636973341 0.6833236301367334 0.1452260063751869
v 0.5736355057291198 0.7824797045263898 0.11410339584446313
v 0.5157527808304252 0.7481178822152696 0.21363199502324653
v 0.663690909809822 0.6603991093502743 0.27490997861643374
v 0.7300993636973341 -0.630354247490311 0.14522622040047864
v 0.8585059450900712 -0.5251784525089782 0.1707678807652881
v 0.7808924142816864 -0.5061706260480884 0.323456690445427
v 0.6639135331530821 -0.607557476787971 0.27500239357618816
v 0.8585059450900712 0.5518477117911619 0.17076770529545415
v 0.7300993636973341 0.6833236301367334 0.1452260063751869
v 0.663690909809822 0.6603991093502743 0.27490997861643374
v 0.7888747873408763 0.5390016848465008 0.32676290894632154
v 0.5736353865198329 -0.6997294679710732 0.11410364477756829
v 0.7300993636973341 -0.630354247490311 0.14522622040047864
v 0.6639135331530821 -0.607557476787971 0.27500239357618816
v 0.5150070075316648 -0.6656085948531841 0.2133233540862018
v 0.9539207006859618 0.3902226014323351 0.18974684847759515
v 0.8585059450900712 0.5518477117911619 0.17076770529545415
v 0.7888747873408763 0.5390016848465008 0.32676290894632154
v 0.875363032325438 0.38085859109511855 0.36258744138526133
v 0.39512695979043166 -0.7382971947376555 0.07859606972665642
v 0.5736353865198329 -0.6997294679710732 0.11410364477756829
v 0.5150070075316648 -0.6656085948531841 0.2133233540862018
v 0.364884427974721 -0.723238546589909 0.15114050627889566
v 1.0126765740064547 0.20294406858012096 0.20143427668475547
v 0.9539207006859618 0.3902226014323351 0.18974684847759515
v 0.875363032325438 0.38085859109511855 0.36258744138526133
v 0.9350606590123323 0.1994794746557051 0.38731517252377134
v 1.0325163372043589 -0.0014611315324118827 0.20538067382431524
v 1.0126765740064547 0.20294406858012096 0.20143427668475547
v 0.9350606590123323 0.1994794746557051 0.38731517252377134
v 0.9343857556346258 -0.0003149055167667945 0.38703562949433745
v 1.0126765740064547 -0.20495229199834275 0.20143434313950748
v 1.0325163372043589 -0.0014611315324118827 0.20538067382431524
v 0.9343857556346258 -0.0003149055167667945 0.38703562949433745
v 0.9262941868686481 -0.19821434479503677 0.3836840330307982
v 0.9539207006859618 -0.3826598726425659 0.18974692969265
v 1.0126765740064547 -0.20495229199834275 0.20143434313950748
v 0.9262941868686481 -0.19821434479503677 0.3836840330307982
v 0.8559988545775665 -0.363216602482635 0.3545665955446776
v 0.5736355057291198 0.7824797045263898 0.11410339584446313
v 0.39512710880204027 0.8494584498574552 0.07859586320249182
v 0.3651575960556208 0.833906596941623 0.15125341200332842
v 0.5157527808304252 0.7481178822152696 0.21363199502324653
v 0.9343857556346258 -0.0003149055167667945 0.38703562949433745
v 0.9350606590123323 0.1994794746557051 0.38731517252377134
v 0.8585057066714974 0.20294412921940222 0.5736355322699755
v 0.8753250641675647 -0.001461069705117511 0.5848739018837235
v 0.9262941868686481 -0.19821434479503677 0.3836840330307982
v 0.9343857556346258 -0.0003149055167667945 0.38703562949433745
v 0.8753250641675647 -0.001461069705117511 0.5848739018837235
v 0.8585057066714974 -0.2049522313590615 0.5736355987247275
v 0.8559988545775665 -0.363216602482635 0.3545665955446776
v 0.9262941868686481 -0.19821434479503677 0.3836840330307982
v 0.8585057066714974 -0.2049522313590615 0.5736355987247275
v 0.8086949406110877 -0.38265981552158834 0.5403529908247618
v 0.5157527808304252 0.7481178822152696 0.21363199502324653
v 0.3651575960556208 0.833906596941623 0.15125341200332842
v 0.33497258272083275 0.8494584139130997 0.2238216754314367
v 0.48630465970252446 0.7824796792711529 0.32493854995685767
v 0.7808924142816864 -0.5061706260480884 0.323456690445427
v 0.8559988545775665 -0.363216602482635 0.3545665955446776
v 0.8086949406110877 -0.38265981552158834 0.5403529908247618
v 0.7278061346455034 -0.5251784011014592 0.4863049836835263
v 0.663690909809822 0.6603991093502743 0.27490997861643374
v 0.5157527808304252 0.7481178822152696 0.21363199502324653
v 0.48630465970252446 0.7824796792711529 0.32493854995685767
v 0.6189483861860245 0.6833236738552302 0.4135682271209653
v 0.6639135331530821 -0.607557476787971 0.27500239357618816
v 0.7808924142816864 -0.5061706260480884 0.323456690445427
v 0.7278061346455034 -0.5251784011014592 0.4863049836835263
v 0.6189483861860245 -0.6303542037718142 0.413568441146257
v 0.7888747873408763 0.5390016848465008 0.32676290894632154
v 0.663690909809822 0.6603991093502743 0.27490997861643374
v 0.6189483861860245 0.6833236738552302 0.4135682271209653
v 0.7278061346455034 0.5518477035940375 0.4863048082137021
v 0.5150070075316648 -0.6656085948531841 0.2133233540862018
v 0.6639135331530821 -0.607557476787971 0.27500239357618816
v 0.6189483861860245 -0.6303542037718142 0.413568441146257
v 0.48630454049323757 -0.6997294336216727 0.32493876163705093
v 0.875363032325438 0.38085859109511855 0.36258744138526133
v 0.7888747873408763 0.5390016848465008 0.32676290894632154
v 0.7278061346455034 0.5518477035940375 0.4863048082137021
v 0.8086949406110877 0.3902226585533054 0.5403528649062245
v 0.364884427974721 -0.723238546589909 0.15114050627889566
v 0.5150070075316648 -0.6656085948531841 0.2133233540862018
v 0.48630454049323757 -0.6997294336216727 0.32493876163705093
v 0.3349724039069024 -0.7382971710773688 0.22382187450501118
v 0.9350606590123323 0.1994794746557051 0.38731517252377134
v 0.875363032325438 0.38085859109511855 0.36258744138526133
v 0.8086949406110877 0.3902226585533054 0.5403528649062245
v 0.8585057066714974 0.20294412921940222 0.5736355322699755
v 0.6189483861860245 0.6833236738552302 0.4135682271209653
v 0.48630465970252446 0.7824796792711529 0.32493854995685767
v 0.39351587608048577 0.7458836910672804 0.3935160525838308
v 0.501341987371251 0.6521473601932093 0.5013421791461842
v 0.6189483861860245 -0.6303542037718142 0.413568441146257
v 0.7278061346455034 -0.5251784011014592 0.4863049836835263
v 0.6070443256114944 -0.5145451514587527 0.6070448862786954
v 0.5091181879687712 -0.6087835657658707 0.509118585175427
v 0.7278061346455034 0.5518477035940375 0.4863048082137021
v 0.6189483861860245 0.6833236738552302 0.4135682271209653
v 0.501341987371251 0.6521473601932093 0.5013421791461842
v 0.5940160618569834 0.5307345047374151 0.5940163926218696
v 0.48630454049323757 -0.6997294336216727 0.32493876163705093
v 0.6189483861860245 -0.6303542037718142 0.413568441146257
v 0.5091181879687712 -0.6087835657658707 0.509118585175427
v 0.39518570016654486 -0.6673964065040479 0.39518616652708644
v 0.8086949406110877 0.3902226585533054 0.5403528649062245
v 0.7278061346455034 0.5518477035940375 0.4863048082137021
v 0.5940160618569834 0.5307345047374151 0.5940163926218696
v 0.663585051963067 0.3774909777793362 0.6635851692759197
v 0.3349724039069024 -0.7382971710773688 0.22382187450501118
v 0.48630454049323757 -0.6997294336216727 0.32493876163705093
v 0.39518570016654486 -0.6673964065040479 0.39518616652708644
v 0.2773008880622485 -0.7179426534657751 0.27730136265781735
v 0.48630465970252446 0.7824796792711529 0.32493854995685767
v 0.33497258272083275 0.8494584139130997 0.2238216754314367
v 0.2740062413959299 0.8181180025436137 0.27400637632848857
v 0.39351587608048577 0.7458836910672804 0.3935160525838308
v 0.7278061346455034 -0.5251784011014592 0.4863049836835263
v 0.8086949406110877 -0.38265981552158834 0.5403529908247618
v 0.6750980464719669 -0.37511736238285703 0.6750982864002816
v 0.6070443256114944 -0.5145451514587527 0.6070448862786954
v 0.39351587608048577 0.7458836910672804 0.3935160525838308
v 0.2740062413959299 0.8181180025436137 0.27400637632848857
v 0.22382150090139719 0.8494584320218973 0.3349726827450665
v 0.32493834961343504 0.7824796459564036 0.48630477063898947
v 0.6070443256114944 -0.5145451514587527 0.6070448862786954
v 0.6750980464719669 -0.37511736238285703 0.6750982864002816
v 0.5403527496676275 -0.3826597718030867 0.808695241372862
v 0.4863044212839507 -0.5251783617558652 0.7278065182311455
v 0.501341987371251 0.6521473601932093 0.5013421791461842
v 0.39351587608048577 0.7458836910672804 0.3935160525838308
v 0.32493834961343504 0.7824796459564036 0.48630477063898947
v 0.41356798082065604 0.6833236477112824 0.6189485132770539
v 0.5091181879687712 -0.6087835657658707 0.509118585175427
v 0.6070443256114944 -0.5145451514587527 0.6070448862786954
v 0.4863044212839507 -0.5251783617558652 0.7278065182311455
v 0.41356798082065604 -0.6303541703111185 0.618948727302336
v 0.5940160618569834 0.5307345047374151 0.5940163926218696
v 0.501341987371251 0.6521473601932093 0.5013421791461842
v 0.41356798082065604 0.6833236477112824 0.6189485132770539
v 0.4863044212839507 0.5518477429396315 0.7278063427613213
v 0.39518570016654486 -0.6673964065040479 0.39518616652708644
v 0.5091181879687712 -0.6087835657658707 0.509118585175427
v 0.41356798082065604 -0.6303541703111185 0.618948727302336
v 0.3249382602064699 -0.6997294073317833 0.4863049525168513
v 0.2773008880622485 -0.7179426534657751 0.27730136265781735
v 0.39518570016654486 -0.6673964065040479 0.39518616652708644
v 0.3249382602064699 -0.6997294073317833 0.4863049525168513
v 0.22382139659327116 -0.738297152968581 0.3349728222139975
v 0.41356798082065604 -0.6303541703111185 0.618948727302336
v 0.4863044212839507 -0.5251783617558652 0.7278065182311455
v 0.32635831103418056 -0.5109607371557298 0.7878993213877233
v 0.28147437539381426 -0.6225088780603144 0.6795397667116395
v 0.4863044212839507 0.5518477429396315 0.7278063427613213
v 0.41356798082065604 0.6833236477112824 0.6189485132770539
v 0.27261638032012314 0.6551211210071878 0.6581544257708384
v 0.3299172744918477 0.5439380391309852 0.7964912184798683
v 0.3249382602064699 -0.6997294073317833 0.4863049525168513
v 0.41356798082065604 -0.6303541703111185 0.618948727302336
v 0.28147437539381426 -0.6225088780603144 0.6795397667116395
v 0.21434428808813633 -0.6689283451267075 0.5174733778456779
v 0.22382139659327116 -0.738297152968581 0.3349728222139975
v 0.3249382602064699 -0.6997294073317833 0.4863049525168513
v 0.21434428808813633 -0.6689283451267075 0.5174733778456779
v 0.15144657750174595 -0.7247615890998786 0.36562483572493953
v 0.32493834961343504 0.7824796459564036 0.48630477063898947
v 0.22382150090139719 0.8494584320218973 0.3349726827450665
v 0.14994692467271697 0.8269437360395062 0.36200395845874533
v 0.2221091190999197 0.776705335045631 0.5362190411034935
v 0.4863044212839507 -0.5251783617558652 0.7278065182311455
v 0.5403527496676275 -0.3826597718030867 0.808695241372862
v 0.3597278514565261 -0.3689072124868549 0.8684600402523411
v 0.32635831103418056 -0.5109607371557298 0.7878993213877233
v 0.41356798082065604 0.6833236477112824 0.6189485132770539
v 0.32493834961343504 0.7824796459564036 0.48630477063898947
v 0.2221091190999197 0.776705335045631 0.5362190411034935
v 0.27261638032012314 0.6551211210071878 0.6581544257708384
v 0.2221091190999197 0.776705335045631 0.5362190411034935
v 0.14994692467271697 0.8269437360395062 0.36200395845874533
v 0.07859568122187965 0.8494584418223038 0.3951271492216297
v 0.11410319550104742 0.7824796601843946 0.5736355570609402
v 0.32635831103418056 -0.5109607371557298 0.7878993213877233
v 0.3597278514565261 -0.3689072124868549 0.8684600402523411
v 0.1897466587331892 -0.382659748142817 0.9539209418430907
v 0.17076730346454738 -0.5251782808575587 0.8585060902571281
v 0.27261638032012314 0.6551211210071878 0.6581544257708384
v 0.2221091190999197 0.776705335045631 0.5362190411034935
v 0.11410319550104742 0.7824796601843946 0.5736355570609402
v 0.1452257153713915 0.6833236658200654 0.7300994311837185
v 0.28147437539381426 -0.6225088780603144 0.6795397667116395
v 0.32635831103418056 -0.5109607371557298 0.7878993213877233
v 0.17076730346454738 -0.5251782808575587 0.8585060902571281
v 0.1452257153713915 -0.6303541522023355 0.7300996452090005
v 0.3299172744918477 0.5439380391309852 0.7964912184798683
v 0.27261638032012314 0.6551211210071878 0.6581544257708384
v 0.1452257153713915 0.6833236658200654 0.7300994311837185
v 0.17076730346454738 0.5518477046286511 0.8585059147873233
v 0.21434428808813633 -0.6689283451267075 0.5174733778456779
v 0.28147437539381426 -0.6225088780603144 0.6795397667116395
v 0.1452257153713915 -0.6303541522023355 0.7300996452090005
v 0.11410312099524311 -0.6997293334991587 0.5736356793341489
v 0.3598577895792321 0.37820018725646387 0.8687736177715375
v 0.3299172744918477 0.5439380391309852 0.7964912184798683
v 0.17076730346454738 0.5518477046286511 0.8585059147873233
v 0.1897466587331892 0.390222696129755 0.9539208159245582
v 0.15144657750174595 -0.7247615890998786 0.36562483572493953
v 0.21434428808813633 -0.6689283451267075 0.5174733778456779
v 0.11410312099524311 -0.6997293334991587 0.5736356793341489
v 0.07859561416665578 -0.7382971431681744 0.39512728869056074
v 0.11410312099524311 -0.6997293334991587 0.5736356793341489
v 0.1452257153713915 -0.6303541522023355 0.7300996452090005
v -2.6044955831634207e-8 -0.598359456051864 0.7082103711337067
v -1.1453163494731641e-8 -0.6663186088138104 0.5580107934493836
v 0.1897466587331892 0.390222696129755 0.9539208159245582
v 0.17076730346454738 0.5518477046286511 0.8585059147873233
v -9.369144539499665e-8 0.5469815233494995 0.8671984183612962
v 6.228389398239505e-8 0.382361498919261 0.9515182732374043
v 0.07859561416665578 -0.7382971431681744 0.39512728869056074
v 0.11410312099524311 -0.6997293334991587 0.5736356793341489
v -1.1453163494731641e-8 -0.6663186088138104 0.5580107934493836
v 2.6333943325771083e-9 -0.7093595072274265 0.3876488979794648
v 0.11410319550104742 0.7824796601843946 0.5736355570609402
v 0.07859568122187965 0.8494584418223038 0.3951271492216297
v 4.0153650173291563e-8 0.8209966275196285 0.3889146214772145
v 2.4722840110972782e-8 0.7589038171853917 0.5666048951845989
v 0.17076730346454738 -0.5251782808575587 0.8585060902571281
v 0.1897466587331892 -0.382659748142817 0.9539209418430907
v 6.252622457700952e-8 -0.3715612157629585 0.9463045990911044
v -9.02856791355035e-8 -0.5107271360420835 0.8524460241992319
v 0.1452257153713915 0.6833236658200654 0.7300994311837185
v 0.11410319550104742 0.7824796601843946 0.5736355570609402
v 2.4722840110972782e-8 0.7589038171853917 0.5666048951845989
v -2.710893138216387e-8 0.6564541879390497 0.7138947807530734
v 0.1452257153713915 -0.6303541522023355 0.7300996452090005
v 0.17076730346454738 -0.5251782808575587 0.8585060902571281
v -9.02856791355035e-8 -0.5107271360420835 0.8524460241992319
v -2.6044955831634207e-8 -0.598359456051864 0.7082103711337067
v 0.17076730346454738 0.5518477046286511 0.8585059147873233
v 0.1452257153713915 0.6833236658200654 0.7300994311837185
v -2.710893138216387e-8 0.6564541879390497 0.7138947807530734
v -9.369144539499665e-8 0.5469815233494995 0.8671984183612962
v 2.4722840110972782e-8 0.7589038171853917 0.5666048951845989
v 4.0153650173291563e-8 0.8209966275196285 0.3889146214772145
v -0.07859559926549492 0.8494583822176507 0.395127089616996
v -0.1141031433469844 0.7824796601843946 0.5736355570609402
v -9.02856791355035e-8 -0.5107271360420835 0.8524460241992319
v 6.252622457700952e-8 -0.3715612157629585 0.9463045990911044
v -0.1897465395239023 -0.382659748142817 0.9539209418430907
v -0.17076749717963857 -0.5251782808575781 0.8585059710478412
v -2.710893138216387e-8 0.6564541879390497 0.7138947807530734
v 2.4722840110972782e-8 0.7589038171853917 0.5666048951845989
v -0.1141031433469844 0.7824796601843946 0.5736355570609402
v -0.1452257898771958 0.6833236062154122 0.7300993715790847
v -2.6044955831634207e-8 -0.598359456051864 0.7082103711337067
v -9.02856791355035e-8 -0.5107271360420835 0.8524460241992319
v -0.17076749717963857 -0.5251782808575781 0.8585059710478412
v -0.1452257898771958 -0.6303540925977018 0.7300995856043473
v -9.369144539499665e-8 0.5469815233494995 0.8671984183612962
v -2.710893138216387e-8 0.6564541879390497 0.7138947807530734
v -0.1452257898771958 0.6833236062154122 0.7300993715790847
v -0.17076749717963857 0.5518477046286316 0.8585057955780364
v -1.1453163494731641e-8 -0.6663186088138104 0.5580107934493836
v -2.6044955831634207e-8 -0.598359456051864 0.7082103711337067
v -0.1452257898771958 -0.6303540925977018 0.7300995856043473
v -0.1141031433469844 -0.6997293334991683 0.5736356197295055
v 6.228389398239505e-8 0.382361498919261 0.9515182732374043
v -9.369144539499665e-8 0.5469815233494995 0.8671984183612962
v -0.17076749717963857 0.5518477046286316 0.8585057955780364
v -0.1897465395239023 0.390222696129755 0.9539208159245582
v 2.6333943325771083e-9 -0.7093595072274265 0.3876488979794648
v -1.1453163494731641e-8 -0.6663186088138104 0.5580107934493836
v -0.1141031433469844 -0.6997293334991683 0.5736356197295055
v -0.07859560671607535 -0.7382971431681842 0.3951272290859173
v -0.1897465395239023 0.390222696129755 0.9539208159245582
v -0.17076749717963857 0.5518477046286316 0.8585057955780364
v -0.319048069736777 0.5269303862910499 0.7702500385563577
v -0.3578928629034861 0.3762864899989598 0.864030220953471
v -0.07859560671607535 -0.7382971431681842 0.3951272290859173
v -0.1141031433469844 -0.6997293334991683 0.5736356197295055
v -0.2212491880078049 -0.6913696694811069 0.534143250552146
v -0.14900824094545295 -0.7126467674651994 0.3597381301531331
v -0.1141031433469844 0.7824796601843946 0.5736355570609402
v -0.07859559926549492 0.8494583822176507 0.395127089616996
v -0.14945433699814215 0.8243186877439064 0.3608149058543731
v -0.2224642137632321 0.7779029712860239 0.5370764537043031
v -0.17076749717963857 -0.5251782808575781 0.8585059710478412
v -0.1897465395239023 -0.382659748142817 0.9539209418430907
v -0.3642787851926954 -0.3739249381980936 0.8794473226235641
v -0.3294146583360136 -0.516005136532929 0.7952773637888806
v -0.1452257898771958 0.6833236062154122 0.7300993715790847
v -0.1141031433469844 0.7824796601843946 0.5736355570609402
v -0.2224642137632321 0.7779029712860239 0.5370764537043031
v -0.2712958692469625 0.6520818797186102 0.6549662930975079
v -0.1452257898771958 -0.6303540925977018 0.7300995856043473
v -0.17076749717963857 -0.5251782808575781 0.8585059710478412
v -0.3294146583360136 -0.516005136532929 0.7952773637888806
v -0.2795059022417834 -0.617961521377035 0.6747872493304872
v -0.17076749717963857 0.5518477046286316 0.8585057955780364
v -0.1452257898771958 0.6833236062154122 0.7300993715790847
v -0.2712958692469625 0.6520818797186102 0.6549662930975079
v -0.319048069736777 0.5269303862910499 0.7702500385563577
v -0.1141031433469844 -0.6997293334991683 0.5736356197295055
v -0.1452257898771958 -0.6303540925977018 0.7300995856043473
v -0.2795059022417834 -0.617961521377035 0.6747872493304872
v -0.2212491880078049 -0.6913696694811069 0.534143250552146
v -0.2224642137632321 0.7779029712860239 0.5370764537043031
v -0.14945433699814215 0.8243186877439064 0.3608149058543731
v -0.22382136679094944 0.8494583724172344 0.3349725635357893
v -0.3249382900087916 0.7824796459564036 0.48630477063898947
v -0.3294146583360136 -0.516005136532929 0.7952773637888806
v -0.3642787851926954 -0.3739249381980936 0.8794473226235641
v -0.5403525708536971 -0.3826597718030964 0.8086951817682185
v -0.4863044212839507 -0.52517830215128 0.7278061606032752
v -0.2712958692469625 0.6520818797186102 0.6549662930975079
v -0.2224642137632321 0.7779029712860239 0.5370764537043031
v -0.3249382900087916 0.7824796459564036 0.48630477063898947
v -0.41356798082065604 0.6833235881066195 0.6189483940677767
v -0.2795059022417834 -0.617961521377035 0.6747872493304872
v -0.3294146583360136 -0.516005136532929 0.7952773637888806
v -0.4863044212839507 -0.52517830215128 0.7278061606032752
v -0.41356798082065604 -0.6303541107064945 0.6189486080930393
v -0.319048069736777 0.5269303862910499 0.7702500385563577
v -0.2712958692469625 0.6520818797186102 0.6549662930975079
v -0.41356798082065604 0.6833235881066195 0.6189483940677767
v -0.4863044212839507 0.5518476833349297 0.7278059851334704
v -0.2212491880078049 -0.6913696694811069 0.534143250552146
v -0.2795059022417834 -0.617961521377035 0.6747872493304872
v -0.41356798082065604 -0.6303541107064945 0.6189486080930393
v -0.32493823040414815 -0.6997293477271593 0.4863048333075547
v -0.14900824094545295 -0.7126467674651994 0.3597381301531331
v -0.2212491880078049 -0.6913696694811069 0.534143250552146
v -0.32493823040414815 -0.6997293477271593 0.4863048333075547
v -0.22382132208746686 -0.738297093363957 0.3349727030047009
v -0.22382132208746686 -0.738297093363957 0.3349727030047009
v -0.32493823040414815 -0.6997293477271593 0.4863048333075547
v -0.39984425008645075 -0.6755904944977881 0.39984462837501356
v -0.2823143836338582 -0.7314237924843792 0.2823147710188183
v -0.3249382900087916 0.7824796459564036 0.48630477063898947
v -0.22382136679094944 0.8494583724172344 0.3349725635357893
v -0.28304868303875574 0.8442027841268328 0.28304884352388593
v -0.39454918217921575 0.7477695821541774 0.3945494179799536
v -0.4863044212839507 -0.52517830215128 0.7278061606032752
v -0.5403525708536971 -0.3826597718030964 0.8086951817682185
v -0.6731895057889181 -0.3739786755854312 0.6731899243456474
v -0.6110721093921634 -0.5181430658947589 0.6110723130176785
v -0.41356798082065604 0.6833235881066195 0.6189483940677767
v -0.3249382900087916 0.7824796459564036 0.48630477063898947
v -0.39454918217921575 0.7477695821541774 0.3945494179799536
v -0.518031764372473 0.6729352571734629 0.5180318931559846
v -0.41356798082065604 -0.6303541107064945 0.6189486080930393
v -0.4863044212839507 -0.52517830215128 0.7278061606032752
v -0.6110721093921634 -0.5181430658947589 0.6110723130176785
v -0.5106317286797224 -0.6106758341346821 0.5106320665900245
v -0.4863044212839507 0.5518476833349297 0.7278059851334704
v -0.41356798082065604 0.6833235881066195 0.6189483940677767
v -0.518031764372473 0.6729352571734629 0.5180318931559846
v -0.6067187054443646 0.5414915356230006 0.6067187364334908
v -0.32493823040414815 -0.6997293477271593 0.4863048333075547
v -0.41356798082065604 -0.6303541107064945 0.6189486080930393
v -0.5106317286797224 -0.6106758341346821 0.5106320665900245
v -0.39984425008645075 -0.6755904944977881 0.39984462837501356
v -0.39454918217921575 0.7477695821541774 0.3945494179799536
v -0.28304868303875574 0.8442027841268328 0.28304884352388593
v -0.3349723741045807 0.8494583543084296 0.22382151151867694
v -0.48630451069091585 0.7824796196664997 0.32493849035222394
v -0.6110721093921634 -0.5181430658947589 0.6110723130176785
v -0.6731895057889181 -0.3739786755854312 0.6731899243456474
v -0.8086947617971574 -0.3826597857192666 0.5403529908247571
v -0.7278058962269296 -0.5251783414968837 0.4863045664510125
v -0.518031764372473 0.6729352571734629 0.5180318931559846
v -0.39454918217921575 0.7477695821541774 0.3945494179799536
v -0.48630451069091585 0.7824796196664997 0.32493849035222394
v -0.6189482073720942 0.6833235546459239 0.41356810791169785
v -0.5106317286797224 -0.6106758341346821 0.5106320665900245
v -0.6110721093921634 -0.5181430658947589 0.6110723130176785
v -0.7278058962269296 -0.5251783414968837 0.4863045664510125
v -0.6189482073720942 -0.6303541441671902 0.41356832193696047
v -0.6067187054443646 0.5414915356230006 0.6067187364334908
v -0.518031764372473 0.6729352571734629 0.5180318931559846
v -0.6189482073720942 0.6833235546459239 0.41356810791169785
v -0.7278058962269296 0.5518476439893261 0.4863043909812077
v -0.39984425008645075 -0.6755904944977881 0.39984462837501356
v -0.5106317286797224 -0.6106758341346821 0.5106320665900245
v -0.6189482073720942 -0.6303541441671902 0.41356832193696047
v -0.4863044212839507 -0.6997293740170585 0.3249385828231109
v -0.665347799688254 0.3784202144578317 0.6653480956636452
v -0.6067187054443646 0.5414915356230006 0.6067187364334908
v -0.7278058962269296 0.5518476439893261 0.4863043909812077
v -0.8086947617971574 0.39022259894866196 0.5403528649062341
v -0.2823143836338582 -0.7314237924843792 0.2823147710188183
v -0.39984425008645075 -0.6755904944977881 0.39984462837501356
v -0.4863044212839507 -0.6997293740170585 0.3249385828231109
v -0.33497228469761553 -0.738297111472757 0.22382168078991027
v -0.7007966480971128 -0.19561457700239432 0.7007967991760687
v -0.7326099708838019 -0.0009990073200972993 0.7326100306512139
v -0.8753250045629213 -0.001461069705175776 0.5848735442558628
v -0.8585055874622105 -0.2049522164579589 0.5736352410968644
v -0.6731895057889181 -0.3739786755854312 0.6731899243456474
v -0.7007966480971128 -0.19561457700239432 0.7007967991760687
v -0.8585055874622105 -0.2049522164579589 0.5736352410968644
v -0.8086947617971574 -0.3826597857192666 0.5403529908247571
v -0.8585055874622105 0.20294411431818307 0.5736351746421172
v -0.8086947617971574 0.39022259894866196 0.5403528649062341
v -0.8648183748539151 0.3766044877717156 0.358219792620761
v -0.9342508107218706 0.19933071631212596 0.38697938978917035
v -0.8753250045629213 -0.001461069705175776 0.5848735442558628
v -0.8585055874622105 0.20294411431818307 0.5736351746421172
v -0.9342508107218706 0.19933071631212596 0.38697938978917035
v -0.9497881319421198 -0.000776777134147886 0.3934152337665903
v -0.8585055874622105 -0.2049522164579589 0.5736352410968644
v -0.8753250045629213 -0.001461069705175776 0.5848735442558628
v -0.9497881319421198 -0.000776777134147886 0.3934152337665903
v -0.9151689205653457 -0.19550099316472397 0.3790754909646799
v -0.8086947617971574 -0.3826597857192666 0.5403529908247571
v -0.8585055874622105 -0.2049522164579589 0.5736352410968644
v -0.9151689205653457 -0.19550099316472397 0.3790754909646799
v -0.8598666594952342 -0.3649830454346786 0.35616882825286234
v -0.48630451069091585 0.7824796196664997 0.32493849035222394
v -0.3349723741045807 0.8494583543084296 0.22382151151867694
v -0.3576540270972095 0.8173405586738106 0.14814528586645437
v -0.5192544940280652 0.7530092779110918 0.2150824285210429
v -0.7278058962269296 -0.5251783414968837 0.4863045664510125
v -0.8086947617971574 -0.3826597857192666 0.5403529908247571
v -0.8598666594952342 -0.3649830454346786 0.35616882825286234
v -0.7799129311759856 -0.5055011467590659 0.3230507827145073
v -0.6189482073720942 0.6833235546459239 0.41356810791169785
v -0.48630451069091585 0.7824796196664997 0.32493849035222394
v -0.5192544940280652 0.7530092779110918 0.2150824285210429
v -0.6678642481297792 0.6643776003724348 0.2766385424304276
v -0.6189482073720942 -0.6303541441671902 0.41356832193696047
v -0.7278058962269296 -0.5251783414968837 0.4863045664510125
v -0.7799129311759856 -0.5055011467590659 0.3230507827145073
v -0.659571394482894 -0.6034027950144456 0.2732037631787649
v -0.7278058962269296 0.5518476439893261 0.4863043909812077
v -0.6189482073720942 0.6833235546459239 0.41356810791169785
v -0.6678642481297792 0.6643776003724348 0.2766385424304276
v -0.7847843590799486 0.5363506488440072 0.32506837916746384
v -0.4863044212839507 -0.6997293740170585 0.3249385828231109
v -0.6189482073720942 -0.6303541441671902 0.41356832193696047
v -0.659571394482894 -0.6034027950144456 0.2732037631787649
v -0.5258845569368176 -0.6802523225248899 0.2178288863709944
v -0.8086947617971574 0.39022259894866196 0.5403528649062341
v -0.7278058962269296 0.5518476439893261 0.4863043909812077
v -0.7847843590799486 0.5363506488440072 0.32506837916746384
v -0.8648183748539151 0.3766044877717156 0.358219792620761
v -0.33497228469761553 -0.738297111472757 0.22382168078991027
v -0.4863044212839507 -0.6997293740170585 0.3249385828231109
v -0.5258845569368176 -0.6802523225248899 0.2178288863709944
v -0.3590871909464777 -0.7113080815495636 0.14873915246013966
v -0.7799129311759856 -0.5055011467590659 0.3230507827145073
v -0.8598666594952342 -0.3649830454346786 0.35616882825286234
v -0.9539205218720315 -0.38265984284023447 0.1897469892972886
v -0.8585054682529236 -0.5251783332997398 0.17076758274205145
v -0.6678642481297792 0.6643776003724348 0.2766385424304276
v -0.5192544940280652 0.7530092779110918 0.2150824285210429
v -0.573635267310546 0.7824795853170896 0.11410331388809782
v -0.7300991848834038 0.6833235109274198 0.14522584246243686
v -0.659571394482894 -0.6034027950144456 0.2732037631787649
v -0.7799129311759856 -0.5055011467590659 0.3230507827145073
v -0.8585054682529236 -0.5251783332997398 0.17076758274205145
v -0.7300991848834038 -0.6303541878856942 0.14522605648769946
v -0.7847843590799486 0.5363506488440072 0.32506837916746384
v -0.6678642481297792 0.6643776003724348 0.2766385424304276
v -0.7300991848834038 0.6833235109274198 0.14522584246243686
v -0.8585054682529236 0.5518475925818265 0.17076740727225637
v -0.5258845569368176 -0.6802523225248899 0.2178288863709944
v -0.659571394482894 -0.6034027950144456 0.2732037631787649
v -0.7300991848834038 -0.6303541878856942 0.14522605648769946
v -0.5736351481012592 -0.6997294083664516 0.11410351066711083
v -0.8648183748539151 0.3766044877717156 0.358219792620761
v -0.7847843590799486 0.5363506488440072 0.32506837916746384
v -0.8585054682529236 0.5518475925818265 0.17076740727225637
v -0.9539205218720315 0.39022257163001584 0.18974686337876087
v -0.3590871909464777 -0.7113080815495636 0.14873915246013966
v -0.5258845569368176 -0.6802523225248899 0.2178288863709944
v -0.5736351481012592 -0.6997294083664516 0.11410351066711083
v -0.39512666176721445 -0.7382971351330291 0.0785959654185207
v -0.9342508107218706 0.19933071631212596 0.38697938978917035
v -0.8648183748539151 0.3766044877717156 0.358219792620761
v -0.9539205218720315 0.39022257163001584 0.18974686337876087
v -1.012676335587881 0.2029440536788994 0.2014339041557364
v -0.9497881319421198 -0.000776777134147886 0.3934152337665903
v -0.9342508107218706 0.19933071631212596 0.38697938978917035
v -1.012676335587881 0.2029440536788994 0.2014339041557364
v -1.032516098785785 -0.0014611315324628644 0.20538036089993716
v -0.9151689205653457 -0.19550099316472397 0.3790754909646799
v -0.9497881319421198 -0.000776777134147886 0.3934152337665903
v -1.032516098785785 -0.0014611315324628644 0.20538036089993716
v -1.012676335587881 -0.2049522770972426 0.20143397061048354
v -0.8598666594952342 -0.3649830454346786 0.35616882825286234
v -0.9151689205653457 -0.19550099316472397 0.3790754909646799
v -1.012676335587881 -0.2049522770972426 0.20143397061048354
v -0.9539205218720315 -0.38265984284023447 0.1897469892972886
v -0.5192544940280652 0.7530092779110918 0.2150824285210429
v -0.3576540270972095 0.8173405586738106 0.14814528586645437
v -0.39512678097650134 0.8494583306481501 0.07859575144380479
v -0.573635267310546 0.7824795853170896 0.11410331388809782
v -1.032516098785785 -0.0014611315324628644 0.20538036089993716
v -1.012676335587881 0.2029440536788994 0.2014339041557364
v -1.00780425203284 0.19874996992760727 6.13140846360886e-8
v -1.0405989652738201 -0.0011246936376979309 1.3946138974549293e-7
v -1.012676335587881 -0.2049522770972426 0.20143397061048354
v -1.032516098785785 -0.0014611315324628644 0.20538036089993716
v -1.0405989652738201 -0.0011246936376979309 1.3946138974549293e-7
v -0.983338691666602 -0.19387127025711345 1.2706704096110253e-7
v -0.9539205218720315 -0.38265984284023447 0.1897469892972886
v -1.012676335587881 -0.2049522770972426 0.20143397061048354
v -0.983338691666602 -0.19387127025711345 1.2706704096110253e-7
v -0.9545087004935282 -0.37502302881272975 3.853197916641951e-7
v -0.573635267310546 0.7824795853170896 0.11410331388809782
v -0.39512678097650134 0.8494583306481501 0.07859575144380479
v -0.39976435006191524 0.8431281258957113 1.4968607714819249e-7
v -0.5709938279317206 0.7645681329540939 1.60550913566027e-7
v -0.8585054682529236 -0.5251783332997398 0.17076758274205145
v -0.9539205218720315 -0.38265984284023447 0.1897469892972886
v -0.9545087004935282 -0.37502302881272975 3.853197916641951e-7
v -0.8469235111715601 -0.507239390002771 2.2251068865049894e-7
v -0.7300991848834038 0.6833235109274198 0.14522584246243686
v -0.573635267310546 0.7824795853170896 0.11410331388809782
v -0.5709938279317206 0.7645681329540939 1.60550913566027e-7
v -0.7193987208739205 0.6613017172820693 7.764416776554953e-8
v -0.7300991848834038 -0.6303541878856942 0.14522605648769946
v -0.8585054682529236 -0.5251783332997398 0.17076758274205145
v -0.8469235111715601 -0.507239390002771 2.2251068865049894e-7
v -0.7329022124506035 -0.6201877455370989 2.867647557914232e-7
v -0.8585054682529236 0.5518475925818265 0.17076740727225637
v -0.7300991848834038 0.6833235109274198 0.14522584246243686
v -0.7193987208739205 0.6613017172820693 7.764416776554953e-8
v -0.8421144297246386 0.5319614291497899 5.335913659530894e-8
v -0.5736351481012592 -0.6997294083664516 0.11410351066711083
v -0.7300991848834038 -0.6303541878856942 0.14522605648769946
v -0.7329022124506035 -0.6201877455370989 2.867647557914232e-7
v -0.5803398360236023 -0.6940910661050659 3.767768103269216e-7
v -0.9539205218720315 0.39022257163001584 0.18974686337876087
v -0.8585054682529236 0.5518475925818265 0.17076740727225637
v -0.8421144297246386 0.5319614291497899 5.335913659530894e-8
v -0.9487794425611318 0.38134061437833694 2.611506179546465e-7
v -0.39512666176721445 -0.7382971351330291 0.0785959654185207
v -0.5736351481012592 -0.6997294083664516 0.11410351066711083
v -0.5803398360236023 -0.6940910661050659 3.767768103269216e-7
v -0.3988447100182313 -0.7306480244401766 3.7475034419719496e-7
v -1.012676335587881 0.2029440536788994 0.2014339041557364
v -0.9539205218720315 0.39022257163001584 0.18974686337876087
v -0.9487794425611318 0.38134061437833694 2.611506179546465e-7
v -1.00780425203284 0.19874996992760727 6.13140846360886e-8
v -0.7329022124506035 -0.6201877455370989 2.867647557914232e-7
v -0.8469235111715601 -0.507239390002771 2.2251068865049894e-7
v -0.8585053490436367 -0.5251783889428069 -0.1707671284951648
v -0.7300991252787603 -0.6303542352062531 -0.14522546366204483
v -0.8421144297246386 0.5319614291497899 5.335913659530894e-8
v -0.7193987208739205 0.6613017172820693 7.764416776554953e-8
v -0.7300991252787603 0.6833235232115044 -0.14522567768731715
v -0.8585053490436367 0.5518475369387594 -0.17076730396495987
v -0.5803398360236023 -0.6940910661050659 3.767768103269216e-7
v -0.7329022124506035 -0.6201877455370989 2.867647557914232e-7
v -0.7300991252787603 -0.6303542352062531 -0.14522546366204483
v -0.5736350884966157 -0.6997294455459674 -0.11410273132337234
v -0.9487794425611318 0.38134061437833694 2.611506179546465e-7
v -0.8421144297246386 0.5319614291497899 5.335913659530894e-8
v -0.8585053490436367 0.5518475369387594 -0.17076730396495987
v -0.953920462267388 0.3902225098027263 -0.18974633487832557
v -0.3988447100182313 -0.7306480244401766 3.7475034419719496e-7
v -0.5803398360236023 -0.6940910661050659 3.767768103269216e-7
v -0.5736350884966157 -0.6997294455459674 -0.11410273132337234
v -0.3951266319648927 -0.7382971607427198 -0.07859519585956491
v -1.00780425203284 0.19874996992760727 6.13140846360886e-8
v -0.9487794425611318 0.38134061437833694 2.611506179546465e-7
v -0.953920462267388 0.3902225098027263 -0.18974633487832557
v -1.0126760971693072 0.20294398804342575 -0.20143376166703966
v -1.0405989652738201 -0.0011246936376979309 1.3946138974549293e-7
v -1.00780425203284 0.19874996992760727 6.13140846360886e-8
v -1.0126760971693072 0.20294398804342575 -0.20143376166703966
v -1.0325158603672113 -0.0014611984538323412 -0.20538007730177282
v -0.983338691666602 -0.19387127025711345 1.2706704096110253e-7
v -1.0405989652738201 -0.0011246936376979309 1.3946138974549293e-7
v -1.0325158603672113 -0.0014611984538323412 -0.20538007730177282
v -1.0126760971693072 -0.20495234273271623 -0.2014336952122925
v -0.9545087004935282 -0.37502302881272975 3.853197916641951e-7
v -0.983338691666602 -0.19387127025711345 1.2706704096110253e-7
v -1.0126760971693072 -0.20495234273271623 -0.2014336952122925
v -0.953920462267388 -0.382659904667524 -0.18974620895979785
v -0.5709938279317206 0.7645681329540939 1.60550913566027e-7
v -0.39976435006191524 0.8431281258957113 1.4968607714819249e-7
v -0.39512678097650134 0.8494583050384533 -0.07859544708718297
v -0.5736352077059026 0.7824795481375665 -0.11410297280586794
v -0.8469235111715601 -0.507239390002771 2.2251068865049894e-7
v -0.9545087004935282 -0.37502302881272975 3.853197916641951e-7
v -0.953920462267388 -0.382659904667524 -0.18974620895979785
v -0.8585053490436367 -0.5251783889428069 -0.1707671284951648
v -0.7193987208739205 0.6613017172820693 7.764416776554953e-8
v -0.5709938279317206 0.7645681329540939 1.60550913566027e-7
v -0.5736352077059026 0.7824795481375665 -0.11410297280586794
v -0.7300991252787603 0.6833235232115044 -0.14522567768731715
v -1.0126760971693072 -0.20495234273271623 -0.2014336952122925
v -1.0325158603672113 -0.0014611984538323412 -0.20538007730177282
v -0.9345329194992869 -0.00031945847687101143 -0.3870961281040812
v -0.9194144997131559 -0.19653667314369513 -0.3808338832844962
v -0.953920462267388 -0.382659904667524 -0.18974620895979785
v -1.0126760971693072 -0.20495234273271623 -0.2014336952122925
v -0.9194144997131559 -0.19653667314369513 -0.3808338832844962
v -0.8803950351388368 -0.3743581388230191 -0.3646711909767693
v -0.5736352077059026 0.7824795481375665 -0.11410297280586794
v -0.39512678097650134 0.8494583050384533 -0.07859544708718297
v -0.36799418103707904 0.8401698033986396 -0.15242803033126948
v -0.5314255834052206 0.7700102394563164 -0.22012357545884942
v -0.8585053490436367 -0.5251783889428069 -0.1707671284951648
v -0.953920462267388 -0.382659904667524 -0.18974620895979785
v -0.8803950351388368 -0.3743581388230191 -0.3646711909767693
v -0.7710299319543701 -0.49942828331403083 -0.3193708965254393
v -0.7300991252787603 0.6833235232115044 -0.14522567768731715
v -0.5736352077059026 0.7824795481375665 -0.11410297280586794
v -0.5314255834052206 0.7700102394563164 -0.22012357545884942
v -0.6653450578746556 0.6619761585271456 -0.27559493220258485
v -0.7300991252787603 -0.6303542352062531 -0.14522546366204483
v -0.8585053490436367 -0.5251783889428069 -0.1707671284951648
v -0.7710299319543701 -0.49942828331403083 -0.3193708965254393
v -0.6659709066308084 -0.6095263079067862 -0.27585394564287385
v -0.8585053490436367 0.5518475369387594 -0.17076730396495987
v -0.7300991252787603 0.6833235232115044 -0.14522567768731715
v -0.6653450578746556 0.6619761585271456 -0.27559493220258485
v -0.7947013796560154 0.542778247398317 -0.32917608977347224
v -0.5736350884966157 -0.6997294455459674 -0.11410273132337234
v -0.7300991252787603 -0.6303542352062531 -0.14522546366204483
v -0.6659709066308084 -0.6095263079067862 -0.27585394564287385
v -0.5203571203271196 -0.672811468651269 -0.21553864062667724
v -0.953920462267388 0.3902225098027263 -0.18974633487832557
v -0.8585053490436367 0.5518475369387594 -0.17076730396495987
v -0.7947013796560154 0.542778247398317 -0.32917608977347224
v -0.8571258591757891 0.37350099620259064 -0.3550329141481953
v -0.3951266319648927 -0.7382971607427198 -0.07859519585956491
v -0.5736350884966157 -0.6997294455459674 -0.11410273132337234
v -0.5203571203271196 -0.672811468651269 -0.21553864062667724
v -0.3591093042691951 -0.7113537275685378 -0.1487475782535719
v -1.0126760971693072 0.20294398804342575 -0.20143376166703966
v -0.953920462267388 0.3902225098027263 -0.18974633487832557
v -0.8571258591757891 0.37350099620259064 -0.3550329141481953
v -0.9265752227624824 0.1979205981920958 -0.3837999938167594
v -1.0325158603672113 -0.0014611984538323412 -0.20538007730177282
v -1.0126760971693072 0.20294398804342575 -0.20143376166703966
v -0.9265752227624824 0.1979205981920958 -0.3837999938167594
v -0.9345329194992869 -0.00031945847687101143 -0.3870961281040812
v -0.7947013796560154 0.542778247398317 -0.32917608977347224
v -0.6653450578746556 0.6619761585271456 -0.27559493220258485
v -0.6189480285581639 0.6833234794930149 -0.41356785372961297
v -0.7278055982037124 0.5518474855312768 -0.4863041833657852
v -0.5203571203271196 -0.672811468651269 -0.21553864062667724
v -0.6659709066308084 -0.6095263079067862 -0.27585394564287385
v -0.6189480285581639 -0.6303542789247426 -0.41356763970434063
v -0.48630421266769863 -0.699729479895358 -0.3249377885782116
v -0.8571258591757891 0.37350099620259064 -0.3550329141481953
v -0.7947013796560154 0.542778247398317 -0.32917608977347224
v -0.7278055982037124 0.5518474855312768 -0.4863041833657852
v -0.8086947021925139 0.39022245268176825 -0.5403522768011505
v -0.3591093042691951 -0.7113537275685378 -0.1487475782535719
v -0.5203571203271196 -0.672811468651269 -0.21553864062667724
v -0.48630421266769863 -0.699729479895358 -0.3249377885782116
v -0.3349721356860069 -0.7382971844029859 -0.22382087397805234
v -0.9265752227624824 0.1979205981920958 -0.3837999938167594
v -0.8571258591757891 0.37350099620259064 -0.3550329141481953
v -0.8086947021925139 0.39022245268176825 -0.5403522768011505
v -0.8585052298343498 0.20294392740416634 -0.573634883141812
v -0.9345329194992869 -0.00031945847687101143 -0.3870961281040812
v -0.9265752227624824 0.1979205981920958 -0.3837999938167594
v -0.8585052298343498 0.20294392740416634 -0.573634883141812
v -0.8753245873304172 -0.0014612602810975801 -0.5848731265472507
v -0.9194144997131559 -0.19653667314369513 -0.3808338832844962
v -0.9345329194992869 -0.00031945847687101143 -0.3870961281040812
v -0.8753245873304172 -0.0014612602810975801 -0.5848731265472507
v -0.8585052298343498 -0.20495240337197565 -0.5736348166870648
v -0.8803950351388368 -0.3743581388230191 -0.3646711909767693
v -0.9194144997131559 -0.19653667314369513 -0.3808338832844962
v -0.8585052298343498 -0.20495240337197565 -0.5736348166870648
v -0.8086947021925139 -0.38265996178848205 -0.5403521508826228
v -0.5314255834052206 0.7700102394563164 -0.22012357545884942
v -0.36799418103707904 0.8401698033986396 -0.15242803033126948
v -0.33497228469761553 0.8494583409828222 -0.22382117735974313
v -0.48630436167930724 0.782479513788166 -0.3249380896653506
v -0.7710299319543701 -0.49942828331403083 -0.3193708965254393
v -0.8803950351388368 -0.3743581388230191 -0.3646711909767693
v -0.8086947021925139 -0.38265996178848205 -0.5403521508826228
v -0.7278055982037124 -0.5251784403502895 -0.4863040078959901
v -0.6653450578746556 0.6619761585271456 -0.27559493220258485
v -0.5314255834052206 0.7700102394563164 -0.22012357545884942
v -0.48630436167930724 0.782479513788166 -0.3249380896653506
v -0.6189480285581639 0.6833234794930149 -0.41356785372961297
v -0.6659709066308084 -0.6095263079067862 -0.27585394564287385
v -0.7710299319543701 -0.49942828331403083 -0.3193708965254393
v -0.7278055982037124 -0.5251784403502895 -0.4863040078959901
v -0.6189480285581639 -0.6303542789247426 -0.41356763970434063
v -0.8585052298343498 -0.20495240337197565 -0.5736348166870648
v -0.8753245873304172 -0.0014612602810975801 -0.5848731265472507
v -0.7182102638883081 -0.00043508926010865596 -0.718210323422076
v -0.72031412898792 -0.20183446366707106 -0.7203140961049217
v -0.8086947021925139 -0.38265996178848205 -0.5403521508826228
v -0.8585052298343498 -0.20495240337197565 -0.5736348166870648
v -0.72031412898792 -0.20183446366707106 -0.7203140961049217
v -0.6644997448213452 -0.36879382598492116 -0.6644993867139962
v -0.48630436167930724 0.782479513788166 -0.3249380896653506
v -0.33497228469761553 0.8494583409828222 -0.22382117735974313
v -0.2722685276209891 0.813106116704881 -0.2722684216742195
v -0.4092103747454945 0.7745269889256565 -0.40921029231571077
v -0.7278055982037124 -0.5251784403502895 -0.4863040078959901
v -0.8086947021925139 -0.38265996178848205 -0.5403521508826228
v -0.6644997448213452 -0.36879382598492116 -0.6644993867139962
v -0.5900409089764747 -0.4993571296651767 -0.5900408872255233
v -0.6189480285581639 0.6833234794930149 -0.41356785372961297
v -0.48630436167930724 0.782479513788166 -0.3249380896653506
v -0.4092103747454945 0.7745269889256565 -0.40921029231571077
v -0.5100217347587255 0.6629584644627596 -0.5100217235590885
v -0.6189480285581639 -0.6303542789247426 -0.41356763970434063
v -0.7278055982037124 -0.5251784403502895 -0.4863040078959901
v -0.5900409089764747 -0.4993571296651767 -0.5900408872255233
v -0.507140863527189 -0.6063119267719281 -0.5071406455371581
v -0.7278055982037124 0.5518474855312768 -0.4863041833657852
v -0.6189480285581639 0.6833234794930149 -0.41356785372961297
v -0.5100217347587255 0.6629584644627596 -0.5100217235590885
v -0.6031265720026213 0.5384497135592548 -0.6031267193318657
v -0.48630421266769863 -0.699729479895358 -0.3249377885782116
v -0.6189480285581639 -0.6303542789247426 -0.41356763970434063
v -0.507140863527189 -0.6063119267719281 -0.5071406455371581
v -0.3961073965704276 -0.6690181393515992 -0.396107108759613
v -0.8086947021925139 0.39022245268176825 -0.5403522768011505
v -0.7278055982037124 0.5518474855312768 -0.4863041833657852
v -0.6031265720026213 0.5384497135592548 -0.6031267193318657
v -0.664526745724825 0.37798723828003933 -0.664526509283554
v -0.3349721356860069 -0.7382971844029859 -0.22382087397805234
v -0.48630421266769863 -0.699729479895358 -0.3249377885782116
v -0.3961073965704276 -0.6690181393515992 -0.396107108759613
v -0.27166127551359054 -0.702778546750788 -0.2716609225978624
v -0.8585052298343498 0.20294392740416634 -0.573634883141812
v -0.8086947021925139 0.39022245268176825 -0.5403522768011505
v -0.664526745724825 0.37798723828003933 -0.664526509283554
v -0.703339859023544 0.19652122281948545 -0.7033398910409244
v -0.8753245873304172 -0.0014612602810975801 -0.5848731265472507
v -0.8585052298343498 0.20294392740416634 -0.573634883141812
v -0.703339859023544 0.19652122281948545 -0.7033398910409244
v -0.7182102638883081 -0.00043508926010865596 -0.718210323422076
v -0.3961073965704276 -0.6690181393515992 -0.396107108759613
v -0.507140863527189 -0.6063119267719281 -0.5071406455371581
v -0.4135678020067257 -0.6303543123854092 -0.6189477470464892
v -0.3249380515902178 -0.6997294465805894 -0.48630389005105645
v -0.664526745724825 0.37798723828003933 -0.664526509283554
v -0.6031265720026213 0.5384497135592548 -0.6031267193318657
v -0.4863040040514466 0.5518474461856974 -0.7278056285064392
v -0.5403525112490537 0.390222408963286 -0.8086944081399637
v -0.27166127551359054 -0.702778546750788 -0.2716609225978624
v -0.3961073965704276 -0.6690181393515992 -0.396107108759613
v -0.3249380515902178 -0.6997294465805894 -0.48630389005105645
v -0.22382121777934083 -0.7382972025117664 -0.3349717769835561
v -0.703339859023544 0.19652122281948545 -0.7033398910409244
v -0.664526745724825 0.37798723828003933 -0.664526509283554
v -0.5403525112490537 0.390222408963286 -0.8086944081399637
v -0.5736346712641116 0.20294388099291008 -0.8585051436888292
v -0.7182102638883081 -0.00043508926010865596 -0.718210323422076
v -0.703339859023544 0.19652122281948545 -0.7033398910409244
v -0.5736346712641116 0.20294388099291008 -0.8585051436888292
v -0.5848730075760256 -0.0014613076016273118 -0.8753244678830646
v -0.72031412898792 -0.20183446366707106 -0.7203140961049217
v -0.7182102638883081 -0.00043508926010865596 -0.718210323422076
v -0.5848730075760256 -0.0014613076016273118 -0.8753244678830646
v -0.5736346712641116 -0.20495243488207104 -0.8585050772340844
v -0.6644997448213452 -0.36879382598492116 -0.6644993867139962
v -0.72031412898792 -0.20183446366707106 -0.7203140961049217
v -0.5736346712641116 -0.20495243488207104 -0.8585050772340844
v -0.5403525112490537 -0.3826600055069643 -0.808694282221436
v -0.4092103747454945 0.7745269889256565 -0.40921029231571077
v -0.2722685276209891 0.813106116704881 -0.2722684216742195
v -0.2238212624828234 0.8494583228740392 -0.33497209526640775
v -0.32493811119486127 0.7824794874982864 -0.4863042209405075
v -0.5900409089764747 -0.4993571296651767 -0.5900408872255233
v -0.6644997448213452 -0.36879382598492116 -0.6644993867139962
v -0.5403525112490537 -0.3826600055069643 -0.808694282221436
v -0.4863040040514466 -0.525178479695869 -0.7278054530366441
v -0.5100217347587255 0.6629584644627596 -0.5100217235590885
v -0.4092103747454945 0.7745269889256565 -0.40921029231571077
v -0.32493811119486127 0.7824794874982864 -0.4863042209405075
v -0.4135678020067257 0.6833234460323483 -0.6189479610717615
v -0.507140863527189 -0.6063119267719281 -0.5071406455371581
v -0.5900409089764747 -0.4993571296651767 -0.5900408872255233
v -0.4863040040514466 -0.525178479695869 -0.7278054530366441
v -0.4135678020067257 -0.6303543123854092 -0.6189477470464892
v -0.6031265720026213 0.5384497135592548 -0.6031267193318657
v -0.5100217347587255 0.6629584644627596 -0.5100217235590885
v -0.4135678020067257 0.6833234460323483 -0.6189479610717615
v -0.4863040040514466 0.5518474461856974 -0.7278056285064392
v -0.5403525112490537 -0.3826600055069643 -0.808694282221436
v -0.5736346712641116 -0.20495243488207104 -0.8585050772340844
v -0.3753775572319873 -0.19332406846194183 -0.9062419016203926
v -0.3565236846389541 -0.36537496540839465 -0.8607240127640375
v -0.32493811119486127 0.7824794874982864 -0.4863042209405075
v -0.2238212624828234 0.8494583228740392 -0.33497209526640775
v -0.15308084741799122 0.8436489506641707 -0.3695698182227541
v -0.21694051734491016 0.7592761685670565 -0.5237407612186077
v -0.4863040040514466 -0.525178479695869 -0.7278054530366441
v -0.5403525112490537 -0.3826600055069643 -0.808694282221436
v -0.3565236846389541 -0.36537496540839465 -0.8607240127640375
v -0.32189422126350786 -0.503593321758663 -0.7771217424917188
v -0.4135678020067257 0.6833234460323483 -0.6189479610717615
v -0.32493811119486127 0.7824794874982864 -0.4863042209405075
v -0.21694051734491016 0.7592761685670565 -0.5237407612186077
v -0.2768202958221666 0.664796467065237 -0.6683035234517688
v -0.4135678020067257 -0.6303543123854092 -0.6189477470464892
v -0.4863040040514466 -0.525178479695869 -0.7278054530366441
v -0.32189422126350786 -0.503593321758663 -0.7771217424917188
v -0.27297022328592324 -0.6028645977515042 -0.6590083900111163
v -0.4863040040514466 0.5518474461856974 -0.7278056285064392
v -0.4135678020067257 0.6833234460323483 -0.6189479610717615
v -0.2768202958221666 0.664796467065237 -0.6683035234517688
v -0.32226573700608885 0.5319656535334044 -0.778018782275579
v -0.3249380515902178 -0.6997294465805894 -0.48630389005105645
v -0.4135678020067257 -0.6303543123854092 -0.6189477470464892
v -0.27297022328592324 -0.6028645977515042 -0.6590083900111163
v -0.2157040488190043 -0.6733482581916069 -0.5207554676661884
v -0.5403525112490537 0.390222408963286 -0.8086944081399637
v -0.4863040040514466 0.5518474461856974 -0.7278056285064392
v -0.32226573700608885 0.5319656535334044 -0.778018782275579
v -0.359780839984547 0.37812513017919597 -0.8685875956910989
v -0.22382121777934083 -0.7382972025117664 -0.3349717769835561
v -0.3249380515902178 -0.6997294465805894 -0.48630389005105645
v -0.2157040488190043 -0.6733482581916069 -0.5207554676661884
v -0.14694593518348176 -0.7024007264543348 -0.35475861710636125
v -0.5736346712641116 0.20294388099291008 -0.8585051436888292
v -0.5403525112490537 0.390222408963286 -0.8086944081399637
v -0.359780839984547 0.37812513017919597 -0.8685875956910989
v -0.3759444271934531 0.1944366512456057 -0.9076104874080865
v -0.5848730075760256 -0.0014613076016273118 -0.8753244678830646
v -0.5736346712641116 0.20294388099291008 -0.8585051436888292
v -0.3759444271934531 0.1944366512456057 -0.9076104874080865
v -0.38599365086867676 -0.00023974656796654472 -0.9318713933165738
v -0.5736346712641116 -0.20495243488207104 -0.8585050772340844
v -0.5848730075760256 -0.0014613076016273118 -0.8753244678830646
v -0.38599365086867676 -0.00023974656796654472 -0.9318713933165738
v -0.3753775572319873 -0.19332406846194183 -0.9062419016203926
v -0.359780839984547 0.37812513017919597 -0.8685875956910989
v -0.32226573700608885 0.5319656535334044 -0.778018782275579
v -0.17076705014481275 0.5518474248920441 -0.858505140927788
v -0.18974650972158058 0.3902224151053283 -0.9539201682148408
v -0.14694593518348176 -0.7024007264543348 -0.35475861710636125
v -0.2157040488190043 -0.6733482581916069 -0.5207554676661884
v -0.1141029719836345 -0.6997294012039079 -0.5736344976590866
v -0.07859550240794932 -0.7382972123121682 -0.39512621365779765
v -0.3759444271934531 0.1944366512456057 -0.9076104874080865
v -0.359780839984547 0.37812513017919597 -0.8685875956910989
v -0.18974650972158058 0.3902224151053283 -0.9539201682148408
v -0.20143351998701264 0.20294385587532654 -1.0126757726052107
v -0.38599365086867676 -0.00023974656796654472 -0.9318713933165738
v -0.3759444271934531 0.1944366512456057 -0.9076104874080865
v -0.20143351998701264 0.20294385587532654 -1.0126757726052107
v -0.20537988382473837 -0.0014613332112973962 -1.0325155025012829
v -0.3753775572319873 -0.19332406846194183 -0.9062419016203926
v -0.38599365086867676 -0.00023974656796654472 -0.9318713933165738
v -0.20537988382473837 -0.0014613332112973962 -1.0325155025012829
v -0.20143351998701264 -0.20495245999965458 -1.0126757061504659
v -0.3565236846389541 -0.36537496540839465 -0.8607240127640375
v -0.3753775572319873 -0.19332406846194183 -0.9062419016203926
v -0.20143351998701264 -0.20495245999965458 -1.0126757061504659
v -0.18974650972158058 -0.38266002916724373 -0.9539200422963082
v -0.21694051734491016 0.7592761685670565 -0.5237407612186077
v -0.15308084741799122 0.8436489506641707 -0.3695698182227541
v -0.07859551730911019 0.8494583130736376 -0.3951265319406493
v -0.11410300923653666 0.78247947327031 -0.5736349179554932
v -0.32189422126350786 -0.503593321758663 -0.7771217424917188
v -0.3565236846389541 -0.36537496540839465 -0.8607240127640375
v -0.18974650972158058 -0.38266002916724373 -0.9539200422963082
v -0.17076705014481275 -0.5251785009895222 -0.8585049654579929
v -0.2768202958221666 0.664796467065237 -0.6683035234517688
v -0.21694051734491016 0.7592761685670565 -0.5237407612186077
v -0.11410300923653666 0.78247947327031 -0.5736349179554932
v -0.14522559616210462 0.6833234279235653 -0.7300988789784261
v -0.27297022328592324 -0.6028645977515042 -0.6590083900111163
v -0.32189422126350786 -0.503593321758663 -0.7771217424917188
v -0.17076705014481275 -0.5251785009895222 -0.8585049654579929
v -0.14522559616210462 -0.6303543304941922 -0.7300986649531538
v -0.32226573700608885 0.5319656535334044 -0.778018782275579
v -0.2768202958221666 0.664796467065237 -0.6683035234517688
v -0.14522559616210462 0.6833234279235653 -0.7300988789784261
v -0.17076705014481275 0.5518474248920441 -0.858505140927788
v -0.2157040488190043 -0.6733482581916069 -0.5207554676661884
v -0.27297022328592324 -0.6028645977515042 -0.6590083900111163
v -0.14522559616210462 -0.6303543304941922 -0.7300986649531538
v -0.1141029719836345 -0.6997294012039079 -0.5736344976590866
v -0.18974650972158058 -0.38266002916724373 -0.9539200422963082
v -0.20143351998701264 -0.20495245999965458 -1.0126757061504659
v -2.002379328665847e-9 -0.19745079619828396 -0.9992240718357545
v 6.228265053263526e-8 -0.37377255921028674 -0.9515441430519745
v -0.11410300923653666 0.78247947327031 -0.5736349179554932
v -0.07859551730911019 0.8494583130736376 -0.3951265319406493
v -4.499594374220093e-9 0.8412634488538744 -0.39885042011161076
v -3.0298685105297635e-9 0.7650593013365902 -0.5713745878287367
v -0.17076705014481275 -0.5251785009895222 -0.8585049654579929
v -0.18974650972158058 -0.38266002916724373 -0.9539200422963082
v 6.228265053263526e-8 -0.37377255921028674 -0.9515441430519745
v 2.7659876259559374e-7 -0.5114702666669362 -0.8536211420215486
v -0.14522559616210462 0.6833234279235653 -0.7300988789784261
v -0.11410300923653666 0.78247947327031 -0.5736349179554932
v -3.0298685105297635e-9 0.7650593013365902 -0.5713745878287367
v -3.58598720474006e-9 0.671443387887557 -0.7309139109373631
v -0.14522559616210462 -0.6303543304941922 -0.7300986649531538
v -0.17076705014481275 -0.5251785009895222 -0.8585049654579929
v 2.7659876259559374e-7 -0.5114702666669362 -0.8536211420215486
v 1.545212279120153e-7 -0.6181789496691452 -0.7306292078680623
v -0.17076705014481275 0.5518474248920441 -0.858505140927788
v -0.14522559616210462 0.6833234279235653 -0.7300988789784261
v -3.58598720474006e-9 0.671443387887557 -0.7309139109373631
v -4.849356363544953e-9 0.5482555281058736 -0.8693263633596929
v -0.1141029719836345 -0.6997294012039079 -0.5736344976590866
v -0.14522559616210462 -0.6303543304941922 -0.7300986649531538
v 1.545212279120153e-7 -0.6181789496691452 -0.7306292078680623
v -3.616004081941316e-9 -0.6867429800389766 -0.5744317118808949
v -0.18974650972158058 0.3902224151053283 -0.9539201682148408
v -0.17076705014481275 0.5518474248920441 -0.858505140927788
v -4.849356363544953e-9 0.5482555281058736 -0.8693263633596929
v -1.984283803991948e-9 0.3784749976238188 -0.9410915184973234
v -0.07859550240794932 -0.7382972123121682 -0.39512621365779765
v -0.1141029719836345 -0.6997294012039079 -0.5736344976590866
v -3.616004081941316e-9 -0.6867429800389766 -0.5744317118808949
v 7.78496751870683e-8 -0.7160075784107235 -0.3911442694793786
v -0.20143351998701264 0.20294385587532654 -1.0126757726052107
v -0.18974650972158058 0.3902224151053283 -0.9539201682148408
v -1.984283803991948e-9 0.3784749976238188 -0.9410915184973234
v -2.1365226887516585e-9 0.19750316091331127 -1.0004593232079932
v -0.20537988382473837 -0.0014613332112973962 -1.0325155025012829
v -0.20143351998701264 0.20294385587532654 -1.0126757726052107
v -2.1365226887516585e-9 0.19750316091331127 -1.0004593232079932
v -2.0364378616756103e-9 -0.0005297884500947292 -1.0191197166670694
v -0.20143351998701264 -0.20495245999965458 -1.0126757061504659
v -0.20537988382473837 -0.0014613332112973962 -1.0325155025012829
v -2.0364378616756103e-9 -0.0005297884500947292 -1.0191197166670694
v -2.002379328665847e-9 -0.19745079619828396 -0.9992240718357545
v 0.8237697297982183 0.2068098238447695 0.6084533456889009
v 0.8244954759367817 0.20597570127601927 0.6066902404717491
v 0.8270519786987007 0.194414516514306 0.6073126936467818
v 0.8202674205541438 0.20229298490259925 0.6142104397256718
v 0.8637348220407626 -0.001548607985493004 0.5955067742418041
v 0.7904563965546396 -0.002298474734583314 0.3486494645797654
v 0.7666263408967922 -0.15424762827965688 0.3347613093899596
v 0.8415083101054655 -0.15453637023922634 0.5958571552608328
v -0.1337021708406022 -0.14542768250211843 0.751364834054941
v -0.006485582650030044 -0.16343486173083166 0.7176247941026944
v -0.0005515071556566544 -0.19102576195703974 0.9908874124621597
v -0.12516243476057565 -0.16161049511794948 1.0078949966298656
v -0.20317263447107436 0.30906845722187565 0.6883476315185918
v -0.23516411553701488 0.33493587248828777 0.9528527693260677
v -0.3514979999177603 0.37379880159120266 0.8688995034955661
v -0.32626538739505273 0.344627797637379 0.5962641736513842
v 0.18453076069360752 0.2512895929286069 0.6853659782483649
v 0.3333084508782225 0.34739843056771014 0.5992523923943683
v 0.35549359719097007 0.37290932214220107 0.8728590997090508
v 0.21505292769403161 0.2745747910324249 0.9805791307552173
v -0.0005754834727276083 -0.3671161098862409 0.9474400072198529
v -0.0064273591579342045 -0.3367155509731696 0.6748100916927848
v -0.10834040995671423 -0.2668309525844865 0.6852174086801687
v -0.09593844199318191 -0.3056112670722196 0.9679280801040774
v 0.7131277163372696 -0.000723134103968802 0.7357792094981395
v 0.5848734248085297 -0.0014610223845586468 0.8753254220334677
v 0.5780230035329681 -0.12550169756322824 0.8650729667328939
v 0.5922206507871897 -0.1345038491951496 0.8483282357170537
v -0.3818326209075906 0.22744705881979652 0.9218255896939
v -0.38639651865370883 0.19907225520261318 0.9328436914711341
v -0.2588895799467805 0.20174143460800312 0.9878778504201746
v -0.3744237339252887 0.2285620983919007 0.9255455153095224
v -0.4115036037973252 -0.1922332306484706 0.9127774943799012
v -0.3836159322347654 -0.1728481294952241 0.9261307790968739
v -0.3958296091296609 -0.0009514687643609224 0.9556171085980231
v -0.5730486980144223 -0.0014291492638406314 0.8803475304708621
v -0.7326099708838019 -0.0009990073200972993 0.7326100306512139
v -0.7224541741061019 -0.0010307675461181573 0.7424206569439094
v -0.7226921158427269 0.0006352554473795378 0.7419653368012177
v -0.7273866371649507 0.030927263668697153 0.727386691730913
v 0.000001480908134549464 0.8396229897113379 -0.15665312029380893
v 0.018562528821173402 0.8477993760351032 -0.15573139541970685
v 0.07859568867246008 0.8494583726782033 -0.39512700877780654
v -4.499594374220093e-9 0.8412634488538744 -0.39885042011161076
v 0.018562528821173402 0.8477993760351032 -0.15573139541970685
v 0.05699621758618462 0.8240492531612137 -0.1375808388487553
v 0.14969922267572822 0.8256232561195505 -0.361405767273591
v 0.07859568867246008 0.8494583726782033 -0.39512700877780654
v 0.05699621758618462 0.8240492531612137 -0.1375808388487553
v 0.09586439812486469 0.8479469623606127 -0.12364004679772182
v 0.22382156050604063 0.8494583824786196 -0.33497248269659985
v 0.14969922267572822 0.8256232561195505 -0.361405767273591
v 0.09586439812486469 0.8479469623606127 -0.12364004679772182
v 0.11030019573196326 0.8384570708317064 -0.1103068888447387
v 0.2814961608909927 0.8397237012192701 -0.28149599967613476
v 0.22382156050604063 0.8494583824786196 -0.33497248269659985
v 0.11030019573196326 0.8384570708317064 -0.1103068888447387
v 0.1334121197444471 0.8483943014498636 -0.08533790927896008
v 0.3349726423254762 0.8494584005874317 -0.22382138597600487
v 0.2814961608909927 0.8397237012192701 -0.28149599967613476
v 0.1334121197444471 0.8483943014498636 -0.08533790927896008
v 0.145680021963715 0.8430543851195366 -0.06034968237496661
v 0.36964910396227735 0.8438228526743048 -0.15311349922718354
v 0.3349726423254762 0.8494584005874317 -0.22382138597600487
v 0.145680021963715 0.8430543851195366 -0.06034968237496661
v 0.1532434339841432 0.8490333901180276 -0.03819124364187501
v 0.395127138604362 0.8494584242477342 -0.07859548434010455
v 0.36964910396227735 0.8438228526743048 -0.15311349922718354
v 0.1532434339841432 0.8490333901180276 -0.03819124364187501
v 0.15330582514466728 0.8337588123881691 -3.0575914842968365e-7
v 0.39524551342624004 0.8339102081825951 1.8830985832173979e-7
v 0.395127138604362 0.8494584242477342 -0.07859548434010455
v 0.15330582514466728 0.8337588123881691 -3.0575914842968365e-7
v 0.15325377538978058 0.8496325471927305 0.03054657824023119
v 0.39512710880204027 0.8494584498574552 0.07859586320249182
v 0.39524551342624004 0.8339102081825951 1.8830985832173979e-7
v 0.15325377538978058 0.8496325471927305 0.03054657824023119
v 0.1416349379352866 0.8343938498174688 0.05866662843853371
v 0.3651575960556208 0.833906596941623 0.15125341200332842
v 0.39512710880204027 0.8494584498574552 0.07859586320249182
v 0.1416349379352866 0.8343938498174688 0.05866662843853371
v 0.13466205891977112 0.8503377370523916 0.07549535616719377
v 0.33497258272083275 0.8494584139130997 0.2238216754314367
v 0.3651575960556208 0.833906596941623 0.15125341200332842
v 0.13466205891977112 0.8503377370523916 0.07549535616719377
v 0.10212240884924506 0.8191741688330193 0.10219020978119896
v 0.2740062413959299 0.8181180025436137 0.27400637632848857
v 0.33497258272083275 0.8494584139130997 0.2238216754314367
v 0.10212240884924506 0.8191741688330193 0.10219020978119896
v 0.07890558066430131 0.8507527135410474 0.13049761209808763
v 0.22382150090139719 0.8494584320218973 0.3349726827450665
v 0.2740062413959299 0.8181180025436137 0.27400637632848857
v 0.07890558066430131 0.8507527135410474 0.13049761209808763
v 0.057279399247182894 0.8284008543130142 0.1383077015769854
v 0.14994692467271697 0.8269437360395062 0.36200395845874533
v 0.22382150090139719 0.8494584320218973 0.3349726827450665
v 0.057279399247182894 0.8284008543130142 0.1383077015769854
v 0.03426740614472165 0.8510971718046818 0.1490905653083294
v 0.07859568122187965 0.8494584418223038 0.3951271492216297
v 0.14994692467271697 0.8269437360395062 0.36200395845874533
v 0.03426740614472165 0.8510971718046818 0.1490905653083294
v -0.000004061222080228075 0.8226400668218119 0.14627216437937215
v 4.0153650173291563e-8 0.8209966275196285 0.3889146214772145
v 0.07859568122187965 0.8494584418223038 0.3951271492216297
v -0.000004061222080228075 0.8226400668218119 0.14627216437937215
v -0.032208777244192854 0.8511549286781895 0.14893104837190496
v -0.07859559926549492 0.8494583822176507 0.395127089616996
v 4.0153650173291563e-8 0.8209966275196285 0.3889146214772145
v -0.032208777244192854 0.8511549286781895 0.14893104837190496
v -0.056715598924854393 0.8258929887184321 0.13694683856879686
v -0.14945433699814215 0.8243186877439064 0.3608149058543731
v -0.07859559926549492 0.8494583822176507 0.395127089616996
v -0.056715598924854393 0.8258929887184321 0.13694683856879686
v -0.09966835156824394 0.850977898514972 0.12209472824271908
v -0.22382136679094944 0.8494583724172344 0.3349725635357893
v -0.14945433699814215 0.8243186877439064 0.3608149058543731
v -0.09966835156824394 0.850977898514972 0.12209472824271908
v -0.11160436023165965 0.8454713218203537 0.11159805340630298
v -0.28304868303875574 0.8442027841268328 0.28304884352388593
v -0.22382136679094944 0.8494583724172344 0.3349725635357893
v -0.11160436023165965 0.8454713218203537 0.11159805340630298
v -0.1184115532395641 0.8504063466190154 0.1038651175253244
v -0.3349723741045807 0.8494583543084296 0.22382151151867694
v -0.28304868303875574 0.8442027841268328 0.28304884352388593
v -0.1184115532395641 0.8504063466190154 0.1038651175253244
v -0.132982176550131 0.818110993143735 0.05514775175639607
v -0.3576540270972095 0.8173405586738106 0.14814528586645437
v -0.3349723741045807 0.8494583543084296 0.22382151151867694
v -0.132982176550131 0.818110993143735 0.05514775175639607
v -0.15675274677382223 0.8500644988790025 0.011121417421162856
v -0.39512678097650134 0.8494583306481501 0.07859575144380479
v -0.3576540270972095 0.8173405586738106 0.14814528586645437
v -0.15675274677382223 0.8500644988790025 0.011121417421162856
v -0.15740334635816478 0.8432798197120069 -0.00000762760392937822
v -0.39976435006191524 0.8431281258957113 1.4968607714819249e-7
v -0.39512678097650134 0.8494583306481501 0.07859575144380479
v -0.15740334635816478 0.8432798197120069 -0.00000762760392937822
v -0.15571412096066495 0.8492698432929667 -0.028650402910261597
v -0.39512678097650134 0.8494583050384533 -0.07859544708718297
v -0.39976435006191524 0.8431281258957113 1.4968607714819249e-7
v -0.15571412096066495 0.8492698432929667 -0.028650402910261597
v -0.1442872551615404 0.8396821929059475 -0.05977364019959112
v -0.36799418103707904 0.8401698033986396 -0.15242803033126948
v -0.39512678097650134 0.8494583050384533 -0.07859544708718297
v -0.1442872551615404 0.8396821929059475 -0.05977364019959112
v -0.140322339378543 0.8485268053474251 -0.06830393038460232
v -0.33497228469761553 0.8494583409828222 -0.22382117735974313
v -0.36799418103707904 0.8401698033986396 -0.15242803033126948
v -0.140322339378543 0.8485268053474251 -0.06830393038460232
v -0.09980101660338747 0.812045182167546 -0.09969393504994788
v -0.2722685276209891 0.813106116704881 -0.2722684216742195
v -0.33497228469761553 0.8494583409828222 -0.22382117735974313
v -0.09980101660338747 0.812045182167546 -0.09969393504994788
v -0.06669989079162719 0.8482527907186798 -0.1424678573102355
v -0.2238212624828234 0.8494583228740392 -0.33497209526640775
v -0.2722685276209891 0.813106116704881 -0.2722684216742195
v -0.06669989079162719 0.8482527907186798 -0.1424678573102355
v -0.06031641229279905 0.8421901635010215 -0.14562574013444657
v -0.15308084741799122 0.8436489506641707 -0.3695698182227541
v -0.2238212624828234 0.8494583228740392 -0.33497209526640775
v -0.06031641229279905 0.8421901635010215 -0.14562574013444657
v -0.032723359032198196 0.8478610669488109 -0.15507006700959527
v -0.07859551730911019 0.8494583130736376 -0.3951265319406493
v -0.15308084741799122 0.8436489506641707 -0.3695698182227541
v -0.032723359032198196 0.8478610669488109 -0.15507006700959527
v 0.000001480908134549464 0.8396229897113379 -0.15665312029380893
v -4.499594374220093e-9 0.8412634488538744 -0.39885042011161076
v -0.07859551730911019 0.8494583130736376 -0.3951265319406493
v -0.006485582650030044 -0.16343486173083166 0.7176247941026944
v 0.17655375205232748 -0.09425411743003084 0.7418141352802435
v 0.18904570812629806 -0.12401548286532828 1.0189374659584205
v -8.769329954916377e-8 -0.19081187069033456 0.9909101814011076
v -0.0005515071556566544 -0.19102576195703974 0.9908874124621597
v -0.24090095816028945 -0.2928803423496232 0.9601445460612827
v -0.23185020166970327 -0.27630143626865455 0.738651661767711
v -0.3953919918375015 -0.3213847628024282 0.6566418786178969
v -0.42777689335248836 -0.3313298527447709 0.866701816357927
v -0.3700279212736801 -0.31621551153896643 0.8933267312843841
v 0.8244954759367817 0.20597570127601927 0.6066902404717491
v 0.7425872517543897 0.20398998875633834 0.34013097374879137
v 0.7904563965546396 -0.002298474734583314 0.3486494645797654
v 0.8637348220407626 -0.001548607985493004 0.5955067742418041
v 0.8637153909270001 -0.001399676697366774 0.595544146328979
v 0.8270519786987007 0.194414516514306 0.6073126936467818
v -0.2640587330447419 -0.1023469723628332 0.7588996884324215
v -0.2767040369651308 -0.11650912563421016 0.9839820831696859
v -0.3836159322347654 -0.1728481294952241 0.9261307790968739
v -0.4115036037973252 -0.1922332306484706 0.9127774943799012
v -0.3771311556444057 -0.18175384669617428 0.6903565071770149
v 0.3571322182461867 -0.15924177092999303 0.6779832947862612
v 0.4527828592185035 -0.06610330044881997 0.6860682918672774
v 0.4799851369861108 -0.08983609671177102 0.9117662253166346
v 0.39007889352562497 -0.18919556468470033 0.9417342641346804
v 0.3841301116914275 -0.19564073362411238 0.9439769494989227
v -0.5726142993730088 -0.21527471147580032 0.8544460694792997
v -0.5177406552938968 -0.20404039440883903 0.6050301987426718
v -0.6063430173767426 -0.14105070701357378 0.46411327788229845
v -0.6837060894733793 -0.15822885615263102 0.7293447946901064
v -0.5967197880882069 -0.2032570484538753 0.8298757817966059
v -0.13873271334023662 0.1707556370932975 1.013686368056057
v -0.10648992419637904 0.14468501435770745 0.7471034124112608
v -0.3490458052818668 0.20113615652135286 0.6654072523531798
v -0.3744237339252887 0.2285620983919007 0.9255455153095224
v -0.2588895799467805 0.20174143460800312 0.9878778504201746
v -0.20172428633888906 0.18790732035215965 1.014136141901115
v 0.20298839651819167 0.12242229243873444 1.020492272537468
v 0.3757573878223286 0.19161982543286465 0.9230511266047313
v 0.3517698864988261 0.16735094572894021 0.6501369058352217
v 0.11684822029959657 0.07622177930870472 0.7441218800910255
v 0.14548740955842854 0.0980704652854878 1.0211227744232259
v 0.6792548147010469 -0.2265774817455473 0.48038112754666695
v 0.5437447903213322 -0.21858221482994136 0.5985578520896332
v 0.5839043129107879 -0.23976159911536896 0.8316611256290041
v 0.7178599077941494 -0.22491943558978242 0.7178603020660468
v 0.7379085852673217 -0.22618281936402046 0.6948318098590535
v -0.7183967072129982 0.25679362712210485 0.45583114785880735
v -0.5882795321580869 0.19408181718460574 0.6004924323750059
v -0.626223848173979 0.197622692324749 0.7938017345757157
v -0.6326590038986724 0.19962634566713358 0.7848990058906837
v -0.6958880865002848 0.21936510919618837 0.6958882295751118
v -0.7645826764870578 0.24841363001864014 0.6297467997576193
v 0.5467312809810498 -0.12299253117416442 0.6190128388436215
v 0.6415551757464888 -0.0009255995315042696 0.48474379305548515
v 0.7136542041528027 -0.00006618527109237109 0.7351134851284926
v 0.7131277163372696 -0.000723134103968802 0.7357792094981395
v 0.5922206507871897 -0.1345038491951496 0.8483282357170537
v -0.6837060894733793 -0.15822885615263102 0.7293447946901064
v -0.6063430173767426 -0.14105070701357378 0.46411327788229845
v -0.6532419773956688 0.014552909551619654 0.49158747648456846
v -0.7226921158427269 0.0006352554473795378 0.7419653368012177
v -0.7224541741061019 -0.0010307675461181573 0.7424206569439094
v 0.32842742662666513 -0.3219505381804341 0.6069094331511474
v 0.1716568282621317 -0.2792779819728789 0.6832875315626458
v 0.1851323354587181 -0.31086320962859465 0.9764679958536845
v 0.19424806101065728 -0.3142140932624261 0.9765513236911462
v 0.3542593042345499 -0.3628410980672559 0.8736452856157367
v 0.5437447903213322 -0.21858221482994136 0.5985578520896332
v 0.4569603102588582 -0.2992504167569383 0.5516150361956506
v 0.48683874711009656 -0.35033038757528856 0.8359365847171214
v 0.5619866722378131 -0.26714793448856894 0.8410728224997606
v 0.5839043129107879 -0.23976159911536896 0.8316611256290041
v -0.7226921158427269 0.0006352554473795378 0.7419653368012177
v -0.6532419773956688 0.014552909551619654 0.49158747648456846
v -0.7183967072129982 0.25679362712210485 0.45583114785880735
v -0.7645826764870578 0.24841363001864014 0.6297467997576193
v -0.75629202821198 0.1983368675474375 0.6555982358470939
v -0.7273866371649507 0.030927263668697153 0.727386691730913
v 0.17655375205232748 -0.09425411743003084 0.7418141352802435
v 0.3571322182461867 -0.15924177092999303 0.6779832947862612
v 0.3841301116914275 -0.19564073362411238 0.9439769494989227
v 0.2028934761235085 -0.12968456228399716 1.0200152380447693
v 0.18904570812629806 -0.12401548286532828 1.0189374659584205
v -0.20269792818953247 -0.13977771474178347 1.0190310478166198
v -0.2767040369651308 -0.11650912563421016 0.9839820831696859
v -0.2640587330447419 -0.1023469723628332 0.7588996884324215
v -0.1337021708406022 -0.14542768250211843 0.751364834054941
v -0.12516243476057565 -0.16161049511794948 1.0078949966298656
v -0.5096577292012183 0.013166107099336497 0.6297651367098425
v -0.3771311556444057 -0.18175384669617428 0.6903565071770149
v -0.4115036037973252 -0.1922332306484706 0.9127774943799012
v -0.5730486980144223 -0.0014291492638406314 0.8803475304708621
v -0.5741000643201155 0.00016926390617475284 0.8797318142436801
v 0.5453129288856773 0.3897102503982212 0.8028543373175351
v 0.5322207093487519 0.4145405603487871 0.7965247373710084
v 0.5298834920700601 0.4187929341229039 0.7946646545702792
v 0.5117962245986707 0.39208849228088966 0.5389507249698855
v 0.6213956336365123 0.18344117942479046 0.5887616442325446
v 0.6362013674631406 0.2053007098707114 0.7980820619797454
v -0.5736673346087184 0.2023599309234656 0.8585538938594369
v -0.5699484220903717 0.2028679266290124 0.8599695636630915
v -0.3818326209075906 0.22744705881979652 0.9218255896939
v -0.3744237339252887 0.2285620983919007 0.9255455153095224
v -0.3490458052818668 0.20113615652135286 0.6654072523531798
v -0.5882795321580869 0.19408181718460574 0.6004924323750059
v -0.626223848173979 0.197622692324749 0.7938017345757157
v 0.14548740955842854 0.0980704652854878 1.0211227744232259
v 0.11684822029959657 0.07622177930870472 0.7441218800910255
v 0.18453076069360752 0.2512895929286069 0.6853659782483649
v 0.21505292769403161 0.2745747910324249 0.9805791307552173
v 0.19956376702568446 0.23291001647515622 1.003275453278187
v 0.1877717035761839 0.2026352996063581 1.012202326449754
v 0.7666263408967922 -0.15424762827965688 0.3347613093899596
v 0.6792548147010469 -0.2265774817455473 0.48038112754666695
v 0.7379085852673217 -0.22618281936402046 0.6948318098590535
v 0.7721893614786257 -0.20372252712063732 0.6702513876856542
v 0.8415083101054655 -0.15453637023922634 0.5958571552608328
v -0.32626538739505273 0.344627797637379 0.5962641736513842
v -0.3514979999177603 0.37379880159120266 0.8688995034955661
v -0.3580410400470857 0.37536518108354383 0.864387968173517
v -0.36301853441405574 0.3766779730438358 0.8624757317886939
v -0.5302557826730059 0.42041599819013425 0.7935840817248682
v -0.5787601341584292 0.42806421673711065 0.726796541059004
v -0.5650769345817652 0.4069520129375576 0.5397377422603337
v 0.48683874711009656 -0.35033038757528856 0.8359365847171214
v 0.4569603102588582 -0.2992504167569383 0.5516150361956506
v 0.32842742662666513 -0.3219505381804341 0.6069094331511474
v 0.3542593042345499 -0.3628410980672559 0.8736452856157367
v 0.3609436967758006 -0.3621607710335604 0.8713953294242064
v -0.09593844199318191 -0.3056112670722196 0.9679280801040774
v -0.10834040995671423 -0.2668309525844865 0.6852174086801687
v -0.23185020166970327 -0.27630143626865455 0.738651661767711
v -0.24090095816028945 -0.2928803423496232 0.9601445460612827
v -0.1952710555060716 -0.2986592772414471 0.981694188607148
v -0.42777689335248836 -0.3313298527447709 0.866701816357927
v -0.3953919918375015 -0.3213847628024282 0.6566418786178969
v -0.5177406552938968 -0.20404039440883903 0.6050301987426718
v -0.5726142993730088 -0.21527471147580032 0.8544460694792997
v -0.571482824426528 -0.21644455677488567 0.8552845877938495
v 0.6822182383637521 0.27337439227415716 0.486789081706095
v 0.7425872517543897 0.20398998875633834 0.34013097374879137
v 0.8244954759367817 0.20597570127601927 0.6066902404717491
v 0.8237697297982183 0.2068098238447695 0.6084533456889009
v 0.7367910578074066 0.2746974058747029 0.6643888950353053
v 0.4527828592185035 -0.06610330044881997 0.6860682918672774
v 0.5467312809810498 -0.12299253117416442 0.6190128388436215
v 0.5922206507871897 -0.1345038491951496 0.8483282357170537
v 0.5780230035329681 -0.12550169756322824 0.8650729667328939
v 0.4799851369861108 -0.08983609671177102 0.9117662253166346
v -0.23516411553701488 0.33493587248828777 0.9528527693260677
v -0.20317263447107436 0.30906845722187565 0.6883476315185918
v -0.10648992419637904 0.14468501435770745 0.7471034124112608
v -0.13873271334023662 0.1707556370932975 1.013686368056057
v -0.15760999565698208 0.20195330310538492 1.011154596138422
v -0.19731393015428034 0.2689632839280061 0.9919641550088756
v -0.626223848173979 0.197622692324749 0.7938017345757157
v -0.5882795321580869 0.19408181718460574 0.6004924323750059
v -0.5096577292012183 0.013166107099336497 0.6297651367098425
v -0.5741000643201155 0.00016926390617475284 0.8797318142436801
v -0.5830300916054076 0.03206866595195886 0.8725661984165191
v 0.6362013674631406 0.2053007098707114 0.7980820619797454
v 0.6213956336365123 0.18344117942479046 0.5887616442325446
v 0.3517698864988261 0.16735094572894021 0.6501369058352217
v 0.3757573878223286 0.19161982543286465 0.9230511266047313
v 0.3811424885434844 0.19191045720325015 0.9201598841178859
v 0.5039865857961789 0.20065472015779276 0.880512006363124
v 0.5731720796263495 0.20554977760474472 0.8578130076217468
v 0.1851323354587181 -0.31086320962859465 0.9764679958536845
v 0.1716568282621317 -0.2792779819728789 0.6832875315626458
v -0.0064273591579342045 -0.3367155509731696 0.6748100916927848
v -0.0005754834727276083 -0.3671161098862409 0.9474400072198529
v 5.858794207610363e-8 -0.3669290109080258 0.9474550275595183
v 0.7136542041528027 -0.00006618527109237109 0.7351134851284926
v 0.6415551757464888 -0.0009255995315042696 0.48474379305548515
v 0.6822182383637521 0.27337439227415716 0.486789081706095
v 0.7367910578074066 0.2746974058747029 0.6643888950353053
v 0.7364992930777525 0.2008665261560838 0.7030974142133594
v 0.7225066261923319 0.07962787568617563 0.7225070304518179
v -0.5849004257120094 0.3860163048537053 0.7576067245470199
v -0.6257023075438517 0.20001738334386304 0.7935745212847658
v -0.626223848173979 0.197622692324749 0.7938017345757157
v -0.5882795321580869 0.19408181718460574 0.6004924323750059
v -0.5650769345817652 0.4069520129375576 0.5397377422603337
v -0.5787601341584292 0.42806421673711065 0.726796541059004
v 0.3333084508782225 0.34739843056771014 0.5992523923943683
v 0.5117962245986707 0.39208849228088966 0.5389507249698855
v 0.5298834920700601 0.4187929341229039 0.7946646545702792
v 0.3803875957342773 0.3795676358730283 0.8619401835965715
v 0.3603263714836602 0.37414427026839153 0.8699048549602374
v 0.35549359719097007 0.37290932214220107 0.8728590997090508
v 0.8237697297982183 0.2068098238447695 0.6084533456889009
v 0.8202674205541438 0.20229298490259925 0.6142104397256718
v 0.8585057066714974 0.20294412921940222 0.5736355322699755
v 0.8086949406110877 0.3902226585533054 0.5403528649062245
v 0.663585051963067 0.3774909777793362 0.6635851692759197
v 0.7202933269673584 0.20059055945857457 0.7202937115195219
v 0.7364992930777525 0.2008665261560838 0.7030974142133594
v 0.7367910578074066 0.2746974058747029 0.6643888950353053
v 0.8202674205541438 0.20229298490259925 0.6142104397256718
v 0.8270519786987007 0.194414516514306 0.6073126936467818
v 0.8637153909270001 -0.001399676697366774 0.595544146328979
v 0.8753250641675647 -0.001461069705117511 0.5848739018837235
v 0.8585057066714974 0.20294412921940222 0.5736355322699755
v 0.7721893614786257 -0.20372252712063732 0.6702513876856542
v 0.8585057066714974 -0.2049522313590615 0.5736355987247275
v 0.8753250641675647 -0.001461069705117511 0.5848739018837235
v 0.8637153909270001 -0.001399676697366774 0.595544146328979
v 0.8637348220407626 -0.001548607985493004 0.5955067742418041
v 0.8415083101054655 -0.15453637023922634 0.5958571552608328
v 0.7379085852673217 -0.22618281936402046 0.6948318098590535
v 0.7178599077941494 -0.22491943558978242 0.7178603020660468
v 0.6750980464719669 -0.37511736238285703 0.6750982864002816
v 0.8086949406110877 -0.38265981552158834 0.5403529908247618
v 0.8585057066714974 -0.2049522313590615 0.5736355987247275
v 0.7721893614786257 -0.20372252712063732 0.6702513876856542
v 0.7136542041528027 -0.00006618527109237109 0.7351134851284926
v 0.7225066261923319 0.07962787568617563 0.7225070304518179
v 0.7202933269673584 0.20059055945857457 0.7202937115195219
v 0.5736351481012592 0.2029441756306973 0.8585060312355666
v 0.5848734248085297 -0.0014610223845586468 0.8753254220334677
v 0.7131277163372696 -0.000723134103968802 0.7357792094981395
v 0.5403527496676275 -0.3826597718030867 0.808695241372862
v 0.6750980464719669 -0.37511736238285703 0.6750982864002816
v 0.7178599077941494 -0.22491943558978242 0.7178603020660468
v 0.5839043129107879 -0.23976159911536896 0.8316611256290041
v 0.5619866722378131 -0.26714793448856894 0.8410728224997606
v 0.663585051963067 0.3774909777793362 0.6635851692759197
v 0.5940160618569834 0.5307345047374151 0.5940163926218696
v 0.4863044212839507 0.5518477429396315 0.7278063427613213
v 0.5322207093487519 0.4145405603487871 0.7965247373710084
v 0.5453129288856773 0.3897102503982212 0.8028543373175351
v 0.5736351481012592 0.2029441756306973 0.8585060312355666
v 0.7202933269673584 0.20059055945857457 0.7202937115195219
v 0.663585051963067 0.3774909777793362 0.6635851692759197
v 0.5453129288856773 0.3897102503982212 0.8028543373175351
v 0.6362013674631406 0.2053007098707114 0.7980820619797454
v 0.5731720796263495 0.20554977760474472 0.8578130076217468
v 0.5298834920700601 0.4187929341229039 0.7946646545702792
v 0.5322207093487519 0.4145405603487871 0.7965247373710084
v 0.4863044212839507 0.5518477429396315 0.7278063427613213
v 0.3299172744918477 0.5439380391309852 0.7964912184798683
v 0.3598577895792321 0.37820018725646387 0.8687736177715375
v 0.3803875957342773 0.3795676358730283 0.8619401835965715
v 0.39368294789605685 -0.0007960777419980189 0.9504352596856919
v 0.5848734248085297 -0.0014610223845586468 0.8753254220334677
v 0.5736351481012592 0.2029441756306973 0.8585060312355666
v 0.5039865857961789 0.20065472015779276 0.880512006363124
v 0.3811424885434844 0.19191045720325015 0.9201598841178859
v 0.5780230035329681 -0.12550169756322824 0.8650729667328939
v 0.5848734248085297 -0.0014610223845586468 0.8753254220334677
v 0.39368294789605685 -0.0007960777419980189 0.9504352596856919
v 0.39007889352562497 -0.18919556468470033 0.9417342641346804
v 0.4799851369861108 -0.08983609671177102 0.9117662253166346
v 0.3609436967758006 -0.3621607710335604 0.8713953294242064
v 0.3597278514565261 -0.3689072124868549 0.8684600402523411
v 0.5403527496676275 -0.3826597718030867 0.808695241372862
v 0.5619866722378131 -0.26714793448856894 0.8410728224997606
v 0.48683874711009656 -0.35033038757528856 0.8359365847171214
v 0.3841301116914275 -0.19564073362411238 0.9439769494989227
v 0.39007889352562497 -0.18919556468470033 0.9417342641346804
v 0.39368294789605685 -0.0007960777419980189 0.9504352596856919
v 0.20538015204563387 -0.0014609967748691406 1.032516575860973
v 0.2028934761235085 -0.12968456228399716 1.0200152380447693
v 0.19424806101065728 -0.3142140932624261 0.9765513236911462
v 0.1897466587331892 -0.382659748142817 0.9539209418430907
v 0.3597278514565261 -0.3689072124868549 0.8684600402523411
v 0.3609436967758006 -0.3621607710335604 0.8713953294242064
v 0.3542593042345499 -0.3628410980672559 0.8736452856157367
v 0.3598577895792321 0.37820018725646387 0.8687736177715375
v 0.1897466587331892 0.390222696129755 0.9539208159245582
v 0.19956376702568446 0.23291001647515622 1.003275453278187
v 0.21505292769403161 0.2745747910324249 0.9805791307552173
v 0.35549359719097007 0.37290932214220107 0.8728590997090508
v 0.3603263714836602 0.37414427026839153 0.8699048549602374
v 0.20538015204563387 -0.0014609967748691406 1.032516575860973
v 0.39368294789605685 -0.0007960777419980189 0.9504352596856919
v 0.3811424885434844 0.19191045720325015 0.9201598841178859
v 0.3757573878223286 0.19161982543286465 0.9230511266047313
v 0.20298839651819167 0.12242229243873444 1.020492272537468
v 0.19956376702568446 0.23291001647515622 1.003275453278187
v 0.1897466587331892 0.390222696129755 0.9539208159245582
v 6.228389398239505e-8 0.382361498919261 0.9515182732374043
v -9.03154935080296e-8 0.19838965979142328 1.0056808638930577
v 0.1877717035761839 0.2026352996063581 1.012202326449754
v 0.1877717035761839 0.2026352996063581 1.012202326449754
v -9.03154935080296e-8 0.19838965979142328 1.0056808638930577
v -1.0578561434632564e-7 -0.0007285234830265454 1.0263056526855774
v 0.20538015204563387 -0.0014609967748691406 1.032516575860973
v 0.20298839651819167 0.12242229243873444 1.020492272537468
v 0.14548740955842854 0.0980704652854878 1.0211227744232259
v 0.2028934761235085 -0.12968456228399716 1.0200152380447693
v 0.20538015204563387 -0.0014609967748691406 1.032516575860973
v -1.0578561434632564e-7 -0.0007285234830265454 1.0263056526855774
v -8.769329954916377e-8 -0.19081187069033456 0.9909101814011076
v 0.18904570812629806 -0.12401548286532828 1.0189374659584205
v 5.858794207610363e-8 -0.3669290109080258 0.9474550275595183
v 6.252622457700952e-8 -0.3715612157629585 0.9463045990911044
v 0.1897466587331892 -0.382659748142817 0.9539209418430907
v 0.19424806101065728 -0.3142140932624261 0.9765513236911462
v 0.1851323354587181 -0.31086320962859465 0.9764679958536845
v -0.09593844199318191 -0.3056112670722196 0.9679280801040774
v -0.1952710555060716 -0.2986592772414471 0.981694188607148
v -0.1897465395239023 -0.382659748142817 0.9539209418430907
v 6.252622457700952e-8 -0.3715612157629585 0.9463045990911044
v 5.858794207610363e-8 -0.3669290109080258 0.9474550275595183
v -0.0005754834727276083 -0.3671161098862409 0.9474400072198529
v -0.15760999565698208 0.20195330310538492 1.011154596138422
v -9.03154935080296e-8 0.19838965979142328 1.0056808638930577
v 6.228389398239505e-8 0.382361498919261 0.9515182732374043
v -0.1897465395239023 0.390222696129755 0.9539208159245582
v -0.19731393015428034 0.2689632839280061 0.9919641550088756
v -0.20172428633888906 0.18790732035215965 1.014136141901115
v -0.20538037556304678 -0.0014609967748885624 1.032516456651686
v -1.0578561434632564e-7 -0.0007285234830265454 1.0263056526855774
v -9.03154935080296e-8 0.19838965979142328 1.0056808638930577
v -0.15760999565698208 0.20195330310538492 1.011154596138422
v -0.13873271334023662 0.1707556370932975 1.013686368056057
v -8.769329954916377e-8 -0.19081187069033456 0.9909101814011076
v -1.0578561434632564e-7 -0.0007285234830265454 1.0263056526855774
v -0.20538037556304678 -0.0014609967748885624 1.032516456651686
v -0.20269792818953247 -0.13977771474178347 1.0190310478166198
v -0.12516243476057565 -0.16161049511794948 1.0078949966298656
v -0.0005515071556566544 -0.19102576195703974 0.9908874124621597
v -0.19731393015428034 0.2689632839280061 0.9919641550088756
v -0.1897465395239023 0.390222696129755 0.9539208159245582
v -0.3578928629034861 0.3762864899989598 0.864030220953471
v -0.3580410400470857 0.37536518108354383 0.864387968173517
v -0.3514979999177603 0.37379880159120266 0.8688995034955661
v -0.23516411553701488 0.33493587248828777 0.9528527693260677
v -0.38639651865370883 0.19907225520261318 0.9328436914711341
v -0.3958296091296609 -0.0009514687643609224 0.9556171085980231
v -0.20538037556304678 -0.0014609967748885624 1.032516456651686
v -0.20172428633888906 0.18790732035215965 1.014136141901115
v -0.2588895799467805 0.20174143460800312 0.9878778504201746
v -0.20269792818953247 -0.13977771474178347 1.0190310478166198
v -0.20538037556304678 -0.0014609967748885624 1.032516456651686
v -0.3958296091296609 -0.0009514687643609224 0.9556171085980231
v -0.3836159322347654 -0.1728481294952241 0.9261307790968739
v -0.2767040369651308 -0.11650912563421016 0.9839820831696859
v -0.3642787851926954 -0.3739249381980936 0.8794473226235641
v -0.1897465395239023 -0.382659748142817 0.9539209418430907
v -0.1952710555060716 -0.2986592772414471 0.981694188607148
v -0.24090095816028945 -0.2928803423496232 0.9601445460612827
v -0.3700279212736801 -0.31621551153896643 0.8933267312843841
v -0.571482824426528 -0.21644455677488567 0.8552845877938495
v -0.5403525708536971 -0.3826597718030964 0.8086951817682185
v -0.3642787851926954 -0.3739249381980936 0.8794473226235641
v -0.3700279212736801 -0.31621551153896643 0.8933267312843841
v -0.42777689335248836 -0.3313298527447709 0.866701816357927
v -0.4863044212839507 0.5518476833349297 0.7278059851334704
v -0.5302557826730059 0.42041599819013425 0.7935840817248682
v -0.36301853441405574 0.3766779730438358 0.8624757317886939
v -0.3578928629034861 0.3762864899989598 0.864030220953471
v -0.319048069736777 0.5269303862910499 0.7702500385563577
v -0.5830300916054076 0.03206866595195886 0.8725661984165191
v -0.5741000643201155 0.00016926390617475284 0.8797318142436801
v -0.5730486980144223 -0.0014291492638406314 0.8803475304708621
v -0.3958296091296609 -0.0009514687643609224 0.9556171085980231
v -0.38639651865370883 0.19907225520261318 0.9328436914711341
v -0.5699484220903717 0.2028679266290124 0.8599695636630915
v -0.5736673346087184 0.2023599309234656 0.8585538938594369
v -0.5849004257120094 0.3860163048537053 0.7576067245470199
v -0.665347799688254 0.3784202144578317 0.6653480956636452
v -0.6958880865002848 0.21936510919618837 0.6958882295751118
v -0.6326590038986724 0.19962634566713358 0.7848990058906837
v -0.6257023075438517 0.20001738334386304 0.7935745212847658
v -0.7224541741061019 -0.0010307675461181573 0.7424206569439094
v -0.7326099708838019 -0.0009990073200972993 0.7326100306512139
v -0.7007966480971128 -0.19561457700239432 0.7007967991760687
v -0.5967197880882069 -0.2032570484538753 0.8298757817966059
v -0.6837060894733793 -0.15822885615263102 0.7293447946901064
v -0.5726142993730088 -0.21527471147580032 0.8544460694792997
v -0.5967197880882069 -0.2032570484538753 0.8298757817966059
v -0.7007966480971128 -0.19561457700239432 0.7007967991760687
v -0.6731895057889181 -0.3739786755854312 0.6731899243456474
v -0.5403525708536971 -0.3826597718030964 0.8086951817682185
v -0.571482824426528 -0.21644455677488567 0.8552845877938495
v -0.5302557826730059 0.42041599819013425 0.7935840817248682
v -0.4863044212839507 0.5518476833349297 0.7278059851334704
v -0.6067187054443646 0.5414915356230006 0.6067187364334908
v -0.665347799688254 0.3784202144578317 0.6653480956636452
v -0.5849004257120094 0.3860163048537053 0.7576067245470199
v -0.5787601341584292 0.42806421673711065 0.726796541059004
v -0.6958880865002848 0.21936510919618837 0.6958882295751118
v -0.665347799688254 0.3784202144578317 0.6653480956636452
v -0.8086947617971574 0.39022259894866196 0.5403528649062341
v -0.8585055874622105 0.20294411431818307 0.5736351746421172
v -0.75629202821198 0.1983368675474375 0.6555982358470939
v -0.7645826764870578 0.24841363001864014 0.6297467997576193
v -0.75629202821198 0.1983368675474375 0.6555982358470939
v -0.8585055874622105 0.20294411431818307 0.5736351746421172
v -0.8753250045629213 -0.001461069705175776 0.5848735442558628
v -0.7326099708838019 -0.0009990073200972993 0.7326100306512139
v -0.7273866371649507 0.030927263668697153 0.727386691730913
v 0.14695694714135787 -0.7024545494516659 -0.3547850219546377
v 0.22382147109907546 -0.738297321721102 -0.3349720750067539
v 0.27481823545355555 -0.7112667849332039 -0.27481782155027445
v 0.3349725231161893 -0.738297303612302 -0.22382105279196324
v 0.36782749665169034 -0.7292955006936153 -0.15235873755464857
v 0.3951269895927534 -0.7382972799520091 -0.07859521076070636
v 0.3953907103376675 -0.7240802483838138 4.268004914010129e-7
v 0.39512695979043166 -0.7382971947376555 0.07859606972665642
v 0.364884427974721 -0.723238546589909 0.15114050627889566
v 0.3349724039069024 -0.7382971710773688 0.22382187450501118
v 0.2773008880622485 -0.7179426534657751 0.27730136265781735
v 0.22382139659327116 -0.738297152968581 0.3349728222139975
v 0.15144657750174595 -0.7247615890998786 0.36562483572493953
v 0.07859561416665578 -0.7382971431681744 0.39512728869056074
v 2.6333943325771083e-9 -0.7093595072274265 0.3876488979794648
v -0.07859560671607535 -0.7382971431681842 0.3951272290859173
v -0.14900824094545295 -0.7126467674651994 0.3597381301531331
v -0.22382132208746686 -0.738297093363957 0.3349727030047009
v -0.2823143836338582 -0.7314237924843792 0.2823147710188183
v -0.33497228469761553 -0.738297111472757 0.22382168078991027
v -0.3590871909464777 -0.7113080815495636 0.14873915246013966
v -0.39512666176721445 -0.7382971351330291 0.0785959654185207
v -0.3988447100182313 -0.7306480244401766 3.7475034419719496e-7
v -0.3951266319648927 -0.7382971607427198 -0.07859519585956491
v -0.3591093042691951 -0.7113537275685378 -0.1487475782535719
v -0.3349721356860069 -0.7382971844029859 -0.22382087397805234
v -0.27166127551359054 -0.702778546750788 -0.2716609225978624
v -0.22382121777934083 -0.7382972025117664 -0.3349717769835561
v -0.14694593518348176 -0.7024007264543348 -0.35475861710636125
v -0.07859550240794932 -0.7382972123121682 -0.39512621365779765
v 7.78496751870683e-8 -0.7160075784107235 -0.3911442694793786
v 0.07859565141955793 -0.7382973315215133 -0.3951265712856389
vt 0.3786640763282776 0.4375
vt 0.37499991059303284 0.4375
vt 0.37499991059303284 0.47506582736968994
vt 0.3437499403953552 0.4375
vt 0.3437499403953552 0.4366304278373718
vt 0.33246085047721863 0.4375
vt 0.3124999701976776 0.375
vt 0.3124999701976776 0.37639594078063965
vt 0.31605440378189087 0.375
vt 0.1874999701976776 0.4375
vt 0.1874999701976776 0.42749279737472534
vt 0.15686531364917755 0.4375
vt 0.1875 0.37532490491867065
vt 0.1875 0.375
vt 0.18662211298942566 0.3750000596046448
vt 0.15625 0.4897477626800537
vt 0.15625 0.43767857551574707
vt 0.14338043332099915 0.43825119733810425
vt 0.14170055091381073 0.4375
vt 0.14338043332099915 0.43825119733810425
vt 0.1434153914451599 0.4375
vt 0.75 0.625
vt 0.75 0.5624999403953552
vt 0.71875 0.5624999403953552
vt 0.71875 0.6249999403953552
vt 0.75 0.1875
vt 0.75 0.125
vt 0.71875 0.125
vt 0.71875 0.1875
vt 0.7499998807907104 0.6875001192092896
vt 0.75 0.625
vt 0.71875 0.6249999403953552
vt 0.71875 0.6874999403953552
vt 0.75 0.24999994039535522
vt 0.75 0.1875
vt 0.71875 0.1875
vt 0.71875 0.24999994039535522
vt 0.7499998807907104 0.7500000596046448
vt 0.7499998807907104 0.6875001192092896
vt 0.71875 0.6874999403953552
vt 0.71875 0.75
vt 0.75 0.3125
vt 0.75 0.24999994039535522
vt 0.71875 0.24999994039535522
vt 0.71875 0.3125
vt 0.75 0.8125
vt 0.7499998807907104 0.7500000596046448
vt 0.71875 0.75
vt 0.71875 0.8125
vt 0.75 0.375
vt 0.75 0.3125
vt 0.71875 0.3125
vt 0.71875 0.375
vt 0.7499998807907104 0.8750001788139343
vt 0.75 0.8125
vt 0.71875 0.8125
vt 0.71875 0.875
vt 0.75 0.4375
vt 0.75 0.375
vt 0.71875 0.375
vt 0.71875 0.4375
vt 0.75 0.5
vt 0.75 0.4375
vt 0.71875 0.4375
vt 0.71875 0.5
vt 0.75 0.5624999403953552
vt 0.75 0.5
vt 0.71875 0.5
vt 0.71875 0.5624999403953552
vt 0.71875 0.5624999403953552
vt 0.71875 0.5
vt 0.6875 0.5
vt 0.6875 0.5624999403953552
vt 0.71875 0.6249999403953552
vt 0.71875 0.5624999403953552
vt 0.6875 0.5624999403953552
vt 0.6875 0.6249999403953552
vt 0.71875 0.1875
vt 0.71875 0.125
vt 0.6874998807907104 0.125
vt 0.6874998807907104 0.1875
vt 0.71875 0.6874999403953552
vt 0.71875 0.6249999403953552
vt 0.6875 0.6249999403953552
vt 0.6875 0.6874999403953552
vt 0.71875 0.24999994039535522
vt 0.71875 0.1875
vt 0.6874998807907104 0.1875
vt 0.6874998807907104 0.24999994039535522
vt 0.71875 0.75
vt 0.71875 0.6874999403953552
vt 0.6875 0.6874999403953552
vt 0.6874998807907104 0.75
vt 0.71875 0.3125
vt 0.71875 0.24999994039535522
vt 0.6874998807907104 0.24999994039535522
vt 0.6875 0.3125
vt 0.71875 0.8125
vt 0.71875 0.75
vt 0.6874998807907104 0.75
vt 0.6874998807907104 0.8125
vt 0.71875 0.375
vt 0.71875 0.3125
vt 0.6875 0.3125
vt 0.6875 0.375
vt 0.71875 0.875
vt 0.71875 0.8125
vt 0.6874998807907104 0.8125
vt 0.6874998807907104 0.875
vt 0.71875 0.4375
vt 0.71875 0.375
vt 0.6875 0.375
vt 0.6875 0.4375
vt 0.71875 0.5
vt 0.71875 0.4375
vt 0.6875 0.4375
vt 0.6875 0.5
vt 0.6875 0.3125
vt 0.6874998807907104 0.24999994039535522
vt 0.6562498807907104 0.25
vt 0.65625 0.3125
vt 0.6874998807907104 0.8125
vt 0.6874998807907104 0.75
vt 0.6562498807907104 0.75
vt 0.6562498807907104 0.8125
vt 0.6875 0.375
vt 0.6875 0.3125
vt 0.65625 0.3125
vt 0.65625 0.375
vt 0.6874998807907104 0.875
vt 0.6874998807907104 0.8125
vt 0.6562498807907104 0.8125
vt 0.6562498807907104 0.875
vt 0.6875 0.4375
vt 0.6875 0.375
vt 0.65625 0.375
vt 0.65625 0.4375
vt 0.6875 0.5
vt 0.6875 0.4375
vt 0.65625 0.4375
vt 0.6562498807907104 0.5
vt 0.6875 0.5624999403953552
vt 0.6875 0.5
vt 0.6562498807907104 0.5
vt 0.65625 0.5624999403953552
vt 0.6875 0.6249999403953552
vt 0.6875 0.5624999403953552
vt 0.65625 0.5624999403953552
vt 0.65625 0.6249999403953552
vt 0.6874998807907104 0.1875
vt 0.6874998807907104 0.125
vt 0.6562498807907104 0.125
vt 0.6562498807907104 0.1875
vt 0.6875 0.6874999403953552
vt 0.6875 0.6249999403953552
vt 0.65625 0.6249999403953552
vt 0.65625 0.6874999403953552
vt 0.6874998807907104 0.24999994039535522
vt 0.6874998807907104 0.1875
vt 0.6562498807907104 0.1875
vt 0.6562498807907104 0.25
vt 0.6874998807907104 0.75
vt 0.6875 0.6874999403953552
vt 0.65625 0.6874999403953552
vt 0.6562498807907104 0.75
vt 0.65625 0.5624999403953552
vt 0.6562498807907104 0.5
vt 0.6249998807907104 0.5
vt 0.6249998807907104 0.5624999403953552
vt 0.65625 0.6249999403953552
vt 0.65625 0.5624999403953552
vt 0.6249998807907104 0.5624999403953552
vt 0.625 0.6249999403953552
vt 0.6562498807907104 0.1875
vt 0.6562498807907104 0.125
vt 0.6249998807907104 0.125
vt 0.6249998807907104 0.1875
vt 0.65625 0.6874999403953552
vt 0.65625 0.6249999403953552
vt 0.625 0.6249999403953552
vt 0.6249998807907104 0.6874999403953552
vt 0.6562498807907104 0.25
vt 0.6562498807907104 0.1875
vt 0.6249998807907104 0.1875
vt 0.6249998807907104 0.25
vt 0.6562498807907104 0.75
vt 0.65625 0.6874999403953552
vt 0.6249998807907104 0.6874999403953552
vt 0.6249998807907104 0.75
vt 0.65625 0.3125
vt 0.6562498807907104 0.25
vt 0.6249998807907104 0.25
vt 0.6249998807907104 0.3125
vt 0.6562498807907104 0.8125
vt 0.6562498807907104 0.75
vt 0.6249998807907104 0.75
vt 0.6249998807907104 0.8125
vt 0.65625 0.375
vt 0.65625 0.3125
vt 0.6249998807907104 0.3125
vt 0.6249998807907104 0.375
vt 0.6562498807907104 0.875
vt 0.6562498807907104 0.8125
vt 0.6249998807907104 0.8125
vt 0.6249998807907104 0.875
vt 0.65625 0.4375
vt 0.65625 0.375
vt 0.6249998807907104 0.375
vt 0.6249998807907104 0.4375
vt 0.6562498807907104 0.5
vt 0.65625 0.4375
vt 0.6249998807907104 0.4375
vt 0.6249998807907104 0.5
vt 0.6249998807907104 0.8125
vt 0.6249998807907104 0.75
vt 0.5937498807907104 0.75
vt 0.5937498807907104 0.8125
vt 0.6249998807907104 0.375
vt 0.6249998807907104 0.3125
vt 0.5937498807907104 0.3125
vt 0.5937498807907104 0.375
vt 0.6249998807907104 0.875
vt 0.6249998807907104 0.8125
vt 0.5937498807907104 0.8125
vt 0.5937498807907104 0.875
vt 0.6249998807907104 0.4375
vt 0.6249998807907104 0.375
vt 0.5937498807907104 0.375
vt 0.5937498807907104 0.4375
vt 0.6249998807907104 0.5
vt 0.6249998807907104 0.4375
vt 0.5937498807907104 0.4375
vt 0.5937498807907104 0.5
vt 0.6249998807907104 0.5624999403953552
vt 0.6249998807907104 0.5
vt 0.5937498807907104 0.5
vt 0.5937498807907104 0.5624999403953552
vt 0.625 0.6249999403953552
vt 0.6249998807907104 0.5624999403953552
vt 0.5937498807907104 0.5624999403953552
vt 0.59375 0.6249999403953552
vt 0.6249998807907104 0.1875
vt 0.6249998807907104 0.125
vt 0.5937498807907104 0.125
vt 0.5937498807907104 0.1875
vt 0.6249998807907104 0.6874999403953552
vt 0.625 0.6249999403953552
vt 0.59375 0.6249999403953552
vt 0.5937498807907104 0.6874999403953552
vt 0.6249998807907104 0.25
vt 0.6249998807907104 0.1875
vt 0.5937498807907104 0.1875
vt 0.5937498807907104 0.25
vt 0.6249998807907104 0.75
vt 0.6249998807907104 0.6874999403953552
vt 0.5937498807907104 0.6874999403953552
vt 0.5937498807907104 0.75
vt 0.6249998807907104 0.3125
vt 0.6249998807907104 0.25
vt 0.5937498807907104 0.25
vt 0.5937498807907104 0.3125
vt 0.59375 0.6249999403953552
vt 0.5937498807907104 0.5624999403953552
vt 0.5624998807907104 0.5624999403953552
vt 0.5624998807907104 0.6249999403953552
vt 0.5937498807907104 0.1875
vt 0.5937498807907104 0.125
vt 0.5624998807907104 0.125
vt 0.5624998807907104 0.1875
vt 0.5937498807907104 0.6874999403953552
vt 0.59375 0.6249999403953552
vt 0.5624998807907104 0.6249999403953552
vt 0.5624998807907104 0.6874999403953552
vt 0.5937498807907104 0.25
vt 0.5937498807907104 0.1875
vt 0.5624998807907104 0.1875
vt 0.5624998807907104 0.25
vt 0.5937498807907104 0.75
vt 0.5937498807907104 0.6874999403953552
vt 0.5624998807907104 0.6874999403953552
vt 0.5624998807907104 0.75
vt 0.5937498807907104 0.3125
vt 0.5937498807907104 0.25
vt 0.5624998807907104 0.25
vt 0.5624998807907104 0.3125
vt 0.5937498807907104 0.8125
vt 0.5937498807907104 0.75
vt 0.5624998807907104 0.75
vt 0.5624998807907104 0.8125
vt 0.5937498807907104 0.375
vt 0.5937498807907104 0.3125
vt 0.5624998807907104 0.3125
vt 0.5624998807907104 0.375
vt 0.5937498807907104 0.875
vt 0.5937498807907104 0.8125
vt 0.5624998807907104 0.8125
vt 0.5624998807907104 0.8749999403953552
vt 0.5937498807907104 0.4375
vt 0.5937498807907104 0.375
vt 0.5624998807907104 0.375
vt 0.5624998807907104 0.4375
vt 0.5937498807907104 0.5
vt 0.5937498807907104 0.4375
vt 0.5624998807907104 0.4375
vt 0.5624998807907104 0.5
vt 0.5937498807907104 0.5624999403953552
vt 0.5937498807907104 0.5
vt 0.5624998807907104 0.5
vt 0.5624998807907104 0.5624999403953552
vt 0.5624998807907104 0.8749999403953552
vt 0.5624998807907104 0.8125
vt 0.5312498807907104 0.8124999403953552
vt 0.5312498807907104 0.8749999403953552
vt 0.5624998807907104 0.4375
vt 0.5624998807907104 0.375
vt 0.5312498807907104 0.375
vt 0.5312498807907104 0.4375
vt 0.5624998807907104 0.5
vt 0.5624998807907104 0.4375
vt 0.5312498807907104 0.4375
vt 0.5312498807907104 0.5
vt 0.5624998807907104 0.5624999403953552
vt 0.5624998807907104 0.5
vt 0.5312498807907104 0.5
vt 0.5312498807907104 0.5624999403953552
vt 0.5624998807907104 0.6249999403953552
vt 0.5624998807907104 0.5624999403953552
vt 0.5312498807907104 0.5624999403953552
vt 0.5312498807907104 0.6249999403953552
vt 0.5624998807907104 0.1875
vt 0.5624998807907104 0.125
vt 0.5312498807907104 0.125
vt 0.5312498807907104 0.18750005960464478
vt 0.5624998807907104 0.6874999403953552
vt 0.5624998807907104 0.6249999403953552
vt 0.5312498807907104 0.6249999403953552
vt 0.5312498807907104 0.6874999403953552
vt 0.5624998807907104 0.25
vt 0.5624998807907104 0.1875
vt 0.5312498807907104 0.18750005960464478
vt 0.5312498807907104 0.25
vt 0.5624998807907104 0.75
vt 0.5624998807907104 0.6874999403953552
vt 0.5312498807907104 0.6874999403953552
vt 0.5312498807907104 0.7499998807907104
vt 0.5624998807907104 0.3125
vt 0.5624998807907104 0.25
vt 0.5312498807907104 0.25
vt 0.5312498807907104 0.3125
vt 0.5624998807907104 0.8125
vt 0.5624998807907104 0.75
vt 0.5312498807907104 0.7499998807907104
vt 0.5312498807907104 0.8124999403953552
vt 0.5624998807907104 0.375
vt 0.5624998807907104 0.3125
vt 0.5312498807907104 0.3125
vt 0.5312498807907104 0.375
vt 0.5312498807907104 0.18750005960464478
vt 0.5312498807907104 0.125
vt 0.49999985098838806 0.125
vt 0.49999988079071045 0.18750005960464478
vt 0.5312498807907104 0.6874999403953552
vt 0.5312498807907104 0.6249999403953552
vt 0.4999999403953552 0.6249999403953552
vt 0.49999991059303284 0.6874999403953552
vt 0.5312498807907104 0.25
vt 0.5312498807907104 0.18750005960464478
vt 0.49999988079071045 0.18750005960464478
vt 0.49999991059303284 0.25
vt 0.5312498807907104 0.7499998807907104
vt 0.5312498807907104 0.6874999403953552
vt 0.49999991059303284 0.6874999403953552
vt 0.49999991059303284 0.7499998807907104
vt 0.5312498807907104 0.3125
vt 0.5312498807907104 0.25
vt 0.49999991059303284 0.25
vt 0.49999991059303284 0.3125
vt 0.5312498807907104 0.8124999403953552
vt 0.5312498807907104 0.7499998807907104
vt 0.49999991059303284 0.7499998807907104
vt 0.49999988079071045 0.8124999403953552
vt 0.5312498807907104 0.375
vt 0.5312498807907104 0.3125
vt 0.49999991059303284 0.3125
vt 0.49999991059303284 0.375
vt 0.5312498807907104 0.8749999403953552
vt 0.5312498807907104 0.8124999403953552
vt 0.49999988079071045 0.8124999403953552
vt 0.49999985098838806 0.8749999403953552
vt 0.5312498807907104 0.4375
vt 0.5312498807907104 0.375
vt 0.49999991059303284 0.375
vt 0.49999991059303284 0.4375
vt 0.5312498807907104 0.5
vt 0.5312498807907104 0.4375
vt 0.49999991059303284 0.4375
vt 0.49999991059303284 0.5
vt 0.5312498807907104 0.5624999403953552
vt 0.5312498807907104 0.5
vt 0.49999991059303284 0.5
vt 0.49999991059303284 0.5624999403953552
vt 0.5312498807907104 0.6249999403953552
vt 0.5312498807907104 0.5624999403953552
vt 0.49999991059303284 0.5624999403953552
vt 0.4999999403953552 0.6249999403953552
vt 0.49999991059303284 0.4375
vt 0.49999991059303284 0.375
vt 0.46874991059303284 0.375
vt 0.46874991059303284 0.4375
vt 0.49999991059303284 0.5
vt 0.49999991059303284 0.4375
vt 0.46874991059303284 0.4375
vt 0.46874991059303284 0.5
vt 0.49999991059303284 0.5624999403953552
vt 0.49999991059303284 0.5
vt 0.46874991059303284 0.5
vt 0.46874991059303284 0.5624999403953552
vt 0.4999999403953552 0.6249999403953552
vt 0.49999991059303284 0.5624999403953552
vt 0.46874991059303284 0.5624999403953552
vt 0.4687499403953552 0.6249998807907104
vt 0.49999988079071045 0.18750005960464478
vt 0.49999985098838806 0.125
vt 0.46874985098838806 0.12500011920928955
vt 0.46874988079071045 0.18750005960464478
vt 0.49999991059303284 0.6874999403953552
vt 0.4999999403953552 0.6249999403953552
vt 0.4687499403953552 0.6249998807907104
vt 0.46874991059303284 0.6874999403953552
vt 0.49999991059303284 0.25
vt 0.49999988079071045 0.18750005960464478
vt 0.46874988079071045 0.18750005960464478
vt 0.46874991059303284 0.25
vt 0.49999991059303284 0.7499998807907104
vt 0.49999991059303284 0.6874999403953552
vt 0.46874991059303284 0.6874999403953552
vt 0.46874991059303284 0.7499998807907104
vt 0.49999991059303284 0.3125
vt 0.49999991059303284 0.25
vt 0.46874991059303284 0.25
vt 0.46874991059303284 0.3125
vt 0.49999988079071045 0.8124999403953552
vt 0.49999991059303284 0.7499998807907104
vt 0.46874991059303284 0.7499998807907104
vt 0.46874988079071045 0.8124999403953552
vt 0.49999991059303284 0.375
vt 0.49999991059303284 0.3125
vt 0.46874991059303284 0.3125
vt 0.46874991059303284 0.375
vt 0.49999985098838806 0.8749999403953552
vt 0.49999988079071045 0.8124999403953552
vt 0.46874988079071045 0.8124999403953552
vt 0.46874985098838806 0.8749999403953552
vt 0.46874991059303284 0.6874999403953552
vt 0.4687499403953552 0.6249998807907104
vt 0.4374999403953552 0.6249998807907104
vt 0.43749991059303284 0.6874999403953552
vt 0.46874991059303284 0.25
vt 0.46874988079071045 0.18750005960464478
vt 0.43749988079071045 0.18750005960464478
vt 0.43749991059303284 0.25
vt 0.46874991059303284 0.7499998807907104
vt 0.46874991059303284 0.6874999403953552
vt 0.43749991059303284 0.6874999403953552
vt 0.43749991059303284 0.7499998807907104
vt 0.46874991059303284 0.3125
vt 0.46874991059303284 0.25
vt 0.43749991059303284 0.25
vt 0.43749991059303284 0.3125
vt 0.46874988079071045 0.8124999403953552
vt 0.46874991059303284 0.7499998807907104
vt 0.43749991059303284 0.7499998807907104
vt 0.43749988079071045 0.8124999403953552
vt 0.46874991059303284 0.375
vt 0.46874991059303284 0.3125
vt 0.43749991059303284 0.3125
vt 0.4374999403953552 0.375
vt 0.46874985098838806 0.8749999403953552
vt 0.46874988079071045 0.8124999403953552
vt 0.43749988079071045 0.8124999403953552
vt 0.43749985098838806 0.8749999403953552
vt 0.46874991059303284 0.4375
vt 0.46874991059303284 0.375
vt 0.4374999403953552 0.375
vt 0.43749991059303284 0.4375
vt 0.46874991059303284 0.5
vt 0.46874991059303284 0.4375
vt 0.43749991059303284 0.4375
vt 0.43749991059303284 0.5
vt 0.46874991059303284 0.5624999403953552
vt 0.46874991059303284 0.5
vt 0.43749991059303284 0.5
vt 0.43749991059303284 0.5624999403953552
vt 0.4687499403953552 0.6249998807907104
vt 0.46874991059303284 0.5624999403953552
vt 0.43749991059303284 0.5624999403953552
vt 0.4374999403953552 0.6249998807907104
vt 0.46874988079071045 0.18750005960464478
vt 0.46874985098838806 0.12500011920928955
vt 0.43749985098838806 0.12500011920928955
vt 0.43749988079071045 0.18750005960464478
vt 0.43749991059303284 0.5
vt 0.43749991059303284 0.4375
vt 0.40624991059303284 0.4375
vt 0.40624991059303284 0.5
vt 0.43749991059303284 0.5624999403953552
vt 0.43749991059303284 0.5
vt 0.40624991059303284 0.5
vt 0.40624991059303284 0.5624999403953552
vt 0.4374999403953552 0.6249998807907104
vt 0.43749991059303284 0.5624999403953552
vt 0.40624991059303284 0.5624999403953552
vt 0.4062499403953552 0.6249998807907104
vt 0.43749988079071045 0.18750005960464478
vt 0.43749985098838806 0.12500011920928955
vt 0.40624988079071045 0.12500011920928955
vt 0.40624991059303284 0.18750005960464478
vt 0.43749991059303284 0.6874999403953552
vt 0.4374999403953552 0.6249998807907104
vt 0.4062499403953552 0.6249998807907104
vt 0.40624991059303284 0.6874998807907104
vt 0.43749991059303284 0.25
vt 0.43749988079071045 0.18750005960464478
vt 0.40624991059303284 0.18750005960464478
vt 0.40624991059303284 0.25000011920928955
vt 0.43749991059303284 0.7499998807907104
vt 0.43749991059303284 0.6874999403953552
vt 0.40624991059303284 0.6874998807907104
vt 0.40624991059303284 0.7499998807907104
vt 0.43749991059303284 0.3125
vt 0.43749991059303284 0.25
vt 0.40624991059303284 0.25000011920928955
vt 0.40624991059303284 0.3125000596046448
vt 0.43749988079071045 0.8124999403953552
vt 0.43749991059303284 0.7499998807907104
vt 0.40624991059303284 0.7499998807907104
vt 0.40624988079071045 0.8124999403953552
vt 0.4374999403953552 0.375
vt 0.43749991059303284 0.3125
vt 0.40624991059303284 0.3125000596046448
vt 0.4062499403953552 0.375
vt 0.43749985098838806 0.8749999403953552
vt 0.43749988079071045 0.8124999403953552
vt 0.40624988079071045 0.8124999403953552
vt 0.40624985098838806 0.8749999403953552
vt 0.43749991059303284 0.4375
vt 0.4374999403953552 0.375
vt 0.4062499403953552 0.375
vt 0.40624991059303284 0.4375
vt 0.40624991059303284 0.25000011920928955
vt 0.40624991059303284 0.18750005960464478
vt 0.37499991059303284 0.18750011920928955
vt 0.37499991059303284 0.25
vt 0.40624991059303284 0.7499998807907104
vt 0.40624991059303284 0.6874998807907104
vt 0.37499991059303284 0.6874999403953552
vt 0.37499991059303284 0.7499998807907104
vt 0.40624991059303284 0.3125000596046448
vt 0.40624991059303284 0.25000011920928955
vt 0.37499991059303284 0.25
vt 0.37499991059303284 0.3125
vt 0.40624988079071045 0.8124999403953552
vt 0.40624991059303284 0.7499998807907104
vt 0.37499991059303284 0.7499998807907104
vt 0.37499991059303284 0.8124999403953552
vt 0.4062499403953552 0.375
vt 0.40624991059303284 0.3125000596046448
vt 0.37499991059303284 0.3125
vt 0.3749999701976776 0.375
vt 0.40624985098838806 0.8749999403953552
vt 0.40624988079071045 0.8124999403953552
vt 0.37499991059303284 0.8124999403953552
vt 0.37499988079071045 0.8749999403953552
vt 0.40624991059303284 0.18750005960464478
vt 0.40624988079071045 0.12500011920928955
vt 0.37499991059303284 0.12500011920928955
vt 0.37499991059303284 0.18750011920928955
vt 0.40624991059303284 0.6874998807907104
vt 0.4062499403953552 0.6249998807907104
vt 0.3749999701976776 0.6249998807907104
vt 0.37499991059303284 0.6874999403953552
vt 0.37499991059303284 0.18750011920928955
vt 0.37499991059303284 0.12500011920928955
vt 0.34374991059303284 0.12500011920928955
vt 0.34374991059303284 0.18750011920928955
vt 0.37499991059303284 0.6874999403953552
vt 0.3749999701976776 0.6249998807907104
vt 0.3437499701976776 0.6249998807907104
vt 0.34374991059303284 0.6874998807907104
vt 0.37499991059303284 0.25
vt 0.37499991059303284 0.18750011920928955
vt 0.34374991059303284 0.18750011920928955
vt 0.34374991059303284 0.25000011920928955
vt 0.37499991059303284 0.7499998807907104
vt 0.37499991059303284 0.6874999403953552
vt 0.34374991059303284 0.6874998807907104
vt 0.34374991059303284 0.7499998807907104
vt 0.37499991059303284 0.3125
vt 0.37499991059303284 0.25
vt 0.34374991059303284 0.25000011920928955
vt 0.34374991059303284 0.3125000596046448
vt 0.37499991059303284 0.8124999403953552
vt 0.37499991059303284 0.7499998807907104
vt 0.34374991059303284 0.7499998807907104
vt 0.34374991059303284 0.8124999403953552
vt 0.37499988079071045 0.8749999403953552
vt 0.37499991059303284 0.8124999403953552
vt 0.34374991059303284 0.8124999403953552
vt 0.34374991059303284 0.8749999403953552
vt 0.34374991059303284 0.7499998807907104
vt 0.34374991059303284 0.6874998807907104
vt 0.3124999403953552 0.6874999403953552
vt 0.3124999403953552 0.7499998807907104
vt 0.34374991059303284 0.3125000596046448
vt 0.34374991059303284 0.25000011920928955
vt 0.3124999403953552 0.25
vt 0.3124999403953552 0.3125
vt 0.34374991059303284 0.8124999403953552
vt 0.34374991059303284 0.7499998807907104
vt 0.3124999403953552 0.7499998807907104
vt 0.3124999403953552 0.8124999403953552
vt 0.34374991059303284 0.8749999403953552
vt 0.34374991059303284 0.8124999403953552
vt 0.3124999403953552 0.8124999403953552
vt 0.31249991059303284 0.8749999403953552
vt 0.34374991059303284 0.18750011920928955
vt 0.34374991059303284 0.12500011920928955
vt 0.3124999403953552 0.12500011920928955
vt 0.3124999701976776 0.18750011920928955
vt 0.34374991059303284 0.6874998807907104
vt 0.3437499701976776 0.6249998807907104
vt 0.3124999701976776 0.6249998807907104
vt 0.3124999403953552 0.6874999403953552
vt 0.34374991059303284 0.25000011920928955
vt 0.34374991059303284 0.18750011920928955
vt 0.3124999701976776 0.18750011920928955
vt 0.3124999403953552 0.25
vt 0.3124999701976776 0.18750011920928955
vt 0.3124999403953552 0.12500011920928955
vt 0.2812499701976776 0.12500011920928955
vt 0.2812499701976776 0.18750011920928955
vt 0.3124999403953552 0.6874999403953552
vt 0.3124999701976776 0.6249998807907104
vt 0.2812499701976776 0.6249998807907104
vt 0.2812499403953552 0.6874999403953552
vt 0.3124999403953552 0.25
vt 0.3124999701976776 0.18750011920928955
vt 0.2812499701976776 0.18750011920928955
vt 0.2812499701976776 0.25
vt 0.3124999403953552 0.7499998807907104
vt 0.3124999403953552 0.6874999403953552
vt 0.2812499403953552 0.6874999403953552
vt 0.2812499701976776 0.7499998807907104
vt 0.3124999403953552 0.3125
vt 0.3124999403953552 0.25
vt 0.2812499701976776 0.25
vt 0.2812499403953552 0.3125
vt 0.3124999403953552 0.8124999403953552
vt 0.3124999403953552 0.7499998807907104
vt 0.2812499701976776 0.7499998807907104
vt 0.2812499701976776 0.8124999403953552
vt 0.3124999701976776 0.375
vt 0.3124999403953552 0.3125
vt 0.2812499403953552 0.3125
vt 0.2812499701976776 0.375
vt 0.31249991059303284 0.8749999403953552
vt 0.3124999403953552 0.8124999403953552
vt 0.2812499701976776 0.8124999403953552
vt 0.2812499701976776 0.8749999403953552
vt 0.2812499701976776 0.8124999403953552
vt 0.2812499701976776 0.7499998807907104
vt 0.2499999701976776 0.7499998807907104
vt 0.2499999701976776 0.8124999403953552
vt 0.2812499701976776 0.375
vt 0.2812499403953552 0.3125
vt 0.2499999701976776 0.3125
vt 0.2499999701976776 0.375
vt 0.2812499701976776 0.8749999403953552
vt 0.2812499701976776 0.8124999403953552
vt 0.2499999701976776 0.8124999403953552
vt 0.2499999701976776 0.8749999403953552
vt 0.2812499701976776 0.18750011920928955
vt 0.2812499701976776 0.12500011920928955
vt 0.2499999701976776 0.12500011920928955
vt 0.2499999701976776 0.18750011920928955
vt 0.2812499403953552 0.6874999403953552
vt 0.2812499701976776 0.6249998807907104
vt 0.2499999701976776 0.6249998807907104
vt 0.2499999701976776 0.6874999403953552
vt 0.2812499701976776 0.25
vt 0.2812499701976776 0.18750011920928955
vt 0.2499999701976776 0.18750011920928955
vt 0.2499999701976776 0.25
vt 0.2812499701976776 0.7499998807907104
vt 0.2812499403953552 0.6874999403953552
vt 0.2499999701976776 0.6874999403953552
vt 0.2499999701976776 0.7499998807907104
vt 0.2812499403953552 0.3125
vt 0.2812499701976776 0.25
vt 0.2499999701976776 0.25
vt 0.2499999701976776 0.3125
vt 0.2499999701976776 0.18750011920928955
vt 0.2499999701976776 0.12500011920928955
vt 0.2187500298023224 0.12500011920928955
vt 0.21875 0.18750011920928955
vt 0.2499999701976776 0.6874999403953552
vt 0.2499999701976776 0.6249998807907104
vt 0.21875 0.6249998807907104
vt 0.2187499701976776 0.6874999403953552
vt 0.2499999701976776 0.25
vt 0.2499999701976776 0.18750011920928955
vt 0.21875 0.18750011920928955
vt 0.2187499701976776 0.25
vt 0.2499999701976776 0.7499998807907104
vt 0.2499999701976776 0.6874999403953552
vt 0.2187499701976776 0.6874999403953552
vt 0.2187499701976776 0.7499998807907104
vt 0.2499999701976776 0.3125
vt 0.2499999701976776 0.25
vt 0.2187499701976776 0.25
vt 0.2187499701976776 0.3125
vt 0.2499999701976776 0.8124999403953552
vt 0.2499999701976776 0.7499998807907104
vt 0.2187499701976776 0.7499998807907104
vt 0.21875 0.8124999403953552
vt 0.2499999701976776 0.375
vt 0.2499999701976776 0.3125
vt 0.2187499701976776 0.3125
vt 0.21875 0.375
vt 0.2499999701976776 0.8749999403953552
vt 0.2499999701976776 0.8124999403953552
vt 0.21875 0.8124999403953552
vt 0.21875 0.8749999403953552
vt 0.21875 0.375
vt 0.2187499701976776 0.3125
vt 0.1874999701976776 0.3125
vt 0.1875 0.375
vt 0.21875 0.8749999403953552
vt 0.21875 0.8124999403953552
vt 0.1875 0.8124999403953552
vt 0.1875000298023224 0.8749999403953552
vt 0.21875 0.18750011920928955
vt 0.2187500298023224 0.12500011920928955
vt 0.1875000298023224 0.12500011920928955
vt 0.1875000298023224 0.18750011920928955
vt 0.2187499701976776 0.6874999403953552
vt 0.21875 0.6249998807907104
vt 0.1875 0.6249998807907104
vt 0.1874999701976776 0.6874999403953552
vt 0.2187499701976776 0.25
vt 0.21875 0.18750011920928955
vt 0.1875000298023224 0.18750011920928955
vt 0.1875 0.25
vt 0.2187499701976776 0.7499998807907104
vt 0.2187499701976776 0.6874999403953552
vt 0.1874999701976776 0.6874999403953552
vt 0.1875 0.7499998807907104
vt 0.2187499701976776 0.3125
vt 0.2187499701976776 0.25
vt 0.1875 0.25
vt 0.1874999701976776 0.3125
vt 0.21875 0.8124999403953552
vt 0.2187499701976776 0.7499998807907104
vt 0.1875 0.7499998807907104
vt 0.1875 0.8124999403953552
vt 0.1875000298023224 0.18750011920928955
vt 0.1875000298023224 0.12500011920928955
vt 0.15625005960464478 0.12500011920928955
vt 0.1562500298023224 0.18750005960464478
vt 0.1874999701976776 0.6874999403953552
vt 0.1875 0.6249998807907104
vt 0.1562500298023224 0.6249998807907104
vt 0.15625 0.6874999403953552
vt 0.1875 0.25
vt 0.1875000298023224 0.18750011920928955
vt 0.1562500298023224 0.18750005960464478
vt 0.1562500298023224 0.25
vt 0.1875 0.7499998807907104
vt 0.1874999701976776 0.6874999403953552
vt 0.15625 0.6874999403953552
vt 0.1562500298023224 0.7499998807907104
vt 0.1874999701976776 0.3125
vt 0.1875 0.25
vt 0.1562500298023224 0.25
vt 0.15625 0.3125
vt 0.1875 0.8124999403953552
vt 0.1875 0.7499998807907104
vt 0.1562500298023224 0.7499998807907104
vt 0.1562500298023224 0.8124999403953552
vt 0.1875000298023224 0.8749999403953552
vt 0.1875 0.8124999403953552
vt 0.1562500298023224 0.8124999403953552
vt 0.1562500298023224 0.8749999403953552
vt 0.1562500298023224 0.8749999403953552
vt 0.1562500298023224 0.8124999403953552
vt 0.1250000298023224 0.8125
vt 0.12500005960464478 0.8749999403953552
vt 0.1562500298023224 0.18750005960464478
vt 0.15625005960464478 0.12500011920928955
vt 0.12500005960464478 0.125
vt 0.12500005960464478 0.18750005960464478
vt 0.15625 0.6874999403953552
vt 0.1562500298023224 0.6249998807907104
vt 0.1250000298023224 0.6249999403953552
vt 0.12499997019767761 0.6874999403953552
vt 0.1562500298023224 0.25
vt 0.1562500298023224 0.18750005960464478
vt 0.12500005960464478 0.18750005960464478
vt 0.1250000298023224 0.25
vt 0.1562500298023224 0.7499998807907104
vt 0.15625 0.6874999403953552
vt 0.12499997019767761 0.6874999403953552
vt 0.1250000298023224 0.7499998807907104
vt 0.15625 0.3125
vt 0.1562500298023224 0.25
vt 0.1250000298023224 0.25
vt 0.12499997019767761 0.3125
vt 0.1562500298023224 0.8124999403953552
vt 0.1562500298023224 0.7499998807907104
vt 0.1250000298023224 0.7499998807907104
vt 0.1250000298023224 0.8125
vt 0.12500005960464478 0.18750005960464478
vt 0.12500005960464478 0.125
vt 0.09375008940696716 0.125
vt 0.09375002980232239 0.18750005960464478
vt 0.12499997019767761 0.6874999403953552
vt 0.1250000298023224 0.6249999403953552
vt 0.09375002980232239 0.6249999403953552
vt 0.09375 0.6875000596046448
vt 0.1250000298023224 0.25
vt 0.12500005960464478 0.18750005960464478
vt 0.09375002980232239 0.18750005960464478
vt 0.09375002980232239 0.25
vt 0.1250000298023224 0.7499998807907104
vt 0.12499997019767761 0.6874999403953552
vt 0.09375 0.6875000596046448
vt 0.09375002980232239 0.75
vt 0.12499997019767761 0.3125
vt 0.1250000298023224 0.25
vt 0.09375002980232239 0.25
vt 0.09375 0.3125
vt 0.1250000298023224 0.8125
vt 0.1250000298023224 0.7499998807907104
vt 0.09375002980232239 0.75
vt 0.09375002980232239 0.8125
vt 0.1250000298023224 0.375
vt 0.12499997019767761 0.3125
vt 0.09375 0.3125
vt 0.09375002980232239 0.375
vt 0.12500005960464478 0.8749999403953552
vt 0.1250000298023224 0.8125
vt 0.09375002980232239 0.8125
vt 0.09375008940696716 0.8749999403953552
vt 0.12499997019767761 0.5624999403953552
vt 0.12499997019767761 0.5
vt 0.09375 0.5
vt 0.09375 0.5624999403953552
vt 0.1250000298023224 0.6249999403953552
vt 0.12499997019767761 0.5624999403953552
vt 0.09375 0.5624999403953552
vt 0.09375002980232239 0.6249999403953552
vt 0.09375 0.4375
vt 0.09375002980232239 0.375
vt 0.06250002980232239 0.375
vt 0.0625 0.4375
vt 0.09375 0.5
vt 0.09375 0.4375
vt 0.0625 0.4375
vt 0.0625 0.5
vt 0.09375 0.5624999403953552
vt 0.09375 0.5
vt 0.0625 0.5
vt 0.0625 0.5624999403953552
vt 0.09375002980232239 0.6249999403953552
vt 0.09375 0.5624999403953552
vt 0.0625 0.5624999403953552
vt 0.06250002980232239 0.6249999403953552
vt 0.09375002980232239 0.18750005960464478
vt 0.09375008940696716 0.125
vt 0.06250005960464478 0.125
vt 0.06250005960464478 0.1875
vt 0.09375 0.6875000596046448
vt 0.09375002980232239 0.6249999403953552
vt 0.06250002980232239 0.6249999403953552
vt 0.0625 0.6875000596046448
vt 0.09375002980232239 0.25
vt 0.09375002980232239 0.18750005960464478
vt 0.06250005960464478 0.1875
vt 0.06250002980232239 0.25
vt 0.09375002980232239 0.75
vt 0.09375 0.6875000596046448
vt 0.0625 0.6875000596046448
vt 0.06250002980232239 0.75
vt 0.09375 0.3125
vt 0.09375002980232239 0.25
vt 0.06250002980232239 0.25
vt 0.0625 0.3125
vt 0.09375002980232239 0.8125
vt 0.09375002980232239 0.75
vt 0.06250002980232239 0.75
vt 0.06250005960464478 0.8125
vt 0.09375002980232239 0.375
vt 0.09375 0.3125
vt 0.0625 0.3125
vt 0.06250002980232239 0.375
vt 0.09375008940696716 0.8749999403953552
vt 0.09375002980232239 0.8125
vt 0.06250005960464478 0.8125
vt 0.06250005960464478 0.875
vt 0.0625 0.6875000596046448
vt 0.06250002980232239 0.6249999403953552
vt 0.03125002980232239 0.6249999403953552
vt 0.03125002980232239 0.6875000596046448
vt 0.06250002980232239 0.25
vt 0.06250005960464478 0.1875
vt 0.031250059604644775 0.1875
vt 0.03125002980232239 0.25
vt 0.06250002980232239 0.75
vt 0.0625 0.6875000596046448
vt 0.03125002980232239 0.6875000596046448
vt 0.03125002980232239 0.75
vt 0.0625 0.3125
vt 0.06250002980232239 0.25
vt 0.03125002980232239 0.25
vt 0.03125002980232239 0.3124999403953552
vt 0.06250005960464478 0.8125
vt 0.06250002980232239 0.75
vt 0.03125002980232239 0.75
vt 0.031250059604644775 0.8125
vt 0.06250002980232239 0.375
vt 0.0625 0.3125
vt 0.03125002980232239 0.3124999403953552
vt 0.03125002980232239 0.375
vt 0.06250005960464478 0.875
vt 0.06250005960464478 0.8125
vt 0.031250059604644775 0.8125
vt 0.03125008940696716 0.875
vt 0.0625 0.4375
vt 0.06250002980232239 0.375
vt 0.03125002980232239 0.375
vt 0.031249970197677612 0.4374999403953552
vt 0.0625 0.5
vt 0.0625 0.4375
vt 0.031249970197677612 0.4374999403953552
vt 0.03125002980232239 0.5
vt 0.0625 0.5624999403953552
vt 0.0625 0.5
vt 0.03125002980232239 0.5
vt 0.031249970197677612 0.5625
vt 0.06250002980232239 0.6249999403953552
vt 0.0625 0.5624999403953552
vt 0.031249970197677612 0.5625
vt 0.03125002980232239 0.6249999403953552
vt 0.06250005960464478 0.1875
vt 0.06250005960464478 0.125
vt 0.03125008940696716 0.125
vt 0.031250059604644775 0.1875
vt 0.03125002980232239 0.5
vt 0.031249970197677612 0.4374999403953552
vt 0 0.4374999403953552
vt 0 0.5
vt 0.031249970197677612 0.5625
vt 0.03125002980232239 0.5
vt 0 0.5
vt 0 0.5625
vt 0.03125002980232239 0.6249999403953552
vt 0.031249970197677612 0.5625
vt 0 0.5625
vt 5.960464477539063e-8 0.6249999403953552
vt 0.031250059604644775 0.1875
vt 0.03125008940696716 0.125
vt 8.940696716308594e-8 0.125
vt 5.960464477539063e-8 0.1875
vt 0.03125002980232239 0.6875000596046448
vt 0.03125002980232239 0.6249999403953552
vt 5.960464477539063e-8 0.6249999403953552
vt 0 0.6875000596046448
vt 0.03125002980232239 0.25
vt 0.031250059604644775 0.1875
vt 5.960464477539063e-8 0.1875
vt 0 0.24999994039535522
vt 0.03125002980232239 0.75
vt 0.03125002980232239 0.6875000596046448
vt 0 0.6875000596046448
vt 0 0.75
vt 0.03125002980232239 0.3124999403953552
vt 0.03125002980232239 0.25
vt 0 0.24999994039535522
vt 0 0.3124999403953552
vt 0.031250059604644775 0.8125
vt 0.03125002980232239 0.75
vt 0 0.75
vt 5.960464477539063e-8 0.8125
vt 0.03125002980232239 0.375
vt 0.03125002980232239 0.3124999403953552
vt 0 0.3124999403953552
vt 5.960464477539063e-8 0.3749999403953552
vt 0.03125008940696716 0.875
vt 0.031250059604644775 0.8125
vt 5.960464477539063e-8 0.8125
vt 8.940696716308594e-8 0.875
vt 0.031249970197677612 0.4374999403953552
vt 0.03125002980232239 0.375
vt 5.960464477539063e-8 0.3749999403953552
vt 0 0.4374999403953552
vt 1 0.75
vt 1 0.6875000596046448
vt 0.96875 0.6875000596046448
vt 0.96875 0.75
vt 1 0.3124999403953552
vt 1 0.24999994039535522
vt 0.96875 0.24999994039535522
vt 0.96875 0.3124999403953552
vt 1.0000001192092896 0.8125
vt 1 0.75
vt 0.96875 0.75
vt 0.96875 0.8125000596046448
vt 1.0000001192092896 0.3749999403953552
vt 1 0.3124999403953552
vt 0.96875 0.3124999403953552
vt 0.96875 0.3749999403953552
vt 1.0000001192092896 0.875
vt 1.0000001192092896 0.8125
vt 0.96875 0.8125000596046448
vt 0.9687501192092896 0.8750001192092896
vt 1 0.4374999403953552
vt 1.0000001192092896 0.3749999403953552
vt 0.96875 0.3749999403953552
vt 0.96875 0.4374999403953552
vt 1 0.5
vt 1 0.4374999403953552
vt 0.96875 0.4374999403953552
vt 0.96875 0.5
vt 1 0.5625
vt 1 0.5
vt 0.96875 0.5
vt 0.96875 0.5625
vt 1.0000001192092896 0.6249999403953552
vt 1 0.5625
vt 0.96875 0.5625
vt 0.96875 0.625
vt 1.0000001192092896 0.1875
vt 1.0000001192092896 0.125
vt 0.9687501192092896 0.125
vt 0.96875 0.1875
vt 1 0.6875000596046448
vt 1.0000001192092896 0.6249999403953552
vt 0.96875 0.625
vt 0.96875 0.6875000596046448
vt 1 0.24999994039535522
vt 1.0000001192092896 0.1875
vt 0.96875 0.1875
vt 0.96875 0.24999994039535522
vt 0.96875 0.5625
vt 0.96875 0.5
vt 0.9375 0.5
vt 0.9375 0.5625
vt 0.96875 0.625
vt 0.96875 0.5625
vt 0.9375 0.5625
vt 0.9375 0.625
vt 0.96875 0.1875
vt 0.9687501192092896 0.125
vt 0.9375001192092896 0.12499994039535522
vt 0.9375 0.18749994039535522
vt 0.96875 0.6875000596046448
vt 0.96875 0.625
vt 0.9375 0.625
vt 0.9375 0.6875001192092896
vt 0.96875 0.24999994039535522
vt 0.96875 0.1875
vt 0.9375 0.18749994039535522
vt 0.9375 0.24999994039535522
vt 0.96875 0.75
vt 0.96875 0.6875000596046448
vt 0.9375 0.6875001192092896
vt 0.9375 0.7500000596046448
vt 0.96875 0.3124999403953552
vt 0.96875 0.24999994039535522
vt 0.9375 0.24999994039535522
vt 0.9375 0.31249988079071045
vt 0.96875 0.8125000596046448
vt 0.96875 0.75
vt 0.9375 0.7500000596046448
vt 0.9375 0.8125000596046448
vt 0.96875 0.3749999403953552
vt 0.96875 0.3124999403953552
vt 0.9375 0.31249988079071045
vt 0.9375 0.3749999403953552
vt 0.9687501192092896 0.8750001192092896
vt 0.96875 0.8125000596046448
vt 0.9375 0.8125000596046448
vt 0.9375001192092896 0.8750001192092896
vt 0.96875 0.4374999403953552
vt 0.96875 0.3749999403953552
vt 0.9375 0.3749999403953552
vt 0.9375 0.4374999403953552
vt 0.96875 0.5
vt 0.96875 0.4374999403953552
vt 0.9375 0.4374999403953552
vt 0.9375 0.5
vt 0.9375 0.31249988079071045
vt 0.9375 0.24999994039535522
vt 0.90625 0.24999994039535522
vt 0.90625 0.31249988079071045
vt 0.9375 0.8125000596046448
vt 0.9375 0.7500000596046448
vt 0.90625 0.7500000596046448
vt 0.90625 0.8125000596046448
vt 0.9375 0.3749999403953552
vt 0.9375 0.31249988079071045
vt 0.90625 0.31249988079071045
vt 0.90625 0.3749999403953552
vt 0.9375001192092896 0.8750001192092896
vt 0.9375 0.8125000596046448
vt 0.90625 0.8125000596046448
vt 0.9062501192092896 0.8750001192092896
vt 0.9375 0.4374999403953552
vt 0.9375 0.3749999403953552
vt 0.90625 0.3749999403953552
vt 0.90625 0.4374999403953552
vt 0.9375 0.5
vt 0.9375 0.4374999403953552
vt 0.90625 0.4374999403953552
vt 0.90625 0.5
vt 0.9375 0.5625
vt 0.9375 0.5
vt 0.90625 0.5
vt 0.90625 0.5625
vt 0.9375 0.625
vt 0.9375 0.5625
vt 0.90625 0.5625
vt 0.90625 0.625
vt 0.9375 0.18749994039535522
vt 0.9375001192092896 0.12499994039535522
vt 0.9062501192092896 0.12499994039535522
vt 0.90625 0.18749994039535522
vt 0.9375 0.6875001192092896
vt 0.9375 0.625
vt 0.90625 0.625
vt 0.90625 0.6875001192092896
vt 0.9375 0.24999994039535522
vt 0.9375 0.18749994039535522
vt 0.90625 0.18749994039535522
vt 0.90625 0.24999994039535522
vt 0.9375 0.7500000596046448
vt 0.9375 0.6875001192092896
vt 0.90625 0.6875001192092896
vt 0.90625 0.7500000596046448
vt 0.90625 0.5625
vt 0.90625 0.5
vt 0.875 0.5
vt 0.875 0.5625
vt 0.90625 0.625
vt 0.90625 0.5625
vt 0.875 0.5625
vt 0.875 0.625
vt 0.90625 0.18749994039535522
vt 0.9062501192092896 0.12499994039535522
vt 0.875 0.12499988079071045
vt 0.875 0.18749988079071045
vt 0.90625 0.6875001192092896
vt 0.90625 0.625
vt 0.875 0.625
vt 0.875 0.6875001192092896
vt 0.90625 0.24999994039535522
vt 0.90625 0.18749994039535522
vt 0.875 0.18749988079071045
vt 0.875 0.24999994039535522
vt 0.90625 0.7500000596046448
vt 0.90625 0.6875001192092896
vt 0.875 0.6875001192092896
vt 0.875 0.7500000596046448
vt 0.90625 0.31249988079071045
vt 0.90625 0.24999994039535522
vt 0.875 0.24999994039535522
vt 0.875 0.31249988079071045
vt 0.90625 0.8125000596046448
vt 0.90625 0.7500000596046448
vt 0.875 0.7500000596046448
vt 0.875 0.8125000596046448
vt 0.90625 0.3749999403953552
vt 0.90625 0.31249988079071045
vt 0.875 0.31249988079071045
vt 0.875 0.3749999403953552
vt 0.9062501192092896 0.8750001192092896
vt 0.90625 0.8125000596046448
vt 0.875 0.8125000596046448
vt 0.875 0.8750001788139343
vt 0.90625 0.4374999403953552
vt 0.90625 0.3749999403953552
vt 0.875 0.3749999403953552
vt 0.875 0.4374999403953552
vt 0.90625 0.5
vt 0.90625 0.4374999403953552
vt 0.875 0.4374999403953552
vt 0.875 0.5
vt 0.875 0.8125000596046448
vt 0.875 0.7500000596046448
vt 0.84375 0.7500000596046448
vt 0.84375 0.8125001788139343
vt 0.875 0.3749999403953552
vt 0.875 0.31249988079071045
vt 0.84375 0.31249988079071045
vt 0.84375 0.3749999403953552
vt 0.875 0.8750001788139343
vt 0.875 0.8125000596046448
vt 0.84375 0.8125001788139343
vt 0.84375 0.8750001788139343
vt 0.875 0.4374999403953552
vt 0.875 0.3749999403953552
vt 0.84375 0.3749999403953552
vt 0.84375 0.4374999403953552
vt 0.875 0.5
vt 0.875 0.4374999403953552
vt 0.84375 0.4374999403953552
vt 0.84375 0.5
vt 0.875 0.5625
vt 0.875 0.5
vt 0.84375 0.5
vt 0.84375 0.5625
vt 0.875 0.625
vt 0.875 0.5625
vt 0.84375 0.5625
vt 0.84375 0.625
vt 0.875 0.18749988079071045
vt 0.875 0.12499988079071045
vt 0.84375 0.12499988079071045
vt 0.84375 0.18749988079071045
vt 0.875 0.6875001192092896
vt 0.875 0.625
vt 0.84375 0.625
vt 0.84375 0.6875001192092896
vt 0.875 0.24999994039535522
vt 0.875 0.18749988079071045
vt 0.84375 0.18749988079071045
vt 0.84375 0.24999988079071045
vt 0.875 0.7500000596046448
vt 0.875 0.6875001192092896
vt 0.84375 0.6875001192092896
vt 0.84375 0.7500000596046448
vt 0.875 0.31249988079071045
vt 0.875 0.24999994039535522
vt 0.84375 0.24999988079071045
vt 0.84375 0.31249988079071045
vt 0.84375 0.625
vt 0.84375 0.5625
vt 0.8125 0.5625
vt 0.8125 0.625
vt 0.84375 0.18749988079071045
vt 0.84375 0.12499988079071045
vt 0.8125 0.12499988079071045
vt 0.8125 0.18749988079071045
vt 0.84375 0.6875001192092896
vt 0.84375 0.625
vt 0.8125 0.625
vt 0.8125 0.6875001192092896
vt 0.84375 0.24999988079071045
vt 0.84375 0.18749988079071045
vt 0.8125 0.18749988079071045
vt 0.8125 0.24999988079071045
vt 0.84375 0.7500000596046448
vt 0.84375 0.6875001192092896
vt 0.8125 0.6875001192092896
vt 0.8125 0.7500000596046448
vt 0.84375 0.31249988079071045
vt 0.84375 0.24999988079071045
vt 0.8125 0.24999988079071045
vt 0.8125 0.31249988079071045
vt 0.84375 0.8125001788139343
vt 0.84375 0.7500000596046448
vt 0.8125 0.7500000596046448
vt 0.8125 0.8125001788139343
vt 0.84375 0.3749999403953552
vt 0.84375 0.31249988079071045
vt 0.8125 0.31249988079071045
vt 0.8125 0.3749999403953552
vt 0.84375 0.8750001788139343
vt 0.84375 0.8125001788139343
vt 0.8125 0.8125001788139343
vt 0.8125 0.8750001788139343
vt 0.84375 0.4374999403953552
vt 0.84375 0.3749999403953552
vt 0.8125 0.3749999403953552
vt 0.8125 0.4374999403953552
vt 0.84375 0.5
vt 0.84375 0.4374999403953552
vt 0.8125 0.4374999403953552
vt 0.8125 0.5
vt 0.84375 0.5625
vt 0.84375 0.5
vt 0.8125 0.5
vt 0.8125 0.5625
vt 0.8125 0.3749999403953552
vt 0.8125 0.31249988079071045
vt 0.7812498807907104 0.31249988079071045
vt 0.78125 0.37499988079071045
vt 0.8125 0.8750001788139343
vt 0.8125 0.8125001788139343
vt 0.78125 0.8125001788139343
vt 0.78125 0.8750001788139343
vt 0.8125 0.4374999403953552
vt 0.8125 0.3749999403953552
vt 0.78125 0.37499988079071045
vt 0.7812498807907104 0.4374999403953552
vt 0.8125 0.5
vt 0.8125 0.4374999403953552
vt 0.7812498807907104 0.4374999403953552
vt 0.7812498807907104 0.5
vt 0.8125 0.5625
vt 0.8125 0.5
vt 0.7812498807907104 0.5
vt 0.7812498807907104 0.5625
vt 0.8125 0.625
vt 0.8125 0.5625
vt 0.7812498807907104 0.5625
vt 0.78125 0.625
vt 0.8125 0.18749988079071045
vt 0.8125 0.12499988079071045
vt 0.78125 0.12499988079071045
vt 0.78125 0.18749988079071045
vt 0.8125 0.6875001192092896
vt 0.8125 0.625
vt 0.78125 0.625
vt 0.7812498807907104 0.6875001192092896
vt 0.8125 0.24999988079071045
vt 0.8125 0.18749988079071045
vt 0.78125 0.18749988079071045
vt 0.78125 0.24999988079071045
vt 0.8125 0.7500000596046448
vt 0.8125 0.6875001192092896
vt 0.7812498807907104 0.6875001192092896
vt 0.78125 0.7500000596046448
vt 0.8125 0.31249988079071045
vt 0.8125 0.24999988079071045
vt 0.78125 0.24999988079071045
vt 0.7812498807907104 0.31249988079071045
vt 0.8125 0.8125001788139343
vt 0.8125 0.7500000596046448
vt 0.78125 0.7500000596046448
vt 0.78125 0.8125001788139343
vt 0.78125 0.625
vt 0.7812498807907104 0.5625
vt 0.75 0.5624999403953552
vt 0.75 0.625
vt 0.78125 0.18749988079071045
vt 0.78125 0.12499988079071045
vt 0.75 0.125
vt 0.75 0.1875
vt 0.7812498807907104 0.6875001192092896
vt 0.78125 0.625
vt 0.75 0.625
vt 0.7499998807907104 0.6875001192092896
vt 0.78125 0.24999988079071045
vt 0.78125 0.18749988079071045
vt 0.75 0.1875
vt 0.75 0.24999994039535522
vt 0.78125 0.7500000596046448
vt 0.7812498807907104 0.6875001192092896
vt 0.7499998807907104 0.6875001192092896
vt 0.7499998807907104 0.7500000596046448
vt 0.7812498807907104 0.31249988079071045
vt 0.78125 0.24999988079071045
vt 0.75 0.24999994039535522
vt 0.75 0.3125
vt 0.78125 0.8125001788139343
vt 0.78125 0.7500000596046448
vt 0.7499998807907104 0.7500000596046448
vt 0.75 0.8125
vt 0.78125 0.37499988079071045
vt 0.7812498807907104 0.31249988079071045
vt 0.75 0.3125
vt 0.75 0.375
vt 0.78125 0.8750001788139343
vt 0.78125 0.8125001788139343
vt 0.75 0.8125
vt 0.7499998807907104 0.8750001788139343
vt 0.7812498807907104 0.4374999403953552
vt 0.78125 0.37499988079071045
vt 0.75 0.375
vt 0.75 0.4375
vt 0.7812498807907104 0.5
vt 0.7812498807907104 0.4374999403953552
vt 0.75 0.4375
vt 0.75 0.5
vt 0.7812498807907104 0.5625
vt 0.7812498807907104 0.5
vt 0.75 0.5
vt 0.75 0.5624999403953552
vt 0.40587419271469116 0.4375
vt 0.40624991059303284 0.4375
vt 0.40624991059303284 0.44098299741744995
vt 0.404498815536499 0.439538836479187
vt 0.40624991059303284 0.5
vt 0.40624991059303284 0.5
vt 0.40624991059303284 0.5624999403953552
vt 0.40624991059303284 0.5624999403953552
vt 0.2499999701976776 0.5
vt 0.2499999701976776 0.5624999403953552
vt 0.2499999701976776 0.5624999403953552
vt 0.2499999701976776 0.5
vt 0.21875 0.375
vt 0.2187499850988388 0.375
vt 0.1875 0.375
vt 0.1875 0.375
vt 0.2812499701976776 0.375
vt 0.3124999701976776 0.375
vt 0.3124999701976776 0.375
vt 0.2812499701976776 0.375
vt 0.2499999701976776 0.6249998807907104
vt 0.2499999701976776 0.6249998807907104
vt 0.21875 0.6249998807907104
vt 0.21875 0.6249998509883881
vt 0.37256288528442383 0.5
vt 0.3437499403953552 0.5
vt 0.3437499403953552 0.5380976498126984
vt 0.3470887541770935 0.5409291684627533
vt 0.1874999850988388 0.42749273777008057
vt 0.1874999701976776 0.4375
vt 0.20904266834259033 0.4375
vt 0.18881304562091827 0.42727231979370117
vt 0.1827181577682495 0.5605905652046204
vt 0.1874999701976776 0.5547564029693604
vt 0.1874999701976776 0.5
vt 0.15820471942424774 0.5
vt 0.12499997019767761 0.5
vt 0.12714818120002747 0.5
vt 0.1270761638879776 0.49948495626449585
vt 0.12499997019767761 0.48986172676086426
vt 0.6060343980789185 0.12499982118606567
vt 0.6010961532592773 0.12499988079071045
vt 0.71875 0.125
vt 0.75 0.125
vt 0.6010961532592773 0.12499988079071045
vt 0.5814723968505859 0.12500005960464478
vt 0.6874998807907104 0.125
vt 0.71875 0.125
vt 0.5814723968505859 0.12500005960464478
vt 0.5674030184745789 0.125
vt 0.6562498807907104 0.125
vt 0.6874998807907104 0.125
vt 0.5674030184745789 0.125
vt 0.5577675104141235 0.125
vt 0.6249998807907104 0.125
vt 0.6562498807907104 0.125
vt 0.5577675104141235 0.125
vt 0.5413496494293213 0.12500005960464478
vt 0.5937498807907104 0.125
vt 0.6249998807907104 0.125
vt 0.5413496494293213 0.12500005960464478
vt 0.5264679193496704 0.125
vt 0.5624998807907104 0.125
vt 0.5937498807907104 0.125
vt 0.5264679193496704 0.125
vt 0.513858437538147 0.12500005960464478
vt 0.5312498807907104 0.125
vt 0.5624998807907104 0.125
vt 0.513858437538147 0.12500005960464478
vt 0.49240195751190186 0.12500011920928955
vt 0.49999985098838806 0.125
vt 0.5312498807907104 0.125
vt 0.49240195751190186 0.12500011920928955
vt 0.4754924178123474 0.12499994039535522
vt 0.46874985098838806 0.12500011920928955
vt 0.49999985098838806 0.125
vt 0.4754924178123474 0.12499994039535522
vt 0.45884013175964355 0.12499988079071045
vt 0.43749985098838806 0.12500011920928955
vt 0.46874985098838806 0.12500011920928955
vt 0.45884013175964355 0.12499988079071045
vt 0.4487614035606384 0.125
vt 0.40624988079071045 0.12500011920928955
vt 0.43749985098838806 0.12500011920928955
vt 0.4487614035606384 0.125
vt 0.4287785291671753 0.12500005960464478
vt 0.37499991059303284 0.12500011920928955
vt 0.40624988079071045 0.12500011920928955
vt 0.4287785291671753 0.12500005960464478
vt 0.4081096053123474 0.12500005960464478
vt 0.34374991059303284 0.12500011920928955
vt 0.37499991059303284 0.12500011920928955
vt 0.4081096053123474 0.12500005960464478
vt 0.3984472155570984 0.12500017881393433
vt 0.3124999403953552 0.12500011920928955
vt 0.34374991059303284 0.12500011920928955
vt 0.3984472155570984 0.12500017881393433
vt 0.38603299856185913 0.12500005960464478
vt 0.2812499701976776 0.12500011920928955
vt 0.3124999403953552 0.12500011920928955
vt 0.38603299856185913 0.12500005960464478
vt 0.3772689998149872 0.12500011920928955
vt 0.2499999701976776 0.12500011920928955
vt 0.2812499701976776 0.12500011920928955
vt 0.3772689998149872 0.12500011920928955
vt 0.3643510639667511 0.12500005960464478
vt 0.2187500298023224 0.12500011920928955
vt 0.2499999701976776 0.12500011920928955
vt 0.3643510639667511 0.12500005960464478
vt 0.3628603518009186 0.125
vt 0.1875000298023224 0.12500011920928955
vt 0.2187500298023224 0.12500011920928955
vt 0.3628603518009186 0.125
vt 0.3549962341785431 0.1250002384185791
vt 0.15625005960464478 0.12500011920928955
vt 0.1875000298023224 0.12500011920928955
vt 0.3549962341785431 0.1250002384185791
vt 0.35774174332618713 0.12500005960464478
vt 0.12500005960464478 0.125
vt 0.15625005960464478 0.12500011920928955
vt 0.35774174332618713 0.12500005960464478
vt 0.36106401681900024 0.12500005960464478
vt 0.09375008940696716 0.125
vt 0.12500005960464478 0.125
vt 0.36106401681900024 0.12500005960464478
vt 0.40227094292640686 0.12500005960464478
vt 0.06250005960464478 0.125
vt 0.09375008940696716 0.125
vt 0.40227094292640686 0.12500005960464478
vt 0.4472546875476837 0.12500005960464478
vt 0.03125008940696716 0.125
vt 0.06250005960464478 0.125
vt 0.4472546875476837 0.12500005960464478
vt 0.4622010290622711 0.12499988079071045
vt 8.940696716308594e-8 0.125
vt 0.03125008940696716 0.125
vt 0.4622010290622711 0.12499988079071045
vt 0.5025702118873596 0.125
vt 0.9687501192092896 0.125
vt 8.940696716308594e-8 0.125
vt 0.5025702118873596 0.125
vt 0.5445865392684937 0.125
vt 0.9375001192092896 0.12499994039535522
vt 0.9687501192092896 0.125
vt 0.5445865392684937 0.125
vt 0.5551669597625732 0.125
vt 0.9062501192092896 0.12499994039535522
vt 0.9375001192092896 0.12499994039535522
vt 0.5551669597625732 0.125
vt 0.5822277069091797 0.12499994039535522
vt 0.875 0.12499988079071045
vt 0.9062501192092896 0.12499994039535522
vt 0.5822277069091797 0.12499994039535522
vt 0.6135900616645813 0.12500017881393433
vt 0.84375 0.12499988079071045
vt 0.875 0.12499988079071045
vt 0.6135900616645813 0.12500017881393433
vt 0.6142306327819824 0.125
vt 0.8125 0.12499988079071045
vt 0.84375 0.12499988079071045
vt 0.6142306327819824 0.125
vt 0.613590657711029 0.12500005960464478
vt 0.78125 0.12499988079071045
vt 0.8125 0.12499988079071045
vt 0.613590657711029 0.12500005960464478
vt 0.6060343980789185 0.12499982118606567
vt 0.75 0.125
vt 0.78125 0.12499988079071045
vt 0.2499999701976776 0.5624999403953552
vt 0.2812499701976776 0.5624999403953552
vt 0.2812499701976776 0.5624999403953552
vt 0.25009235739707947 0.5624999701976776
vt 0.2499999701976776 0.5624999403953552
vt 0.2187499701976776 0.5624999403953552
vt 0.2187499701976776 0.5624999403953552
vt 0.1874999701976776 0.5624999403953552
vt 0.1874999701976776 0.5624999403953552
vt 0.19742019474506378 0.5624999403953552
vt 0.40624991059303284 0.4375
vt 0.40624991059303284 0.4375
vt 0.40624991059303284 0.5
vt 0.40624991059303284 0.5
vt 0.40624988079071045 0.4999551773071289
vt 0.40624991059303284 0.44098299741744995
vt 0.2187499701976776 0.5
vt 0.2187499701976776 0.5
vt 0.19441136717796326 0.5
vt 0.1874999701976776 0.5
vt 0.1874999701976776 0.5
vt 0.3124999403953552 0.5624999403953552
vt 0.3124999403953552 0.5
vt 0.3124999403953552 0.5
vt 0.31249991059303284 0.558666467666626
vt 0.3124999403953552 0.5624999403953552
vt 0.15625 0.5624999403953552
vt 0.15625 0.5624999403953552
vt 0.12499997019767761 0.5624999403953552
vt 0.12499997019767761 0.5624999403953552
vt 0.14957715570926666 0.5625
vt 0.2187499701976776 0.4375
vt 0.2187499701976776 0.4375
vt 0.1874999701976776 0.4375
vt 0.1874999701976776 0.4375
vt 0.20307175815105438 0.4375
vt 0.21074455976486206 0.4375
vt 0.28874698281288147 0.4375
vt 0.3124999403953552 0.4375
vt 0.3124999403953552 0.4375
vt 0.2812499701976776 0.4375
vt 0.2812499701976776 0.4375
vt 0.37499991059303284 0.5624999403953552
vt 0.3437499403953552 0.5624999403953552
vt 0.3437499403953552 0.5624999105930328
vt 0.3705390691757202 0.5624999403953552
vt 0.37499991059303284 0.5624999403953552
vt 0.12499997019767761 0.4375
vt 0.15625 0.4375
vt 0.15625 0.4375
vt 0.1547914296388626 0.4375
vt 0.14032183587551117 0.4375
vt 0.12499997019767761 0.4375
vt 0.3437499403953552 0.5
vt 0.37499991059303284 0.5
vt 0.37499991059303284 0.5
vt 0.3748447597026825 0.4999999403953552
vt 0.3437499403953552 0.5
vt 0.12499997019767761 0.5624999403953552
vt 0.12499997019767761 0.5624999403953552
vt 0.12499997019767761 0.5
vt 0.12499997019767761 0.5
vt 0.12499997764825821 0.5006436109542847
vt 0.3124999701976776 0.6249998807907104
vt 0.2812499701976776 0.6249998807907104
vt 0.2812499403953552 0.6249999105930328
vt 0.28288280963897705 0.6249998807907104
vt 0.3124999701976776 0.6249998807907104
vt 0.3437499403953552 0.5624999403953552
vt 0.3437499701976776 0.6249998807907104
vt 0.3437499701976776 0.6249998807907104
vt 0.3437499403953552 0.5778610408306122
vt 0.3437499403953552 0.5624999403953552
vt 0.12499997019767761 0.5
vt 0.12499997019767761 0.5
vt 0.12499997019767761 0.4375
vt 0.12499996274709702 0.4375
vt 0.12499996274709702 0.4501574635505676
vt 0.12499997019767761 0.4923892617225647
vt 0.2812499701976776 0.5624999403953552
vt 0.3124999403953552 0.5624999403953552
vt 0.3124999403953552 0.5624999403953552
vt 0.2834300100803375 0.5624999701976776
vt 0.2812499701976776 0.5624999403953552
vt 0.23417150974273682 0.5
vt 0.2187499701976776 0.5
vt 0.2187499701976776 0.5
vt 0.2499999701976776 0.5
vt 0.2499999701976776 0.5
vt 0.15625 0.5
vt 0.1874999701976776 0.5
vt 0.1874999701976776 0.5
vt 0.15649396181106567 0.5
vt 0.15625 0.5
vt 0.3437499403953552 0.38374972343444824
vt 0.34375 0.37629956007003784
vt 0.3437499701976776 0.375
vt 0.3437499701976776 0.375
vt 0.3437499403953552 0.4375
vt 0.3437499403953552 0.4375
vt 0.16366901993751526 0.4375
vt 0.16411954164505005 0.4375
vt 0.1865890473127365 0.4375
vt 0.1874999701976776 0.4375
vt 0.1874999701976776 0.4375
vt 0.15625 0.4375
vt 0.15625 0.4375
vt 0.2812499701976776 0.4375
vt 0.2812499701976776 0.4375
vt 0.2812499701976776 0.375
vt 0.2812499701976776 0.3750000596046448
vt 0.2812499701976776 0.3901134729385376
vt 0.2812499403953552 0.40088796615600586
vt 0.40624991059303284 0.5624999403953552
vt 0.37499991059303284 0.5624999403953552
vt 0.37499988079071045 0.5624999403953552
vt 0.3848065137863159 0.5624999403953552
vt 0.40624991059303284 0.5624999403953552
vt 0.1875 0.375
vt 0.1875 0.375
vt 0.18659134209156036 0.375
vt 0.18591785430908203 0.375
vt 0.16322197020053864 0.3750000596046448
vt 0.1562500298023224 0.375
vt 0.1562500298023224 0.375
vt 0.3437499701976776 0.6249998807907104
vt 0.3437499701976776 0.6249998807907104
vt 0.3124999701976776 0.6249998807907104
vt 0.3124999701976776 0.6249998807907104
vt 0.3140853941440582 0.6249999105930328
vt 0.21875 0.6249998807907104
vt 0.21875 0.6249998807907104
vt 0.2187499701976776 0.5624999403953552
vt 0.2187499701976776 0.5624999403953552
vt 0.2187499701976776 0.5826968550682068
vt 0.1874999701976776 0.5624999403953552
vt 0.1874999701976776 0.5624999403953552
vt 0.15625 0.5624999403953552
vt 0.15625 0.5624999403953552
vt 0.15654100477695465 0.5624999701976776
vt 0.37499991059303284 0.4375
vt 0.40624991059303284 0.4375
vt 0.40624991059303284 0.4375
vt 0.40587422251701355 0.4375
vt 0.37499991059303284 0.4375
vt 0.3124999403953552 0.5
vt 0.3437499403953552 0.5
vt 0.3437499403953552 0.5
vt 0.3390044867992401 0.5
vt 0.3124999403953552 0.5
vt 0.21875 0.375
vt 0.21875 0.375
vt 0.2187499701976776 0.4375
vt 0.2187499701976776 0.4375
vt 0.2187499701976776 0.42594802379608154
vt 0.21875 0.4006413221359253
vt 0.15625 0.4375
vt 0.15625 0.4375
vt 0.15625 0.5
vt 0.15625 0.5
vt 0.15625 0.490032434463501
vt 0.3437499403953552 0.4375
vt 0.3437499403953552 0.4375
vt 0.3124999403953552 0.4375
vt 0.3124999403953552 0.4375
vt 0.3131501376628876 0.4375
vt 0.32774755358695984 0.4375
vt 0.335969477891922 0.4375
vt 0.2812499701976776 0.6249998807907104
vt 0.2812499701976776 0.6249998807907104
vt 0.2499999701976776 0.6249998807907104
vt 0.2499999701976776 0.6249998807907104
vt 0.25009819865226746 0.6249998807907104
vt 0.37499991059303284 0.5
vt 0.37499991059303284 0.5
vt 0.37499991059303284 0.4375
vt 0.3749999403953552 0.4375
vt 0.37499991059303284 0.4543461799621582
vt 0.37499991059303284 0.481902539730072
vt 0.1562500298023224 0.38691747188568115
vt 0.15625 0.43685269355773926
vt 0.15625 0.4375
vt 0.15625 0.4375
vt 0.1562500298023224 0.375
vt 0.1562500298023224 0.375
vt 0.3124999701976776 0.375
vt 0.3437499701976776 0.375
vt 0.3437499701976776 0.375
vt 0.3169618546962738 0.375
vt 0.3133774399757385 0.375
vt 0.3124999403953552 0.375
vt 0.39864829182624817 0.43601274490356445
vt 0.39760416746139526 0.4375
vt 0.40624991059303284 0.4375
vt 0.4062499403953552 0.375
vt 0.3749999701976776 0.375
vt 0.37499991059303284 0.4375
vt 0.3786641061306 0.4375
vt 0.3831618130207062 0.4124116897583008
vt 0.39760416746139526 0.4375
vt 0.39908942580223083 0.4399499297142029
vt 0.40385279059410095 0.5
vt 0.40624991059303284 0.5
vt 0.40624991059303284 0.4375
vt 0.38618242740631104 0.5624999403953552
vt 0.40624991059303284 0.5624999403953552
vt 0.40624991059303284 0.5
vt 0.40385276079177856 0.5
vt 0.4038591980934143 0.5000458359718323
vt 0.4018268883228302 0.5471107959747314
vt 0.37978512048721313 0.5707796216011047
vt 0.37499991059303284 0.5704475939273834
vt 0.3749999701976776 0.6249998807907104
vt 0.4062499403953552 0.6249998807907104
vt 0.40624991059303284 0.5624999403953552
vt 0.38618242740631104 0.5624999403953552
vt 0.3726905882358551 0.49979734420776367
vt 0.37499991059303284 0.47506582736968994
vt 0.37499991059303284 0.4375
vt 0.3437499403953552 0.4375
vt 0.3437499403953552 0.5
vt 0.37256285548210144 0.5
vt 0.3437499701976776 0.6249998807907104
vt 0.3749999701976776 0.6249998807907104
vt 0.37499991059303284 0.5704475939273834
vt 0.347519189119339 0.5750162303447723
vt 0.3437499403953552 0.5843742489814758
vt 0.3749999701976776 0.375
vt 0.37499991059303284 0.3125
vt 0.34374991059303284 0.3125000596046448
vt 0.3437499701976776 0.36559635400772095
vt 0.3450078070163727 0.375
vt 0.3437499403953552 0.4375
vt 0.37499991059303284 0.4375
vt 0.3749999701976776 0.375
vt 0.3450078070163727 0.375
vt 0.3572230935096741 0.4363691210746765
vt 0.3437499403953552 0.4366304874420166
vt 0.3435894250869751 0.3639261722564697
vt 0.3437499403953552 0.36559635400772095
vt 0.34374991059303284 0.3125000596046448
vt 0.3124999403953552 0.3125
vt 0.3124999701976776 0.375
vt 0.31605440378189087 0.375
vt 0.3124999403953552 0.5
vt 0.3437499403953552 0.5
vt 0.3437499403953552 0.4375
vt 0.33246085047721863 0.4375
vt 0.3124999403953552 0.4389868378639221
vt 0.3437499403953552 0.5380976796150208
vt 0.3437499403953552 0.5
vt 0.3124999403953552 0.5
vt 0.3124999403953552 0.5585697889328003
vt 0.32700446248054504 0.5273847579956055
vt 0.3124999701976776 0.6224760711193085
vt 0.3124999701976776 0.6249998807907104
vt 0.3437499701976776 0.6249998807907104
vt 0.3437499403953552 0.5843742489814758
vt 0.3336929976940155 0.615143746137619
vt 0.3115178644657135 0.5605418086051941
vt 0.3124999403953552 0.5585697889328003
vt 0.3124999403953552 0.5
vt 0.2812499403953552 0.5
vt 0.2812499403953552 0.5393823683261871
vt 0.2812499701976776 0.600927472114563
vt 0.2812499701976776 0.6249998807907104
vt 0.3124999701976776 0.6249998807907104
vt 0.3124999701976776 0.6224761009216309
vt 0.31135833263397217 0.6226617395877838
vt 0.3124999701976776 0.375
vt 0.2812499701976776 0.375
vt 0.2812499701976776 0.42749959230422974
vt 0.2844851016998291 0.4132887125015259
vt 0.31158918142318726 0.3769301176071167
vt 0.3124999701976776 0.37639594078063965
vt 0.2812499403953552 0.5
vt 0.3124999403953552 0.5
vt 0.3124999403953552 0.4389868974685669
vt 0.31155896186828613 0.43913114070892334
vt 0.2812499403953552 0.46212077140808105
vt 0.2812499701976776 0.42749959230422974
vt 0.2812499701976776 0.375
vt 0.2499999701976776 0.375
vt 0.2499999701976776 0.4375
vt 0.2791304588317871 0.4375
vt 0.2791304588317871 0.4375
vt 0.2499999701976776 0.4375
vt 0.2499999701976776 0.5
vt 0.2812499403953552 0.5
vt 0.2812499701976776 0.46212077140808105
vt 0.2723481059074402 0.4694112539291382
vt 0.2812499403953552 0.5393823683261871
vt 0.2812499403953552 0.5
vt 0.2499999701976776 0.5
vt 0.2499999701976776 0.5610315501689911
vt 0.2790984511375427 0.5377839207649231
vt 0.2499999701976776 0.6233565509319305
vt 0.2499999701976776 0.6249998807907104
vt 0.2812499701976776 0.6249998807907104
vt 0.2812499701976776 0.600927472114563
vt 0.27975594997406006 0.599954754114151
vt 0.2346172332763672 0.6000322997570038
vt 0.2187499850988388 0.5954568386077881
vt 0.21875 0.6249998807907104
vt 0.2499999701976776 0.6249998807907104
vt 0.2499999701976776 0.6233565509319305
vt 0.24990704655647278 0.6234129071235657
vt 0.22554871439933777 0.4375
vt 0.2499999701976776 0.4375
vt 0.2499999701976776 0.375
vt 0.21875 0.375
vt 0.2187499701976776 0.41546761989593506
vt 0.2187499701976776 0.4420977830886841
vt 0.2187499701976776 0.5
vt 0.2499999701976776 0.5
vt 0.2499999701976776 0.4375
vt 0.22554871439933777 0.4375
vt 0.22853513062000275 0.44700151681900024
vt 0.2499999701976776 0.5610315501689911
vt 0.2499999701976776 0.5
vt 0.2187499701976776 0.5
vt 0.2187499701976776 0.5424823760986328
vt 0.23067030310630798 0.5501502752304077
vt 0.24991530179977417 0.5610956847667694
vt 0.2187499850988388 0.41546761989593506
vt 0.21875 0.375
vt 0.1875 0.375
vt 0.1875 0.37532490491867065
vt 0.1887725591659546 0.37607234716415405
vt 0.21140149235725403 0.3929455876350403
vt 0.1874999701976776 0.4375
vt 0.1874999701976776 0.5
vt 0.2187499701976776 0.5
vt 0.2187499701976776 0.4420977830886841
vt 0.20904268324375153 0.4375
vt 0.2187499701976776 0.5424823760986328
vt 0.2187499701976776 0.5
vt 0.1874999701976776 0.5
vt 0.1874999701976776 0.5547564029693604
vt 0.20608849823474884 0.5360485315322876
vt 0.1875 0.6249998807907104
vt 0.21875 0.6249998807907104
vt 0.21875 0.5954568386077881
vt 0.2106492817401886 0.5943182408809662
vt 0.1874999850988388 0.6045954823493958
vt 0.15625 0.5665418207645416
vt 0.1562500298023224 0.6249998807907104
vt 0.1875 0.6249998807907104
vt 0.1874999850988388 0.6045954823493958
vt 0.17722183465957642 0.6090628206729889
vt 0.15625 0.3125
vt 0.1562500149011612 0.36332428455352783
vt 0.18662212789058685 0.375
vt 0.1875 0.375
vt 0.1874999701976776 0.3125
vt 0.15625 0.4897477626800537
vt 0.15801772475242615 0.4995076060295105
vt 0.15820473432540894 0.5
vt 0.1874999701976776 0.5
vt 0.1874999701976776 0.4375
vt 0.15686532855033875 0.4375
vt 0.15625 0.43767863512039185
vt 0.14511264860630035 0.375
vt 0.1250000298023224 0.375
vt 0.1249999850988388 0.429440438747406
vt 0.14170055091381073 0.4375
vt 0.1434153914451599 0.4375
vt 0.12714818120002747 0.5
vt 0.12499997019767761 0.5
vt 0.12499997019767761 0.5624999403953552
vt 0.15057694911956787 0.5624999403953552
vt 0.12995705008506775 0.5502999424934387
vt 0.15601839125156403 0.5661577582359314
vt 0.15057694911956787 0.5624999403953552
vt 0.12499997019767761 0.5624999403953552
vt 0.1250000298023224 0.6249999403953552
vt 0.1562500298023224 0.6249998807907104
vt 0.15625 0.5665418207645416
vt 0.1562500298023224 0.3633243441581726
vt 0.15625 0.3125
vt 0.12499997019767761 0.3125
vt 0.1250000298023224 0.375
vt 0.14511263370513916 0.375
vt 0.14269936084747314 0.3582409620285034
vt 0.12499997764825821 0.429440438747406
vt 0.1250000298023224 0.375
vt 0.09375002980232239 0.375
vt 0.09375 0.4375
vt 0.11395395547151566 0.4375
vt 0.10998468846082687 0.4208008050918579
vt 0.11395397037267685 0.4375
vt 0.09375 0.4375
vt 0.09375 0.5
vt 0.12499997019767761 0.5
vt 0.12499997019767761 0.48986172676086426
vt 0.6874998807907104 0.875
vt 0.6562498807907104 0.875
vt 0.6249998807907104 0.875
vt 0.5937498807907104 0.875
vt 0.5624998807907104 0.8749999403953552
vt 0.5312498807907104 0.8749999403953552
vt 0.49999985098838806 0.8749999403953552
vt 0.46874985098838806 0.8749999403953552
vt 0.43749985098838806 0.8749999403953552
vt 0.40624985098838806 0.8749999403953552
vt 0.37499988079071045 0.8749999403953552
vt 0.34374991059303284 0.8749999403953552
vt 0.31249991059303284 0.8749999403953552
vt 0.2812499701976776 0.8749999403953552
vt 0.2499999701976776 0.8749999403953552
vt 0.21875 0.8749999403953552
vt 0.1875000298023224 0.8749999403953552
vt 0.1562500298023224 0.8749999403953552
vt 0.12500005960464478 0.8749999403953552
vt 0.09375008940696716 0.8749999403953552
vt 0.06250005960464478 0.875
vt 0.03125008940696716 0.875
vt 8.940696716308594e-8 0.875
vt 0.9687501192092896 0.8750001192092896
vt 0.9375001192092896 0.8750001192092896
vt 0.9062501192092896 0.8750001192092896
vt 0.875 0.8750001788139343
vt 0.84375 0.8750001788139343
vt 0.8125 0.8750001788139343
vt 0.78125 0.8750001788139343
vt 0.7499998807907104 0.8750001788139343
vt 0.71875 0.875
vn 0.7273029318479437 0.02585755155993119 0.6858293026349275
vn 0.7273029318479437 0.02585755155993119 0.6858293026349275
vn 0.7273029318479437 0.02585755155993119 0.6858293026349275
vn 0.27930027463205587 0.2928541608686734 0.9144549179988937
vn 0.27930027463205587 0.2928541608686734 0.9144549179988937
vn 0.27930027463205587 0.2928541608686734 0.9144549179988937
vn 0.28512653714360403 0.28790199756108 0.914229346289451
vn 0.28512653714360403 0.28790199756108 0.914229346289451
vn 0.28512653714360403 0.28790199756108 0.914229346289451
vn -0.33326096432539043 0.3873769629533166 0.8595790936440786
vn -0.33326096432539043 0.3873769629533166 0.8595790936440786
vn -0.33326096432539043 0.3873769629533166 0.8595790936440786
vn -0.24086981810481942 0.38469746003413946 0.8910609378541026
vn -0.24086981810481942 0.38469746003413946 0.8910609378541026
vn -0.24086981810481942 0.38469746003413946 0.8910609378541026
vn -0.7763519044081137 0.09396950353307895 0.6232555277954955
vn -0.7763519044081137 0.09396950353307895 0.6232555277954955
vn -0.7763519044081137 0.09396950353307895 0.6232555277954955
vn -0.7652436697399144 0.22390392163737471 0.6035471479498461
vn -0.7652436697399144 0.22390392163737471 0.6035471479498461
vn -0.7652436697399144 0.22390392163737471 0.6035471479498461
vn -0.050702799955325104 -0.28600600303721274 -0.9568854645689671
vn -0.050702799955325104 -0.28600600303721274 -0.9568854645689671
vn -0.050702799955325104 -0.28600600303721274 -0.9568854645689671
vn -0.050702799955325104 -0.28600600303721274 -0.9568854645689671
vn -0.11872313417245017 0.9151298008858578 -0.3852820589423813
vn -0.11872313417245017 0.9151298008858578 -0.3852820589423813
vn -0.11872313417245017 0.9151298008858578 -0.3852820589423813
vn -0.11872313417245017 0.9151298008858578 -0.3852820589423813
vn -0.05198501809081957 -0.5647471306909044 -0.823625058063733
vn -0.05198501809081957 -0.5647471306909044 -0.823625058063733
vn -0.05198501809081957 -0.5647471306909044 -0.823625058063733
vn -0.05198501809081957 -0.5647471306909044 -0.823625058063733
vn -0.09842589092249429 0.8452073876160895 -0.5252968835956471
vn -0.09842589092249429 0.8452073876160895 -0.5252968835956471
vn -0.09842589092249429 0.8452073876160895 -0.5252968835956471
vn -0.09842589092249429 0.8452073876160895 -0.5252968835956471
vn -0.07109920319641938 -0.7591342402777081 -0.6470394953500297
vn -0.07109920319641938 -0.7591342402777081 -0.6470394953500297
vn -0.07109920319641938 -0.7591342402777081 -0.6470394953500297
vn -0.07109920319641938 -0.7591342402777081 -0.6470394953500297
vn -0.009955669187968584 0.7228800310429566 -0.690901834829199
vn -0.009955669187968584 0.7228800310429566 -0.690901834829199
vn -0.009955669187968584 0.7228800310429566 -0.690901834829199
vn -0.009955669187968584 0.7228800310429566 -0.690901834829199
vn -0.08603942133670395 -0.9083337388972265 -0.4093006679166677
vn -0.08603942133670395 -0.9083337388972265 -0.4093006679166677
vn -0.08603942133670395 -0.9083337388972265 -0.4093006679166677
vn -0.08603942133670395 -0.9083337388972265 -0.4093006679166677
vn -0.02408741917340963 0.4491635193573678 -0.8931248116114948
vn -0.02408741917340963 0.4491635193573678 -0.8931248116114948
vn -0.02408741917340963 0.4491635193573678 -0.8931248116114948
vn -0.02408741917340963 0.4491635193573678 -0.8931248116114948
vn -0.179668201634557 -0.9635365259328285 -0.19828439301846237
vn -0.179668201634557 -0.9635365259328285 -0.19828439301846237
vn -0.179668201634557 -0.9635365259328285 -0.19828439301846237
vn -0.179668201634557 -0.9635365259328285 -0.19828439301846237
vn -0.07413410354823907 0.30246671288035076 -0.9502726041986342
vn -0.07413410354823907 0.30246671288035076 -0.9502726041986342
vn -0.07413410354823907 0.30246671288035076 -0.9502726041986342
vn -0.07413410354823907 0.30246671288035076 -0.9502726041986342
vn -0.0635994000969896 0.09442106820902578 -0.9934987560060502
vn -0.0635994000969896 0.09442106820902578 -0.9934987560060502
vn -0.0635994000969896 0.09442106820902578 -0.9934987560060502
vn -0.0635994000969896 0.09442106820902578 -0.9934987560060502
vn -0.06755881801846195 -0.09786559157936009 -0.9929038886482268
vn -0.06755881801846195 -0.09786559157936009 -0.9929038886482268
vn -0.06755881801846195 -0.09786559157936009 -0.9929038886482268
vn -0.06755881801846195 -0.09786559157936009 -0.9929038886482268
vn 0.4104637123426095 -0.043613983689681585 -0.9108333334241999
vn 0.4104637123426095 -0.043613983689681585 -0.9108333334241999
vn 0.4104637123426095 -0.043613983689681585 -0.9108333334241999
vn 0.4104637123426095 -0.043613983689681585 -0.9108333334241999
vn 0.3469347488402515 -0.3146083152541592 -0.8835484638773876
vn 0.3469347488402515 -0.3146083152541592 -0.8835484638773876
vn 0.3469347488402515 -0.3146083152541592 -0.8835484638773876
vn 0.3469347488402515 -0.3146083152541592 -0.8835484638773876
vn 0.3381431821311411 0.9095501239570376 -0.2416149010056361
vn 0.3381431821311411 0.9095501239570376 -0.2416149010056361
vn 0.3381431821311411 0.9095501239570376 -0.2416149010056361
vn 0.3381431821311411 0.9095501239570376 -0.2416149010056361
vn 0.34595608692032287 -0.5949487672750395 -0.7255000690838622
vn 0.34595608692032287 -0.5949487672750395 -0.7255000690838622
vn 0.34595608692032287 -0.5949487672750395 -0.7255000690838622
vn 0.34595608692032287 -0.5949487672750395 -0.7255000690838622
vn 0.36275651243495766 0.8170861210745909 -0.44808256318819784
vn 0.36275651243495766 0.8170861210745909 -0.44808256318819784
vn 0.36275651243495766 0.8170861210745909 -0.44808256318819784
vn 0.36275651243495766 0.8170861210745909 -0.44808256318819784
vn 0.3350475041261776 -0.7556184049453536 -0.562835674141804
vn 0.3350475041261776 -0.7556184049453536 -0.562835674141804
vn 0.3350475041261776 -0.7556184049453536 -0.562835674141804
vn 0.3350475041261776 -0.7556184049453536 -0.562835674141804
vn 0.4177364241683558 0.6768545441953504 -0.6061057712356318
vn 0.4177364241683558 0.6768545441953504 -0.6061057712356318
vn 0.4177364241683558 0.6768545441953504 -0.6061057712356318
vn 0.4177364241683558 0.6768545441953504 -0.6061057712356318
vn 0.32279787067260163 -0.9156515909356656 -0.2395489484556735
vn 0.32279787067260163 -0.9156515909356656 -0.2395489484556735
vn 0.32279787067260163 -0.9156515909356656 -0.2395489484556735
vn 0.32279787067260163 -0.9156515909356656 -0.2395489484556735
vn 0.4276548336426604 0.5209493275276929 -0.7387307638175854
vn 0.4276548336426604 0.5209493275276929 -0.7387307638175854
vn 0.4276548336426604 0.5209493275276929 -0.7387307638175854
vn 0.4276548336426604 0.5209493275276929 -0.7387307638175854
vn 0.43466360860136377 -0.8973443323609676 -0.0764244498657995
vn 0.43466360860136377 -0.8973443323609676 -0.0764244498657995
vn 0.43466360860136377 -0.8973443323609676 -0.0764244498657995
vn 0.43466360860136377 -0.8973443323609676 -0.0764244498657995
vn 0.3879860187513848 0.3406917114417453 -0.8563854313382174
vn 0.3879860187513848 0.3406917114417453 -0.8563854313382174
vn 0.3879860187513848 0.3406917114417453 -0.8563854313382174
vn 0.3879860187513848 0.3406917114417453 -0.8563854313382174
vn 0.4121205751229947 0.04569770079413057 -0.9099826106593588
vn 0.4121205751229947 0.04569770079413057 -0.9099826106593588
vn 0.4121205751229947 0.04569770079413057 -0.9099826106593588
vn 0.4121205751229947 0.04569770079413057 -0.9099826106593588
vn 0.13319710859827164 0.6768542868833394 -0.7239660244712499
vn 0.13319710859827164 0.6768542868833394 -0.7239660244712499
vn 0.13319710859827164 0.6768542868833394 -0.7239660244712499
vn 0.13319710859827164 0.6768542868833394 -0.7239660244712499
vn -0.05886567936615892 -0.9156515963364386 -0.3976392660682451
vn -0.05886567936615892 -0.9156515963364386 -0.3976392660682451
vn -0.05886567936615892 -0.9156515963364386 -0.3976392660682451
vn -0.05886567936615892 -0.9156515963364386 -0.3976392660682451
vn 0.21996379678848074 0.5209491529209284 -0.8247593031747888
vn 0.21996379678848074 0.5209491529209284 -0.8247593031747888
vn 0.21996379678848074 0.5209491529209284 -0.8247593031747888
vn 0.21996379678848074 0.5209491529209284 -0.8247593031747888
vn -0.25331337599190634 -0.897344411170854 -0.36139360991032554
vn -0.25331337599190634 -0.897344411170854 -0.36139360991032554
vn -0.25331337599190634 -0.897344411170854 -0.36139360991032554
vn -0.25331337599190634 -0.897344411170854 -0.36139360991032554
vn 0.33120882944146884 0.34069172559012345 -0.8799033239023684
vn 0.33120882944146884 0.34069172559012345 -0.8799033239023684
vn 0.33120882944146884 0.34069172559012345 -0.8799033239023684
vn 0.33120882944146884 0.34069172559012345 -0.8799033239023684
vn 0.35204221015638326 0.045697869852406064 -0.9348678981327585
vn 0.35204221015638326 0.045697869852406064 -0.9348678981327585
vn 0.35204221015638326 0.045697869852406064 -0.9348678981327585
vn 0.35204221015638326 0.045697869852406064 -0.9348678981327585
vn 0.3538152801119533 -0.043614564964850965 -0.9342978739578863
vn 0.3538152801119533 -0.043614564964850965 -0.9342978739578863
vn 0.3538152801119533 -0.043614564964850965 -0.9342978739578863
vn 0.3538152801119533 -0.043614564964850965 -0.9342978739578863
vn 0.3794437576850109 -0.31460782088557193 -0.8700829579939552
vn 0.3794437576850109 -0.31460782088557193 -0.8700829579939552
vn 0.3794437576850109 -0.31460782088557193 -0.8700829579939552
vn 0.3794437576850109 -0.31460782088557193 -0.8700829579939552
vn -0.0682554942113548 0.9095503573229776 -0.40995040554145984
vn -0.0682554942113548 0.9095503573229776 -0.40995040554145984
vn -0.0682554942113548 0.9095503573229776 -0.40995040554145984
vn -0.0682554942113548 0.9095503573229776 -0.40995040554145984
vn 0.26837847301555573 -0.5949488471823873 -0.7576337271123739
vn 0.26837847301555573 -0.5949488471823873 -0.7576337271123739
vn 0.26837847301555573 -0.5949488471823873 -0.7576337271123739
vn 0.26837847301555573 -0.5949488471823873 -0.7576337271123739
vn 0.0603350534972219 0.8170860556623311 -0.5733498573834843
vn 0.0603350534972219 0.8170860556623311 -0.5733498573834843
vn 0.0603350534972219 0.8170860556623311 -0.5733498573834843
vn 0.0603350534972219 0.8170860556623311 -0.5733498573834843
vn 0.16107051194827895 -0.7556181345761593 -0.6348996179557554
vn 0.16107051194827895 -0.7556181345761593 -0.6348996179557554
vn 0.16107051194827895 -0.7556181345761593 -0.6348996179557554
vn 0.16107051194827895 -0.7556181345761593 -0.6348996179557554
vn 0.7540877922306654 -0.11834574182516329 -0.6460231319391996
vn 0.7540877922306654 -0.11834574182516329 -0.6460231319391996
vn 0.7540877922306654 -0.11834574182516329 -0.6460231319391996
vn 0.7540877922306654 -0.11834574182516329 -0.6460231319391996
vn 0.7440247156919807 -0.3090663763988363 -0.592372515752681
vn 0.7440247156919807 -0.3090663763988363 -0.592372515752681
vn 0.7440247156919807 -0.3090663763988363 -0.592372515752681
vn 0.7440247156919807 -0.3090663763988363 -0.592372515752681
vn 0.3800293673726363 0.9085869793174604 -0.17334180381294792
vn 0.3800293673726363 0.9085869793174604 -0.17334180381294792
vn 0.3800293673726363 0.9085869793174604 -0.17334180381294792
vn 0.3800293673726363 0.9085869793174604 -0.17334180381294792
vn 0.6693990096997361 -0.531718804844746 -0.5188256724445002
vn 0.6693990096997361 -0.531718804844746 -0.5188256724445002
vn 0.6693990096997361 -0.531718804844746 -0.5188256724445002
vn 0.6693990096997361 -0.531718804844746 -0.5188256724445002
vn 0.5661528772430943 0.7838335308878395 -0.2550998146711757
vn 0.5661528772430943 0.7838335308878395 -0.2550998146711757
vn 0.5661528772430943 0.7838335308878395 -0.2550998146711757
vn 0.5661528772430943 0.7838335308878395 -0.2550998146711757
vn 0.5214804959382418 -0.7437055128471438 -0.4182824434718391
vn 0.5214804959382418 -0.7437055128471438 -0.4182824434718391
vn 0.5214804959382418 -0.7437055128471438 -0.4182824434718391
vn 0.5214804959382418 -0.7437055128471438 -0.4182824434718391
vn 0.6302244937217879 0.6964034715069619 -0.343277282071168
vn 0.6302244937217879 0.6964034715069619 -0.343277282071168
vn 0.6302244937217879 0.6964034715069619 -0.343277282071168
vn 0.6302244937217879 0.6964034715069619 -0.343277282071168
vn 0.3586647917677938 -0.9251988840893264 -0.12396205881652021
vn 0.3586647917677938 -0.9251988840893264 -0.12396205881652021
vn 0.3586647917677938 -0.9251988840893264 -0.12396205881652021
vn 0.3586647917677938 -0.9251988840893264 -0.12396205881652021
vn 0.6287316894165309 0.566136590628617 -0.5330908210378801
vn 0.6287316894165309 0.566136590628617 -0.5330908210378801
vn 0.6287316894165309 0.566136590628617 -0.5330908210378801
vn 0.6287316894165309 0.566136590628617 -0.5330908210378801
vn 0.39467709940727186 -0.9177911733367775 0.04346664639195952
vn 0.39467709940727186 -0.9177911733367775 0.04346664639195952
vn 0.39467709940727186 -0.9177911733367775 0.04346664639195952
vn 0.39467709940727186 -0.9177911733367775 0.04346664639195952
vn 0.655709329496483 0.30589262476661794 -0.6902716692177522
vn 0.655709329496483 0.30589262476661794 -0.6902716692177522
vn 0.655709329496483 0.30589262476661794 -0.6902716692177522
vn 0.655709329496483 0.30589262476661794 -0.6902716692177522
vn 0.7130451331288536 0.05333563494823902 -0.6990865097868242
vn 0.7130451331288536 0.05333563494823902 -0.6990865097868242
vn 0.7130451331288536 0.05333563494823902 -0.6990865097868242
vn 0.7130451331288536 0.05333563494823902 -0.6990865097868242
vn 0.1239616903023747 -0.9251990586463144 -0.3586644688526477
vn 0.1239616903023747 -0.9251990586463144 -0.3586644688526477
vn 0.1239616903023747 -0.9251990586463144 -0.3586644688526477
vn 0.1239616903023747 -0.9251990586463144 -0.3586644688526477
vn 0.5330907714683701 0.5661365570579154 -0.6287317616741401
vn 0.5330907714683701 0.5661365570579154 -0.6287317616741401
vn 0.5330907714683701 0.5661365570579154 -0.6287317616741401
vn 0.5330907714683701 0.5661365570579154 -0.6287317616741401
vn -0.04346640996544986 -0.9177910997991197 -0.3946772964514655
vn -0.04346640996544986 -0.9177910997991197 -0.3946772964514655
vn -0.04346640996544986 -0.9177910997991197 -0.3946772964514655
vn -0.04346640996544986 -0.9177910997991197 -0.3946772964514655
vn 0.69027187160223 0.3058922822747244 -0.655709276218901
vn 0.69027187160223 0.3058922822747244 -0.655709276218901
vn 0.69027187160223 0.3058922822747244 -0.655709276218901
vn 0.69027187160223 0.3058922822747244 -0.655709276218901
vn 0.6990866322908176 0.053336140227888636 -0.7130449752279825
vn 0.6990866322908176 0.053336140227888636 -0.7130449752279825
vn 0.6990866322908176 0.053336140227888636 -0.7130449752279825
vn 0.6990866322908176 0.053336140227888636 -0.7130449752279825
vn 0.6460232593886522 -0.11834594714149932 -0.7540876508231942
vn 0.6460232593886522 -0.11834594714149932 -0.7540876508231942
vn 0.6460232593886522 -0.11834594714149932 -0.7540876508231942
vn 0.6460232593886522 -0.11834594714149932 -0.7540876508231942
vn 0.592372667331674 -0.30906597449083395 -0.7440247619605072
vn 0.592372667331674 -0.30906597449083395 -0.7440247619605072
vn 0.592372667331674 -0.30906597449083395 -0.7440247619605072
vn 0.592372667331674 -0.30906597449083395 -0.7440247619605072
vn 0.173341773375926 0.9085869371592099 -0.38002948204913645
vn 0.173341773375926 0.9085869371592099 -0.38002948204913645
vn 0.173341773375926 0.9085869371592099 -0.38002948204913645
vn 0.173341773375926 0.9085869371592099 -0.38002948204913645
vn 0.518825646993498 -0.5317187770791137 -0.6693990514807068
vn 0.518825646993498 -0.5317187770791137 -0.6693990514807068
vn 0.518825646993498 -0.5317187770791137 -0.6693990514807068
vn 0.518825646993498 -0.5317187770791137 -0.6693990514807068
vn 0.25509952182865087 0.7838334306543292 -0.5661531479656883
vn 0.25509952182865087 0.7838334306543292 -0.5661531479656883
vn 0.25509952182865087 0.7838334306543292 -0.5661531479656883
vn 0.25509952182865087 0.7838334306543292 -0.5661531479656883
vn 0.418282842060884 -0.7437054334303007 -0.5214802894872616
vn 0.418282842060884 -0.7437054334303007 -0.5214802894872616
vn 0.418282842060884 -0.7437054334303007 -0.5214802894872616
vn 0.418282842060884 -0.7437054334303007 -0.5214802894872616
vn 0.3432774135587695 0.6964036168137024 -0.6302242615364754
vn 0.3432774135587695 0.6964036168137024 -0.6302242615364754
vn 0.3432774135587695 0.6964036168137024 -0.6302242615364754
vn 0.3432774135587695 0.6964036168137024 -0.6302242615364754
vn 0.9136700960136493 -0.3029620702627092 -0.2709629857241424
vn 0.9136700960136493 -0.3029620702627092 -0.2709629857241424
vn 0.9136700960136493 -0.3029620702627092 -0.2709629857241424
vn 0.9136700960136493 -0.3029620702627092 -0.2709629857241424
vn 0.39666298202461636 0.916144713962511 -0.05776973056790005
vn 0.39666298202461636 0.916144713962511 -0.05776973056790005
vn 0.39666298202461636 0.916144713962511 -0.05776973056790005
vn 0.39666298202461636 0.916144713962511 -0.05776973056790005
vn 0.8074577636214765 -0.5510093632870722 -0.21071459735238843
vn 0.8074577636214765 -0.5510093632870722 -0.21071459735238843
vn 0.8074577636214765 -0.5510093632870722 -0.21071459735238843
vn 0.8074577636214765 -0.5510093632870722 -0.21071459735238843
vn 0.5763409073706688 0.8135111711101964 -0.07765779400724088
vn 0.5763409073706688 0.8135111711101964 -0.07765779400724088
vn 0.5763409073706688 0.8135111711101964 -0.07765779400724088
vn 0.5763409073706688 0.8135111711101964 -0.07765779400724088
vn 0.6599257003152507 -0.7287817906967612 -0.18268872874988235
vn 0.6599257003152507 -0.7287817906967612 -0.18268872874988235
vn 0.6599257003152507 -0.7287817906967612 -0.18268872874988235
vn 0.6599257003152507 -0.7287817906967612 -0.18268872874988235
vn 0.7468741509873036 0.6550316601010296 -0.1145099421547472
vn 0.7468741509873036 0.6550316601010296 -0.1145099421547472
vn 0.7468741509873036 0.6550316601010296 -0.1145099421547472
vn 0.7468741509873036 0.6550316601010296 -0.1145099421547472
vn 0.3964989385130403 -0.911650822573248 -0.10808038424965317
vn 0.3964989385130403 -0.911650822573248 -0.10808038424965317
vn 0.3964989385130403 -0.911650822573248 -0.10808038424965317
vn 0.3964989385130403 -0.911650822573248 -0.10808038424965317
vn 0.7979825526171942 0.5644377152486901 -0.21126739294880745
vn 0.7979825526171942 0.5644377152486901 -0.21126739294880745
vn 0.7979825526171942 0.5644377152486901 -0.21126739294880745
vn 0.7979825526171942 0.5644377152486901 -0.21126739294880745
vn 0.2347412378601515 -0.9720430263660312 -0.005376443159839462
vn 0.2347412378601515 -0.9720430263660312 -0.005376443159839462
vn 0.2347412378601515 -0.9720430263660312 -0.005376443159839462
vn 0.2347412378601515 -0.9720430263660312 -0.005376443159839462
vn 0.898135059902681 0.2843074043992078 -0.3354440549143666
vn 0.898135059902681 0.2843074043992078 -0.3354440549143666
vn 0.898135059902681 0.2843074043992078 -0.3354440549143666
vn 0.898135059902681 0.2843074043992078 -0.3354440549143666
vn 0.9126596938392312 0.14437552845819226 -0.3823715340133189
vn 0.9126596938392312 0.14437552845819226 -0.3823715340133189
vn 0.9126596938392312 0.14437552845819226 -0.3823715340133189
vn 0.9126596938392312 0.14437552845819226 -0.3823715340133189
vn 0.9190484085794953 -0.17147887692238212 -0.3548873306514834
vn 0.9190484085794953 -0.17147887692238212 -0.3548873306514834
vn 0.9190484085794953 -0.17147887692238212 -0.3548873306514834
vn 0.9190484085794953 -0.17147887692238212 -0.3548873306514834
vn 0.1697885835751285 -0.9720431799670846 -0.1621847501062594
vn 0.1697885835751285 -0.9720431799670846 -0.1621847501062594
vn 0.1697885835751285 -0.9720431799670846 -0.1621847501062594
vn 0.1697885835751285 -0.9720431799670846 -0.1621847501062594
vn 0.8722724614581615 0.2843074052580435 -0.39788195774269375
vn 0.8722724614581615 0.2843074052580435 -0.39788195774269375
vn 0.8722724614581615 0.2843074052580435 -0.39788195774269375
vn 0.8722724614581615 0.2843074052580435 -0.39788195774269375
vn 0.9157256193647068 0.14437550250299447 -0.3749697378671136
vn 0.9157256193647068 0.14437550250299447 -0.3749697378671136
vn 0.9157256193647068 0.14437550250299447 -0.3749697378671136
vn 0.9157256193647068 0.14437550250299447 -0.3749697378671136
vn 0.900808671530959 -0.17147888392757268 -0.3989219593624582
vn 0.900808671530959 -0.17147888392757268 -0.3989219593624582
vn 0.900808671530959 -0.17147888392757268 -0.3989219593624582
vn 0.900808671530959 -0.17147888392757268 -0.3989219593624582
vn 0.8376622055385556 -0.3029619547396451 -0.45446241141882765
vn 0.8376622055385556 -0.3029619547396451 -0.45446241141882765
vn 0.8376622055385556 -0.3029619547396451 -0.45446241141882765
vn 0.8376622055385556 -0.3029619547396451 -0.45446241141882765
vn 0.3213327308944576 0.9161445678321626 -0.239633901790899
vn 0.3213327308944576 0.9161445678321626 -0.239633901790899
vn 0.3213327308944576 0.9161445678321626 -0.239633901790899
vn 0.3213327308944576 0.9161445678321626 -0.239633901790899
vn 0.719956959705056 -0.5510092802218187 -0.42196060157517734
vn 0.719956959705056 -0.5510092802218187 -0.42196060157517734
vn 0.719956959705056 -0.5510092802218187 -0.42196060157517734
vn 0.719956959705056 -0.5510092802218187 -0.42196060157517734
vn 0.4624471173484405 0.8135111610162568 -0.35262197117890937
vn 0.4624471173484405 0.8135111610162568 -0.35262197117890937
vn 0.4624471173484405 0.8135111610162568 -0.35262197117890937
vn 0.4624471173484405 0.8135111610162568 -0.35262197117890937
vn 0.5958188389186444 -0.7287817082641215 -0.33745686078263004
vn 0.5958188389186444 -0.7287817082641215 -0.33745686078263004
vn 0.5958188389186444 -0.7287817082641215 -0.33745686078263004
vn 0.5958188389186444 -0.7287817082641215 -0.33745686078263004
vn 0.6090907867060242 0.6550314096654782 -0.4471490421565198
vn 0.6090907867060242 0.6550314096654782 -0.4471490421565198
vn 0.6090907867060242 0.6550314096654782 -0.4471490421565198
vn 0.6090907867060242 0.6550314096654782 -0.4471490421565198
vn 0.35679138665896304 -0.9116509372617833 -0.20394233252487415
vn 0.35679138665896304 -0.9116509372617833 -0.20394233252487415
vn 0.35679138665896304 -0.9116509372617833 -0.20394233252487415
vn 0.35679138665896304 -0.9116509372617833 -0.20394233252487415
vn 0.7136474408231882 0.5644378706013573 -0.41487012478306934
vn 0.7136474408231882 0.5644378706013573 -0.41487012478306934
vn 0.7136474408231882 0.5644378706013573 -0.41487012478306934
vn 0.7136474408231882 0.5644378706013573 -0.41487012478306934
vn 0.3643740598746944 0.9181217360837991 0.15583331550378904
vn 0.3643740598746944 0.9181217360837991 0.15583331550378904
vn 0.3643740598746944 0.9181217360837991 0.15583331550378904
vn 0.3643740598746944 0.9181217360837991 0.15583331550378904
vn 0.781852368656733 -0.618434670426361 0.07902804591089171
vn 0.781852368656733 -0.618434670426361 0.07902804591089171
vn 0.781852368656733 -0.618434670426361 0.07902804591089171
vn 0.781852368656733 -0.618434670426361 0.07902804591089171
vn 0.5294990034163648 0.8427383849521883 0.0970712105067915
vn 0.5294990034163648 0.8427383849521883 0.0970712105067915
vn 0.5294990034163648 0.8427383849521883 0.0970712105067915
vn 0.5294990034163648 0.8427383849521883 0.0970712105067915
vn 0.7032446857410979 -0.7053763717831508 0.08883178545398387
vn 0.7032446857410979 -0.7053763717831508 0.08883178545398387
vn 0.7032446857410979 -0.7053763717831508 0.08883178545398387
vn 0.7032446857410979 -0.7053763717831508 0.08883178545398387
vn 0.7610176977435266 0.635988936450185 0.12794583398495285
vn 0.7610176977435266 0.635988936450185 0.12794583398495285
vn 0.7610176977435266 0.635988936450185 0.12794583398495285
vn 0.7610176977435266 0.635988936450185 0.12794583398495285
vn 0.3310376345415027 -0.9329624723924416 0.1414040650920232
vn 0.3310376345415027 -0.9329624723924416 0.1414040650920232
vn 0.3310376345415027 -0.9329624723924416 0.1414040650920232
vn 0.3310376345415027 -0.9329624723924416 0.1414040650920232
vn 0.8289579008057968 0.5460937720613416 0.12087344955556716
vn 0.8289579008057968 0.5460937720613416 0.12087344955556716
vn 0.8289579008057968 0.5460937720613416 0.12087344955556716
vn 0.8289579008057968 0.5460937720613416 0.12087344955556716
vn 0.27932226496338686 -0.930282965882396 0.23780806480179814
vn 0.27932226496338686 -0.930282965882396 0.23780806480179814
vn 0.27932226496338686 -0.930282965882396 0.23780806480179814
vn 0.27932226496338686 -0.930282965882396 0.23780806480179814
vn 0.9537978656788294 0.2957966194028862 0.052668694462019806
vn 0.9537978656788294 0.2957966194028862 0.052668694462019806
vn 0.9537978656788294 0.2957966194028862 0.052668694462019806
vn 0.9537978656788294 0.2957966194028862 0.052668694462019806
vn 0.9944316816358416 0.08945083100127352 0.05571516303569271
vn 0.9944316816358416 0.08945083100127352 0.05571516303569271
vn 0.9944316816358416 0.08945083100127352 0.05571516303569271
vn 0.9944316816358416 0.08945083100127352 0.05571516303569271
vn 0.999133195396612 -0.041059491510470274 0.006853904978685159
vn 0.999133195396612 -0.041059491510470274 0.006853904978685159
vn 0.999133195396612 -0.041059491510470274 0.006853904978685159
vn 0.999133195396612 -0.041059491510470274 0.006853904978685159
vn 0.9432788295571237 -0.3307288863824653 -0.02904226956622008
vn 0.9432788295571237 -0.3307288863824653 -0.02904226956622008
vn 0.9432788295571237 -0.3307288863824653 -0.02904226956622008
vn 0.9432788295571237 -0.3307288863824653 -0.02904226956622008
vn 0.9537979633616012 0.29579628622467724 -0.05266879667270309
vn 0.9537979633616012 0.29579628622467724 -0.05266879667270309
vn 0.9537979633616012 0.29579628622467724 -0.05266879667270309
vn 0.9537979633616012 0.29579628622467724 -0.05266879667270309
vn 0.9944316938843084 0.0894511215116846 -0.05571447799887027
vn 0.9944316938843084 0.0894511215116846 -0.05571447799887027
vn 0.9944316938843084 0.0894511215116846 -0.05571447799887027
vn 0.9944316938843084 0.0894511215116846 -0.05571447799887027
vn 0.9991331884153823 -0.041059784029373256 -0.006853170242562329
vn 0.9991331884153823 -0.041059784029373256 -0.006853170242562329
vn 0.9991331884153823 -0.041059784029373256 -0.006853170242562329
vn 0.9991331884153823 -0.041059784029373256 -0.006853170242562329
vn 0.9432788711329225 -0.33072872158639544 0.029042795871399983
vn 0.9432788711329225 -0.33072872158639544 0.029042795871399983
vn 0.9432788711329225 -0.33072872158639544 0.029042795871399983
vn 0.9432788711329225 -0.33072872158639544 0.029042795871399983
vn 0.3643733729930114 0.918121935615412 -0.15583374600998648
vn 0.3643733729930114 0.918121935615412 -0.15583374600998648
vn 0.3643733729930114 0.918121935615412 -0.15583374600998648
vn 0.3643733729930114 0.918121935615412 -0.15583374600998648
vn 0.7818521693200062 -0.6184349779668251 -0.07902761135687157
vn 0.7818521693200062 -0.6184349779668251 -0.07902761135687157
vn 0.7818521693200062 -0.6184349779668251 -0.07902761135687157
vn 0.7818521693200062 -0.6184349779668251 -0.07902761135687157
vn 0.5294995852114199 0.8427380082730439 -0.09707130715570343
vn 0.5294995852114199 0.8427380082730439 -0.09707130715570343
vn 0.5294995852114199 0.8427380082730439 -0.09707130715570343
vn 0.5294995852114199 0.8427380082730439 -0.09707130715570343
vn 0.7032445827380279 -0.7053765360120842 -0.08883129681148388
vn 0.7032445827380279 -0.7053765360120842 -0.08883129681148388
vn 0.7032445827380279 -0.7053765360120842 -0.08883129681148388
vn 0.7032445827380279 -0.7053765360120842 -0.08883129681148388
vn 0.7610175604394017 0.6359890486594861 -0.12794609289878117
vn 0.7610175604394017 0.6359890486594861 -0.12794609289878117
vn 0.7610175604394017 0.6359890486594861 -0.12794609289878117
vn 0.7610175604394017 0.6359890486594861 -0.12794609289878117
vn 0.33103810315897486 -0.9329624004800476 -0.14140344248785264
vn 0.33103810315897486 -0.9329624004800476 -0.14140344248785264
vn 0.33103810315897486 -0.9329624004800476 -0.14140344248785264
vn 0.33103810315897486 -0.9329624004800476 -0.14140344248785264
vn 0.82895798736951 0.546093711169857 -0.12087313099702601
vn 0.82895798736951 0.546093711169857 -0.12087313099702601
vn 0.82895798736951 0.546093711169857 -0.12087313099702601
vn 0.82895798736951 0.546093711169857 -0.12087313099702601
vn 0.2793222822501188 -0.9302831208961022 -0.23780743809728289
vn 0.2793222822501188 -0.9302831208961022 -0.23780743809728289
vn 0.2793222822501188 -0.9302831208961022 -0.23780743809728289
vn 0.2793222822501188 -0.9302831208961022 -0.23780743809728289
vn 0.7233328900723275 -0.5131371691594195 0.4620387167399195
vn 0.7233328900723275 -0.5131371691594195 0.4620387167399195
vn 0.7233328900723275 -0.5131371691594195 0.4620387167399195
vn 0.7233328900723275 -0.5131371691594195 0.4620387167399195
vn 0.3818443051304374 0.8265056540271039 0.4136222074558892
vn 0.3818443051304374 0.8265056540271039 0.4136222074558892
vn 0.3818443051304374 0.8265056540271039 0.4136222074558892
vn 0.3818443051304374 0.8265056540271039 0.4136222074558892
vn 0.5258068476388845 -0.7608599092475286 0.3802885187274284
vn 0.5258068476388845 -0.7608599092475286 0.3802885187274284
vn 0.5258068476388845 -0.7608599092475286 0.3802885187274284
vn 0.5258068476388845 -0.7608599092475286 0.3802885187274284
vn 0.5956987801390644 0.711474546472735 0.37275586254577764
vn 0.5956987801390644 0.711474546472735 0.37275586254577764
vn 0.5956987801390644 0.711474546472735 0.37275586254577764
vn 0.5956987801390644 0.711474546472735 0.37275586254577764
vn 0.2619496617075676 -0.8934586934425048 0.36484782833847734
vn 0.2619496617075676 -0.8934586934425048 0.36484782833847734
vn 0.2619496617075676 -0.8934586934425048 0.36484782833847734
vn 0.2619496617075676 -0.8934586934425048 0.36484782833847734
vn 0.7733386033036432 0.505500152955534 0.3826447438581931
vn 0.7733386033036432 0.505500152955534 0.3826447438581931
vn 0.7733386033036432 0.505500152955534 0.3826447438581931
vn 0.7733386033036432 0.505500152955534 0.3826447438581931
vn 0.16590159575013996 -0.9220075324161254 0.34982677241098176
vn 0.16590159575013996 -0.9220075324161254 0.34982677241098176
vn 0.16590159575013996 -0.9220075324161254 0.34982677241098176
vn 0.16590159575013996 -0.9220075324161254 0.34982677241098176
vn 0.8655614972082943 0.31645432913613786 0.38814939407595755
vn 0.8655614972082943 0.31645432913613786 0.38814939407595755
vn 0.8655614972082943 0.31645432913613786 0.38814939407595755
vn 0.8655614972082943 0.31645432913613786 0.38814939407595755
vn 0.9010682565977398 0.04663500874929897 0.4311625829207151
vn 0.9010682565977398 0.04663500874929897 0.4311625829207151
vn 0.9010682565977398 0.04663500874929897 0.4311625829207151
vn 0.9010682565977398 0.04663500874929897 0.4311625829207151
vn 0.8890957357492922 -0.07009294336057807 0.45232261933654777
vn 0.8890957357492922 -0.07009294336057807 0.45232261933654777
vn 0.8890957357492922 -0.07009294336057807 0.45232261933654777
vn 0.8890957357492922 -0.07009294336057807 0.45232261933654777
vn 0.8122828063493227 -0.3604702227653077 0.4585388326072267
vn 0.8122828063493227 -0.3604702227653077 0.4585388326072267
vn 0.8122828063493227 -0.3604702227653077 0.4585388326072267
vn 0.8122828063493227 -0.3604702227653077 0.4585388326072267
vn 0.28597870463642244 0.8714327267718606 0.39852375488223263
vn 0.28597870463642244 0.8714327267718606 0.39852375488223263
vn 0.28597870463642244 0.8714327267718606 0.39852375488223263
vn 0.28597870463642244 0.8714327267718606 0.39852375488223263
vn 0.942029441452473 0.046635088615748437 0.33227353181760194
vn 0.942029441452473 0.046635088615748437 0.33227353181760194
vn 0.942029441452473 0.046635088615748437 0.33227353181760194
vn 0.942029441452473 0.046635088615748437 0.33227353181760194
vn 0.9485259353661161 -0.07009301297730043 0.30884546211592384
vn 0.9485259353661161 -0.07009301297730043 0.30884546211592384
vn 0.9485259353661161 -0.07009301297730043 0.30884546211592384
vn 0.9485259353661161 -0.07009301297730043 0.30884546211592384
vn 0.8986066518543656 -0.3604699239166789 0.250135001938135
vn 0.8986066518543656 -0.3604699239166789 0.250135001938135
vn 0.8986066518543656 -0.3604699239166789 0.250135001938135
vn 0.8986066518543656 -0.3604699239166789 0.250135001938135
vn 0.48401624848008035 0.8714327901122926 -0.07958117569107605
vn 0.48401624848008035 0.8714327901122926 -0.07958117569107605
vn 0.48401624848008035 0.8714327901122926 -0.07958117569107605
vn 0.48401624848008035 0.8714327901122926 -0.07958117569107605
vn 0.8381840452903498 -0.5131375637883883 0.1847629477195637
vn 0.8381840452903498 -0.5131375637883883 0.1847629477195637
vn 0.8381840452903498 -0.5131375637883883 0.1847629477195637
vn 0.8381840452903498 -0.5131375637883883 0.1847629477195637
vn 0.5624791435001951 0.8265060821143497 -0.022470188145062055
vn 0.5624791435001951 0.8265060821143497 -0.022470188145062055
vn 0.5624791435001951 0.8265060821143497 -0.022470188145062055
vn 0.5624791435001951 0.8265060821143497 -0.022470188145062055
vn 0.6407061756952096 -0.7608598718070165 0.10289728810726426
vn 0.6407061756952096 -0.7608598718070165 0.10289728810726426
vn 0.6407061756952096 -0.7608598718070165 0.10289728810726426
vn 0.6407061756952096 -0.7608598718070165 0.10289728810726426
vn 0.6848012580431307 0.711474003761279 0.15764510444171942
vn 0.6848012580431307 0.711474003761279 0.15764510444171942
vn 0.6848012580431307 0.711474003761279 0.15764510444171942
vn 0.6848012580431307 0.711474003761279 0.15764510444171942
vn 0.4432122688806017 -0.8934589700798893 -0.0727595594921572
vn 0.4432122688806017 -0.8934589700798893 -0.0727595594921572
vn 0.4432122688806017 -0.8934589700798893 -0.0727595594921572
vn 0.4432122688806017 -0.8934589700798893 -0.0727595594921572
vn 0.8174034605391733 0.5055005785431388 0.2762620998094667
vn 0.8174034605391733 0.5055005785431388 0.2762620998094667
vn 0.8174034605391733 0.5055005785431388 0.2762620998094667
vn 0.8174034605391733 0.5055005785431388 0.2762620998094667
vn 0.36467477101089146 -0.92200767076553 -0.1300544748852411
vn 0.36467477101089146 -0.92200767076553 -0.1300544748852411
vn 0.36467477101089146 -0.92200767076553 -0.1300544748852411
vn 0.36467477101089146 -0.92200767076553 -0.1300544748852411
vn 0.8865075147918071 0.3164541688327082 0.33758137573932245
vn 0.8865075147918071 0.3164541688327082 0.33758137573932245
vn 0.8865075147918071 0.3164541688327082 0.33758137573932245
vn 0.8865075147918071 0.3164541688327082 0.33758137573932245
vn 0.17059952592768096 0.7993957908713565 0.5760747966110035
vn 0.17059952592768096 0.7993957908713565 0.5760747966110035
vn 0.17059952592768096 0.7993957908713565 0.5760747966110035
vn 0.17059952592768096 0.7993957908713565 0.5760747966110035
vn 0.3547203061364121 -0.7924594261550832 0.49616686942242155
vn 0.3547203061364121 -0.7924594261550832 0.49616686942242155
vn 0.3547203061364121 -0.7924594261550832 0.49616686942242155
vn 0.3547203061364121 -0.7924594261550832 0.49616686942242155
vn 0.34828579330907017 0.6915038644215394 0.6328660297955239
vn 0.34828579330907017 0.6915038644215394 0.6328660297955239
vn 0.34828579330907017 0.6915038644215394 0.6328660297955239
vn 0.34828579330907017 0.6915038644215394 0.6328660297955239
vn 0.1131783504291726 -0.8963767821391021 0.4286015928996066
vn 0.1131783504291726 -0.8963767821391021 0.4286015928996066
vn 0.1131783504291726 -0.8963767821391021 0.4286015928996066
vn 0.1131783504291726 -0.8963767821391021 0.4286015928996066
vn 0.5091099550231699 0.5142420271941974 0.690189967446288
vn 0.5091099550231699 0.5142420271941974 0.690189967446288
vn 0.5091099550231699 0.5142420271941974 0.690189967446288
vn 0.5091099550231699 0.5142420271941974 0.690189967446288
vn -0.0071843218089377115 -0.9231149884641162 0.3844568943237201
vn -0.0071843218089377115 -0.9231149884641162 0.3844568943237201
vn -0.0071843218089377115 -0.9231149884641162 0.3844568943237201
vn -0.0071843218089377115 -0.9231149884641162 0.3844568943237201
vn 0.02001790923607697 0.8564519084216404 0.5158385521369514
vn 0.02001790923607697 0.8564519084216404 0.5158385521369514
vn 0.02001790923607697 0.8564519084216404 0.5158385521369514
vn 0.02001790923607697 0.8564519084216404 0.5158385521369514
vn 0.5664712251758045 -0.5607621938550938 0.603867628699076
vn 0.5664712251758045 -0.5607621938550938 0.603867628699076
vn 0.5664712251758045 -0.5607621938550938 0.603867628699076
vn 0.5664712251758045 -0.5607621938550938 0.603867628699076
vn 0.5158380932093433 0.8564521812606678 0.02001806204388575
vn 0.5158380932093433 0.8564521812606678 0.02001806204388575
vn 0.5158380932093433 0.8564521812606678 0.02001806204388575
vn 0.5158380932093433 0.8564521812606678 0.02001806204388575
vn 0.6038671480365543 -0.5607624685570275 0.5664714656362021
vn 0.6038671480365543 -0.5607624685570275 0.5664714656362021
vn 0.6038671480365543 -0.5607624685570275 0.5664714656362021
vn 0.6038671480365543 -0.5607624685570275 0.5664714656362021
vn 0.5760741686677947 0.7993961651884601 0.17059989236718048
vn 0.5760741686677947 0.7993961651884601 0.17059989236718048
vn 0.5760741686677947 0.7993961651884601 0.17059989236718048
vn 0.5760741686677947 0.7993961651884601 0.17059989236718048
vn 0.49616668079739634 -0.7924592825310869 0.3547208908378666
vn 0.49616668079739634 -0.7924592825310869 0.3547208908378666
vn 0.49616668079739634 -0.7924592825310869 0.3547208908378666
vn 0.49616668079739634 -0.7924592825310869 0.3547208908378666
vn 0.6328662390481754 0.6915034357173038 0.34828626424850934
vn 0.6328662390481754 0.6915034357173038 0.34828626424850934
vn 0.6328662390481754 0.6915034357173038 0.34828626424850934
vn 0.6328662390481754 0.6915034357173038 0.34828626424850934
vn 0.42860174942182444 -0.8963766614795933 0.1131787133132823
vn 0.42860174942182444 -0.8963766614795933 0.1131787133132823
vn 0.42860174942182444 -0.8963766614795933 0.1131787133132823
vn 0.42860174942182444 -0.8963766614795933 0.1131787133132823
vn 0.3844563957016264 -0.9231151940508645 -0.007184588822559528
vn 0.3844563957016264 -0.9231151940508645 -0.007184588822559528
vn 0.3844563957016264 -0.9231151940508645 -0.007184588822559528
vn 0.3844563957016264 -0.9231151940508645 -0.007184588822559528
vn 0.2053333266564963 -0.7461745516605693 0.6332943734301805
vn 0.2053333266564963 -0.7461745516605693 0.6332943734301805
vn 0.2053333266564963 -0.7461745516605693 0.6332943734301805
vn 0.2053333266564963 -0.7461745516605693 0.6332943734301805
vn 0.1465310694910253 0.7433632191813836 0.6526406132337357
vn 0.1465310694910253 0.7433632191813836 0.6526406132337357
vn 0.1465310694910253 0.7433632191813836 0.6526406132337357
vn 0.1465310694910253 0.7433632191813836 0.6526406132337357
vn -0.008275323690367051 -0.9292065059779918 0.3694682506873792
vn -0.008275323690367051 -0.9292065059779918 0.3694682506873792
vn -0.008275323690367051 -0.9292065059779918 0.3694682506873792
vn -0.008275323690367051 -0.9292065059779918 0.3694682506873792
vn -0.10794284687006493 -0.9311390329663692 0.3483223264392341
vn -0.10794284687006493 -0.9311390329663692 0.3483223264392341
vn -0.10794284687006493 -0.9311390329663692 0.3483223264392341
vn -0.10794284687006493 -0.9311390329663692 0.3483223264392341
vn -0.002522739833793307 0.9404371138283626 0.33995833673835735
vn -0.002522739833793307 0.9404371138283626 0.33995833673835735
vn -0.002522739833793307 0.9404371138283626 0.33995833673835735
vn -0.002522739833793307 0.9404371138283626 0.33995833673835735
vn 0.241348028203438 -0.5338978043628968 0.8103729164889398
vn 0.241348028203438 -0.5338978043628968 0.8103729164889398
vn 0.241348028203438 -0.5338978043628968 0.8103729164889398
vn 0.241348028203438 -0.5338978043628968 0.8103729164889398
vn 0.11559402500529983 0.7808726442658892 0.6139022192664499
vn 0.11559402500529983 0.7808726442658892 0.6139022192664499
vn 0.11559402500529983 0.7808726442658892 0.6139022192664499
vn 0.11559402500529983 0.7808726442658892 0.6139022192664499
vn 0.24217113218917669 0.9404369735357563 0.2386031046342845
vn 0.24217113218917669 0.9404369735357563 0.2386031046342845
vn 0.24217113218917669 0.9404369735357563 0.2386031046342845
vn 0.24217113218917669 0.9404369735357563 0.2386031046342845
vn 0.4023605915561452 -0.5338981971753138 0.743679144131082
vn 0.4023605915561452 -0.5338981971753138 0.743679144131082
vn 0.4023605915561452 -0.5338981971753138 0.743679144131082
vn 0.4023605915561452 -0.5338981971753138 0.743679144131082
vn 0.35235699077148325 0.7808727594956464 0.5158316435932553
vn 0.35235699077148325 0.7808727594956464 0.5158316435932553
vn 0.35235699077148325 0.7808727594956464 0.5158316435932553
vn 0.35235699077148325 0.7808727594956464 0.5158316435932553
vn 0.3026133816441013 -0.7461744277248 0.5929998858848871
vn 0.3026133816441013 -0.7461744277248 0.5929998858848871
vn 0.3026133816441013 -0.7461744277248 0.5929998858848871
vn 0.3026133816441013 -0.7461744277248 0.5929998858848871
vn 0.3578728677459059 0.7433629836164565 0.5651004203857586
vn 0.3578728677459059 0.7433629836164565 0.5651004203857586
vn 0.3578728677459059 0.7433629836164565 0.5651004203857586
vn 0.3578728677459059 0.7433629836164565 0.5651004203857586
vn 0.267104475013117 -0.9292065622810592 0.25540235715784454
vn 0.267104475013117 -0.9292065622810592 0.25540235715784454
vn 0.267104475013117 -0.9292065622810592 0.25540235715784454
vn 0.267104475013117 -0.9292065622810592 0.25540235715784454
vn 0.3844326692007407 0.46575060405722507 0.7970494951202992
vn 0.3844326692007407 0.46575060405722507 0.7970494951202992
vn 0.3844326692007407 0.46575060405722507 0.7970494951202992
vn 0.3844326692007407 0.46575060405722507 0.7970494951202992
vn 0.32262759930849966 -0.9311391298686699 0.16997456572043448
vn 0.32262759930849966 -0.9311391298686699 0.16997456572043448
vn 0.32262759930849966 -0.9311391298686699 0.16997456572043448
vn 0.32262759930849966 -0.9311391298686699 0.16997456572043448
vn -0.2785065815873424 -0.865690177768945 0.41595023756082333
vn -0.2785065815873424 -0.865690177768945 0.41595023756082333
vn -0.2785065815873424 -0.865690177768945 0.41595023756082333
vn -0.2785065815873424 -0.865690177768945 0.41595023756082333
vn -0.0017500003444733104 0.4824582709237206 0.8759172074551842
vn -0.0017500003444733104 0.4824582709237206 0.8759172074551842
vn -0.0017500003444733104 0.4824582709237206 0.8759172074551842
vn -0.0017500003444733104 0.4824582709237206 0.8759172074551842
vn -0.3249734733448033 -0.9129941082597132 0.24664549439482103
vn -0.3249734733448033 -0.9129941082597132 0.24664549439482103
vn -0.3249734733448033 -0.9129941082597132 0.24664549439482103
vn -0.3249734733448033 -0.9129941082597132 0.24664549439482103
vn -0.2665027483506576 0.8973628200655605 0.3517332146464568
vn -0.2665027483506576 0.8973628200655605 0.3517332146464568
vn -0.2665027483506576 0.8973628200655605 0.3517332146464568
vn -0.2665027483506576 0.8973628200655605 0.3517332146464568
vn -0.07068670056638156 -0.5530424770748068 0.8301490281353106
vn -0.07068670056638156 -0.5530424770748068 0.8301490281353106
vn -0.07068670056638156 -0.5530424770748068 0.8301490281353106
vn -0.07068670056638156 -0.5530424770748068 0.8301490281353106
vn -0.20644751246927606 0.8053572523668014 0.5556789726590741
vn -0.20644751246927606 0.8053572523668014 0.5556789726590741
vn -0.20644751246927606 0.8053572523668014 0.5556789726590741
vn -0.20644751246927606 0.8053572523668014 0.5556789726590741
vn -0.16845503648985996 -0.7972904676750068 0.5796126386094154
vn -0.16845503648985996 -0.7972904676750068 0.5796126386094154
vn -0.16845503648985996 -0.7972904676750068 0.5796126386094154
vn -0.16845503648985996 -0.7972904676750068 0.5796126386094154
vn -0.0910949370323781 0.7526909855604055 0.6520414041325694
vn -0.0910949370323781 0.7526909855604055 0.6520414041325694
vn -0.0910949370323781 0.7526909855604055 0.6520414041325694
vn -0.0910949370323781 0.7526909855604055 0.6520414041325694
vn 0.26650265128968426 0.8973629542475365 0.3517329458548094
vn 0.26650265128968426 0.8973629542475365 0.3517329458548094
vn 0.26650265128968426 0.8973629542475365 0.3517329458548094
vn 0.26650265128968426 0.8973629542475365 0.3517329458548094
vn 0.07068632524839899 -0.5530429320912766 0.8301487569627273
vn 0.07068632524839899 -0.5530429320912766 0.8301487569627273
vn 0.07068632524839899 -0.5530429320912766 0.8301487569627273
vn 0.07068632524839899 -0.5530429320912766 0.8301487569627273
vn 0.20644736396395458 0.8053568371094364 0.5556796296729071
vn 0.20644736396395458 0.8053568371094364 0.5556796296729071
vn 0.20644736396395458 0.8053568371094364 0.5556796296729071
vn 0.20644736396395458 0.8053568371094364 0.5556796296729071
vn 0.16845441383857876 -0.7972907212270085 0.5796124707971846
vn 0.16845441383857876 -0.7972907212270085 0.5796124707971846
vn 0.16845441383857876 -0.7972907212270085 0.5796124707971846
vn 0.16845441383857876 -0.7972907212270085 0.5796124707971846
vn 0.09109465022538217 0.7526912550933823 0.6520411330631405
vn 0.09109465022538217 0.7526912550933823 0.6520411330631405
vn 0.09109465022538217 0.7526912550933823 0.6520411330631405
vn 0.09109465022538217 0.7526912550933823 0.6520411330631405
vn 0.2785066169758478 -0.8656899832878723 0.4159506186264327
vn 0.2785066169758478 -0.8656899832878723 0.4159506186264327
vn 0.2785066169758478 -0.8656899832878723 0.4159506186264327
vn 0.2785066169758478 -0.8656899832878723 0.4159506186264327
vn 0.0017497789735345544 0.4824582253799402 0.8759172329831071
vn 0.0017497789735345544 0.4824582253799402 0.8759172329831071
vn 0.0017497789735345544 0.4824582253799402 0.8759172329831071
vn 0.0017497789735345544 0.4824582253799402 0.8759172329831071
vn 0.3249731043680894 -0.912994219708314 0.24664556800513032
vn 0.3249731043680894 -0.912994219708314 0.24664556800513032
vn 0.3249731043680894 -0.912994219708314 0.24664556800513032
vn 0.3249731043680894 -0.912994219708314 0.24664556800513032
vn -0.46665560739748346 0.5199089236709638 0.7154909190002243
vn -0.46665560739748346 0.5199089236709638 0.7154909190002243
vn -0.46665560739748346 0.5199089236709638 0.7154909190002243
vn -0.46665560739748346 0.5199089236709638 0.7154909190002243
vn -0.22593110563522054 -0.9694591503802991 0.09541536171055258
vn -0.22593110563522054 -0.9694591503802991 0.09541536171055258
vn -0.22593110563522054 -0.9694591503802991 0.09541536171055258
vn -0.22593110563522054 -0.9694591503802991 0.09541536171055258
vn -0.24571245551246365 0.9425995009508165 0.2261229090855398
vn -0.24571245551246365 0.9425995009508165 0.2261229090855398
vn -0.24571245551246365 0.9425995009508165 0.2261229090855398
vn -0.24571245551246365 0.9425995009508165 0.2261229090855398
vn -0.34475227692013743 -0.546716868209424 0.763050806679123
vn -0.34475227692013743 -0.546716868209424 0.763050806679123
vn -0.34475227692013743 -0.546716868209424 0.763050806679123
vn -0.34475227692013743 -0.546716868209424 0.763050806679123
vn -0.36693700502980187 0.768904754915144 0.5235863942165053
vn -0.36693700502980187 0.768904754915144 0.5235863942165053
vn -0.36693700502980187 0.768904754915144 0.5235863942165053
vn -0.36693700502980187 0.768904754915144 0.5235863942165053
vn -0.28423405465522944 -0.7775500906166519 0.5609160888727337
vn -0.28423405465522944 -0.7775500906166519 0.5609160888727337
vn -0.28423405465522944 -0.7775500906166519 0.5609160888727337
vn -0.28423405465522944 -0.7775500906166519 0.5609160888727337
vn -0.4751222966770006 0.6734603883637558 0.5663125537239232
vn -0.4751222966770006 0.6734603883637558 0.5663125537239232
vn -0.4751222966770006 0.6734603883637558 0.5663125537239232
vn -0.4751222966770006 0.6734603883637558 0.5663125537239232
vn -0.22188342407825015 -0.9032382071187224 0.36732613209553605
vn -0.22188342407825015 -0.9032382071187224 0.36732613209553605
vn -0.22188342407825015 -0.9032382071187224 0.36732613209553605
vn -0.22188342407825015 -0.9032382071187224 0.36732613209553605
vn 0.013851403408354022 0.942599834172024 0.3336370651508787
vn 0.013851403408354022 0.942599834172024 0.3336370651508787
vn 0.013851403408354022 0.942599834172024 0.3336370651508787
vn 0.013851403408354022 0.942599834172024 0.3336370651508787
vn -0.29578167850193826 -0.5467172301095589 0.7833348383443108
vn -0.29578167850193826 -0.5467172301095589 0.7833348383443108
vn -0.29578167850193826 -0.5467172301095589 0.7833348383443108
vn -0.29578167850193826 -0.5467172301095589 0.7833348383443108
vn -0.11076760047609228 0.7689047715961631 0.6296951571208254
vn -0.11076760047609228 0.7689047715961631 0.6296951571208254
vn -0.11076760047609228 0.7689047715961631 0.6296951571208254
vn -0.11076760047609228 0.7689047715961631 0.6296951571208254
vn -0.19564375049432636 -0.7775500546878317 0.5976114417809149
vn -0.19564375049432636 -0.7775500546878317 0.5976114417809149
vn -0.19564375049432636 -0.7775500546878317 0.5976114417809149
vn -0.19564375049432636 -0.7775500546878317 0.5976114417809149
vn -0.06448200941619736 0.6734602303916457 0.7364057227795565
vn -0.06448200941619736 0.6734602303916457 0.7364057227795565
vn -0.06448200941619736 0.6734602303916457 0.7364057227795565
vn -0.06448200941619736 0.6734602303916457 0.7364057227795565
vn -0.10284365608152622 -0.9032380943293596 0.41663428490230064
vn -0.10284365608152622 -0.9032380943293596 0.41663428490230064
vn -0.10284365608152622 -0.9032380943293596 0.41663428490230064
vn -0.10284365608152622 -0.9032380943293596 0.41663428490230064
vn 0.09228980705991913 -0.9694589588771775 0.2272265797956346
vn 0.09228980705991913 -0.9694589588771775 0.2272265797956346
vn 0.09228980705991913 -0.9694589588771775 0.2272265797956346
vn 0.09228980705991913 -0.9694589588771775 0.2272265797956346
vn -0.3070941325989439 -0.948041264169155 0.08313215476488432
vn -0.3070941325989439 -0.948041264169155 0.08313215476488432
vn -0.3070941325989439 -0.948041264169155 0.08313215476488432
vn -0.3070941325989439 -0.948041264169155 0.08313215476488432
vn -0.45984670956570206 0.8715920211850183 0.1699068930567888
vn -0.45984670956570206 0.8715920211850183 0.1699068930567888
vn -0.45984670956570206 0.8715920211850183 0.1699068930567888
vn -0.45984670956570206 0.8715920211850183 0.1699068930567888
vn -0.6063319427359867 -0.5378632767966336 0.5857172275864797
vn -0.6063319427359867 -0.5378632767966336 0.5857172275864797
vn -0.6063319427359867 -0.5378632767966336 0.5857172275864797
vn -0.6063319427359867 -0.5378632767966336 0.5857172275864797
vn -0.4561715149377818 0.864828803983503 0.20971096480592713
vn -0.4561715149377818 0.864828803983503 0.20971096480592713
vn -0.4561715149377818 0.864828803983503 0.20971096480592713
vn -0.4561715149377818 0.864828803983503 0.20971096480592713
vn -0.4703071529126558 -0.8019351132631466 0.368390086775983
vn -0.4703071529126558 -0.8019351132631466 0.368390086775983
vn -0.4703071529126558 -0.8019351132631466 0.368390086775983
vn -0.4703071529126558 -0.8019351132631466 0.368390086775983
vn -0.5385335481211967 0.6919276641362792 0.4808510425806593
vn -0.5385335481211967 0.6919276641362792 0.4808510425806593
vn -0.5385335481211967 0.6919276641362792 0.4808510425806593
vn -0.5385335481211967 0.6919276641362792 0.4808510425806593
vn -0.4097700129549811 -0.8980908156668562 0.15975425909100383
vn -0.4097700129549811 -0.8980908156668562 0.15975425909100383
vn -0.4097700129549811 -0.8980908156668562 0.15975425909100383
vn -0.4097700129549811 -0.8980908156668562 0.15975425909100383
vn -0.16990711771323097 0.8715920933960186 0.45984648968968783
vn -0.16990711771323097 0.8715920933960186 0.45984648968968783
vn -0.16990711771323097 0.8715920933960186 0.45984648968968783
vn -0.16990711771323097 0.8715920933960186 0.45984648968968783
vn -0.5857169984858098 -0.5378637894364202 0.6063317092960486
vn -0.5857169984858098 -0.5378637894364202 0.6063317092960486
vn -0.5857169984858098 -0.5378637894364202 0.6063317092960486
vn -0.5857169984858098 -0.5378637894364202 0.6063317092960486
vn -0.20971115140219615 0.864829084809531 0.45617089675369954
vn -0.20971115140219615 0.864829084809531 0.45617089675369954
vn -0.20971115140219615 0.864829084809531 0.45617089675369954
vn -0.20971115140219615 0.864829084809531 0.45617089675369954
vn -0.3683902929478558 -0.801935354665204 0.47030657979639884
vn -0.3683902929478558 -0.801935354665204 0.47030657979639884
vn -0.3683902929478558 -0.801935354665204 0.47030657979639884
vn -0.3683902929478558 -0.801935354665204 0.47030657979639884
vn -0.48085128661856613 0.6919275717351077 0.5385334489426137
vn -0.48085128661856613 0.6919275717351077 0.5385334489426137
vn -0.48085128661856613 0.6919275717351077 0.5385334489426137
vn -0.48085128661856613 0.6919275717351077 0.5385334489426137
vn -0.15975411066043155 -0.8980904650320709 0.4097708393060362
vn -0.15975411066043155 -0.8980904650320709 0.4097708393060362
vn -0.15975411066043155 -0.8980904650320709 0.4097708393060362
vn -0.15975411066043155 -0.8980904650320709 0.4097708393060362
vn -0.5757839278882245 0.477675631988894 0.6635501932707266
vn -0.5757839278882245 0.477675631988894 0.6635501932707266
vn -0.5757839278882245 0.477675631988894 0.6635501932707266
vn -0.5757839278882245 0.477675631988894 0.6635501932707266
vn -0.08313235341361182 -0.9480414145124147 0.3070936146930027
vn -0.08313235341361182 -0.9480414145124147 0.3070936146930027
vn -0.08313235341361182 -0.9480414145124147 0.3070936146930027
vn -0.08313235341361182 -0.9480414145124147 0.3070936146930027
vn -0.6635154885410899 -0.16008820670213325 0.7308344289515744
vn -0.6635154885410899 -0.16008820670213325 0.7308344289515744
vn -0.6635154885410899 -0.16008820670213325 0.7308344289515744
vn -0.6635154885410899 -0.16008820670213325 0.7308344289515744
vn -0.6312018930125232 -0.2620696006119151 0.7300025306069279
vn -0.6312018930125232 -0.2620696006119151 0.7300025306069279
vn -0.6312018930125232 -0.2620696006119151 0.7300025306069279
vn -0.6312018930125232 -0.2620696006119151 0.7300025306069279
vn -0.8896501593994515 0.34241619098510084 0.30211545149459923
vn -0.8896501593994515 0.34241619098510084 0.30211545149459923
vn -0.8896501593994515 0.34241619098510084 0.30211545149459923
vn -0.8896501593994515 0.34241619098510084 0.30211545149459923
vn -0.9258132283697087 0.09009423586741998 0.36708703986809904
vn -0.9258132283697087 0.09009423586741998 0.36708703986809904
vn -0.9258132283697087 0.09009423586741998 0.36708703986809904
vn -0.9258132283697087 0.09009423586741998 0.36708703986809904
vn -0.9384656067977544 -0.14146195455028102 0.3150727221968556
vn -0.9384656067977544 -0.14146195455028102 0.3150727221968556
vn -0.9384656067977544 -0.14146195455028102 0.3150727221968556
vn -0.9384656067977544 -0.14146195455028102 0.3150727221968556
vn -0.9180412737365047 -0.3165731585069035 0.23870830532099088
vn -0.9180412737365047 -0.3165731585069035 0.23870830532099088
vn -0.9180412737365047 -0.3165731585069035 0.23870830532099088
vn -0.9180412737365047 -0.3165731585069035 0.23870830532099088
vn -0.45222155505124434 0.8781721597099128 -0.15591447353424712
vn -0.45222155505124434 0.8781721597099128 -0.15591447353424712
vn -0.45222155505124434 0.8781721597099128 -0.15591447353424712
vn -0.45222155505124434 0.8781721597099128 -0.15591447353424712
vn -0.827560664886525 -0.5285416759292149 0.18917463555801992
vn -0.827560664886525 -0.5285416759292149 0.18917463555801992
vn -0.827560664886525 -0.5285416759292149 0.18917463555801992
vn -0.827560664886525 -0.5285416759292149 0.18917463555801992
vn -0.5485409775260452 0.8359305997800843 0.01796742402459244
vn -0.5485409775260452 0.8359305997800843 0.01796742402459244
vn -0.5485409775260452 0.8359305997800843 0.01796742402459244
vn -0.5485409775260452 0.8359305997800843 0.01796742402459244
vn -0.6377775766991071 -0.7663524618757247 0.07709518037355204
vn -0.6377775766991071 -0.7663524618757247 0.07709518037355204
vn -0.6377775766991071 -0.7663524618757247 0.07709518037355204
vn -0.6377775766991071 -0.7663524618757247 0.07709518037355204
vn -0.7028354283668721 0.6907853640236856 0.1698173768582573
vn -0.7028354283668721 0.6907853640236856 0.1698173768582573
vn -0.7028354283668721 0.6907853640236856 0.1698173768582573
vn -0.7028354283668721 0.6907853640236856 0.1698173768582573
vn -0.4842458731701371 -0.8749023211446397 -0.007201581313372777
vn -0.4842458731701371 -0.8749023211446397 -0.007201581313372777
vn -0.4842458731701371 -0.8749023211446397 -0.007201581313372777
vn -0.4842458731701371 -0.8749023211446397 -0.007201581313372777
vn -0.8417297478149932 0.4855452745495398 0.23608646298744101
vn -0.8417297478149932 0.4855452745495398 0.23608646298744101
vn -0.8417297478149932 0.4855452745495398 0.23608646298744101
vn -0.8417297478149932 0.4855452745495398 0.23608646298744101
vn -0.2838174048168844 -0.9482144756904399 -0.1426078147021159
vn -0.2838174048168844 -0.9482144756904399 -0.1426078147021159
vn -0.2838174048168844 -0.9482144756904399 -0.1426078147021159
vn -0.2838174048168844 -0.9482144756904399 -0.1426078147021159
vn -0.7189401494931956 -0.5285422145025593 0.45140689952129925
vn -0.7189401494931956 -0.5285422145025593 0.45140689952129925
vn -0.7189401494931956 -0.5285422145025593 0.45140689952129925
vn -0.7189401494931956 -0.5285422145025593 0.45140689952129925
vn -0.4005822707530015 0.8359306198931915 0.375171751446392
vn -0.4005822707530015 0.8359306198931915 0.375171751446392
vn -0.4005822707530015 0.8359306198931915 0.375171751446392
vn -0.4005822707530015 0.8359306198931915 0.375171751446392
vn -0.5054920226863506 -0.7663518294221432 0.39646272024213847
vn -0.5054920226863506 -0.7663518294221432 0.39646272024213847
vn -0.5054920226863506 -0.7663518294221432 0.39646272024213847
vn -0.5054920226863506 -0.7663518294221432 0.39646272024213847
vn -0.61705935922847 0.6907850625080532 0.3769001785676082
vn -0.61705935922847 0.6907850625080532 0.3769001785676082
vn -0.61705935922847 0.6907850625080532 0.3769001785676082
vn -0.61705935922847 0.6907850625080532 0.3769001785676082
vn -0.33732116461397466 -0.8749023767799394 0.34750577406466937
vn -0.33732116461397466 -0.8749023767799394 0.34750577406466937
vn -0.33732116461397466 -0.8749023767799394 0.34750577406466937
vn -0.33732116461397466 -0.8749023767799394 0.34750577406466937
vn -0.7621309859859804 0.485546009556312 0.42825393495446074
vn -0.7621309859859804 0.485546009556312 0.42825393495446074
vn -0.7621309859859804 0.485546009556312 0.42825393495446074
vn -0.7621309859859804 0.485546009556312 0.42825393495446074
vn -0.0998503417808418 -0.9482143635901181 0.30152848941291815
vn -0.0998503417808418 -0.9482143635901181 0.30152848941291815
vn -0.0998503417808418 -0.9482143635901181 0.30152848941291815
vn -0.0998503417808418 -0.9482143635901181 0.30152848941291815
vn -0.842705695097867 0.3424159539138634 0.4154496671738705
vn -0.842705695097867 0.3424159539138634 0.4154496671738705
vn -0.842705695097867 0.3424159539138634 0.4154496671738705
vn -0.842705695097867 0.3424159539138634 0.4154496671738705
vn -0.9142188459089589 0.090094139261661 0.39507840722518794
vn -0.9142188459089589 0.090094139261661 0.39507840722518794
vn -0.9142188459089589 0.090094139261661 0.39507840722518794
vn -0.9142188459089589 0.090094139261661 0.39507840722518794
vn -0.8863855551424596 -0.14146177661543505 0.4408051875733749
vn -0.8863855551424596 -0.14146177661543505 0.4408051875733749
vn -0.8863855551424596 -0.14146177661543505 0.4408051875733749
vn -0.8863855551424596 -0.14146177661543505 0.4408051875733749
vn -0.8179456711374306 -0.3165727780901635 0.480360859396157
vn -0.8179456711374306 -0.3165727780901635 0.480360859396157
vn -0.8179456711374306 -0.3165727780901635 0.480360859396157
vn -0.8179456711374306 -0.3165727780901635 0.480360859396157
vn -0.20952043780812984 0.8781723809670494 0.43001680833120093
vn -0.20952043780812984 0.8781723809670494 0.43001680833120093
vn -0.20952043780812984 0.8781723809670494 0.43001680833120093
vn -0.20952043780812984 0.8781723809670494 0.43001680833120093
vn -0.9916012542083122 0.12916414102912668 0.0066013123475737985
vn -0.9916012542083122 0.12916414102912668 0.0066013123475737985
vn -0.9916012542083122 0.12916414102912668 0.0066013123475737985
vn -0.9916012542083122 0.12916414102912668 0.0066013123475737985
vn -0.9801253050041622 -0.19014987055557556 -0.05654567373544971
vn -0.9801253050041622 -0.19014987055557556 -0.05654567373544971
vn -0.9801253050041622 -0.19014987055557556 -0.05654567373544971
vn -0.9801253050041622 -0.19014987055557556 -0.05654567373544971
vn -0.9687955890705008 -0.2337682962150737 -0.08238622628961065
vn -0.9687955890705008 -0.2337682962150737 -0.08238622628961065
vn -0.9687955890705008 -0.2337682962150737 -0.08238622628961065
vn -0.9687955890705008 -0.2337682962150737 -0.08238622628961065
vn -0.39140318864726276 0.9135163717405919 -0.11086650747029081
vn -0.39140318864726276 0.9135163717405919 -0.11086650747029081
vn -0.39140318864726276 0.9135163717405919 -0.11086650747029081
vn -0.39140318864726276 0.9135163717405919 -0.11086650747029081
vn -0.8046787997051418 -0.5899863524841862 -0.06639377371032613
vn -0.8046787997051418 -0.5899863524841862 -0.06639377371032613
vn -0.8046787997051418 -0.5899863524841862 -0.06639377371032613
vn -0.8046787997051418 -0.5899863524841862 -0.06639377371032613
vn -0.5574009725117943 0.8157799165020663 -0.15429609092516816
vn -0.5574009725117943 0.8157799165020663 -0.15429609092516816
vn -0.5574009725117943 0.8157799165020663 -0.15429609092516816
vn -0.5574009725117943 0.8157799165020663 -0.15429609092516816
vn -0.6713744811367255 -0.7363261512889753 -0.0841433598470936
vn -0.6713744811367255 -0.7363261512889753 -0.0841433598470936
vn -0.6713744811367255 -0.7363261512889753 -0.0841433598470936
vn -0.6713744811367255 -0.7363261512889753 -0.0841433598470936
vn -0.719419095794924 0.6778354749398282 -0.1515758342174365
vn -0.719419095794924 0.6778354749398282 -0.1515758342174365
vn -0.719419095794924 0.6778354749398282 -0.1515758342174365
vn -0.719419095794924 0.6778354749398282 -0.1515758342174365
vn -0.4235846326569539 -0.9049894676157367 -0.039624771058756794
vn -0.4235846326569539 -0.9049894676157367 -0.039624771058756794
vn -0.4235846326569539 -0.9049894676157367 -0.039624771058756794
vn -0.4235846326569539 -0.9049894676157367 -0.039624771058756794
vn -0.8384570373009208 0.5369862098507091 -0.09292796689227976
vn -0.8384570373009208 0.5369862098507091 -0.09292796689227976
vn -0.8384570373009208 0.5369862098507091 -0.09292796689227976
vn -0.8384570373009208 0.5369862098507091 -0.09292796689227976
vn -0.2092463666537451 -0.97625815526545 -0.05599975285576478
vn -0.2092463666537451 -0.97625815526545 -0.05599975285576478
vn -0.2092463666537451 -0.97625815526545 -0.05599975285576478
vn -0.2092463666537451 -0.97625815526545 -0.05599975285576478
vn -0.9526027571136181 0.30225583761904506 -0.03448761755678243
vn -0.9526027571136181 0.30225583761904506 -0.03448761755678243
vn -0.9526027571136181 0.30225583761904506 -0.03448761755678243
vn -0.9526027571136181 0.30225583761904506 -0.03448761755678243
vn -0.6713745155556039 -0.7363261558539393 0.0841430452731432
vn -0.6713745155556039 -0.7363261558539393 0.0841430452731432
vn -0.6713745155556039 -0.7363261558539393 0.0841430452731432
vn -0.6713745155556039 -0.7363261558539393 0.0841430452731432
vn -0.7194191444141327 0.6778356331881773 0.1515748957803376
vn -0.7194191444141327 0.6778356331881773 0.1515748957803376
vn -0.7194191444141327 0.6778356331881773 0.1515748957803376
vn -0.7194191444141327 0.6778356331881773 0.1515748957803376
vn -0.42358484954007747 -0.904989353157227 0.03962506671507409
vn -0.42358484954007747 -0.904989353157227 0.03962506671507409
vn -0.42358484954007747 -0.904989353157227 0.03962506671507409
vn -0.42358484954007747 -0.904989353157227 0.03962506671507409
vn -0.8384568288492444 0.5369866383815096 0.09292737140258928
vn -0.8384568288492444 0.5369866383815096 0.09292737140258928
vn -0.8384568288492444 0.5369866383815096 0.09292737140258928
vn -0.8384568288492444 0.5369866383815096 0.09292737140258928
vn -0.20924670764169923 -0.976258069301556 0.05599997736345468
vn -0.20924670764169923 -0.976258069301556 0.05599997736345468
vn -0.20924670764169923 -0.976258069301556 0.05599997736345468
vn -0.20924670764169923 -0.976258069301556 0.05599997736345468
vn -0.9526029561500184 0.30225531080896906 0.0344867369001436
vn -0.9526029561500184 0.30225531080896906 0.0344867369001436
vn -0.9526029561500184 0.30225531080896906 0.0344867369001436
vn -0.9526029561500184 0.30225531080896906 0.0344867369001436
vn -0.9916012400568122 0.12916417397404578 -0.006602793302468015
vn -0.9916012400568122 0.12916417397404578 -0.006602793302468015
vn -0.9916012400568122 0.12916417397404578 -0.006602793302468015
vn -0.9916012400568122 0.12916417397404578 -0.006602793302468015
vn -0.9801253767792016 -0.1901499107591294 0.056544294422367705
vn -0.9801253767792016 -0.1901499107591294 0.056544294422367705
vn -0.9801253767792016 -0.1901499107591294 0.056544294422367705
vn -0.9801253767792016 -0.1901499107591294 0.056544294422367705
vn -0.9687957846249956 -0.23376760285753315 0.08238589410258178
vn -0.9687957846249956 -0.23376760285753315 0.08238589410258178
vn -0.9687957846249956 -0.23376760285753315 0.08238589410258178
vn -0.9687957846249956 -0.23376760285753315 0.08238589410258178
vn -0.39140377641078583 0.9135161401624469 0.11086634058216349
vn -0.39140377641078583 0.9135161401624469 0.11086634058216349
vn -0.39140377641078583 0.9135161401624469 0.11086634058216349
vn -0.39140377641078583 0.9135161401624469 0.11086634058216349
vn -0.804678508514879 -0.589986753092719 0.06639374299872638
vn -0.804678508514879 -0.589986753092719 0.06639374299872638
vn -0.804678508514879 -0.589986753092719 0.06639374299872638
vn -0.804678508514879 -0.589986753092719 0.06639374299872638
vn -0.5574013017321052 0.8157797740177201 0.1542956549321864
vn -0.5574013017321052 0.8157797740177201 0.1542956549321864
vn -0.5574013017321052 0.8157797740177201 0.1542956549321864
vn -0.5574013017321052 0.8157797740177201 0.1542956549321864
vn -0.8792522057892107 -0.08885149477596727 -0.46799676333376905
vn -0.8792522057892107 -0.08885149477596727 -0.46799676333376905
vn -0.8792522057892107 -0.08885149477596727 -0.46799676333376905
vn -0.8792522057892107 -0.08885149477596727 -0.46799676333376905
vn -0.8659082626790217 -0.2710668041251732 -0.4203875216101963
vn -0.8659082626790217 -0.2710668041251732 -0.4203875216101963
vn -0.8659082626790217 -0.2710668041251732 -0.4203875216101963
vn -0.8659082626790217 -0.2710668041251732 -0.4203875216101963
vn -0.3022066845841729 0.9254572889962119 -0.2284730313109716
vn -0.3022066845841729 0.9254572889962119 -0.2284730313109716
vn -0.3022066845841729 0.9254572889962119 -0.2284730313109716
vn -0.3022066845841729 0.9254572889962119 -0.2284730313109716
vn -0.6779200824593273 -0.6153976789250024 -0.4021318920106414
vn -0.6779200824593273 -0.6153976789250024 -0.4021318920106414
vn -0.6779200824593273 -0.6153976789250024 -0.4021318920106414
vn -0.6779200824593273 -0.6153976789250024 -0.4021318920106414
vn -0.4797658367793498 0.8116661528922074 -0.3332008374968078
vn -0.4797658367793498 0.8116661528922074 -0.3332008374968078
vn -0.4797658367793498 0.8116661528922074 -0.3332008374968078
vn -0.4797658367793498 0.8116661528922074 -0.3332008374968078
vn -0.5460891044052203 -0.7262068364110362 -0.4176246170902513
vn -0.5460891044052203 -0.7262068364110362 -0.4176246170902513
vn -0.5460891044052203 -0.7262068364110362 -0.4176246170902513
vn -0.5460891044052203 -0.7262068364110362 -0.4176246170902513
vn -0.5987449356780157 0.7238763691059601 -0.342793675918767
vn -0.5987449356780157 0.7238763691059601 -0.342793675918767
vn -0.5987449356780157 0.7238763691059601 -0.342793675918767
vn -0.5987449356780157 0.7238763691059601 -0.342793675918767
vn -0.2929676233855541 -0.8963909274792883 -0.33264587293492953
vn -0.2929676233855541 -0.8963909274792883 -0.33264587293492953
vn -0.2929676233855541 -0.8963909274792883 -0.33264587293492953
vn -0.2929676233855541 -0.8963909274792883 -0.33264587293492953
vn -0.7919934652268412 0.4357246173116663 -0.4276568822158512
vn -0.7919934652268412 0.4357246173116663 -0.4276568822158512
vn -0.7919934652268412 0.4357246173116663 -0.4276568822158512
vn -0.7919934652268412 0.4357246173116663 -0.4276568822158512
vn -0.10665329472894301 -0.9314512462902543 -0.34788453617226694
vn -0.10665329472894301 -0.9314512462902543 -0.34788453617226694
vn -0.10665329472894301 -0.9314512462902543 -0.34788453617226694
vn -0.10665329472894301 -0.9314512462902543 -0.34788453617226694
vn -0.8228695608831706 0.3413794931172028 -0.4542529333432857
vn -0.8228695608831706 0.3413794931172028 -0.4542529333432857
vn -0.8228695608831706 0.3413794931172028 -0.4542529333432857
vn -0.8228695608831706 0.3413794931172028 -0.4542529333432857
vn -0.8899558188210617 0.06954703588858141 -0.4507126028253993
vn -0.8899558188210617 0.06954703588858141 -0.4507126028253993
vn -0.8899558188210617 0.06954703588858141 -0.4507126028253993
vn -0.8899558188210617 0.06954703588858141 -0.4507126028253993
vn -0.6657680960551011 0.7238763971399198 -0.18098564567085126
vn -0.6657680960551011 0.7238763971399198 -0.18098564567085126
vn -0.6657680960551011 0.7238763971399198 -0.18098564567085126
vn -0.6657680960551011 0.7238763971399198 -0.18098564567085126
vn -0.442375385264344 -0.8963910164706423 0.02805644494499667
vn -0.442375385264344 -0.8963910164706423 0.02805644494499667
vn -0.442375385264344 -0.8963910164706423 0.02805644494499667
vn -0.442375385264344 -0.8963910164706423 0.02805644494499667
vn -0.862422837536166 0.4357250574899747 -0.2576247728216876
vn -0.862422837536166 0.4357250574899747 -0.2576247728216876
vn -0.862422837536166 0.4357250574899747 -0.2576247728216876
vn -0.862422837536166 0.4357250574899747 -0.2576247728216876
vn -0.32140677898607095 -0.93145119870121 0.170576513212922
vn -0.32140677898607095 -0.93145119870121 0.170576513212922
vn -0.32140677898607095 -0.93145119870121 0.170576513212922
vn -0.32140677898607095 -0.93145119870121 0.170576513212922
vn -0.9030620047764724 0.3413789812816928 -0.26065188790448507
vn -0.9030620047764724 0.3413789812816928 -0.26065188790448507
vn -0.9030620047764724 0.3413789812816928 -0.26065188790448507
vn -0.9030620047764724 0.3413789812816928 -0.26065188790448507
vn -0.9479955841627064 0.06954707966754226 -0.3105922988706023
vn -0.9479955841627064 0.06954707966754226 -0.3105922988706023
vn -0.9479955841627064 0.06954707966754226 -0.3105922988706023
vn -0.9479955841627064 0.06954707966754226 -0.3105922988706023
vn -0.9526488226389817 -0.08885150898005517 -0.2908017023274264
vn -0.9526488226389817 -0.08885150898005517 -0.2908017023274264
vn -0.9526488226389817 -0.08885150898005517 -0.2908017023274264
vn -0.9526488226389817 -0.08885150898005517 -0.2908017023274264
vn -0.9095484895471186 -0.2710665706154437 -0.3150308865132711
vn -0.9095484895471186 -0.2710665706154437 -0.3150308865132711
vn -0.9095484895471186 -0.2710665706154437 -0.3150308865132711
vn -0.9095484895471186 -0.2710665706154437 -0.3150308865132711
vn -0.37524768264558983 0.9254570865627721 -0.05213787107142167
vn -0.37524768264558983 0.9254570865627721 -0.05213787107142167
vn -0.37524768264558983 0.9254570865627721 -0.05213787107142167
vn -0.37524768264558983 0.9254570865627721 -0.05213787107142167
vn -0.7637116299896584 -0.6153980916470412 -0.19501214068800668
vn -0.7637116299896584 -0.6153980916470412 -0.19501214068800668
vn -0.7637116299896584 -0.6153980916470412 -0.19501214068800668
vn -0.7637116299896584 -0.6153980916470412 -0.19501214068800668
vn -0.5748541485101665 0.8116661675362628 -0.10363754347555176
vn -0.5748541485101665 0.8116661675362628 -0.10363754347555176
vn -0.5748541485101665 0.8116661675362628 -0.10363754347555176
vn -0.5748541485101665 0.8116661675362628 -0.10363754347555176
vn -0.681448618170845 -0.726206713075204 -0.09083826659263156
vn -0.681448618170845 -0.726206713075204 -0.09083826659263156
vn -0.681448618170845 -0.726206713075204 -0.09083826659263156
vn -0.681448618170845 -0.726206713075204 -0.09083826659263156
vn -0.6871790947856453 -0.041338510142754484 -0.7253109810755376
vn -0.6871790947856453 -0.041338510142754484 -0.7253109810755376
vn -0.6871790947856453 -0.041338510142754484 -0.7253109810755376
vn -0.6871790947856453 -0.041338510142754484 -0.7253109810755376
vn -0.6314596574802185 -0.36970864640854106 -0.6815968146534499
vn -0.6314596574802185 -0.36970864640854106 -0.6815968146534499
vn -0.6314596574802185 -0.36970864640854106 -0.6815968146534499
vn -0.6314596574802185 -0.36970864640854106 -0.6815968146534499
vn -0.04512396192288806 0.9323362773266243 -0.3587657927410496
vn -0.04512396192288806 0.9323362773266243 -0.3587657927410496
vn -0.04512396192288806 0.9323362773266243 -0.3587657927410496
vn -0.04512396192288806 0.9323362773266243 -0.3587657927410496
vn -0.46169998849496807 -0.5789139942862792 -0.6720801349863363
vn -0.46169998849496807 -0.5789139942862792 -0.6720801349863363
vn -0.46169998849496807 -0.5789139942862792 -0.6720801349863363
vn -0.46169998849496807 -0.5789139942862792 -0.6720801349863363
vn -0.3417747312122221 0.8088312545859311 -0.47852067323132663
vn -0.3417747312122221 0.8088312545859311 -0.47852067323132663
vn -0.3417747312122221 0.8088312545859311 -0.47852067323132663
vn -0.3417747312122221 0.8088312545859311 -0.47852067323132663
vn -0.32584240078417437 -0.7328087254001534 -0.5973425330818225
vn -0.32584240078417437 -0.7328087254001534 -0.5973425330818225
vn -0.32584240078417437 -0.7328087254001534 -0.5973425330818225
vn -0.32584240078417437 -0.7328087254001534 -0.5973425330818225
vn -0.42118788637312754 0.7033113744262725 -0.5726725722218282
vn -0.42118788637312754 0.7033113744262725 -0.5726725722218282
vn -0.42118788637312754 0.7033113744262725 -0.5726725722218282
vn -0.42118788637312754 0.7033113744262725 -0.5726725722218282
vn -0.11959742030928334 -0.8889561435560822 -0.44210115572034303
vn -0.11959742030928334 -0.8889561435560822 -0.44210115572034303
vn -0.11959742030928334 -0.8889561435560822 -0.44210115572034303
vn -0.11959742030928334 -0.8889561435560822 -0.44210115572034303
vn -0.556726392012617 0.48712888962196566 -0.6728752999867692
vn -0.556726392012617 0.48712888962196566 -0.6728752999867692
vn -0.556726392012617 0.48712888962196566 -0.6728752999867692
vn -0.556726392012617 0.48712888962196566 -0.6728752999867692
vn 0.08575055819575585 -0.9134769966082911 -0.39775195591802226
vn 0.08575055819575585 -0.9134769966082911 -0.39775195591802226
vn 0.08575055819575585 -0.9134769966082911 -0.39775195591802226
vn 0.08575055819575585 -0.9134769966082911 -0.39775195591802226
vn -0.6083134860804257 0.29060681835222313 -0.7385813291573771
vn -0.6083134860804257 0.29060681835222313 -0.7385813291573771
vn -0.6083134860804257 0.29060681835222313 -0.7385813291573771
vn -0.6083134860804257 0.29060681835222313 -0.7385813291573771
vn -0.6399884912473882 0.10008848112187785 -0.7618379270012797
vn -0.6399884912473882 0.10008848112187785 -0.7618379270012797
vn -0.6399884912473882 0.10008848112187785 -0.7618379270012797
vn -0.6399884912473882 0.10008848112187785 -0.7618379270012797
vn -0.4421012787244878 -0.8889560474489915 -0.11959767996930015
vn -0.4421012787244878 -0.8889560474489915 -0.11959767996930015
vn -0.4421012787244878 -0.8889560474489915 -0.11959767996930015
vn -0.4421012787244878 -0.8889560474489915 -0.11959767996930015
vn -0.6728746125509149 0.48712955548978865 -0.556726640239873
vn -0.6728746125509149 0.48712955548978865 -0.556726640239873
vn -0.6728746125509149 0.48712955548978865 -0.556726640239873
vn -0.6728746125509149 0.48712955548978865 -0.556726640239873
vn -0.3977520328544912 -0.913477008835555 0.08575007107266454
vn -0.3977520328544912 -0.913477008835555 0.08575007107266454
vn -0.3977520328544912 -0.913477008835555 0.08575007107266454
vn -0.3977520328544912 -0.913477008835555 0.08575007107266454
vn -0.7385812502596737 0.2906063503237832 -0.6083138054625654
vn -0.7385812502596737 0.2906063503237832 -0.6083138054625654
vn -0.7385812502596737 0.2906063503237832 -0.6083138054625654
vn -0.7385812502596737 0.2906063503237832 -0.6083138054625654
vn -0.7618374695260859 0.10008855743354261 -0.6399890238878807
vn -0.7618374695260859 0.10008855743354261 -0.6399890238878807
vn -0.7618374695260859 0.10008855743354261 -0.6399890238878807
vn -0.7618374695260859 0.10008855743354261 -0.6399890238878807
vn -0.7253102622854282 -0.04133846269510771 -0.6871798563152508
vn -0.7253102622854282 -0.04133846269510771 -0.6871798563152508
vn -0.7253102622854282 -0.04133846269510771 -0.6871798563152508
vn -0.7253102622854282 -0.04133846269510771 -0.6871798563152508
vn -0.6815966784407284 -0.3697079159488345 -0.6314602321788254
vn -0.6815966784407284 -0.3697079159488345 -0.6314602321788254
vn -0.6815966784407284 -0.3697079159488345 -0.6314602321788254
vn -0.6815966784407284 -0.3697079159488345 -0.6314602321788254
vn -0.35876530092748043 0.9323364340564875 -0.045124633862752186
vn -0.35876530092748043 0.9323364340564875 -0.045124633862752186
vn -0.35876530092748043 0.9323364340564875 -0.045124633862752186
vn -0.35876530092748043 0.9323364340564875 -0.045124633862752186
vn -0.6720795679374749 -0.578914840895411 -0.46169975238461836
vn -0.6720795679374749 -0.578914840895411 -0.46169975238461836
vn -0.6720795679374749 -0.578914840895411 -0.46169975238461836
vn -0.6720795679374749 -0.578914840895411 -0.46169975238461836
vn -0.47851993469976145 0.8088314375760169 -0.3417753321754657
vn -0.47851993469976145 0.8088314375760169 -0.3417753321754657
vn -0.47851993469976145 0.8088314375760169 -0.3417753321754657
vn -0.47851993469976145 0.8088314375760169 -0.3417753321754657
vn -0.5973428927566119 -0.7328083258291702 -0.32584264004057484
vn -0.5973428927566119 -0.7328083258291702 -0.32584264004057484
vn -0.5973428927566119 -0.7328083258291702 -0.32584264004057484
vn -0.5973428927566119 -0.7328083258291702 -0.32584264004057484
vn -0.5726720359117189 0.7033113339827455 -0.4211886831054918
vn -0.5726720359117189 0.7033113339827455 -0.4211886831054918
vn -0.5726720359117189 0.7033113339827455 -0.4211886831054918
vn -0.5726720359117189 0.7033113339827455 -0.4211886831054918
vn -0.2216159282124345 -0.28703837298942725 -0.9319309807030364
vn -0.2216159282124345 -0.28703837298942725 -0.9319309807030364
vn -0.2216159282124345 -0.28703837298942725 -0.9319309807030364
vn -0.2216159282124345 -0.28703837298942725 -0.9319309807030364
vn -0.02764913015074494 0.9015800675543145 -0.43172781632721446
vn -0.02764913015074494 0.9015800675543145 -0.43172781632721446
vn -0.02764913015074494 0.9015800675543145 -0.43172781632721446
vn -0.02764913015074494 0.9015800675543145 -0.43172781632721446
vn -0.17937476526801535 -0.5389048483929514 -0.8230469354560618
vn -0.17937476526801535 -0.5389048483929514 -0.8230469354560618
vn -0.17937476526801535 -0.5389048483929514 -0.8230469354560618
vn -0.17937476526801535 -0.5389048483929514 -0.8230469354560618
vn -0.053977903245927876 0.8319491481600921 -0.5522200655869637
vn -0.053977903245927876 0.8319491481600921 -0.5522200655869637
vn -0.053977903245927876 0.8319491481600921 -0.5522200655869637
vn -0.053977903245927876 0.8319491481600921 -0.5522200655869637
vn -0.06760613285203114 -0.7590628945025514 -0.6474974385974066
vn -0.06760613285203114 -0.7590628945025514 -0.6474974385974066
vn -0.06760613285203114 -0.7590628945025514 -0.6474974385974066
vn -0.06760613285203114 -0.7590628945025514 -0.6474974385974066
vn -0.1548670666017753 0.6698003958704142 -0.7262118295469978
vn -0.1548670666017753 0.6698003958704142 -0.7262118295469978
vn -0.1548670666017753 0.6698003958704142 -0.7262118295469978
vn -0.1548670666017753 0.6698003958704142 -0.7262118295469978
vn 0.04659103981016825 -0.8771513298961967 -0.4779485531631418
vn 0.04659103981016825 -0.8771513298961967 -0.4779485531631418
vn 0.04659103981016825 -0.8771513298961967 -0.4779485531631418
vn 0.04659103981016825 -0.8771513298961967 -0.4779485531631418
vn -0.21740531051481055 0.5140697238317887 -0.8297392662755375
vn -0.21740531051481055 0.5140697238317887 -0.8297392662755375
vn -0.21740531051481055 0.5140697238317887 -0.8297392662755375
vn -0.21740531051481055 0.5140697238317887 -0.8297392662755375
vn 0.21788450844147497 -0.9242247159752254 -0.31358414398966455
vn 0.21788450844147497 -0.9242247159752254 -0.31358414398966455
vn 0.21788450844147497 -0.9242247159752254 -0.31358414398966455
vn 0.21788450844147497 -0.9242247159752254 -0.31358414398966455
vn -0.2546163860635997 0.2571718725018483 -0.9322194612545938
vn -0.2546163860635997 0.2571718725018483 -0.9322194612545938
vn -0.2546163860635997 0.2571718725018483 -0.9322194612545938
vn -0.2546163860635997 0.2571718725018483 -0.9322194612545938
vn -0.25387453847155433 0.11243139119853215 -0.9606804364558581
vn -0.25387453847155433 0.11243139119853215 -0.9606804364558581
vn -0.25387453847155433 0.11243139119853215 -0.9606804364558581
vn -0.25387453847155433 0.11243139119853215 -0.9606804364558581
vn -0.24871370347121693 -0.11662652479621578 -0.9615298993892957
vn -0.24871370347121693 -0.11662652479621578 -0.9615298993892957
vn -0.24871370347121693 -0.11662652479621578 -0.9615298993892957
vn -0.24871370347121693 -0.11662652479621578 -0.9615298993892957
vn -0.4329846518548279 0.5140709529356491 -0.740442669357991
vn -0.4329846518548279 0.5140709529356491 -0.740442669357991
vn -0.4329846518548279 0.5140709529356491 -0.740442669357991
vn -0.4329846518548279 0.5140709529356491 -0.740442669357991
vn -0.375804134955015 -0.9242250510428407 -0.06767057835996099
vn -0.375804134955015 -0.9242250510428407 -0.06767057835996099
vn -0.375804134955015 -0.9242250510428407 -0.06767057835996099
vn -0.375804134955015 -0.9242250510428407 -0.06767057835996099
vn -0.47913755029009947 0.2571709930898993 -0.8392200475531775
vn -0.47913755029009947 0.2571709930898993 -0.8392200475531775
vn -0.47913755029009947 0.2571709930898993 -0.8392200475531775
vn -0.47913755029009947 0.2571709930898993 -0.8392200475531775
vn -0.4997866223443355 0.1124314772400044 -0.8588204090793784
vn -0.4997866223443355 0.1124314772400044 -0.8588204090793784
vn -0.4997866223443355 0.1124314772400044 -0.8588204090793784
vn -0.4997866223443355 0.1124314772400044 -0.8588204090793784
vn -0.5040365575437202 -0.1166272243796707 -0.8557717214263219
vn -0.5040365575437202 -0.1166272243796707 -0.8557717214263219
vn -0.5040365575437202 -0.1166272243796707 -0.8557717214263219
vn -0.5040365575437202 -0.1166272243796707 -0.8557717214263219
vn -0.5022684813200171 -0.28703717087973496 -0.815681331897354
vn -0.5022684813200171 -0.28703717087973496 -0.815681331897354
vn -0.5022684813200171 -0.28703717087973496 -0.815681331897354
vn -0.5022684813200171 -0.28703717087973496 -0.815681331897354
vn -0.2857262179238227 0.9015801568717541 -0.3248287997177151
vn -0.2857262179238227 0.9015801568717541 -0.3248287997177151
vn -0.2857262179238227 0.9015801568717541 -0.3248287997177151
vn -0.2857262179238227 0.9015801568717541 -0.3248287997177151
vn -0.4551446636257635 -0.5389056646584416 -0.7088187495912012
vn -0.4551446636257635 -0.5389056646584416 -0.7088187495912012
vn -0.4551446636257635 -0.5389056646584416 -0.7088187495912012
vn -0.4551446636257635 -0.5389056646584416 -0.7088187495912012
vn -0.3523096683659814 0.8319494976679355 -0.42864662707867185
vn -0.3523096683659814 0.8319494976679355 -0.42864662707867185
vn -0.3523096683659814 0.8319494976679355 -0.42864662707867185
vn -0.3523096683659814 0.8319494976679355 -0.42864662707867185
vn -0.41004487956342894 -0.7590626125509623 -0.5056551660678658
vn -0.41004487956342894 -0.7590626125509623 -0.5056551660678658
vn -0.41004487956342894 -0.7590626125509623 -0.5056551660678658
vn -0.41004487956342894 -0.7590626125509623 -0.5056551660678658
vn -0.40400162361822395 0.6697998329641996 -0.6230175534244353
vn -0.40400162361822395 0.6697998329641996 -0.6230175534244353
vn -0.40400162361822395 0.6697998329641996 -0.6230175534244353
vn -0.40400162361822395 0.6697998329641996 -0.6230175534244353
vn -0.3709056459917197 -0.8771512495652511 -0.3050158801727928
vn -0.3709056459917197 -0.8771512495652511 -0.3050158801727928
vn -0.3709056459917197 -0.8771512495652511 -0.3050158801727928
vn -0.3709056459917197 -0.8771512495652511 -0.3050158801727928
vn 0.05069918505892433 -0.2860052625054828 -0.956885877444918
vn 0.05069918505892433 -0.2860052625054828 -0.956885877444918
vn 0.05069918505892433 -0.2860052625054828 -0.956885877444918
vn 0.05069918505892433 -0.2860052625054828 -0.956885877444918
vn 0.11871931818047171 0.9151303251714895 -0.385281989511952
vn 0.11871931818047171 0.9151303251714895 -0.385281989511952
vn 0.11871931818047171 0.9151303251714895 -0.385281989511952
vn 0.11871931818047171 0.9151303251714895 -0.385281989511952
vn 0.051981738274920176 -0.5647477311227336 -0.8236248533632544
vn 0.051981738274920176 -0.5647477311227336 -0.8236248533632544
vn 0.051981738274920176 -0.5647477311227336 -0.8236248533632544
vn 0.051981738274920176 -0.5647477311227336 -0.8236248533632544
vn 0.09842330152758463 0.8452077148954015 -0.525296842173741
vn 0.09842330152758463 0.8452077148954015 -0.525296842173741
vn 0.09842330152758463 0.8452077148954015 -0.525296842173741
vn 0.09842330152758463 0.8452077148954015 -0.525296842173741
vn 0.07109636384764659 -0.7591340542276026 -0.647040025624077
vn 0.07109636384764659 -0.7591340542276026 -0.647040025624077
vn 0.07109636384764659 -0.7591340542276026 -0.647040025624077
vn 0.07109636384764659 -0.7591340542276026 -0.647040025624077
vn 0.009952383864523889 0.7228798800050551 -0.6909020401904241
vn 0.009952383864523889 0.7228798800050551 -0.6909020401904241
vn 0.009952383864523889 0.7228798800050551 -0.6909020401904241
vn 0.009952383864523889 0.7228798800050551 -0.6909020401904241
vn 0.08603716516746494 -0.9083341108453268 -0.40930031674160233
vn 0.08603716516746494 -0.9083341108453268 -0.40930031674160233
vn 0.08603716516746494 -0.9083341108453268 -0.40930031674160233
vn 0.08603716516746494 -0.9083341108453268 -0.40930031674160233
vn 0.024084342534286964 0.44916436222581907 -0.8931244706931754
vn 0.024084342534286964 0.44916436222581907 -0.8931244706931754
vn 0.024084342534286964 0.44916436222581907 -0.8931244706931754
vn 0.024084342534286964 0.44916436222581907 -0.8931244706931754
vn 0.17966505155125959 -0.9635370901323558 -0.1982845056739323
vn 0.17966505155125959 -0.9635370901323558 -0.1982845056739323
vn 0.17966505155125959 -0.9635370901323558 -0.1982845056739323
vn 0.17966505155125959 -0.9635370901323558 -0.1982845056739323
vn 0.07413084035480261 0.30246537183479916 -0.9502732856126849
vn 0.07413084035480261 0.30246537183479916 -0.9502732856126849
vn 0.07413084035480261 0.30246537183479916 -0.9502732856126849
vn 0.07413084035480261 0.30246537183479916 -0.9502732856126849
vn 0.06359546806013182 0.09442212535589171 -0.9934989072392023
vn 0.06359546806013182 0.09442212535589171 -0.9934989072392023
vn 0.06359546806013182 0.09442212535589171 -0.9934989072392023
vn 0.06359546806013182 0.09442212535589171 -0.9934989072392023
vn 0.06755489685615043 -0.09786629960218604 -0.9929040856562783
vn 0.06755489685615043 -0.09786629960218604 -0.9929040856562783
vn 0.06755489685615043 -0.09786629960218604 -0.9929040856562783
vn 0.06755489685615043 -0.09786629960218604 -0.9929040856562783
vn -0.8220301546280353 -0.16758974384618497 -0.5442243127973782
vn -0.8220301546280353 -0.16758974384618497 -0.5442243127973782
vn -0.8220301546280353 -0.16758974384618497 -0.5442243127973782
vn -0.8220301546280353 -0.16758974384618497 -0.5442243127973782
vn -0.9517016380264358 0.13142292876616435 0.2774743338983316
vn -0.9517016380264358 0.13142292876616435 0.2774743338983316
vn -0.9517016380264358 0.13142292876616435 0.2774743338983316
vn -0.9517016380264358 0.13142292876616435 0.2774743338983316
vn -0.19916685015994146 -0.9770692022907652 -0.07528837713920543
vn -0.19916685015994146 -0.9770692022907652 -0.07528837713920543
vn -0.19916685015994146 -0.9770692022907652 -0.07528837713920543
vn -0.19916685015994146 -0.9770692022907652 -0.07528837713920543
vn -0.33653667800736 -0.9397289123113495 0.06043703932108571
vn -0.33653667800736 -0.9397289123113495 0.06043703932108571
vn -0.33653667800736 -0.9397289123113495 0.06043703932108571
vn -0.33653667800736 -0.9397289123113495 0.06043703932108571
vn 0.5662265625261336 -0.8240481612758446 0.018223824728585806
vn 0.5662265625261336 -0.8240481612758446 0.018223824728585806
vn 0.5662265625261336 -0.8240481612758446 0.018223824728585806
vn 0.5662265625261336 -0.8240481612758446 0.018223824728585806
vn 0.56145265531216 0.823224480262634 0.08409738961014669
vn 0.56145265531216 0.823224480262634 0.08409738961014669
vn 0.56145265531216 0.823224480262634 0.08409738961014669
vn 0.56145265531216 0.823224480262634 0.08409738961014669
vn 0.7331110827474734 -0.09613737624158748 0.673279841701956
vn 0.7331110827474734 -0.09613737624158748 0.673279841701956
vn 0.7331110827474734 -0.09613737624158748 0.673279841701956
vn 0.7331110827474734 -0.09613737624158748 0.673279841701956
vn -0.38034303077465625 0.364745676338208 0.8498822097995298
vn -0.38034303077465625 0.364745676338208 0.8498822097995298
vn -0.38034303077465625 0.364745676338208 0.8498822097995298
vn -0.38034303077465625 0.364745676338208 0.8498822097995298
vn -0.376496450992501 -0.1729820020157285 0.9101250734754438
vn -0.376496450992501 -0.1729820020157285 0.9101250734754438
vn -0.376496450992501 -0.1729820020157285 0.9101250734754438
vn -0.376496450992501 -0.1729820020157285 0.9101250734754438
vn -0.6883636762841584 0.21905338267731508 0.6914991429569414
vn -0.6883636762841584 0.21905338267731508 0.6914991429569414
vn -0.6883636762841584 0.21905338267731508 0.6914991429569414
vn -0.6883636762841584 0.21905338267731508 0.6914991429569414
vn -0.16550045260905805 0.9861121188280222 -0.013874050839813792
vn -0.16550045260905805 0.9861121188280222 -0.013874050839813792
vn -0.16550045260905805 0.9861121188280222 -0.013874050839813792
vn -0.16550045260905805 0.9861121188280222 -0.013874050839813792
vn 0.34683002218960685 0.9301097106492731 0.12085057659722812
vn 0.34683002218960685 0.9301097106492731 0.12085057659722812
vn 0.34683002218960685 0.9301097106492731 0.12085057659722812
vn 0.34683002218960685 0.9301097106492731 0.12085057659722812
vn -0.3340299383624939 0.9283969611157278 -0.16279767464134826
vn -0.3340299383624939 0.9283969611157278 -0.16279767464134826
vn -0.3340299383624939 0.9283969611157278 -0.16279767464134826
vn -0.3340299383624939 0.9283969611157278 -0.16279767464134826
vn 0.14787706422830912 0.9813554281312766 0.12277580198269997
vn 0.14787706422830912 0.9813554281312766 0.12277580198269997
vn 0.14787706422830912 0.9813554281312766 0.12277580198269997
vn 0.14787706422830912 0.9813554281312766 0.12277580198269997
vn -0.11354357688346903 0.9850887392805547 -0.12925955241743198
vn -0.11354357688346903 0.9850887392805547 -0.12925955241743198
vn -0.11354357688346903 0.9850887392805547 -0.12925955241743198
vn -0.11354357688346903 0.9850887392805547 -0.12925955241743198
vn 0.04556766179709733 0.9947403878467851 0.0917341211587759
vn 0.04556766179709733 0.9947403878467851 0.0917341211587759
vn 0.04556766179709733 0.9947403878467851 0.0917341211587759
vn 0.04556766179709733 0.9947403878467851 0.0917341211587759
vn -0.03340468403474146 0.9935947028004943 -0.1079522748780063
vn -0.03340468403474146 0.9935947028004943 -0.1079522748780063
vn -0.03340468403474146 0.9935947028004943 -0.1079522748780063
vn -0.03340468403474146 0.9935947028004943 -0.1079522748780063
vn 0.020151207823093344 0.9667033362808699 0.25510505374591436
vn 0.020151207823093344 0.9667033362808699 0.25510505374591436
vn 0.020151207823093344 0.9667033362808699 0.25510505374591436
vn 0.020151207823093344 0.9667033362808699 0.25510505374591436
vn 0.027507130503141446 0.9606153615995568 -0.2765166990082805
vn 0.027507130503141446 0.9606153615995568 -0.2765166990082805
vn 0.027507130503141446 0.9606153615995568 -0.2765166990082805
vn 0.027507130503141446 0.9606153615995568 -0.2765166990082805
vn -0.077753058047873 0.9619779499776572 0.26182606004939296
vn -0.077753058047873 0.9619779499776572 0.26182606004939296
vn -0.077753058047873 0.9619779499776572 0.26182606004939296
vn -0.077753058047873 0.9619779499776572 0.26182606004939296
vn 0.15639096436395028 0.9501470446228046 -0.2697451757860812
vn 0.15639096436395028 0.9501470446228046 -0.2697451757860812
vn 0.15639096436395028 0.9501470446228046 -0.2697451757860812
vn 0.15639096436395028 0.9501470446228046 -0.2697451757860812
vn -0.3003733738698134 0.8854715477668467 0.35456448548247266
vn -0.3003733738698134 0.8854715477668467 0.35456448548247266
vn -0.3003733738698134 0.8854715477668467 0.35456448548247266
vn -0.3003733738698134 0.8854715477668467 0.35456448548247266
vn 0.37366775308452715 0.874535286575696 -0.3091285215549126
vn 0.37366775308452715 0.874535286575696 -0.3091285215549126
vn 0.37366775308452715 0.874535286575696 -0.3091285215549126
vn 0.37366775308452715 0.874535286575696 -0.3091285215549126
vn -0.3548174530025417 0.9126877595033068 0.202745231010801
vn -0.3548174530025417 0.9126877595033068 0.202745231010801
vn -0.3548174530025417 0.9126877595033068 0.202745231010801
vn -0.3548174530025417 0.9126877595033068 0.202745231010801
vn 0.3885497891565017 0.9151603529074547 -0.10728741684252253
vn 0.3885497891565017 0.9151603529074547 -0.10728741684252253
vn 0.3885497891565017 0.9151603529074547 -0.10728741684252253
vn 0.3885497891565017 0.9151603529074547 -0.10728741684252253
vn -0.4527825555896602 0.8903783923262437 0.04705609240289528
vn -0.4527825555896602 0.8903783923262437 0.04705609240289528
vn -0.4527825555896602 0.8903783923262437 0.04705609240289528
vn -0.4527825555896602 0.8903783923262437 0.04705609240289528
vn 0.45988637680759736 0.886586208612638 0.04969321004572235
vn 0.45988637680759736 0.886586208612638 0.04969321004572235
vn 0.45988637680759736 0.886586208612638 0.04969321004572235
vn 0.45988637680759736 0.886586208612638 0.04969321004572235
vn -0.41876367977794965 0.9004383669277399 -0.11767636917977985
vn -0.41876367977794965 0.9004383669277399 -0.11767636917977985
vn -0.41876367977794965 0.9004383669277399 -0.11767636917977985
vn -0.41876367977794965 0.9004383669277399 -0.11767636917977985
vn 0.3361213524990427 0.9257040360751511 0.1734775892972619
vn 0.3361213524990427 0.9257040360751511 0.1734775892972619
vn 0.3361213524990427 0.9257040360751511 0.1734775892972619
vn 0.3361213524990427 0.9257040360751511 0.1734775892972619
vn -0.09349642876874267 0.9935149043306376 -0.06470357548370671
vn -0.09349642876874267 0.9935149043306376 -0.06470357548370671
vn -0.09349642876874267 0.9935149043306376 -0.06470357548370671
vn -0.09349642876874267 0.9935149043306376 -0.06470357548370671
vn 0.06503199324358402 0.9934319302043072 0.09414796814223161
vn 0.06503199324358402 0.9934319302043072 0.09414796814223161
vn 0.06503199324358402 0.9934319302043072 0.09414796814223161
vn 0.06503199324358402 0.9934319302043072 0.09414796814223161
vn -0.19811360003312195 0.8933754261243251 -0.4032757734839728
vn -0.19811360003312195 0.8933754261243251 -0.4032757734839728
vn -0.19811360003312195 0.8933754261243251 -0.4032757734839728
vn -0.19811360003312195 0.8933754261243251 -0.4032757734839728
vn 0.14488622479237429 0.8931722697279553 0.4257361606140902
vn 0.14488622479237429 0.8931722697279553 0.4257361606140902
vn 0.14488622479237429 0.8931722697279553 0.4257361606140902
vn 0.14488622479237429 0.8931722697279553 0.4257361606140902
vn -0.02168235696681524 0.9894350924866799 -0.14334599105743684
vn -0.02168235696681524 0.9894350924866799 -0.14334599105743684
vn -0.02168235696681524 0.9894350924866799 -0.14334599105743684
vn -0.02168235696681524 0.9894350924866799 -0.14334599105743684
vn -0.011683531864630397 0.9934753217945118 0.11344725676921187
vn -0.011683531864630397 0.9934753217945118 0.11344725676921187
vn -0.011683531864630397 0.9934753217945118 0.11344725676921187
vn -0.011683531864630397 0.9934753217945118 0.11344725676921187
vn 0.05034693202892898 0.9860202161354584 -0.15883740053103976
vn 0.05034693202892898 0.9860202161354584 -0.15883740053103976
vn 0.05034693202892898 0.9860202161354584 -0.15883740053103976
vn 0.05034693202892898 0.9860202161354584 -0.15883740053103976
vn -0.10080541367977719 0.9792987696538248 0.17553400903344746
vn -0.10080541367977719 0.9792987696538248 0.17553400903344746
vn -0.10080541367977719 0.9792987696538248 0.17553400903344746
vn -0.10080541367977719 0.9792987696538248 0.17553400903344746
vn 0.33123820631233175 0.8699405501385268 -0.3653555664057502
vn 0.33123820631233175 0.8699405501385268 -0.3653555664057502
vn 0.33123820631233175 0.8699405501385268 -0.3653555664057502
vn 0.33123820631233175 0.8699405501385268 -0.3653555664057502
vn -0.3560855758864184 0.8754064418154216 0.3269046103585885
vn -0.3560855758864184 0.8754064418154216 0.3269046103585885
vn -0.3560855758864184 0.8754064418154216 0.3269046103585885
vn -0.3560855758864184 0.8754064418154216 0.3269046103585885
vn 0.12025887141985593 0.9905580460377819 -0.06582219439242479
vn 0.12025887141985593 0.9905580460377819 -0.06582219439242479
vn 0.12025887141985593 0.9905580460377819 -0.06582219439242479
vn 0.12025887141985593 0.9905580460377819 -0.06582219439242479
vn -0.0994053267718004 0.9943865082944066 0.03624987077838652
vn -0.0994053267718004 0.9943865082944066 0.03624987077838652
vn -0.0994053267718004 0.9943865082944066 0.03624987077838652
vn -0.0994053267718004 0.9943865082944066 0.03624987077838652
vn 0.14569500674573246 0.9893032282685038 -0.007217170281863838
vn 0.14569500674573246 0.9893032282685038 -0.007217170281863838
vn 0.14569500674573246 0.9893032282685038 -0.007217170281863838
vn 0.14569500674573246 0.9893032282685038 -0.007217170281863838
vn 0.3546392875246239 -0.9286721826413927 -0.10862298528441877
vn 0.3546392875246239 -0.9286721826413927 -0.10862298528441877
vn 0.3546392875246239 -0.9286721826413927 -0.10862298528441877
vn 0.3546392875246239 -0.9286721826413927 -0.10862298528441877
vn 0.3546392875246239 -0.9286721826413927 -0.10862298528441877
vn -0.24539976140276867 0.9690050654753285 0.028427806574172598
vn -0.24539976140276867 0.9690050654753285 0.028427806574172598
vn -0.24539976140276867 0.9690050654753285 0.028427806574172598
vn -0.24539976140276867 0.9690050654753285 0.028427806574172598
vn -0.24539976140276867 0.9690050654753285 0.028427806574172598
vn -0.9377508271174803 -0.19921374385168222 0.2844947635740911
vn -0.9377508271174803 -0.19921374385168222 0.2844947635740911
vn -0.9377508271174803 -0.19921374385168222 0.2844947635740911
vn -0.9377508271174803 -0.19921374385168222 0.2844947635740911
vn -0.9377508271174803 -0.19921374385168222 0.2844947635740911
vn -0.9377508271174803 -0.19921374385168222 0.2844947635740911
vn 0.5243022366148312 -0.8513836115740337 0.015909450771179653
vn 0.5243022366148312 -0.8513836115740337 0.015909450771179653
vn 0.5243022366148312 -0.8513836115740337 0.015909450771179653
vn 0.5243022366148312 -0.8513836115740337 0.015909450771179653
vn 0.5243022366148312 -0.8513836115740337 0.015909450771179653
vn 0.7009299840266408 -0.6944821589770657 -0.16245518875975293
vn 0.7009299840266408 -0.6944821589770657 -0.16245518875975293
vn 0.7009299840266408 -0.6944821589770657 -0.16245518875975293
vn 0.7009299840266408 -0.6944821589770657 -0.16245518875975293
vn 0.7009299840266408 -0.6944821589770657 -0.16245518875975293
vn 0.3618639614246074 0.9210725856948528 0.14380460807459586
vn 0.3618639614246074 0.9210725856948528 0.14380460807459586
vn 0.3618639614246074 0.9210725856948528 0.14380460807459586
vn 0.3618639614246074 0.9210725856948528 0.14380460807459586
vn 0.3618639614246074 0.9210725856948528 0.14380460807459586
vn 0.25563338842512057 0.964226734820426 -0.07013112418770638
vn 0.25563338842512057 0.964226734820426 -0.07013112418770638
vn 0.25563338842512057 0.964226734820426 -0.07013112418770638
vn 0.25563338842512057 0.964226734820426 -0.07013112418770638
vn 0.25563338842512057 0.964226734820426 -0.07013112418770638
vn 0.25563338842512057 0.964226734820426 -0.07013112418770638
vn -0.38342748571636764 0.9226772357844865 -0.040621198435348255
vn -0.38342748571636764 0.9226772357844865 -0.040621198435348255
vn -0.38342748571636764 0.9226772357844865 -0.040621198435348255
vn -0.38342748571636764 0.9226772357844865 -0.040621198435348255
vn -0.38342748571636764 0.9226772357844865 -0.040621198435348255
vn 0.011695210839688433 0.9992829039035398 0.036012497962848444
vn 0.011695210839688433 0.9992829039035398 0.036012497962848444
vn 0.011695210839688433 0.9992829039035398 0.036012497962848444
vn 0.011695210839688433 0.9992829039035398 0.036012497962848444
vn 0.011695210839688433 0.9992829039035398 0.036012497962848444
vn -0.2953087784258158 -0.9507581692977353 -0.0940830957094376
vn -0.2953087784258158 -0.9507581692977353 -0.0940830957094376
vn -0.2953087784258158 -0.9507581692977353 -0.0940830957094376
vn -0.2953087784258158 -0.9507581692977353 -0.0940830957094376
vn -0.2953087784258158 -0.9507581692977353 -0.0940830957094376
vn -0.2953087784258158 -0.9507581692977353 -0.0940830957094376
vn 0.6608088766185523 -0.7290851872101622 -0.1782313619227815
vn 0.6608088766185523 -0.7290851872101622 -0.1782313619227815
vn 0.6608088766185523 -0.7290851872101622 -0.1782313619227815
vn 0.6608088766185523 -0.7290851872101622 -0.1782313619227815
vn 0.6608088766185523 -0.7290851872101622 -0.1782313619227815
vn 0.9347180991154516 0.21964620852153344 0.2793879350797243
vn 0.9347180991154516 0.21964620852153344 0.2793879350797243
vn 0.9347180991154516 0.21964620852153344 0.2793879350797243
vn 0.9347180991154516 0.21964620852153344 0.2793879350797243
vn 0.9347180991154516 0.21964620852153344 0.2793879350797243
vn 0.3273585454784181 0.9397413937356869 0.09860271599689067
vn 0.3273585454784181 0.9397413937356869 0.09860271599689067
vn 0.3273585454784181 0.9397413937356869 0.09860271599689067
vn 0.3273585454784181 0.9397413937356869 0.09860271599689067
vn 0.3273585454784181 0.9397413937356869 0.09860271599689067
vn -0.7286894686643073 0.6578338248073025 0.19043717388452422
vn -0.7286894686643073 0.6578338248073025 0.19043717388452422
vn -0.7286894686643073 0.6578338248073025 0.19043717388452422
vn -0.7286894686643073 0.6578338248073025 0.19043717388452422
vn -0.7286894686643073 0.6578338248073025 0.19043717388452422
vn 0.9225135833684834 0.28110777210419785 0.26447515755407836
vn 0.9225135833684834 0.28110777210419785 0.26447515755407836
vn 0.9225135833684834 0.28110777210419785 0.26447515755407836
vn 0.9225135833684834 0.28110777210419785 0.26447515755407836
vn 0.9225135833684834 0.28110777210419785 0.26447515755407836
vn 0.9225135833684834 0.28110777210419785 0.26447515755407836
vn -0.3684386610712761 -0.9256694303516242 -0.08595963436697997
vn -0.3684386610712761 -0.9256694303516242 -0.08595963436697997
vn -0.3684386610712761 -0.9256694303516242 -0.08595963436697997
vn -0.3684386610712761 -0.9256694303516242 -0.08595963436697997
vn -0.3684386610712761 -0.9256694303516242 -0.08595963436697997
vn -0.2938063765227703 -0.9538505853988756 -0.062023171869733024
vn -0.2938063765227703 -0.9538505853988756 -0.062023171869733024
vn -0.2938063765227703 -0.9538505853988756 -0.062023171869733024
vn -0.2938063765227703 -0.9538505853988756 -0.062023171869733024
vn -0.2938063765227703 -0.9538505853988756 -0.062023171869733024
vn -0.7582468578615646 -0.6236840950750012 -0.18994697179355385
vn -0.7582468578615646 -0.6236840950750012 -0.18994697179355385
vn -0.7582468578615646 -0.6236840950750012 -0.18994697179355385
vn -0.7582468578615646 -0.6236840950750012 -0.18994697179355385
vn -0.7582468578615646 -0.6236840950750012 -0.18994697179355385
vn -0.8904952532700563 -0.44171484151210333 0.10911554743223403
vn -0.8904952532700563 -0.44171484151210333 0.10911554743223403
vn -0.8904952532700563 -0.44171484151210333 0.10911554743223403
vn -0.8904952532700563 -0.44171484151210333 0.10911554743223403
vn -0.8904952532700563 -0.44171484151210333 0.10911554743223403
vn -0.8904952532700563 -0.44171484151210333 0.10911554743223403
vn -0.05447732753758082 0.9963552340151123 -0.06563892469452877
vn -0.05447732753758082 0.9963552340151123 -0.06563892469452877
vn -0.05447732753758082 0.9963552340151123 -0.06563892469452877
vn -0.05447732753758082 0.9963552340151123 -0.06563892469452877
vn -0.05447732753758082 0.9963552340151123 -0.06563892469452877
vn -0.05447732753758082 0.9963552340151123 -0.06563892469452877
vn -0.05447732753758082 0.9963552340151123 -0.06563892469452877
vn 0.9231183118880926 -0.37888644977144603 -0.06555639127093595
vn 0.9231183118880926 -0.37888644977144603 -0.06555639127093595
vn 0.9231183118880926 -0.37888644977144603 -0.06555639127093595
vn 0.9231183118880926 -0.37888644977144603 -0.06555639127093595
vn 0.9231183118880926 -0.37888644977144603 -0.06555639127093595
vn 0.9231183118880926 -0.37888644977144603 -0.06555639127093595
vn -0.4805677374074667 0.8665434054780248 0.13474856654382467
vn -0.4805677374074667 0.8665434054780248 0.13474856654382467
vn -0.4805677374074667 0.8665434054780248 0.13474856654382467
vn -0.4805677374074667 0.8665434054780248 0.13474856654382467
vn -0.4805677374074667 0.8665434054780248 0.13474856654382467
vn -0.2756139516049853 -0.9576730175896292 0.0830622721905605
vn -0.2756139516049853 -0.9576730175896292 0.0830622721905605
vn -0.2756139516049853 -0.9576730175896292 0.0830622721905605
vn -0.2756139516049853 -0.9576730175896292 0.0830622721905605
vn -0.2756139516049853 -0.9576730175896292 0.0830622721905605
vn -0.2756139516049853 -0.9576730175896292 0.0830622721905605
vn -0.2756139516049853 -0.9576730175896292 0.0830622721905605
vn -0.07152977173813874 0.9826277803528258 0.1712487577589057
vn -0.07152977173813874 0.9826277803528258 0.1712487577589057
vn -0.07152977173813874 0.9826277803528258 0.1712487577589057
vn -0.07152977173813874 0.9826277803528258 0.1712487577589057
vn -0.07152977173813874 0.9826277803528258 0.1712487577589057
vn 0.032612703578694294 0.9935906060386416 0.10823178441221987
vn 0.032612703578694294 0.9935906060386416 0.10823178441221987
vn 0.032612703578694294 0.9935906060386416 0.10823178441221987
vn 0.032612703578694294 0.9935906060386416 0.10823178441221987
vn 0.032612703578694294 0.9935906060386416 0.10823178441221987
vn 0.6287112868650491 0.7620892225105655 0.15473246169351654
vn 0.6287112868650491 0.7620892225105655 0.15473246169351654
vn 0.6287112868650491 0.7620892225105655 0.15473246169351654
vn 0.6287112868650491 0.7620892225105655 0.15473246169351654
vn 0.6287112868650491 0.7620892225105655 0.15473246169351654
vn -0.5356586678770077 -0.8269895196394577 0.17075750623246086
vn -0.5356586678770077 -0.8269895196394577 0.17075750623246086
vn -0.5356586678770077 -0.8269895196394577 0.17075750623246086
vn -0.5356586678770077 -0.8269895196394577 0.17075750623246086
vn -0.5356586678770077 -0.8269895196394577 0.17075750623246086
vn -0.4371445376544295 -0.8993606944656463 0.007415824240484263
vn -0.4371445376544295 -0.8993606944656463 0.007415824240484263
vn -0.4371445376544295 -0.8993606944656463 0.007415824240484263
vn -0.4371445376544295 -0.8993606944656463 0.007415824240484263
vn -0.4371445376544295 -0.8993606944656463 0.007415824240484263
vn -0.8525149071238618 -0.5200850358140714 -0.0522483363741816
vn -0.8525149071238618 -0.5200850358140714 -0.0522483363741816
vn -0.8525149071238618 -0.5200850358140714 -0.0522483363741816
vn -0.8525149071238618 -0.5200850358140714 -0.0522483363741816
vn -0.8525149071238618 -0.5200850358140714 -0.0522483363741816
vn -0.8525149071238618 -0.5200850358140714 -0.0522483363741816
vn -0.9016849146903106 -0.37572264625348134 -0.21400188716973545
vn -0.9016849146903106 -0.37572264625348134 -0.21400188716973545
vn -0.9016849146903106 -0.37572264625348134 -0.21400188716973545
vn -0.9016849146903106 -0.37572264625348134 -0.21400188716973545
vn -0.9016849146903106 -0.37572264625348134 -0.21400188716973545
vn -0.08788774794207288 0.9920835220869869 -0.08969965978279552
vn -0.08788774794207288 0.9920835220869869 -0.08969965978279552
vn -0.08788774794207288 0.9920835220869869 -0.08969965978279552
vn -0.08788774794207288 0.9920835220869869 -0.08969965978279552
vn -0.08788774794207288 0.9920835220869869 -0.08969965978279552
vn -0.08788774794207288 0.9920835220869869 -0.08969965978279552
vn -0.08788774794207288 0.9920835220869869 -0.08969965978279552
vn -0.3070313056465755 0.9448479661323362 0.11399165867968923
vn -0.3070313056465755 0.9448479661323362 0.11399165867968923
vn -0.3070313056465755 0.9448479661323362 0.11399165867968923
vn -0.3070313056465755 0.9448479661323362 0.11399165867968923
vn -0.3070313056465755 0.9448479661323362 0.11399165867968923
vn 0.9489002150418394 -0.14559577038907381 -0.27998259506327
vn 0.9489002150418394 -0.14559577038907381 -0.27998259506327
vn 0.9489002150418394 -0.14559577038907381 -0.27998259506327
vn 0.9489002150418394 -0.14559577038907381 -0.27998259506327
vn 0.9489002150418394 -0.14559577038907381 -0.27998259506327
vn 0.9489002150418394 -0.14559577038907381 -0.27998259506327
vn 0.9842122144464448 -0.1222142883593069 0.12802337542516792
vn 0.9842122144464448 -0.1222142883593069 0.12802337542516792
vn 0.9842122144464448 -0.1222142883593069 0.12802337542516792
vn 0.9842122144464448 -0.1222142883593069 0.12802337542516792
vn 0.9842122144464448 -0.1222142883593069 0.12802337542516792
vn 0.9842122144464448 -0.1222142883593069 0.12802337542516792
vn 0.2750211831137006 -0.958601479477658 0.07380076139164042
vn 0.2750211831137006 -0.958601479477658 0.07380076139164042
vn 0.2750211831137006 -0.958601479477658 0.07380076139164042
vn 0.2750211831137006 -0.958601479477658 0.07380076139164042
vn 0.2750211831137006 -0.958601479477658 0.07380076139164042
vn 0.2750211831137006 -0.958601479477658 0.07380076139164042
vn 0.6270368130854467 0.35819613463454353 0.6917516636543193
vn 0.6270368130854467 0.35819613463454353 0.6917516636543193
vn 0.6270368130854467 0.35819613463454353 0.6917516636543193
vn 0.6270368130854467 0.35819613463454353 0.6917516636543193
vn 0.6270368130854467 0.35819613463454353 0.6917516636543193
vn 0.6270368130854467 0.35819613463454353 0.6917516636543193
vn 0.6270368130854467 0.35819613463454353 0.6917516636543193
vn 0.6270368130854467 0.35819613463454353 0.6917516636543193
vn 0.7061345368648733 0.09102407093396159 0.702202701758716
vn 0.7061345368648733 0.09102407093396159 0.702202701758716
vn 0.7061345368648733 0.09102407093396159 0.702202701758716
vn 0.7061345368648733 0.09102407093396159 0.702202701758716
vn 0.7061345368648733 0.09102407093396159 0.702202701758716
vn 0.705802075072115 -0.0726392392658956 0.7046750823910043
vn 0.705802075072115 -0.0726392392658956 0.7046750823910043
vn 0.705802075072115 -0.0726392392658956 0.7046750823910043
vn 0.705802075072115 -0.0726392392658956 0.7046750823910043
vn 0.705802075072115 -0.0726392392658956 0.7046750823910043
vn 0.705802075072115 -0.0726392392658956 0.7046750823910043
vn 0.6780338111187214 -0.3432548686150122 0.6499586495708112
vn 0.6780338111187214 -0.3432548686150122 0.6499586495708112
vn 0.6780338111187214 -0.3432548686150122 0.6499586495708112
vn 0.6780338111187214 -0.3432548686150122 0.6499586495708112
vn 0.6780338111187214 -0.3432548686150122 0.6499586495708112
vn 0.6780338111187214 -0.3432548686150122 0.6499586495708112
vn 0.7102134652618146 0.0620898539804568 0.7012429563236203
vn 0.7102134652618146 0.0620898539804568 0.7012429563236203
vn 0.7102134652618146 0.0620898539804568 0.7012429563236203
vn 0.7102134652618146 0.0620898539804568 0.7012429563236203
vn 0.7102134652618146 0.0620898539804568 0.7012429563236203
vn 0.7102134652618146 0.0620898539804568 0.7012429563236203
vn 0.6527391393270355 -0.34208452148399615 0.6759510308829084
vn 0.6527391393270355 -0.34208452148399615 0.6759510308829084
vn 0.6527391393270355 -0.34208452148399615 0.6759510308829084
vn 0.6527391393270355 -0.34208452148399615 0.6759510308829084
vn 0.6527391393270355 -0.34208452148399615 0.6759510308829084
vn 0.6902129727224833 0.514299004538743 0.5090212040927672
vn 0.6902129727224833 0.514299004538743 0.5090212040927672
vn 0.6902129727224833 0.514299004538743 0.5090212040927672
vn 0.6902129727224833 0.514299004538743 0.5090212040927672
vn 0.6902129727224833 0.514299004538743 0.5090212040927672
vn 0.6927177132603178 0.37080142089792184 0.6185858679241537
vn 0.6927177132603178 0.37080142089792184 0.6185858679241537
vn 0.6927177132603178 0.37080142089792184 0.6185858679241537
vn 0.6927177132603178 0.37080142089792184 0.6185858679241537
vn 0.6927177132603178 0.37080142089792184 0.6185858679241537
vn 0.6927177132603178 0.37080142089792184 0.6185858679241537
vn 0.29613085887340745 0.46269897234898016 0.8355933074229925
vn 0.29613085887340745 0.46269897234898016 0.8355933074229925
vn 0.29613085887340745 0.46269897234898016 0.8355933074229925
vn 0.29613085887340745 0.46269897234898016 0.8355933074229925
vn 0.29613085887340745 0.46269897234898016 0.8355933074229925
vn 0.29613085887340745 0.46269897234898016 0.8355933074229925
vn 0.3295880563402444 0.13078332308569451 0.9350226925163491
vn 0.3295880563402444 0.13078332308569451 0.9350226925163491
vn 0.3295880563402444 0.13078332308569451 0.9350226925163491
vn 0.3295880563402444 0.13078332308569451 0.9350226925163491
vn 0.3295880563402444 0.13078332308569451 0.9350226925163491
vn 0.37443826427818355 -0.06293973538666087 0.9251132773632633
vn 0.37443826427818355 -0.06293973538666087 0.9251132773632633
vn 0.37443826427818355 -0.06293973538666087 0.9251132773632633
vn 0.37443826427818355 -0.06293973538666087 0.9251132773632633
vn 0.37443826427818355 -0.06293973538666087 0.9251132773632633
vn 0.2782319103445056 -0.31541734094174756 0.9072479843456718
vn 0.2782319103445056 -0.31541734094174756 0.9072479843456718
vn 0.2782319103445056 -0.31541734094174756 0.9072479843456718
vn 0.2782319103445056 -0.31541734094174756 0.9072479843456718
vn 0.2782319103445056 -0.31541734094174756 0.9072479843456718
vn 0.38254588143371565 -0.06799371520793769 0.9214312254804063
vn 0.38254588143371565 -0.06799371520793769 0.9214312254804063
vn 0.38254588143371565 -0.06799371520793769 0.9214312254804063
vn 0.38254588143371565 -0.06799371520793769 0.9214312254804063
vn 0.38254588143371565 -0.06799371520793769 0.9214312254804063
vn 0.44653544399562484 -0.30819767265392095 0.8400120783812199
vn 0.44653544399562484 -0.30819767265392095 0.8400120783812199
vn 0.44653544399562484 -0.30819767265392095 0.8400120783812199
vn 0.44653544399562484 -0.30819767265392095 0.8400120783812199
vn 0.44653544399562484 -0.30819767265392095 0.8400120783812199
vn 0.4451928896512959 0.29230842967775883 0.846379981416888
vn 0.4451928896512959 0.29230842967775883 0.846379981416888
vn 0.4451928896512959 0.29230842967775883 0.846379981416888
vn 0.4451928896512959 0.29230842967775883 0.846379981416888
vn 0.4451928896512959 0.29230842967775883 0.846379981416888
vn 0.4451928896512959 0.29230842967775883 0.846379981416888
vn 0.41998933457694965 0.1392332442898288 0.8967848473999434
vn 0.41998933457694965 0.1392332442898288 0.8967848473999434
vn 0.41998933457694965 0.1392332442898288 0.8967848473999434
vn 0.41998933457694965 0.1392332442898288 0.8967848473999434
vn 0.41998933457694965 0.1392332442898288 0.8967848473999434
vn -0.032139226442668145 0.2898771501374136 0.9565240759917537
vn -0.032139226442668145 0.2898771501374136 0.9565240759917537
vn -0.032139226442668145 0.2898771501374136 0.9565240759917537
vn -0.032139226442668145 0.2898771501374136 0.9565240759917537
vn -0.032139226442668145 0.2898771501374136 0.9565240759917537
vn -0.03336586975814799 0.09960436779917411 0.9944675402699723
vn -0.03336586975814799 0.09960436779917411 0.9944675402699723
vn -0.03336586975814799 0.09960436779917411 0.9944675402699723
vn -0.03336586975814799 0.09960436779917411 0.9944675402699723
vn -0.03336586975814799 0.09960436779917411 0.9944675402699723
vn -0.03336586975814799 0.09960436779917411 0.9944675402699723
vn -0.06185839783816931 -0.1497932336575118 0.9867803837568523
vn -0.06185839783816931 -0.1497932336575118 0.9867803837568523
vn -0.06185839783816931 -0.1497932336575118 0.9867803837568523
vn -0.06185839783816931 -0.1497932336575118 0.9867803837568523
vn -0.06185839783816931 -0.1497932336575118 0.9867803837568523
vn -0.059945603407661946 -0.2990844260010578 0.9523418665351794
vn -0.059945603407661946 -0.2990844260010578 0.9523418665351794
vn -0.059945603407661946 -0.2990844260010578 0.9523418665351794
vn -0.059945603407661946 -0.2990844260010578 0.9523418665351794
vn -0.059945603407661946 -0.2990844260010578 0.9523418665351794
vn 0.07452199901173204 -0.2654815377281335 0.9612315146668887
vn 0.07452199901173204 -0.2654815377281335 0.9612315146668887
vn 0.07452199901173204 -0.2654815377281335 0.9612315146668887
vn 0.07452199901173204 -0.2654815377281335 0.9612315146668887
vn 0.07452199901173204 -0.2654815377281335 0.9612315146668887
vn 0.07452199901173204 -0.2654815377281335 0.9612315146668887
vn 0.0318632584400557 0.28962744606687874 0.956608945832287
vn 0.0318632584400557 0.28962744606687874 0.956608945832287
vn 0.0318632584400557 0.28962744606687874 0.956608945832287
vn 0.0318632584400557 0.28962744606687874 0.956608945832287
vn 0.0318632584400557 0.28962744606687874 0.956608945832287
vn 0.03315709518258237 0.09938227157301935 0.9944967426472747
vn 0.03315709518258237 0.09938227157301935 0.9944967426472747
vn 0.03315709518258237 0.09938227157301935 0.9944967426472747
vn 0.03315709518258237 0.09938227157301935 0.9944967426472747
vn 0.03315709518258237 0.09938227157301935 0.9944967426472747
vn 0.03315709518258237 0.09938227157301935 0.9944967426472747
vn 0.06521459288816567 -0.1465802883346259 0.9870467445598353
vn 0.06521459288816567 -0.1465802883346259 0.9870467445598353
vn 0.06521459288816567 -0.1465802883346259 0.9870467445598353
vn 0.06521459288816567 -0.1465802883346259 0.9870467445598353
vn 0.06521459288816567 -0.1465802883346259 0.9870467445598353
vn 0.06521459288816567 -0.1465802883346259 0.9870467445598353
vn -0.43516033523208003 0.34226511924556446 0.832760512265395
vn -0.43516033523208003 0.34226511924556446 0.832760512265395
vn -0.43516033523208003 0.34226511924556446 0.832760512265395
vn -0.43516033523208003 0.34226511924556446 0.832760512265395
vn -0.43516033523208003 0.34226511924556446 0.832760512265395
vn -0.43516033523208003 0.34226511924556446 0.832760512265395
vn -0.3836476270022952 0.10946054124946472 0.9169694041814491
vn -0.3836476270022952 0.10946054124946472 0.9169694041814491
vn -0.3836476270022952 0.10946054124946472 0.9169694041814491
vn -0.3836476270022952 0.10946054124946472 0.9169694041814491
vn -0.3836476270022952 0.10946054124946472 0.9169694041814491
vn -0.39487814198089766 -0.15411062408591877 0.9057158321071588
vn -0.39487814198089766 -0.15411062408591877 0.9057158321071588
vn -0.39487814198089766 -0.15411062408591877 0.9057158321071588
vn -0.39487814198089766 -0.15411062408591877 0.9057158321071588
vn -0.39487814198089766 -0.15411062408591877 0.9057158321071588
vn -0.4015803312434339 -0.2774397185904649 0.8727888863332631
vn -0.4015803312434339 -0.2774397185904649 0.8727888863332631
vn -0.4015803312434339 -0.2774397185904649 0.8727888863332631
vn -0.4015803312434339 -0.2774397185904649 0.8727888863332631
vn -0.4015803312434339 -0.2774397185904649 0.8727888863332631
vn -0.3306783331601317 -0.2897526555649869 0.8981621449223269
vn -0.3306783331601317 -0.2897526555649869 0.8981621449223269
vn -0.3306783331601317 -0.2897526555649869 0.8981621449223269
vn -0.3306783331601317 -0.2897526555649869 0.8981621449223269
vn -0.3306783331601317 -0.2897526555649869 0.8981621449223269
vn -0.17147670966648348 0.5226021066991878 0.8351543426909347
vn -0.17147670966648348 0.5226021066991878 0.8351543426909347
vn -0.17147670966648348 0.5226021066991878 0.8351543426909347
vn -0.17147670966648348 0.5226021066991878 0.8351543426909347
vn -0.17147670966648348 0.5226021066991878 0.8351543426909347
vn -0.37692274600117126 0.1093729563507921 0.9197645350664617
vn -0.37692274600117126 0.1093729563507921 0.9197645350664617
vn -0.37692274600117126 0.1093729563507921 0.9197645350664617
vn -0.37692274600117126 0.1093729563507921 0.9197645350664617
vn -0.37692274600117126 0.1093729563507921 0.9197645350664617
vn -0.37692274600117126 0.1093729563507921 0.9197645350664617
vn -0.37692274600117126 0.1093729563507921 0.9197645350664617
vn -0.7459384323105307 0.2713862581244616 0.6082148913856933
vn -0.7459384323105307 0.2713862581244616 0.6082148913856933
vn -0.7459384323105307 0.2713862581244616 0.6082148913856933
vn -0.7459384323105307 0.2713862581244616 0.6082148913856933
vn -0.7459384323105307 0.2713862581244616 0.6082148913856933
vn -0.7220883083141225 -0.17997724142384852 0.6679795412776581
vn -0.7220883083141225 -0.17997724142384852 0.6679795412776581
vn -0.7220883083141225 -0.17997724142384852 0.6679795412776581
vn -0.7220883083141225 -0.17997724142384852 0.6679795412776581
vn -0.7220883083141225 -0.17997724142384852 0.6679795412776581
vn -0.7298759510390133 -0.2618164175058052 0.631453291716277
vn -0.7298759510390133 -0.2618164175058052 0.631453291716277
vn -0.7298759510390133 -0.2618164175058052 0.631453291716277
vn -0.7298759510390133 -0.2618164175058052 0.631453291716277
vn -0.7298759510390133 -0.2618164175058052 0.631453291716277
vn -0.7298759510390133 -0.2618164175058052 0.631453291716277
vn -0.6625016581624956 0.4755176702270679 0.5787698145495889
vn -0.6625016581624956 0.4755176702270679 0.5787698145495889
vn -0.6625016581624956 0.4755176702270679 0.5787698145495889
vn -0.6625016581624956 0.4755176702270679 0.5787698145495889
vn -0.6625016581624956 0.4755176702270679 0.5787698145495889
vn -0.6625016581624956 0.4755176702270679 0.5787698145495889
vn -0.6063298420105125 0.2766102500655551 0.7455540840517056
vn -0.6063298420105125 0.2766102500655551 0.7455540840517056
vn -0.6063298420105125 0.2766102500655551 0.7455540840517056
vn -0.6063298420105125 0.2766102500655551 0.7455540840517056
vn -0.6063298420105125 0.2766102500655551 0.7455540840517056
vn -0.6063298420105125 0.2766102500655551 0.7455540840517056
vn -0.6731196766863088 0.14910961844489687 0.7243453751801944
vn -0.6731196766863088 0.14910961844489687 0.7243453751801944
vn -0.6731196766863088 0.14910961844489687 0.7243453751801944
vn -0.6731196766863088 0.14910961844489687 0.7243453751801944
vn -0.6731196766863088 0.14910961844489687 0.7243453751801944
vn -0.0035386944245160415 -0.9999666706117292 -0.007357669975152464
vn -0.0035386944245160415 -0.9999666706117292 -0.007357669975152464
vn -0.0035386944245160415 -0.9999666706117292 -0.007357669975152464
vn -0.0035386944245160415 -0.9999666706117292 -0.007357669975152464
vn -0.0035386944245160415 -0.9999666706117292 -0.007357669975152464
vn -0.0035386944245160415 -0.9999666706117292 -0.007357669975152464
vn -0.0035386944245160415 -0.9999666706117292 -0.007357669975152464
vn -0.0035386944245160415 -0.9999666706117292 -0.007357669975152464
vn -0.0035386944245160415 -0.9999666706117292 -0.007357669975152464
vn -0.0035386944245160415 -0.9999666706117292 -0.007357669975152464
vn -0.0035386944245160415 -0.9999666706117292 -0.007357669975152464
vn -0.0035386944245160415 -0.9999666706117292 -0.007357669975152464
vn -0.0035386944245160415 -0.9999666706117292 -0.007357669975152464
vn -0.0035386944245160415 -0.9999666706117292 -0.007357669975152464
vn -0.0035386944245160415 -0.9999666706117292 -0.007357669975152464
vn -0.0035386944245160415 -0.9999666706117292 -0.007357669975152464
vn -0.0035386944245160415 -0.9999666706117292 -0.007357669975152464
vn -0.0035386944245160415 -0.9999666706117292 -0.007357669975152464
vn -0.0035386944245160415 -0.9999666706117292 -0.007357669975152464
vn -0.0035386944245160415 -0.9999666706117292 -0.007357669975152464
vn -0.0035386944245160415 -0.9999666706117292 -0.007357669975152464
vn -0.0035386944245160415 -0.9999666706117292 -0.007357669975152464
vn -0.0035386944245160415 -0.9999666706117292 -0.007357669975152464
vn -0.0035386944245160415 -0.9999666706117292 -0.007357669975152464
vn -0.0035386944245160415 -0.9999666706117292 -0.007357669975152464
vn -0.0035386944245160415 -0.9999666706117292 -0.007357669975152464
vn -0.0035386944245160415 -0.9999666706117292 -0.007357669975152464
vn -0.0035386944245160415 -0.9999666706117292 -0.007357669975152464
vn -0.0035386944245160415 -0.9999666706117292 -0.007357669975152464
vn -0.0035386944245160415 -0.9999666706117292 -0.007357669975152464
vn -0.0035386944245160415 -0.9999666706117292 -0.007357669975152464
vn -0.0035386944245160415 -0.9999666706117292 -0.007357669975152464
f 1/1/1 2/2/2 3/3/3
f 4/4/4 5/5/5 6/6/6
f 7/7/7 8/8/8 9/9/9
f 10/10/10 11/11/11 12/12/12
f 13/13/13 14/14/14 15/15/15
f 16/16/16 17/17/17 18/18/18
f 19/19/19 20/20/20 21/21/21
f 22/22/22 23/23/23 24/24/24
f 22/22/22 24/24/24 25/25/25
f 26/26/26 27/27/27 28/28/28
f 26/26/26 28/28/28 29/29/29
f 30/30/30 31/31/31 32/32/32
f 30/30/30 32/32/32 33/33/33
f 34/34/34 35/35/35 36/36/36
f 34/34/34 36/36/36 37/37/37
f 38/38/38 39/39/39 40/40/40
f 38/38/38 40/40/40 41/41/41
f 42/42/42 43/43/43 44/44/44
f 42/42/42 44/44/44 45/45/45
f 46/46/46 47/47/47 48/48/48
f 46/46/46 48/48/48 49/49/49
f 50/50/50 51/51/51 52/52/52
f 50/50/50 52/52/52 53/53/53
f 54/54/54 55/55/55 56/56/56
f 54/54/54 56/56/56 57/57/57
f 58/58/58 59/59/59 60/60/60
f 58/58/58 60/60/60 61/61/61
f 62/62/62 63/63/63 64/64/64
f 62/62/62 64/64/64 65/65/65
f 66/66/66 67/67/67 68/68/68
f 66/66/66 68/68/68 69/69/69
f 70/70/70 71/71/71 72/72/72
f 70/70/70 72/72/72 73/73/73
f 74/74/74 75/75/75 76/76/76
f 74/74/74 76/76/76 77/77/77
f 78/78/78 79/79/79 80/80/80
f 78/78/78 80/80/80 81/81/81
f 82/82/82 83/83/83 84/84/84
f 82/82/82 84/84/84 85/85/85
f 86/86/86 87/87/87 88/88/88
f 86/86/86 88/88/88 89/89/89
f 90/90/90 91/91/91 92/92/92
f 90/90/90 92/92/92 93/93/93
f 94/94/94 95/95/95 96/96/96
f 94/94/94 96/96/96 97/97/97
f 98/98/98 99/99/99 100/100/100
f 98/98/98 100/100/100 101/101/101
f 102/102/102 103/103/103 104/104/104
f 102/102/102 104/104/104 105/105/105
f 106/106/106 107/107/107 108/108/108
f 106/106/106 108/108/108 109/109/109
f 110/110/110 111/111/111 112/112/112
f 110/110/110 112/112/112 113/113/113
f 114/114/114 115/115/115 116/116/116
f 114/114/114 116/116/116 117/117/117
f 118/118/118 119/119/119 120/120/120
f 118/118/118 120/120/120 121/121/121
f 122/122/122 123/123/123 124/124/124
f 122/122/122 124/124/124 125/125/125
f 126/126/126 127/127/127 128/128/128
f 126/126/126 128/128/128 129/129/129
f 130/130/130 131/131/131 132/132/132
f 130/130/130 132/132/132 133/133/133
f 134/134/134 135/135/135 136/136/136
f 134/134/134 136/136/136 137/137/137
f 138/138/138 139/139/139 140/140/140
f 138/138/138 140/140/140 141/141/141
f 142/142/142 143/143/143 144/144/144
f 142/142/142 144/144/144 145/145/145
f 146/146/146 147/147/147 148/148/148
f 146/146/146 148/148/148 149/149/149
f 150/150/150 151/151/151 152/152/152
f 150/150/150 152/152/152 153/153/153
f 154/154/154 155/155/155 156/156/156
f 154/154/154 156/156/156 157/157/157
f 158/158/158 159/159/159 160/160/160
f 158/158/158 160/160/160 161/161/161
f 162/162/162 163/163/163 164/164/164
f 162/162/162 164/164/164 165/165/165
f 166/166/166 167/167/167 168/168/168
f 166/166/166 168/168/168 169/169/169
f 170/170/170 171/171/171 172/172/172
f 170/170/170 172/172/172 173/173/173
f 174/174/174 175/175/175 176/176/176
f 174/174/174 176/176/176 177/177/177
f 178/178/178 179/179/179 180/180/180
f 178/178/178 180/180/180 181/181/181
f 182/182/182 183/183/183 184/184/184
f 182/182/182 184/184/184 185/185/185
f 186/186/186 187/187/187 188/188/188
f 186/186/186 188/188/188 189/189/189
f 190/190/190 191/191/191 192/192/192
f 190/190/190 192/192/192 193/193/193
f 194/194/194 195/195/195 196/196/196
f 194/194/194 196/196/196 197/197/197
f 198/198/198 199/199/199 200/200/200
f 198/198/198 200/200/200 201/201/201
f 202/202/202 203/203/203 204/204/204
f 202/202/202 204/204/204 205/205/205
f 206/206/206 207/207/207 208/208/208
f 206/206/206 208/208/208 209/209/209
f 210/210/210 211/211/211 212/212/212
f 210/210/210 212/212/212 213/213/213
f 214/214/214 215/215/215 216/216/216
f 214/214/214 216/216/216 217/217/217
f 218/218/218 219/219/219 220/220/220
f 218/218/218 220/220/220 221/221/221
f 222/222/222 223/223/223 224/224/224
f 222/222/222 224/224/224 225/225/225
f 226/226/226 227/227/227 228/228/228
f 226/226/226 228/228/228 229/229/229
f 230/230/230 231/231/231 232/232/232
f 230/230/230 232/232/232 233/233/233
f 234/234/234 235/235/235 236/236/236
f 234/234/234 236/236/236 237/237/237
f 238/238/238 239/239/239 240/240/240
f 238/238/238 240/240/240 241/241/241
f 242/242/242 243/243/243 244/244/244
f 242/242/242 244/244/244 245/245/245
f 246/246/246 247/247/247 248/248/248
f 246/246/246 248/248/248 249/249/249
f 250/250/250 251/251/251 252/252/252
f 250/250/250 252/252/252 253/253/253
f 254/254/254 255/255/255 256/256/256
f 254/254/254 256/256/256 257/257/257
f 258/258/258 259/259/259 260/260/260
f 258/258/258 260/260/260 261/261/261
f 262/262/262 263/263/263 264/264/264
f 262/262/262 264/264/264 265/265/265
f 266/266/266 267/267/267 268/268/268
f 266/266/266 268/268/268 269/269/269
f 270/270/270 271/271/271 272/272/272
f 270/270/270 272/272/272 273/273/273
f 274/274/274 275/275/275 276/276/276
f 274/274/274 276/276/276 277/277/277
f 278/278/278 279/279/279 280/280/280
f 278/278/278 280/280/280 281/281/281
f 282/282/282 283/283/283 284/284/284
f 282/282/282 284/284/284 285/285/285
f 286/286/286 287/287/287 288/288/288
f 286/286/286 288/288/288 289/289/289
f 290/290/290 291/291/291 292/292/292
f 290/290/290 292/292/292 293/293/293
f 294/294/294 295/295/295 296/296/296
f 294/294/294 296/296/296 297/297/297
f 298/298/298 299/299/299 300/300/300
f 298/298/298 300/300/300 301/301/301
f 302/302/302 303/303/303 304/304/304
f 302/302/302 304/304/304 305/305/305
f 306/306/306 307/307/307 308/308/308
f 306/306/306 308/308/308 309/309/309
f 310/310/310 311/311/311 312/312/312
f 310/310/310 312/312/312 313/313/313
f 314/314/314 315/315/315 316/316/316
f 314/314/314 316/316/316 317/317/317
f 318/318/318 319/319/319 320/320/320
f 318/318/318 320/320/320 321/321/321
f 322/322/322 323/323/323 324/324/324
f 322/322/322 324/324/324 325/325/325
f 326/326/326 327/327/327 328/328/328
f 326/326/326 328/328/328 329/329/329
f 330/330/330 331/331/331 332/332/332
f 330/330/330 332/332/332 333/333/333
f 334/334/334 335/335/335 336/336/336
f 334/334/334 336/336/336 337/337/337
f 338/338/338 339/339/339 340/340/340
f 338/338/338 340/340/340 341/341/341
f 342/342/342 343/343/343 344/344/344
f 342/342/342 344/344/344 345/345/345
f 346/346/346 347/347/347 348/348/348
f 346/346/346 348/348/348 349/349/349
f 350/350/350 351/351/351 352/352/352
f 350/350/350 352/352/352 353/353/353
f 354/354/354 355/355/355 356/356/356
f 354/354/354 356/356/356 357/357/357
f 358/358/358 359/359/359 360/360/360
f 358/358/358 360/360/360 361/361/361
f 362/362/362 363/363/363 364/364/364
f 362/362/362 364/364/364 365/365/365
f 366/366/366 367/367/367 368/368/368
f 366/366/366 368/368/368 369/369/369
f 370/370/370 371/371/371 372/372/372
f 370/370/370 372/372/372 373/373/373
f 374/374/374 375/375/375 376/376/376
f 374/374/374 376/376/376 377/377/377
f 378/378/378 379/379/379 380/380/380
f 378/378/378 380/380/380 381/381/381
f 382/382/382 383/383/383 384/384/384
f 382/382/382 384/384/384 385/385/385
f 386/386/386 387/387/387 388/388/388
f 386/386/386 388/388/388 389/389/389
f 390/390/390 391/391/391 392/392/392
f 390/390/390 392/392/392 393/393/393
f 394/394/394 395/395/395 396/396/396
f 394/394/394 396/396/396 397/397/397
f 398/398/398 399/399/399 400/400/400
f 398/398/398 400/400/400 401/401/401
f 402/402/402 403/403/403 404/404/404
f 402/402/402 404/404/404 405/405/405
f 406/406/406 407/407/407 408/408/408
f 406/406/406 408/408/408 409/409/409
f 410/410/410 411/411/411 412/412/412
f 410/410/410 412/412/412 413/413/413
f 414/414/414 415/415/415 416/416/416
f 414/414/414 416/416/416 417/417/417
f 418/418/418 419/419/419 420/420/420
f 418/418/418 420/420/420 421/421/421
f 422/422/422 423/423/423 424/424/424
f 422/422/422 424/424/424 425/425/425
f 426/426/426 427/427/427 428/428/428
f 426/426/426 428/428/428 429/429/429
f 430/430/430 431/431/431 432/432/432
f 430/430/430 432/432/432 433/433/433
f 434/434/434 435/435/435 436/436/436
f 434/434/434 436/436/436 437/437/437
f 438/438/438 439/439/439 440/440/440
f 438/438/438 440/440/440 441/441/441
f 442/442/442 443/443/443 444/444/444
f 442/442/442 444/444/444 445/445/445
f 446/446/446 447/447/447 448/448/448
f 446/446/446 448/448/448 449/449/449
f 450/450/450 451/451/451 452/452/452
f 450/450/450 452/452/452 453/453/453
f 454/454/454 455/455/455 456/456/456
f 454/454/454 456/456/456 457/457/457
f 458/458/458 459/459/459 460/460/460
f 458/458/458 460/460/460 461/461/461
f 462/462/462 463/463/463 464/464/464
f 462/462/462 464/464/464 465/465/465
f 466/466/466 467/467/467 468/468/468
f 466/466/466 468/468/468 469/469/469
f 470/470/470 471/471/471 472/472/472
f 470/470/470 472/472/472 473/473/473
f 474/474/474 475/475/475 476/476/476
f 474/474/474 476/476/476 477/477/477
f 478/478/478 479/479/479 480/480/480
f 478/478/478 480/480/480 481/481/481
f 482/482/482 483/483/483 484/484/484
f 482/482/482 484/484/484 485/485/485
f 486/486/486 487/487/487 488/488/488
f 486/486/486 488/488/488 489/489/489
f 490/490/490 491/491/491 492/492/492
f 490/490/490 492/492/492 493/493/493
f 494/494/494 495/495/495 496/496/496
f 494/494/494 496/496/496 497/497/497
f 498/498/498 499/499/499 500/500/500
f 498/498/498 500/500/500 501/501/501
f 502/502/502 503/503/503 504/504/504
f 502/502/502 504/504/504 505/505/505
f 506/506/506 507/507/507 508/508/508
f 506/506/506 508/508/508 509/509/509
f 510/510/510 511/511/511 512/512/512
f 510/510/510 512/512/512 513/513/513
f 514/514/514 515/515/515 516/516/516
f 514/514/514 516/516/516 517/517/517
f 518/518/518 519/519/519 520/520/520
f 518/518/518 520/520/520 521/521/521
f 522/522/522 523/523/523 524/524/524
f 522/522/522 524/524/524 525/525/525
f 526/526/526 527/527/527 528/528/528
f 526/526/526 528/528/528 529/529/529
f 530/530/530 531/531/531 532/532/532
f 530/530/530 532/532/532 533/533/533
f 534/534/534 535/535/535 536/536/536
f 534/534/534 536/536/536 537/537/537
f 538/538/538 539/539/539 540/540/540
f 538/538/538 540/540/540 541/541/541
f 542/542/542 543/543/543 544/544/544
f 542/542/542 544/544/544 545/545/545
f 546/546/546 547/547/547 548/548/548
f 546/546/546 548/548/548 549/549/549
f 550/550/550 551/551/551 552/552/552
f 550/550/550 552/552/552 553/553/553
f 554/554/554 555/555/555 556/556/556
f 554/554/554 556/556/556 557/557/557
f 558/558/558 559/559/559 560/560/560
f 558/558/558 560/560/560 561/561/561
f 562/562/562 563/563/563 564/564/564
f 562/562/562 564/564/564 565/565/565
f 566/566/566 567/567/567 568/568/568
f 566/566/566 568/568/568 569/569/569
f 570/570/570 571/571/571 572/572/572
f 570/570/570 572/572/572 573/573/573
f 574/574/574 575/575/575 576/576/576
f 574/574/574 576/576/576 577/577/577
f 578/578/578 579/579/579 580/580/580
f 578/578/578 580/580/580 581/581/581
f 582/582/582 583/583/583 584/584/584
f 582/582/582 584/584/584 585/585/585
f 586/586/586 587/587/587 588/588/588
f 586/586/586 588/588/588 589/589/589
f 590/590/590 591/591/591 592/592/592
f 590/590/590 592/592/592 593/593/593
f 594/594/594 595/595/595 596/596/596
f 594/594/594 596/596/596 597/597/597
f 598/598/598 599/599/599 600/600/600
f 598/598/598 600/600/600 601/601/601
f 602/602/602 603/603/603 604/604/604
f 602/602/602 604/604/604 605/605/605
f 606/606/606 607/607/607 608/608/608
f 606/606/606 608/608/608 609/609/609
f 610/610/610 611/611/611 612/612/612
f 610/610/610 612/612/612 613/613/613
f 614/614/614 615/615/615 616/616/616
f 614/614/614 616/616/616 617/617/617
f 618/618/618 619/619/619 620/620/620
f 618/618/618 620/620/620 621/621/621
f 622/622/622 623/623/623 624/624/624
f 622/622/622 624/624/624 625/625/625
f 626/626/626 627/627/627 628/628/628
f 626/626/626 628/628/628 629/629/629
f 630/630/630 631/631/631 632/632/632
f 630/630/630 632/632/632 633/633/633
f 634/634/634 635/635/635 636/636/636
f 634/634/634 636/636/636 637/637/637
f 638/638/638 639/639/639 640/640/640
f 638/638/638 640/640/640 641/641/641
f 642/642/642 643/643/643 644/644/644
f 642/642/642 644/644/644 645/645/645
f 646/646/646 647/647/647 648/648/648
f 646/646/646 648/648/648 649/649/649
f 650/650/650 651/651/651 652/652/652
f 650/650/650 652/652/652 653/653/653
f 654/654/654 655/655/655 656/656/656
f 654/654/654 656/656/656 657/657/657
f 658/658/658 659/659/659 660/660/660
f 658/658/658 660/660/660 661/661/661
f 662/662/662 663/663/663 664/664/664
f 662/662/662 664/664/664 665/665/665
f 666/666/666 667/667/667 668/668/668
f 666/666/666 668/668/668 669/669/669
f 670/670/670 671/671/671 672/672/672
f 670/670/670 672/672/672 673/673/673
f 674/674/674 675/675/675 676/676/676
f 674/674/674 676/676/676 677/677/677
f 678/678/678 679/679/679 680/680/680
f 678/678/678 680/680/680 681/681/681
f 682/682/682 683/683/683 684/684/684
f 682/682/682 684/684/684 685/685/685
f 686/686/686 687/687/687 688/688/688
f 686/686/686 688/688/688 689/689/689
f 690/690/690 691/691/691 692/692/692
f 690/690/690 692/692/692 693/693/693
f 694/694/694 695/695/695 696/696/696
f 694/694/694 696/696/696 697/697/697
f 698/698/698 699/699/699 700/700/700
f 698/698/698 700/700/700 701/701/701
f 702/702/702 703/703/703 704/704/704
f 702/702/702 704/704/704 705/705/705
f 706/706/706 707/707/707 708/708/708
f 706/706/706 708/708/708 709/709/709
f 710/710/710 711/711/711 712/712/712
f 710/710/710 712/712/712 713/713/713
f 714/714/714 715/715/715 716/716/716
f 714/714/714 716/716/716 717/717/717
f 718/718/718 719/719/719 720/720/720
f 718/718/718 720/720/720 721/721/721
f 722/722/722 723/723/723 724/724/724
f 722/722/722 724/724/724 725/725/725
f 726/726/726 727/727/727 728/728/728
f 726/726/726 728/728/728 729/729/729
f 730/730/730 731/731/731 732/732/732
f 730/730/730 732/732/732 733/733/733
f 734/734/734 735/735/735 736/736/736
f 734/734/734 736/736/736 737/737/737
f 738/738/738 739/739/739 740/740/740
f 738/738/738 740/740/740 741/741/741
f 742/742/742 743/743/743 744/744/744
f 742/742/742 744/744/744 745/745/745
f 746/746/746 747/747/747 748/748/748
f 746/746/746 748/748/748 749/749/749
f 750/750/750 751/751/751 752/752/752
f 750/750/750 752/752/752 753/753/753
f 754/754/754 755/755/755 756/756/756
f 754/754/754 756/756/756 757/757/757
f 758/758/758 759/759/759 760/760/760
f 758/758/758 760/760/760 761/761/761
f 762/762/762 763/763/763 764/764/764
f 762/762/762 764/764/764 765/765/765
f 766/766/766 767/767/767 768/768/768
f 766/766/766 768/768/768 769/769/769
f 770/770/770 771/771/771 772/772/772
f 770/770/770 772/772/772 773/773/773
f 774/774/774 775/775/775 776/776/776
f 774/774/774 776/776/776 777/777/777
f 778/778/778 779/779/779 780/780/780
f 778/778/778 780/780/780 781/781/781
f 782/782/782 783/783/783 784/784/784
f 782/782/782 784/784/784 785/785/785
f 786/786/786 787/787/787 788/788/788
f 786/786/786 788/788/788 789/789/789
f 790/790/790 791/791/791 792/792/792
f 790/790/790 792/792/792 793/793/793
f 794/794/794 795/795/795 796/796/796
f 794/794/794 796/796/796 797/797/797
f 798/798/798 799/799/799 800/800/800
f 798/798/798 800/800/800 801/801/801
f 802/802/802 803/803/803 804/804/804
f 802/802/802 804/804/804 805/805/805
f 806/806/806 807/807/807 808/808/808
f 806/806/806 808/808/808 809/809/809
f 810/810/810 811/811/811 812/812/812
f 810/810/810 812/812/812 813/813/813
f 814/814/814 815/815/815 816/816/816
f 814/814/814 816/816/816 817/817/817
f 818/818/818 819/819/819 820/820/820
f 818/818/818 820/820/820 821/821/821
f 822/822/822 823/823/823 824/824/824
f 822/822/822 824/824/824 825/825/825
f 826/826/826 827/827/827 828/828/828
f 826/826/826 828/828/828 829/829/829
f 830/830/830 831/831/831 832/832/832
f 830/830/830 832/832/832 833/833/833
f 834/834/834 835/835/835 836/836/836
f 834/834/834 836/836/836 837/837/837
f 838/838/838 839/839/839 840/840/840
f 838/838/838 840/840/840 841/841/841
f 842/842/842 843/843/843 844/844/844
f 842/842/842 844/844/844 845/845/845
f 846/846/846 847/847/847 848/848/848
f 846/846/846 848/848/848 849/849/849
f 850/850/850 851/851/851 852/852/852
f 850/850/850 852/852/852 853/853/853
f 854/854/854 855/855/855 856/856/856
f 854/854/854 856/856/856 857/857/857
f 858/858/858 859/859/859 860/860/860
f 858/858/858 860/860/860 861/861/861
f 862/862/862 863/863/863 864/864/864
f 862/862/862 864/864/864 865/865/865
f 866/866/866 867/867/867 868/868/868
f 866/866/866 868/868/868 869/869/869
f 870/870/870 871/871/871 872/872/872
f 870/870/870 872/872/872 873/873/873
f 874/874/874 875/875/875 876/876/876
f 874/874/874 876/876/876 877/877/877
f 878/878/878 879/879/879 880/880/880
f 878/878/878 880/880/880 881/881/881
f 882/882/882 883/883/883 884/884/884
f 882/882/882 884/884/884 885/885/885
f 886/886/886 887/887/887 888/888/888
f 886/886/886 888/888/888 889/889/889
f 890/890/890 891/891/891 892/892/892
f 890/890/890 892/892/892 893/893/893
f 894/894/894 895/895/895 896/896/896
f 894/894/894 896/896/896 897/897/897
f 898/898/898 899/899/899 900/900/900
f 898/898/898 900/900/900 901/901/901
f 902/902/902 903/903/903 904/904/904
f 902/902/902 904/904/904 905/905/905
f 906/906/906 907/907/907 908/908/908
f 906/906/906 908/908/908 909/909/909
f 910/910/910 911/911/911 912/912/912
f 910/910/910 912/912/912 913/913/913
f 914/914/914 915/915/915 916/916/916
f 914/914/914 916/916/916 917/917/917
f 918/918/918 919/919/919 920/920/920
f 918/918/918 920/920/920 921/921/921
f 922/922/922 923/923/923 924/924/924
f 922/922/922 924/924/924 925/925/925
f 926/926/926 927/927/927 928/928/928
f 926/926/926 928/928/928 929/929/929
f 930/930/930 931/931/931 932/932/932
f 930/930/930 932/932/932 933/933/933
f 934/934/934 935/935/935 936/936/936
f 934/934/934 936/936/936 937/937/937
f 938/938/938 939/939/939 940/940/940
f 938/938/938 940/940/940 941/941/941
f 942/942/942 943/943/943 944/944/944
f 942/942/942 944/944/944 945/945/945
f 946/946/946 947/947/947 948/948/948
f 946/946/946 948/948/948 949/949/949
f 950/950/950 951/951/951 952/952/952
f 950/950/950 952/952/952 953/953/953
f 954/954/954 955/955/955 956/956/956
f 954/954/954 956/956/956 957/957/957
f 958/958/958 959/959/959 960/960/960
f 958/958/958 960/960/960 961/961/961
f 962/962/962 963/963/963 964/964/964
f 962/962/962 964/964/964 965/965/965
f 966/966/966 967/967/967 968/968/968
f 966/966/966 968/968/968 969/969/969
f 970/970/970 971/971/971 972/972/972
f 970/970/970 972/972/972 973/973/973
f 974/974/974 975/975/975 976/976/976
f 974/974/974 976/976/976 977/977/977
f 978/978/978 979/979/979 980/980/980
f 978/978/978 980/980/980 981/981/981
f 982/982/982 983/983/983 984/984/984
f 982/982/982 984/984/984 985/985/985
f 986/986/986 987/987/987 988/988/988
f 986/986/986 988/988/988 989/989/989
f 990/990/990 991/991/991 992/992/992
f 990/990/990 992/992/992 993/993/993
f 994/994/994 995/995/995 996/996/996
f 994/994/994 996/996/996 997/997/997
f 998/998/998 999/999/999 1000/1000/1000
f 998/998/998 1000/1000/1000 1001/1001/1001
f 1002/1002/1002 1003/1003/1003 1004/1004/1004
f 1002/1002/1002 1004/1004/1004 1005/1005/1005
f 1006/1006/1006 1007/1007/1007 1008/1008/1008
f 1006/1006/1006 1008/1008/1008 1009/1009/1009
f 1010/1010/1010 1011/1011/1011 1012/1012/1012
f 1010/1010/1010 1012/1012/1012 1013/1013/1013
f 1014/1014/1014 1015/1015/1015 1016/1016/1016
f 1014/1014/1014 1016/1016/1016 1017/1017/1017
f 1018/1018/1018 1019/1019/1019 1020/1020/1020
f 1018/1018/1018 1020/1020/1020 1021/1021/1021
f 1022/1022/1022 1023/1023/1023 1024/1024/1024
f 1022/1022/1022 1024/1024/1024 1025/1025/1025
f 1026/1026/1026 1027/1027/1027 1028/1028/1028
f 1026/1026/1026 1028/1028/1028 1029/1029/1029
f 1030/1030/1030 1031/1031/1031 1032/1032/1032
f 1030/1030/1030 1032/1032/1032 1033/1033/1033
f 1034/1034/1034 1035/1035/1035 1036/1036/1036
f 1034/1034/1034 1036/1036/1036 1037/1037/1037
f 1038/1038/1038 1039/1039/1039 1040/1040/1040
f 1038/1038/1038 1040/1040/1040 1041/1041/1041
f 1042/1042/1042 1043/1043/1043 1044/1044/1044
f 1042/1042/1042 1044/1044/1044 1045/1045/1045
f 1046/1046/1046 1047/1047/1047 1048/1048/1048
f 1046/1046/1046 1048/1048/1048 1049/1049/1049
f 1050/1050/1050 1051/1051/1051 1052/1052/1052
f 1050/1050/1050 1052/1052/1052 1053/1053/1053
f 1054/1054/1054 1055/1055/1055 1056/1056/1056
f 1054/1054/1054 1056/1056/1056 1057/1057/1057
f 1058/1058/1058 1059/1059/1059 1060/1060/1060
f 1058/1058/1058 1060/1060/1060 1061/1061/1061
f 1062/1062/1062 1063/1063/1063 1064/1064/1064
f 1062/1062/1062 1064/1064/1064 1065/1065/1065
f 1066/1066/1066 1067/1067/1067 1068/1068/1068
f 1066/1066/1066 1068/1068/1068 1069/1069/1069
f 1070/1070/1070 1071/1071/1071 1072/1072/1072
f 1070/1070/1070 1072/1072/1072 1073/1073/1073
f 1074/1074/1074 1075/1075/1075 1076/1076/1076
f 1074/1074/1074 1076/1076/1076 1077/1077/1077
f 1078/1078/1078 1079/1079/1079 1080/1080/1080
f 1078/1078/1078 1080/1080/1080 1081/1081/1081
f 1082/1082/1082 1083/1083/1083 1084/1084/1084
f 1082/1082/1082 1084/1084/1084 1085/1085/1085
f 1086/1086/1086 1087/1087/1087 1088/1088/1088
f 1086/1086/1086 1088/1088/1088 1089/1089/1089
f 1090/1090/1090 1091/1091/1091 1092/1092/1092
f 1090/1090/1090 1092/1092/1092 1093/1093/1093
f 1094/1094/1094 1095/1095/1095 1096/1096/1096
f 1094/1094/1094 1096/1096/1096 1097/1097/1097
f 1098/1098/1098 1099/1099/1099 1100/1100/1100
f 1098/1098/1098 1100/1100/1100 1101/1101/1101
f 1102/1102/1102 1103/1103/1103 1104/1104/1104
f 1102/1102/1102 1104/1104/1104 1105/1105/1105
f 1106/1106/1106 1107/1107/1107 1108/1108/1108
f 1106/1106/1106 1108/1108/1108 1109/1109/1109
f 1110/1110/1110 1111/1111/1111 1112/1112/1112
f 1110/1110/1110 1112/1112/1112 1113/1113/1113
f 1114/1114/1114 1115/1115/1115 1116/1116/1116
f 1114/1114/1114 1116/1116/1116 1117/1117/1117
f 1118/1118/1118 1119/1119/1119 1120/1120/1120
f 1118/1118/1118 1120/1120/1120 1121/1121/1121
f 1122/1122/1122 1123/1123/1123 1124/1124/1124
f 1122/1122/1122 1124/1124/1124 1125/1125/1125
f 1126/1126/1126 1127/1127/1127 1128/1128/1128
f 1126/1126/1126 1128/1128/1128 1129/1129/1129
f 1130/1130/1130 1131/1131/1131 1132/1132/1132
f 1130/1130/1130 1132/1132/1132 1133/1133/1133
f 1134/1134/1134 1135/1135/1135 1136/1136/1136
f 1134/1134/1134 1136/1136/1136 1137/1137/1137
f 1138/1138/1138 1139/1139/1139 1140/1140/1140
f 1138/1138/1138 1140/1140/1140 1141/1141/1141
f 1142/1142/1142 1143/1143/1143 1144/1144/1144
f 1142/1142/1142 1144/1144/1144 1145/1145/1145
f 1146/1146/1146 1147/1147/1147 1148/1148/1148
f 1146/1146/1146 1148/1148/1148 1149/1149/1149
f 1150/1150/1150 1151/1151/1151 1152/1152/1152
f 1150/1150/1150 1152/1152/1152 1153/1153/1153
f 1154/1154/1154 1155/1155/1155 1156/1156/1156
f 1154/1154/1154 1156/1156/1156 1157/1157/1157
f 1158/1158/1158 1159/1159/1159 1160/1160/1160
f 1158/1158/1158 1160/1160/1160 1161/1161/1161
f 1162/1162/1162 1163/1163/1163 1164/1164/1164
f 1162/1162/1162 1164/1164/1164 1165/1165/1165
f 1166/1166/1166 1167/1167/1167 1168/1168/1168
f 1166/1166/1166 1168/1168/1168 1169/1169/1169
f 1170/1170/1170 1171/1171/1171 1172/1172/1172
f 1170/1170/1170 1172/1172/1172 1173/1173/1173
f 1174/1174/1174 1175/1175/1175 1176/1176/1176
f 1174/1174/1174 1176/1176/1176 1177/1177/1177
f 1178/1178/1178 1179/1179/1179 1180/1180/1180
f 1178/1178/1178 1180/1180/1180 1181/1181/1181
f 1182/1182/1182 1183/1183/1183 1184/1184/1184
f 1182/1182/1182 1184/1184/1184 1185/1185/1185
f 1186/1186/1186 1187/1187/1187 1188/1188/1188
f 1186/1186/1186 1188/1188/1188 1189/1189/1189
f 1190/1190/1190 1191/1191/1191 1192/1192/1192
f 1190/1190/1190 1192/1192/1192 1193/1193/1193
f 1194/1194/1194 1195/1195/1195 1196/1196/1196
f 1194/1194/1194 1196/1196/1196 1197/1197/1197
f 1198/1198/1198 1199/1199/1199 1200/1200/1200
f 1198/1198/1198 1200/1200/1200 1201/1201/1201
f 1202/1202/1202 1203/1203/1203 1204/1204/1204
f 1202/1202/1202 1204/1204/1204 1205/1205/1205
f 1206/1206/1206 1207/1207/1207 1208/1208/1208
f 1206/1206/1206 1208/1208/1208 1209/1209/1209
f 1210/1210/1210 1211/1211/1211 1212/1212/1212
f 1210/1210/1210 1212/1212/1212 1213/1213/1213
f 1214/1214/1214 1215/1215/1215 1216/1216/1216
f 1214/1214/1214 1216/1216/1216 1217/1217/1217
f 1218/1218/1218 1219/1219/1219 1220/1220/1220
f 1218/1218/1218 1220/1220/1220 1221/1221/1221
f 1222/1222/1222 1223/1223/1223 1224/1224/1224
f 1222/1222/1222 1224/1224/1224 1225/1225/1225
f 1226/1226/1226 1227/1227/1227 1228/1228/1228
f 1226/1226/1226 1228/1228/1228 1229/1229/1229
f 1230/1230/1230 1231/1231/1231 1232/1232/1232
f 1230/1230/1230 1232/1232/1232 1233/1233/1233
f 1234/1234/1234 1235/1235/1235 1236/1236/1236
f 1234/1234/1234 1236/1236/1236 1237/1237/1237
f 1238/1238/1238 1239/1239/1239 1240/1240/1240
f 1238/1238/1238 1240/1240/1240 1241/1241/1241
f 1242/1242/1242 1243/1243/1243 1244/1244/1244
f 1242/1242/1242 1244/1244/1244 1245/1245/1245
f 1246/1246/1246 1247/1247/1247 1248/1248/1248
f 1246/1246/1246 1248/1248/1248 1249/1249/1249
f 1250/1250/1250 1251/1251/1251 1252/1252/1252
f 1250/1250/1250 1252/1252/1252 1253/1253/1253
f 1254/1254/1254 1255/1255/1255 1256/1256/1256
f 1254/1254/1254 1256/1256/1256 1257/1257/1257
f 1258/1258/1258 1259/1259/1259 1260/1260/1260
f 1258/1258/1258 1260/1260/1260 1261/1261/1261
f 1262/1262/1262 1263/1263/1263 1264/1264/1264
f 1262/1262/1262 1264/1264/1264 1265/1265/1265
f 1266/1266/1266 1267/1267/1267 1268/1268/1268
f 1266/1266/1266 1268/1268/1268 1269/1269/1269
f 1270/1270/1270 1271/1271/1271 1272/1272/1272
f 1270/1270/1270 1272/1272/1272 1273/1273/1273
f 1274/1274/1274 1275/1275/1275 1276/1276/1276
f 1274/1274/1274 1276/1276/1276 1277/1277/1277
f 1278/1278/1278 1279/1279/1279 1280/1280/1280
f 1278/1278/1278 1280/1280/1280 1281/1281/1281
f 1282/1282/1282 1283/1283/1283 1284/1284/1284
f 1282/1282/1282 1284/1284/1284 1285/1285/1285
f 1286/1286/1286 1287/1287/1287 1288/1288/1288
f 1286/1286/1286 1288/1288/1288 1289/1289/1289
f 1290/1290/1290 1291/1291/1291 1292/1292/1292
f 1290/1290/1290 1292/1292/1292 1293/1293/1293
f 1294/1294/1294 1295/1295/1295 1296/1296/1296
f 1294/1294/1294 1296/1296/1296 1297/1297/1297
f 1298/1298/1298 1299/1299/1299 1300/1300/1300
f 1298/1298/1298 1300/1300/1300 1301/1301/1301
f 1302/1302/1302 1303/1303/1303 1304/1304/1304
f 1302/1302/1302 1304/1304/1304 1305/1305/1305
f 1306/1306/1306 1307/1307/1307 1308/1308/1308
f 1306/1306/1306 1308/1308/1308 1309/1309/1309
f 1310/1310/1310 1311/1311/1311 1312/1312/1312
f 1310/1310/1310 1312/1312/1312 1313/1313/1313
f 1314/1314/1314 1315/1315/1315 1316/1316/1316
f 1314/1314/1314 1316/1316/1316 1317/1317/1317
f 1318/1318/1318 1319/1319/1319 1320/1320/1320
f 1318/1318/1318 1320/1320/1320 1321/1321/1321
f 1322/1322/1322 1323/1323/1323 1324/1324/1324
f 1322/1322/1322 1324/1324/1324 1325/1325/1325
f 1326/1326/1326 1327/1327/1327 1328/1328/1328
f 1326/1326/1326 1328/1328/1328 1329/1329/1329
f 1330/1330/1330 1331/1331/1331 1332/1332/1332
f 1330/1330/1330 1332/1332/1332 1333/1333/1333
f 1334/1334/1334 1335/1335/1335 1336/1336/1336
f 1334/1334/1334 1336/1336/1336 1337/1337/1337
f 1338/1338/1338 1339/1339/1339 1340/1340/1340
f 1338/1338/1338 1340/1340/1340 1341/1341/1341
f 1342/1342/1342 1343/1343/1343 1344/1344/1344
f 1342/1342/1342 1344/1344/1344 1345/1345/1345
f 1346/1346/1346 1347/1347/1347 1348/1348/1348
f 1346/1346/1346 1348/1348/1348 1349/1349/1349
f 1350/1350/1350 1351/1351/1351 1352/1352/1352
f 1350/1350/1350 1352/1352/1352 1353/1353/1353
f 1354/1354/1354 1355/1355/1355 1356/1356/1356
f 1354/1354/1354 1356/1356/1356 1357/1357/1357
f 1358/1358/1358 1359/1359/1359 1360/1360/1360
f 1358/1358/1358 1360/1360/1360 1361/1361/1361
f 1362/1362/1362 1363/1363/1363 1364/1364/1364
f 1362/1362/1362 1364/1364/1364 1365/1365/1365
f 1366/1366/1366 1367/1367/1367 1368/1368/1368
f 1366/1366/1366 1368/1368/1368 1369/1369/1369
f 1370/1370/1370 1371/1371/1371 1372/1372/1372
f 1370/1370/1370 1372/1372/1372 1373/1373/1373
f 1374/1374/1374 1375/1375/1375 1376/1376/1376
f 1374/1374/1374 1376/1376/1376 1377/1377/1377
f 1378/1378/1378 1379/1379/1379 1380/1380/1380
f 1378/1378/1378 1380/1380/1380 1381/1381/1381
f 1382/1382/1382 1383/1383/1383 1384/1384/1384
f 1382/1382/1382 1384/1384/1384 1385/1385/1385
f 1386/1386/1386 1387/1387/1387 1388/1388/1388
f 1386/1386/1386 1388/1388/1388 1389/1389/1389
f 1390/1390/1390 1391/1391/1391 1392/1392/1392
f 1390/1390/1390 1392/1392/1392 1393/1393/1393
f 1394/1394/1394 1395/1395/1395 1396/1396/1396
f 1394/1394/1394 1396/1396/1396 1397/1397/1397
f 1398/1398/1398 1399/1399/1399 1400/1400/1400
f 1398/1398/1398 1400/1400/1400 1401/1401/1401
f 1402/1402/1402 1403/1403/1403 1404/1404/1404
f 1402/1402/1402 1404/1404/1404 1405/1405/1405
f 1406/1406/1406 1407/1407/1407 1408/1408/1408
f 1406/1406/1406 1408/1408/1408 1409/1409/1409
f 1410/1410/1410 1411/1411/1411 1412/1412/1412
f 1410/1410/1410 1412/1412/1412 1413/1413/1413
f 1414/1414/1414 1415/1415/1415 1416/1416/1416
f 1414/1414/1414 1416/1416/1416 1417/1417/1417
f 1418/1418/1418 1419/1419/1419 1420/1420/1420
f 1418/1418/1418 1420/1420/1420 1421/1421/1421
f 1422/1422/1422 1423/1423/1423 1424/1424/1424
f 1422/1422/1422 1424/1424/1424 1425/1425/1425
f 1426/1426/1426 1427/1427/1427 1428/1428/1428
f 1426/1426/1426 1428/1428/1428 1429/1429/1429
f 1430/1430/1430 1431/1431/1431 1432/1432/1432
f 1430/1430/1430 1432/1432/1432 1433/1433/1433
f 1434/1434/1434 1435/1435/1435 1436/1436/1436
f 1434/1434/1434 1436/1436/1436 1437/1437/1437
f 1438/1438/1438 1439/1439/1439 1440/1440/1440
f 1438/1438/1438 1440/1440/1440 1441/1441/1441
f 1442/1442/1442 1443/1443/1443 1444/1444/1444
f 1442/1442/1442 1444/1444/1444 1445/1445/1445
f 1446/1446/1446 1447/1447/1447 1448/1448/1448
f 1446/1446/1446 1448/1448/1448 1449/1449/1449
f 1450/1450/1450 1451/1451/1451 1452/1452/1452
f 1450/1450/1450 1452/1452/1452 1453/1453/1453
f 1454/1454/1454 1455/1455/1455 1456/1456/1456
f 1454/1454/1454 1456/1456/1456 1457/1457/1457
f 1458/1458/1458 1459/1459/1459 1460/1460/1460
f 1458/1458/1458 1460/1460/1460 1461/1461/1461
f 1462/1462/1462 1463/1463/1463 1464/1464/1464
f 1462/1462/1462 1464/1464/1464 1465/1465/1465
f 1466/1466/1466 1467/1467/1467 1468/1468/1468
f 1466/1466/1466 1468/1468/1468 1469/1469/1469
f 1470/1470/1470 1471/1471/1471 1472/1472/1472
f 1470/1470/1470 1472/1472/1472 1473/1473/1473
f 1474/1474/1474 1475/1475/1475 1476/1476/1476
f 1474/1474/1474 1476/1476/1476 1477/1477/1477
f 1478/1478/1478 1479/1479/1479 1480/1480/1480
f 1478/1478/1478 1480/1480/1480 1481/1481/1481
f 1482/1482/1482 1483/1483/1483 1484/1484/1484
f 1482/1482/1482 1484/1484/1484 1485/1485/1485
f 1486/1486/1486 1487/1487/1487 1488/1488/1488
f 1486/1486/1486 1488/1488/1488 1489/1489/1489
f 1490/1490/1490 1491/1491/1491 1492/1492/1492
f 1490/1490/1490 1492/1492/1492 1493/1493/1493
f 1494/1494/1494 1495/1495/1495 1496/1496/1496
f 1494/1494/1494 1496/1496/1496 1497/1497/1497
f 1498/1498/1498 1499/1499/1499 1500/1500/1500
f 1498/1498/1498 1500/1500/1500 1501/1501/1501
f 1502/1502/1502 1503/1503/1503 1504/1504/1504
f 1502/1502/1502 1504/1504/1504 1505/1505/1505
f 1506/1506/1506 1507/1507/1507 1508/1508/1508
f 1506/1506/1506 1508/1508/1508 1509/1509/1509
f 1510/1510/1510 1511/1511/1511 1512/1512/1512
f 1510/1510/1510 1512/1512/1512 1513/1513/1513
f 1514/1514/1514 1515/1515/1515 1516/1516/1516
f 1514/1514/1514 1516/1516/1516 1517/1517/1517
f 1518/1518/1518 1519/1519/1519 1520/1520/1520
f 1518/1518/1518 1520/1520/1520 1521/1521/1521
f 1522/1522/1522 1523/1523/1523 1524/1524/1524
f 1522/1522/1522 1524/1524/1524 1525/1525/1525
f 1526/1526/1526 1527/1527/1527 1528/1528/1528
f 1526/1526/1526 1528/1528/1528 1529/1529/1529
f 1530/1530/1530 1531/1531/1531 1532/1532/1532
f 1530/1530/1530 1532/1532/1532 1533/1533/1533
f 1534/1534/1534 1535/1535/1535 1536/1536/1536
f 1534/1534/1534 1536/1536/1536 1537/1537/1537
f 1538/1538/1538 1539/1539/1539 1540/1540/1540
f 1538/1538/1538 1540/1540/1540 1541/1541/1541
f 1542/1542/1542 1543/1543/1543 1544/1544/1544
f 1542/1542/1542 1544/1544/1544 1545/1545/1545
f 1546/1546/1546 1547/1547/1547 1548/1548/1548
f 1546/1546/1546 1548/1548/1548 1549/1549/1549
f 1550/1550/1550 1551/1551/1551 1552/1552/1552
f 1550/1550/1550 1552/1552/1552 1553/1553/1553
f 1554/1554/1554 1555/1555/1555 1556/1556/1556
f 1554/1554/1554 1556/1556/1556 1557/1557/1557
f 1559/1559/1559 1562/1562/1562 1558/1558/1558
f 1562/1562/1562 1559/1559/1559 1561/1561/1561
f 1561/1561/1561 1559/1559/1559 1560/1560/1560
f 1567/1567/1567 1565/1565/1565 1566/1566/1566
f 1565/1565/1565 1567/1567/1567 1564/1564/1564
f 1564/1564/1564 1567/1567/1567 1563/1563/1563
f 1568/1568/1568 1572/1572/1572 1573/1573/1573
f 1572/1572/1572 1568/1568/1568 1569/1569/1569
f 1572/1572/1572 1569/1569/1569 1571/1571/1571
f 1571/1571/1571 1569/1569/1569 1570/1570/1570
f 1578/1578/1578 1576/1576/1576 1577/1577/1577
f 1576/1576/1576 1578/1578/1578 1575/1575/1575
f 1575/1575/1575 1578/1578/1578 1574/1574/1574
f 1579/1579/1579 1582/1582/1582 1583/1583/1583
f 1582/1582/1582 1579/1579/1579 1581/1581/1581
f 1581/1581/1581 1579/1579/1579 1580/1580/1580
f 1588/1588/1588 1586/1586/1586 1587/1587/1587
f 1586/1586/1586 1588/1588/1588 1585/1585/1585
f 1585/1585/1585 1588/1588/1588 1584/1584/1584
f 1593/1593/1593 1591/1591/1591 1592/1592/1592
f 1591/1591/1591 1593/1593/1593 1590/1590/1590
f 1590/1590/1590 1593/1593/1593 1594/1594/1594
f 1590/1590/1590 1594/1594/1594 1589/1589/1589
f 1599/1599/1599 1597/1597/1597 1598/1598/1598
f 1597/1597/1597 1599/1599/1599 1595/1595/1595
f 1597/1597/1597 1595/1595/1595 1596/1596/1596
f 1602/1602/1602 1600/1600/1600 1601/1601/1601
f 1600/1600/1600 1602/1602/1602 1603/1603/1603
f 1600/1600/1600 1603/1603/1603 1604/1604/1604
f 1605/1605/1605 1609/1609/1609 1610/1610/1610
f 1609/1609/1609 1605/1605/1605 1606/1606/1606
f 1609/1609/1609 1606/1606/1606 1608/1608/1608
f 1608/1608/1608 1606/1606/1606 1607/1607/1607
f 1612/1612/1612 1615/1615/1615 1611/1611/1611
f 1615/1615/1615 1612/1612/1612 1614/1614/1614
f 1614/1614/1614 1612/1612/1612 1613/1613/1613
f 1616/1616/1616 1619/1619/1619 1620/1620/1620
f 1619/1619/1619 1616/1616/1616 1618/1618/1618
f 1618/1618/1618 1616/1616/1616 1617/1617/1617
f 1623/1623/1623 1621/1621/1621 1622/1622/1622
f 1621/1621/1621 1623/1623/1623 1624/1624/1624
f 1621/1621/1621 1624/1624/1624 1625/1625/1625
f 1630/1630/1630 1628/1628/1628 1629/1629/1629
f 1628/1628/1628 1630/1630/1630 1627/1627/1627
f 1627/1627/1627 1630/1630/1630 1626/1626/1626
f 1632/1632/1632 1636/1636/1636 1631/1631/1631
f 1636/1636/1636 1632/1632/1632 1635/1635/1635
f 1635/1635/1635 1632/1632/1632 1634/1634/1634
f 1634/1634/1634 1632/1632/1632 1633/1633/1633
f 1638/1638/1638 1641/1641/1641 1637/1637/1637
f 1641/1641/1641 1638/1638/1638 1640/1640/1640
f 1640/1640/1640 1638/1638/1638 1639/1639/1639
f 1644/1644/1644 1642/1642/1642 1643/1643/1643
f 1642/1642/1642 1644/1644/1644 1645/1645/1645
f 1642/1642/1642 1645/1645/1645 1646/1646/1646
f 1650/1650/1650 1648/1648/1648 1649/1649/1649
f 1648/1648/1648 1650/1650/1650 1651/1651/1651
f 1648/1648/1648 1651/1651/1651 1647/1647/1647
f 1653/1653/1653 1657/1657/1657 1652/1652/1652
f 1657/1657/1657 1653/1653/1653 1656/1656/1656
f 1656/1656/1656 1653/1653/1653 1654/1654/1654
f 1656/1656/1656 1654/1654/1654 1655/1655/1655
f 1658/1658/1658 1663/1663/1663 1664/1664/1664
f 1663/1663/1663 1658/1658/1658 1662/1662/1662
f 1662/1662/1662 1658/1658/1658 1659/1659/1659
f 1662/1662/1662 1659/1659/1659 1660/1660/1660
f 1662/1662/1662 1660/1660/1660 1661/1661/1661
f 1666/1666/1666 1670/1670/1670 1665/1665/1665
f 1670/1670/1670 1666/1666/1666 1669/1669/1669
f 1669/1669/1669 1666/1666/1666 1668/1668/1668
f 1668/1668/1668 1666/1666/1666 1667/1667/1667
f 1673/1673/1673 1671/1671/1671 1672/1672/1672
f 1671/1671/1671 1673/1673/1673 1674/1674/1674
f 1671/1671/1671 1674/1674/1674 1675/1675/1675
f 1682/1682/1682 1680/1680/1680 1681/1681/1681
f 1680/1680/1680 1682/1682/1682 1676/1676/1676
f 1680/1680/1680 1676/1676/1676 1679/1679/1679
f 1679/1679/1679 1676/1676/1676 1678/1678/1678
f 1678/1678/1678 1676/1676/1676 1677/1677/1677
f 1686/1686/1686 1684/1684/1684 1685/1685/1685
f 1684/1684/1684 1686/1686/1686 1687/1687/1687
f 1684/1684/1684 1687/1687/1687 1683/1683/1683
f 1692/1692/1692 1690/1690/1690 1691/1691/1691
f 1690/1690/1690 1692/1692/1692 1689/1689/1689
f 1689/1689/1689 1692/1692/1692 1688/1688/1688
f 1697/1697/1697 1695/1695/1695 1696/1696/1696
f 1695/1695/1695 1697/1697/1697 1693/1693/1693
f 1695/1695/1695 1693/1693/1693 1694/1694/1694
f 1699/1699/1699 1702/1702/1702 1698/1698/1698
f 1702/1702/1702 1699/1699/1699 1701/1701/1701
f 1701/1701/1701 1699/1699/1699 1700/1700/1700
f 1704/1704/1704 1707/1707/1707 1703/1703/1703
f 1707/1707/1707 1704/1704/1704 1706/1706/1706
f 1706/1706/1706 1704/1704/1704 1705/1705/1705
f 1712/1712/1712 1710/1710/1710 1711/1711/1711
f 1710/1710/1710 1712/1712/1712 1713/1713/1713
f 1710/1710/1710 1713/1713/1713 1708/1708/1708
f 1710/1710/1710 1708/1708/1708 1709/1709/1709
f 1718/1718/1718 1716/1716/1716 1717/1717/1717
f 1716/1716/1716 1718/1718/1718 1714/1714/1714
f 1716/1716/1716 1714/1714/1714 1715/1715/1715
f 1722/1722/1722 1720/1720/1720 1721/1721/1721
f 1720/1720/1720 1722/1722/1722 1723/1723/1723
f 1720/1720/1720 1723/1723/1723 1724/1724/1724
f 1720/1720/1720 1724/1724/1724 1725/1725/1725
f 1720/1720/1720 1725/1725/1725 1719/1719/1719
f 1729/1729/1729 1727/1727/1727 1728/1728/1728
f 1727/1727/1727 1729/1729/1729 1730/1730/1730
f 1727/1727/1727 1730/1730/1730 1726/1726/1726
f 1732/1732/1732 1736/1736/1736 1731/1731/1731
f 1736/1736/1736 1732/1732/1732 1735/1735/1735
f 1735/1735/1735 1732/1732/1732 1734/1734/1734
f 1734/1734/1734 1732/1732/1732 1733/1733/1733
f 1740/1740/1740 1738/1738/1738 1739/1739/1739
f 1738/1738/1738 1740/1740/1740 1737/1737/1737
f 1737/1737/1737 1740/1740/1740 1742/1742/1742
f 1742/1742/1742 1740/1740/1740 1741/1741/1741
f 1744/1744/1744 1748/1748/1748 1743/1743/1743
f 1748/1748/1748 1744/1744/1744 1747/1747/1747
f 1747/1747/1747 1744/1744/1744 1746/1746/1746
f 1746/1746/1746 1744/1744/1744 1745/1745/1745
f 1751/1751/1751 1749/1749/1749 1750/1750/1750
f 1755/1755/1755 1753/1753/1753 1754/1754/1754
f 1753/1753/1753 1755/1755/1755 1756/1756/1756
f 1753/1753/1753 1756/1756/1756 1749/1749/1749
f 1753/1753/1753 1749/1749/1749 1752/1752/1752
f 1752/1752/1752 1749/1749/1749 1751/1751/1751
f 1758/1758/1758 1761/1761/1761 1757/1757/1757
f 1761/1761/1761 1758/1758/1758 1759/1759/1759
f 1761/1761/1761 1759/1759/1759 1760/1760/1760
f 1763/1763/1763 1767/1767/1767 1762/1762/1762
f 1767/1767/1767 1763/1763/1763 1766/1766/1766
f 1766/1766/1766 1763/1763/1763 1764/1764/1764
f 1764/1764/1764 1765/1765/1765 1766/1766/1766
f 1769/1769/1769 1770/1770/1770 1768/1768/1768
f 1772/1772/1772 1770/1770/1770 1771/1771/1771
f 1770/1770/1770 1772/1772/1772 1768/1768/1768
f 1768/1768/1768 1772/1772/1772 1773/1773/1773
f 1779/1779/1779 1777/1777/1777 1778/1778/1778
f 1777/1777/1777 1779/1779/1779 1776/1776/1776
f 1776/1776/1776 1779/1779/1779 1774/1774/1774
f 1776/1776/1776 1774/1774/1774 1775/1775/1775
f 1780/1780/1780 1783/1783/1783 1784/1784/1784
f 1783/1783/1783 1780/1780/1780 1782/1782/1782
f 1782/1782/1782 1780/1780/1780 1781/1781/1781
f 1785/1785/1785 1788/1788/1788 1789/1789/1789
f 1788/1788/1788 1785/1785/1785 1787/1787/1787
f 1787/1787/1787 1785/1785/1785 1786/1786/1786
f 1791/1791/1791 1794/1794/1794 1790/1790/1790
f 1794/1794/1794 1791/1791/1791 1792/1792/1792
f 1794/1794/1794 1792/1792/1792 1793/1793/1793
f 1795/1795/1795 1790/1790/1790 1794/1794/1794
f 1798/1798/1798 1796/1796/1796 1797/1797/1797
f 1796/1796/1796 1798/1798/1798 1799/1799/1799
f 1801/1801/1801 1799/1799/1799 1800/1800/1800
f 1799/1799/1799 1801/1801/1801 1796/1796/1796
f 1804/1804/1804 1802/1802/1802 1803/1803/1803
f 1802/1802/1802 1804/1804/1804 1806/1806/1806
f 1806/1806/1806 1804/1804/1804 1805/1805/1805
f 1808/1808/1808 1811/1811/1811 1807/1807/1807
f 1811/1811/1811 1809/1809/1809 1810/1810/1810
f 1809/1809/1809 1811/1811/1811 1808/1808/1808
f 1814/1814/1814 1816/1816/1816 1813/1813/1813
f 1816/1816/1816 1814/1814/1814 1815/1815/1815
f 1813/1813/1813 1816/1816/1816 1812/1812/1812
f 1818/1818/1818 1821/1821/1821 1817/1817/1817
f 1821/1821/1821 1818/1818/1818 1819/1819/1819
f 1821/1821/1821 1819/1819/1819 1820/1820/1820
f 1825/1825/1825 1826/1826/1826 1824/1824/1824
f 1824/1824/1824 1822/1822/1822 1823/1823/1823
f 1822/1822/1822 1824/1824/1824 1826/1826/1826
f 1830/1830/1830 1828/1828/1828 1829/1829/1829
f 1828/1828/1828 1830/1830/1830 1831/1831/1831
f 1828/1828/1828 1831/1831/1831 1832/1832/1832
f 1828/1828/1828 1832/1832/1832 1827/1827/1827
f 1834/1834/1834 1837/1837/1837 1833/1833/1833
f 1837/1837/1837 1834/1834/1834 1835/1835/1835
f 1837/1837/1837 1835/1835/1835 1836/1836/1836
f 1842/1842/1842 1840/1840/1840 1841/1841/1841
f 1840/1840/1840 1842/1842/1842 1838/1838/1838
f 1840/1840/1840 1838/1838/1838 1839/1839/1839
f 1847/1847/1847 1845/1845/1845 1846/1846/1846
f 1845/1845/1845 1847/1847/1847 1848/1848/1848
f 1848/1848/1848 1844/1844/1844 1845/1845/1845
f 1844/1844/1844 1848/1848/1848 1843/1843/1843
f 1850/1850/1850 1853/1853/1853 1849/1849/1849
f 1853/1853/1853 1851/1851/1851 1852/1852/1852
f 1851/1851/1851 1853/1853/1853 1850/1850/1850
f 1857/1857/1857 1855/1855/1855 1856/1856/1856
f 1855/1855/1855 1857/1857/1857 1854/1854/1854
f 1854/1854/1854 1857/1857/1857 1858/1858/1858
f 1863/1863/1863 1864/1864/1864 1862/1862/1862
f 1862/1862/1862 1860/1860/1860 1861/1861/1861
f 1860/1860/1860 1862/1862/1862 1864/1864/1864
f 1860/1860/1860 1864/1864/1864 1859/1859/1859
f 1867/1867/1867 1865/1865/1865 1866/1866/1866
f 1865/1865/1865 1867/1867/1867 1869/1869/1869
f 1869/1869/1869 1867/1867/1867 1868/1868/1868
f 1873/1873/1873 1875/1875/1875 1872/1872/1872
f 1875/1875/1875 1873/1873/1873 1874/1874/1874
f 1872/1872/1872 1870/1870/1870 1871/1871/1871
f 1870/1870/1870 1872/1872/1872 1875/1875/1875
f 1876/1876/1876 1880/1880/1880 1881/1881/1881
f 1880/1880/1880 1876/1876/1876 1877/1877/1877
f 1880/1880/1880 1877/1877/1877 1879/1879/1879
f 1879/1879/1879 1877/1877/1877 1878/1878/1878
f 1883/1883/1883 1887/1887/1887 1882/1882/1882
f 1887/1887/1887 1883/1883/1883 1886/1886/1886
f 1886/1886/1886 1883/1883/1883 1885/1885/1885
f 1885/1885/1885 1883/1883/1883 1884/1884/1884
f 1891/1891/1891 1889/1889/1889 1890/1890/1890
f 1889/1889/1889 1891/1891/1891 1888/1888/1888
f 1888/1888/1888 1891/1891/1891 1892/1892/1892
f 1894/1894/1894 1897/1897/1897 1893/1893/1893
f 1897/1897/1897 1895/1895/1895 1896/1896/1896
f 1895/1895/1895 1897/1897/1897 1894/1894/1894
f 1900/1900/1900 1898/1898/1898 1899/1899/1899
f 1898/1898/1898 1900/1900/1900 1902/1902/1902
f 1902/1902/1902 1900/1900/1900 1901/1901/1901
f 1906/1906/1906 1907/1907/1907 1905/1905/1905
f 1904/1904/1904 1907/1907/1907 1903/1903/1903
f 1907/1907/1907 1904/1904/1904 1905/1905/1905
f 1912/1912/1912 1910/1910/1910 1911/1911/1911
f 1910/1910/1910 1912/1912/1912 1909/1909/1909
f 1909/1909/1909 1912/1912/1912 1908/1908/1908
f 1916/1916/1916 1914/1914/1914 1915/1915/1915
f 1914/1914/1914 1916/1916/1916 1917/1917/1917
f 1914/1914/1914 1917/1917/1917 1913/1913/1913
f 1913/1913/1913 1917/1917/1917 1919/1919/1919
f 1919/1919/1919 1917/1917/1917 1918/1918/1918
f 1920/1920/1920 1923/1923/1923 1924/1924/1924
f 1923/1923/1923 1920/1920/1920 1922/1922/1922
f 1922/1922/1922 1920/1920/1920 1921/1921/1921
f 1926/1926/1926 1929/1929/1929 1925/1925/1925
f 1929/1929/1929 1926/1926/1926 1927/1927/1927
f 1927/1927/1927 1928/1928/1928 1929/1929/1929
f 1930/1930/1930 1934/1934/1934 1935/1935/1935
f 1934/1934/1934 1930/1930/1930 1931/1931/1931
f 1934/1934/1934 1931/1931/1931 1932/1932/1932
f 1934/1934/1934 1932/1932/1932 1933/1933/1933
f 1937/1937/1937 1941/1941/1941 1936/1936/1936
f 1941/1941/1941 1937/1937/1937 1938/1938/1938
f 1941/1941/1941 1938/1938/1938 1939/1939/1939
f 1939/1939/1939 1940/1940/1940 1941/1941/1941
f 1943/1943/1943 1947/1947/1947 1942/1942/1942
f 1947/1947/1947 1945/1945/1945 1946/1946/1946
f 1945/1945/1945 1947/1947/1947 1944/1944/1944
f 1944/1944/1944 1947/1947/1947 1943/1943/1943
f 1952/1952/1952 1950/1950/1950 1951/1951/1951
f 1950/1950/1950 1952/1952/1952 1948/1948/1948
f 1950/1950/1950 1948/1948/1948 1949/1949/1949
f 1976/1976/1976 1974/1974/1974 1975/1975/1975
f 1974/1974/1974 1976/1976/1976 1973/1973/1973
f 1973/1973/1973 1976/1976/1976 1977/1977/1977
f 1973/1973/1973 1977/1977/1977 1978/1978/1978
f 1973/1973/1973 1978/1978/1978 1972/1972/1972
f 1972/1972/1972 1978/1978/1978 1971/1971/1971
f 1971/1971/1971 1978/1978/1978 1979/1979/1979
f 1971/1971/1971 1979/1979/1979 1970/1970/1970
f 1970/1970/1970 1979/1979/1979 1980/1980/1980
f 1970/1970/1970 1980/1980/1980 1969/1969/1969
f 1969/1969/1969 1980/1980/1980 1981/1981/1981
f 1969/1969/1969 1981/1981/1981 1968/1968/1968
f 1968/1968/1968 1981/1981/1981 1982/1982/1982
f 1968/1968/1968 1982/1982/1982 1967/1967/1967
f 1967/1967/1967 1982/1982/1982 1983/1983/1983
f 1967/1967/1967 1983/1983/1983 1966/1966/1966
f 1966/1966/1966 1983/1983/1983 1984/1984/1984
f 1966/1966/1966 1984/1984/1984 1965/1965/1965
f 1965/1965/1965 1984/1984/1984 1953/1953/1953
f 1965/1965/1965 1953/1953/1953 1954/1954/1954
f 1965/1965/1965 1954/1954/1954 1964/1964/1964
f 1964/1964/1964 1954/1954/1954 1963/1963/1963
f 1963/1963/1963 1954/1954/1954 1955/1955/1955
f 1963/1963/1963 1955/1955/1955 1956/1956/1956
f 1963/1963/1963 1956/1956/1956 1962/1962/1962
f 1962/1962/1962 1956/1956/1956 1961/1961/1961
f 1961/1961/1961 1956/1956/1956 1957/1957/1957
f 1961/1961/1961 1957/1957/1957 1960/1960/1960
f 1960/1960/1960 1957/1957/1957 1958/1958/1958
f 1960/1960/1960 1958/1958/1958 1959/1959/1959
o Sphere_Material002_0
usemtl Material.002
v -0.6063430173767426 -0.14105070701357378 0.46411327788229845
v -0.5177406552938968 -0.20404039440883903 0.6050301987426718
v -0.5096577292012183 0.013166107099336497 0.6297651367098425
v -0.6532419773956688 0.014552909551619654 0.49158747648456846
v -0.5882795321580869 0.19408181718460574 0.6004924323750059
v -0.7183967072129982 0.25679362712210485 0.45583114785880735
v -0.6532419773956688 0.014552909551619654 0.49158747648456846
v -0.5096577292012183 0.013166107099336497 0.6297651367098425
v -0.5177406552938968 -0.20404039440883903 0.6050301987426718
v -0.3953919918375015 -0.3213847628024282 0.6566418786178969
v -0.3771311556444057 -0.18175384669617428 0.6903565071770149
v -0.5096577292012183 0.013166107099336497 0.6297651367098425
v -0.5882795321580869 0.19408181718460574 0.6004924323750059
v -0.3490458052818668 0.20113615652135286 0.6654072523531798
v -0.32626538739505273 0.344627797637379 0.5962641736513842
v -0.5650769345817652 0.4069520129375576 0.5397377422603337
v -0.23185020166970327 -0.27630143626865455 0.738651661767711
v -0.2640587330447419 -0.1023469723628332 0.7588996884324215
v -0.3771311556444057 -0.18175384669617428 0.6903565071770149
v -0.3953919918375015 -0.3213847628024282 0.6566418786178969
v -0.3490458052818668 0.20113615652135286 0.6654072523531798
v -0.10648992419637904 0.14468501435770745 0.7471034124112608
v -0.20317263447107436 0.30906845722187565 0.6883476315185918
v -0.32626538739505273 0.344627797637379 0.5962641736513842
v -0.23185020166970327 -0.27630143626865455 0.738651661767711
v -0.006485582650030044 -0.16343486173083166 0.7176247941026944
v -0.1337021708406022 -0.14542768250211843 0.751364834054941
v -0.2640587330447419 -0.1023469723628332 0.7588996884324215
v -0.0064273591579342045 -0.3367155509731696 0.6748100916927848
v -0.006485582650030044 -0.16343486173083166 0.7176247941026944
v -0.23185020166970327 -0.27630143626865455 0.738651661767711
v -0.10834040995671423 -0.2668309525844865 0.6852174086801687
v 0.1716568282621317 -0.2792779819728789 0.6832875315626458
v 0.17655375205232748 -0.09425411743003084 0.7418141352802435
v -0.006485582650030044 -0.16343486173083166 0.7176247941026944
v -0.0064273591579342045 -0.3367155509731696 0.6748100916927848
v 0.3517698864988261 0.16735094572894021 0.6501369058352217
v 0.3333084508782225 0.34739843056771014 0.5992523923943683
v 0.18453076069360752 0.2512895929286069 0.6853659782483649
v 0.11684822029959657 0.07622177930870472 0.7441218800910255
v 0.1716568282621317 -0.2792779819728789 0.6832875315626458
v 0.32842742662666513 -0.3219505381804341 0.6069094331511474
v 0.3571322182461867 -0.15924177092999303 0.6779832947862612
v 0.17655375205232748 -0.09425411743003084 0.7418141352802435
v 0.3571322182461867 -0.15924177092999303 0.6779832947862612
v 0.32842742662666513 -0.3219505381804341 0.6069094331511474
v 0.4569603102588582 -0.2992504167569383 0.5516150361956506
v 0.5437447903213322 -0.21858221482994136 0.5985578520896332
v 0.3571322182461867 -0.15924177092999303 0.6779832947862612
v 0.5437447903213322 -0.21858221482994136 0.5985578520896332
v 0.5467312809810498 -0.12299253117416442 0.6190128388436215
v 0.4527828592185035 -0.06610330044881997 0.6860682918672774
v 0.3333084508782225 0.34739843056771014 0.5992523923943683
v 0.3517698864988261 0.16735094572894021 0.6501369058352217
v 0.6213956336365123 0.18344117942479046 0.5887616442325446
v 0.5117962245986707 0.39208849228088966 0.5389507249698855
v 0.6415551757464888 -0.0009255995315042696 0.48474379305548515
v 0.5467312809810498 -0.12299253117416442 0.6190128388436215
v 0.5437447903213322 -0.21858221482994136 0.5985578520896332
v 0.6792548147010469 -0.2265774817455473 0.48038112754666695
v 0.7666263408967922 -0.15424762827965688 0.3347613093899596
v 0.7904563965546396 -0.002298474734583314 0.3486494645797654
v 0.6415551757464888 -0.0009255995315042696 0.48474379305548515
v 0.6792548147010469 -0.2265774817455473 0.48038112754666695
v 0.6415551757464888 -0.0009255995315042696 0.48474379305548515
v 0.7904563965546396 -0.002298474734583314 0.3486494645797654
v 0.7425872517543897 0.20398998875633834 0.34013097374879137
v 0.6822182383637521 0.27337439227415716 0.486789081706095
vt 0.12499997019767761 0.5624999403953552
vt 0.15625 0.5624999403953552
vt 0.15625 0.5
vt 0.12499997019767761 0.5
vt 0.15625 0.4375
vt 0.12499997019767761 0.4375
vt 0.12499997019767761 0.5
vt 0.15625 0.5
vt 0.15625 0.5624999403953552
vt 0.1874999701976776 0.5624999403953552
vt 0.1874999701976776 0.5
vt 0.15625 0.5
vt 0.15625 0.4375
vt 0.1874999701976776 0.4375
vt 0.1875 0.375
vt 0.1562500298023224 0.375
vt 0.2187499701976776 0.5624999403953552
vt 0.2187499701976776 0.5
vt 0.1874999701976776 0.5
vt 0.1874999701976776 0.5624999403953552
vt 0.1874999701976776 0.4375
vt 0.2187499701976776 0.4375
vt 0.21875 0.375
vt 0.1875 0.375
vt 0.2187499701976776 0.5624999403953552
vt 0.2499999701976776 0.5624999403953552
vt 0.2499999701976776 0.5
vt 0.2187499701976776 0.5
vt 0.2499999701976776 0.6249998807907104
vt 0.2499999701976776 0.5624999403953552
vt 0.2187499701976776 0.5624999403953552
vt 0.21875 0.6249998807907104
vt 0.2812499701976776 0.6249998807907104
vt 0.2812499701976776 0.5624999403953552
vt 0.2499999701976776 0.5624999403953552
vt 0.2499999701976776 0.6249998807907104
vt 0.3124999403953552 0.4375
vt 0.3124999701976776 0.375
vt 0.2812499701976776 0.375
vt 0.2812499701976776 0.4375
vt 0.2812499701976776 0.6249998807907104
vt 0.3124999701976776 0.6249998807907104
vt 0.3124999403953552 0.5624999403953552
vt 0.2812499701976776 0.5624999403953552
vt 0.3124999403953552 0.5624999403953552
vt 0.3124999701976776 0.6249998807907104
vt 0.3437499701976776 0.6249998807907104
vt 0.3437499403953552 0.5624999403953552
vt 0.3124999403953552 0.5624999403953552
vt 0.3437499403953552 0.5624999403953552
vt 0.3437499403953552 0.5
vt 0.3124999403953552 0.5
vt 0.3124999701976776 0.375
vt 0.3124999403953552 0.4375
vt 0.3437499403953552 0.4375
vt 0.3437499701976776 0.375
vt 0.37499991059303284 0.5
vt 0.3437499403953552 0.5
vt 0.3437499403953552 0.5624999403953552
vt 0.37499991059303284 0.5624999403953552
vt 0.40624991059303284 0.5624999403953552
vt 0.40624991059303284 0.5
vt 0.37499991059303284 0.5
vt 0.37499991059303284 0.5624999403953552
vt 0.37499991059303284 0.5
vt 0.40624991059303284 0.5
vt 0.40624991059303284 0.4375
vt 0.37499991059303284 0.4375
vn -0.776574449670495 -0.16596879953480276 0.6077717348642863
vn -0.776574449670495 -0.16596879953480276 0.6077717348642863
vn -0.776574449670495 -0.16596879953480276 0.6077717348642863
vn -0.776574449670495 -0.16596879953480276 0.6077717348642863
vn -0.7272381516547907 -0.14395997388707085 0.6711186159660284
vn -0.7272381516547907 -0.14395997388707085 0.6711186159660284
vn -0.7272381516547907 -0.14395997388707085 0.6711186159660284
vn -0.7272381516547907 -0.14395997388707085 0.6711186159660284
vn -0.5039991248090679 -0.10325093973546093 0.8575104230476956
vn -0.5039991248090679 -0.10325093973546093 0.8575104230476956
vn -0.5039991248090679 -0.10325093973546093 0.8575104230476956
vn -0.5039991248090679 -0.10325093973546093 0.8575104230476956
vn -0.19084105846548177 0.3578180270737701 0.9140820258077551
vn -0.19084105846548177 0.3578180270737701 0.9140820258077551
vn -0.19084105846548177 0.3578180270737701 0.9140820258077551
vn -0.19084105846548177 0.3578180270737701 0.9140820258077551
vn -0.40992274766500303 -0.17236480614512556 0.8956861696762586
vn -0.40992274766500303 -0.17236480614512556 0.8956861696762586
vn -0.40992274766500303 -0.17236480614512556 0.8956861696762586
vn -0.40992274766500303 -0.17236480614512556 0.8956861696762586
vn -0.35170711781429903 0.2858810580468162 0.8913888735724671
vn -0.35170711781429903 0.2858810580468162 0.8913888735724671
vn -0.35170711781429903 0.2858810580468162 0.8913888735724671
vn -0.35170711781429903 0.2858810580468162 0.8913888735724671
vn 0.11381021856081927 -0.1802592201985021 0.977012716234833
vn 0.11381021856081927 -0.1802592201985021 0.977012716234833
vn 0.11381021856081927 -0.1802592201985021 0.977012716234833
vn 0.11381021856081927 -0.1802592201985021 0.977012716234833
vn 0.14127291435754985 -0.42012613406918686 0.8964016929596932
vn 0.14127291435754985 -0.42012613406918686 0.8964016929596932
vn 0.14127291435754985 -0.42012613406918686 0.8964016929596932
vn 0.14127291435754985 -0.42012613406918686 0.8964016929596932
vn 0.008420576165956012 -0.27225466220389083 0.9621883873781052
vn 0.008420576165956012 -0.27225466220389083 0.9621883873781052
vn 0.008420576165956012 -0.27225466220389083 0.9621883873781052
vn 0.008420576165956012 -0.27225466220389083 0.9621883873781052
vn 0.3139963651649867 0.24008212325872821 0.9185678291529468
vn 0.3139963651649867 0.24008212325872821 0.9185678291529468
vn 0.3139963651649867 0.24008212325872821 0.9185678291529468
vn 0.3139963651649867 0.24008212325872821 0.9185678291529468
vn 0.2581168871312285 -0.3592014745843604 0.8968556033354008
vn 0.2581168871312285 -0.3592014745843604 0.8968556033354008
vn 0.2581168871312285 -0.3592014745843604 0.8968556033354008
vn 0.2581168871312285 -0.3592014745843604 0.8968556033354008
vn 0.2826270416827051 -0.523788611047377 0.8035965693348509
vn 0.2826270416827051 -0.523788611047377 0.8035965693348509
vn 0.2826270416827051 -0.523788611047377 0.8035965693348509
vn 0.2826270416827051 -0.523788611047377 0.8035965693348509
vn 0.3359067989970481 -0.3100563286274708 0.8893996264141393
vn 0.3359067989970481 -0.3100563286274708 0.8893996264141393
vn 0.3359067989970481 -0.3100563286274708 0.8893996264141393
vn 0.3359067989970481 -0.3100563286274708 0.8893996264141393
vn 0.20987129077606415 0.30941776236567275 0.9274775952229837
vn 0.20987129077606415 0.30941776236567275 0.9274775952229837
vn 0.20987129077606415 0.30941776236567275 0.9274775952229837
vn 0.20987129077606415 0.30941776236567275 0.9274775952229837
vn 0.7324458758134381 0.026590148205908843 0.6803058158080626
vn 0.7324458758134381 0.026590148205908843 0.6803058158080626
vn 0.7324458758134381 0.026590148205908843 0.6803058158080626
vn 0.7324458758134381 0.026590148205908843 0.6803058158080626
vn 0.766550693045171 -0.0028827682252855055 0.6421773311471897
vn 0.766550693045171 -0.0028827682252855055 0.6421773311471897
vn 0.766550693045171 -0.0028827682252855055 0.6421773311471897
vn 0.766550693045171 -0.0028827682252855055 0.6421773311471897
vn 0.80602796684065 0.02005346191709336 0.5915376364491678
vn 0.80602796684065 0.02005346191709336 0.5915376364491678
vn 0.80602796684065 0.02005346191709336 0.5915376364491678
vn 0.80602796684065 0.02005346191709336 0.5915376364491678
f 1985/1985/1985 1986/1986/1986 1987/1987/1987
f 1985/1985/1985 1987/1987/1987 1988/1988/1988
f 1989/1989/1989 1990/1990/1990 1991/1991/1991
f 1989/1989/1989 1991/1991/1991 1992/1992/1992
f 1993/1993/1993 1994/1994/1994 1995/1995/1995
f 1993/1993/1993 1995/1995/1995 1996/1996/1996
f 1997/1997/1997 1998/1998/1998 1999/1999/1999
f 1997/1997/1997 1999/1999/1999 2000/2000/2000
f 2001/2001/2001 2002/2002/2002 2003/2003/2003
f 2001/2001/2001 2003/2003/2003 2004/2004/2004
f 2005/2005/2005 2006/2006/2006 2007/2007/2007
f 2005/2005/2005 2007/2007/2007 2008/2008/2008
f 2009/2009/2009 2010/2010/2010 2011/2011/2011
f 2009/2009/2009 2011/2011/2011 2012/2012/2012
f 2013/2013/2013 2014/2014/2014 2015/2015/2015
f 2013/2013/2013 2015/2015/2015 2016/2016/2016
f 2017/2017/2017 2018/2018/2018 2019/2019/2019
f 2017/2017/2017 2019/2019/2019 2020/2020/2020
f 2021/2021/2021 2022/2022/2022 2023/2023/2023
f 2021/2021/2021 2023/2023/2023 2024/2024/2024
f 2025/2025/2025 2026/2026/2026 2027/2027/2027
f 2025/2025/2025 2027/2027/2027 2028/2028/2028
f 2029/2029/2029 2030/2030/2030 2031/2031/2031
f 2029/2029/2029 2031/2031/2031 2032/2032/2032
f 2033/2033/2033 2034/2034/2034 2035/2035/2035
f 2033/2033/2033 2035/2035/2035 2036/2036/2036
f 2037/2037/2037 2038/2038/2038 2039/2039/2039
f 2037/2037/2037 2039/2039/2039 2040/2040/2040
f 2041/2041/2041 2042/2042/2042 2043/2043/2043
f 2041/2041/2041 2043/2043/2043 2044/2044/2044
f 2045/2045/2045 2046/2046/2046 2047/2047/2047
f 2045/2045/2045 2047/2047/2047 2048/2048/2048
f 2049/2049/2049 2050/2050/2050 2051/2051/2051
f 2049/2049/2049 2051/2051/2051 2052/2052/2052
o Sphere_Material003_0
usemtl Material.003
v 0.11030019573196326 0.8384570708317064 -0.1103068888447387
v 0.09586439812486469 0.8479469623606127 -0.12364004679772182
v 0.11652680971040996 1.0887699928090924 -0.09074373942414202
v 0.12244296545290273 1.0762811538293755 -0.0738543295361778
v 0.14598001213416423 1.0786790618677258 0.007366995443347126
v 0.14276353695772126 1.0734142991151692 -0.015997211815351766
v 0.1669398806928124 1.320574729244456 -0.010283698111402503
v 0.16879833857420812 1.323616714026605 0.003216034617512552
v -0.032723359032198196 0.8478610669488109 -0.15507006700959527
v -0.06031641229279905 0.8421901635010215 -0.14562574013444657
v -0.01925729917159752 1.1363043277534357 -0.15564456865531112
v 0.009907185809898689 1.1307954279683838 -0.15699163269961203
v -0.056715598924854393 0.8258929887184321 0.13694683856879686
v -0.032208777244192854 0.8511549286781895 0.14893104837190496
v -0.06720233558411143 1.1663967330095442 0.13492353327434053
v -0.09530328001149113 1.1503046683963791 0.11665457857030545
v 0.1334121197444471 0.8483943014498636 -0.08533790927896008
v 0.11030019573196326 0.8384570708317064 -0.1103068888447387
v 0.12244296545290273 1.0762811538293755 -0.0738543295361778
v 0.14026790543791856 1.080025880112326 -0.043446939337376825
v 0.000001480908134549464 0.8396229897113379 -0.15665312029380893
v -0.032723359032198196 0.8478610669488109 -0.15507006700959527
v 0.009907185809898689 1.1307954279683838 -0.15699163269961203
v 0.03647048689863486 1.1113942369912555 -0.14929266165797797
v -0.09966835156824394 0.850977898514972 0.12209472824271908
v -0.056715598924854393 0.8258929887184321 0.13694683856879686
v -0.09530328001149113 1.1503046683963791 0.11665457857030545
v -0.12050407110518052 1.187207686987428 0.09023747420908965
v 0.145680021963715 0.8430543851195366 -0.06034968237496661
v 0.1334121197444471 0.8483943014498636 -0.08533790927896008
v 0.14026790543791856 1.080025880112326 -0.043446939337376825
v 0.14276353695772126 1.0734142991151692 -0.015997211815351766
v -0.11160436023165965 0.8454713218203537 0.11159805340630298
v -0.09966835156824394 0.850977898514972 0.12209472824271908
v -0.12050407110518052 1.187207686987428 0.09023747420908965
v -0.1304696769162339 1.185183987950102 0.07683742682080447
v 0.1532434339841432 0.8490333901180276 -0.03819124364187501
v 0.145680021963715 0.8430543851195366 -0.06034968237496661
v 0.14276353695772126 1.0734142991151692 -0.015997211815351766
v 0.14598001213416423 1.0786790618677258 0.007366995443347126
v -0.1184115532395641 0.8504063466190154 0.1038651175253244
v -0.11160436023165965 0.8454713218203537 0.11159805340630298
v -0.1304696769162339 1.185183987950102 0.07683742682080447
v -0.1327146560091974 1.1913449607910294 0.06748362441804259
v 0.15330582514466728 0.8337588123881691 -3.0575914842968365e-7
v 0.1532434339841432 0.8490333901180276 -0.03819124364187501
v 0.14598001213416423 1.0786790618677258 0.007366995443347126
v 0.13049028522170436 1.0685759615806023 0.04410740734110882
v -0.132982176550131 0.818110993143735 0.05514775175639607
v -0.1184115532395641 0.8504063466190154 0.1038651175253244
v -0.1327146560091974 1.1913449607910294 0.06748362441804259
v -0.14503055486759786 1.1612488991253154 0.016776346093584815
v 0.15325377538978058 0.8496325471927305 0.03054657824023119
v 0.15330582514466728 0.8337588123881691 -3.0575914842968365e-7
v 0.13049028522170436 1.0685759615806023 0.04410740734110882
v 0.128396314492904 1.086631047307607 0.07334294929191344
v -0.15675274677382223 0.8500644988790025 0.011121417421162856
v -0.132982176550131 0.818110993143735 0.05514775175639607
v -0.14503055486759786 1.1612488991253154 0.016776346093584815
v -0.14301533677394673 1.1946075835086054 -0.03229016457071204
v 0.1416349379352866 0.8343938498174688 0.05866662843853371
v 0.15325377538978058 0.8496325471927305 0.03054657824023119
v 0.128396314492904 1.086631047307607 0.07334294929191344
v 0.10510719332604418 1.0796096241869233 0.09713929221724872
v -0.15740334635816478 0.8432798197120069 -0.00000762760392937822
v -0.15675274677382223 0.8500644988790025 0.011121417421162856
v -0.14301533677394673 1.1946075835086054 -0.03229016457071204
v -0.14322016813113903 1.1873360536619064 -0.04312495763538254
v 0.13466205891977112 0.8503377370523916 0.07549535616719377
v 0.1416349379352866 0.8343938498174688 0.05866662843853371
v 0.10510719332604418 1.0796096241869233 0.09713929221724872
v 0.10041930302040342 1.0987015898296673 0.11126565665801692
v -0.15571412096066495 0.8492698432929667 -0.028650402910261597
v -0.15740334635816478 0.8432798197120069 -0.00000762760392937822
v -0.14322016813113903 1.1873360536619064 -0.04312495763538254
v -0.1320749491734441 1.1892208672908482 -0.07016889597475867
v 0.10212240884924506 0.8191741688330193 0.10219020978119896
v 0.13466205891977112 0.8503377370523916 0.07549535616719377
v 0.10041930302040342 1.0987015898296673 0.11126565665801692
v 0.052944673904523065 1.0841312374489775 0.12789326838993967
v -0.1442872551615404 0.8396821929059475 -0.05977364019959112
v -0.15571412096066495 0.8492698432929667 -0.028650402910261597
v -0.1320749491734441 1.1892208672908482 -0.07016889597475867
v -0.11735816037599378 1.1729203042736416 -0.09679331151906688
v 0.07890558066430131 0.8507527135410474 0.13049761209808763
v 0.10212240884924506 0.8191741688330193 0.10219020978119896
v 0.052944673904523065 1.0841312374489775 0.12789326838993967
v 0.036568909066120314 1.1247316589287208 0.14841084897843104
v -0.140322339378543 0.8485268053474251 -0.06830393038460232
v -0.1442872551615404 0.8396821929059475 -0.05977364019959112
v -0.11735816037599378 1.1729203042736416 -0.09679331151906688
v -0.10833944883183871 1.1788172289090983 -0.10390686590441961
v 0.057279399247182894 0.8284008543130142 0.1383077015769854
v 0.07890558066430131 0.8507527135410474 0.13049761209808763
v 0.036568909066120314 1.1247316589287208 0.14841084897843104
v 0.0069842411506718105 1.112455129185856 0.14993638712397578
v 0.018562528821173402 0.8477993760351032 -0.15573139541970685
v 0.000001480908134549464 0.8396229897113379 -0.15665312029380893
v 0.03647048689863486 1.1113942369912555 -0.14929266165797797
v 0.05581603074484992 1.1125243420177757 -0.14323548896379662
v -0.09980101660338747 0.812045182167546 -0.09969393504994788
v -0.140322339378543 0.8485268053474251 -0.06830393038460232
v -0.10833944883183871 1.1788172289090983 -0.10390686590441961
v -0.07753758704205777 1.1272078300979291 -0.1225062182617126
v 0.03426740614472165 0.8510971718046818 0.1490905653083294
v 0.057279399247182894 0.8284008543130142 0.1383077015769854
v 0.0069842411506718105 1.112455129185856 0.14993638712397578
v -0.007951162577767013 1.1428439612169332 0.1537298601003008
v 0.05699621758618462 0.8240492531612137 -0.1375808388487553
v 0.018562528821173402 0.8477993760351032 -0.15573139541970685
v 0.05581603074484992 1.1125243420177757 -0.14323548896379662
v 0.07662333376802499 1.0788151789492353 -0.11492634747553042
v -0.06669989079162719 0.8482527907186798 -0.1424678573102355
v -0.09980101660338747 0.812045182167546 -0.09969393504994788
v -0.07753758704205777 1.1272078300979291 -0.1225062182617126
v -0.02352985687114617 1.1445352523734642 -0.15443121317088815
v -0.000004061222080228075 0.8226400668218119 0.14627216437937215
v 0.03426740614472165 0.8510971718046818 0.1490905653083294
v -0.007951162577767013 1.1428439612169332 0.1537298601003008
v -0.04832149188992024 1.1282241322859876 0.14153241295145497
v 0.09586439812486469 0.8479469623606127 -0.12364004679772182
v 0.05699621758618462 0.8240492531612137 -0.1375808388487553
v 0.07662333376802499 1.0788151789492353 -0.11492634747553042
v 0.11652680971040996 1.0887699928090924 -0.09074373942414202
v -0.06031641229279905 0.8421901635010215 -0.14562574013444657
v -0.06669989079162719 0.8482527907186798 -0.1424678573102355
v -0.02352985687114617 1.1445352523734642 -0.15443121317088815
v -0.01925729917159752 1.1363043277534357 -0.15564456865531112
v -0.032208777244192854 0.8511549286781895 0.14893104837190496
v -0.000004061222080228075 0.8226400668218119 0.14627216437937215
v -0.04832149188992024 1.1282241322859876 0.14153241295145497
v -0.06720233558411143 1.1663967330095442 0.13492353327434053
v -0.1327146560091974 1.1913449607910294 0.06748362441804259
v -0.1304696769162339 1.185183987950102 0.07683742682080447
v 0.009066976404183136 1.385154700224037 0.043355733759487564
v 0.007769837801832602 1.3887145270685155 0.03795114919053678
v 0.13049028522170436 1.0685759615806023 0.04410740734110882
v 0.14598001213416423 1.0786790618677258 0.007366995443347126
v 0.16879833857420812 1.323616714026605 0.003216034617512552
v 0.15984844804148857 1.3177791579156244 0.024444476596977727
v -0.14503055486759786 1.1612488991253154 0.016776346093584815
v -0.1327146560091974 1.1913449607910294 0.06748362441804259
v 0.007769837801832602 1.3887145270685155 0.03795114919053678
v 0.0006537660810254642 1.371325105989237 0.00865271398790104
v 0.128396314492904 1.086631047307607 0.07334294929191344
v 0.13049028522170436 1.0685759615806023 0.04410740734110882
v 0.15984844804148857 1.3177791579156244 0.024444476596977727
v 0.15863856318655833 1.3282112845724101 0.041336643190692114
v -0.14301533677394673 1.1946075835086054 -0.03229016457071204
v -0.14503055486759786 1.1612488991253154 0.016776346093584815
v 0.0006537660810254642 1.371325105989237 0.00865271398790104
v 0.0018181502412673023 1.3905996933391462 -0.019697692982355672
v 0.10510719332604418 1.0796096241869233 0.09713929221724872
v 0.128396314492904 1.086631047307607 0.07334294929191344
v 0.15863856318655833 1.3282112845724101 0.041336643190692114
v 0.1451822188828389 1.3241543563611617 0.05508606046188886
v -0.14322016813113903 1.1873360536619064 -0.04312495763538254
v -0.14301533677394673 1.1946075835086054 -0.03229016457071204
v 0.0018181502412673023 1.3905996933391462 -0.019697692982355672
v 0.0016997977711305512 1.386398161002909 -0.025957986625121537
v 0.10041930302040342 1.0987015898296673 0.11126565665801692
v 0.10510719332604418 1.0796096241869233 0.09713929221724872
v 0.1451822188828389 1.3241543563611617 0.05508606046188886
v 0.14247357526853133 1.3351856274715368 0.0632482067790616
v -0.1320749491734441 1.1892208672908482 -0.07016889597475867
v -0.14322016813113903 1.1873360536619064 -0.04312495763538254
v 0.0016997977711305512 1.386398161002909 -0.025957986625121537
v 0.008139453646403838 1.3874872545021257 -0.04158384885799645
v 0.052944673904523065 1.0841312374489775 0.12789326838993967
v 0.10041930302040342 1.0987015898296673 0.11126565665801692
v 0.14247357526853133 1.3351856274715368 0.0632482067790616
v 0.11504294466131298 1.3267669499875796 0.07285556025227687
v -0.11735816037599378 1.1729203042736416 -0.09679331151906688
v -0.1320749491734441 1.1892208672908482 -0.07016889597475867
v 0.008139453646403838 1.3874872545021257 -0.04158384885799645
v 0.01664274893754536 1.3780688838668191 -0.05696731405791096
v 0.036568909066120314 1.1247316589287208 0.14841084897843104
v 0.052944673904523065 1.0841312374489775 0.12789326838993967
v 0.11504294466131298 1.3267669499875796 0.07285556025227687
v 0.10558110984606045 1.3502256706481957 0.08471052513044068
v -0.10833944883183871 1.1788172289090983 -0.10390686590441961
v -0.11735816037599378 1.1729203042736416 -0.09679331151906688
v 0.01664274893754536 1.3780688838668191 -0.05696731405791096
v 0.021853718418172324 1.3814760038256817 -0.06107749436265003
v 0.0069842411506718105 1.112455129185856 0.14993638712397578
v 0.036568909066120314 1.1247316589287208 0.14841084897843104
v 0.10558110984606045 1.3502256706481957 0.08471052513044068
v 0.08848722081287452 1.3431323605942096 0.08559197465448534
v 0.05581603074484992 1.1125243420177757 -0.14323548896379662
v 0.03647048689863486 1.1113942369912555 -0.14929266165797797
v 0.10552423956563528 1.3425193582731667 -0.08730120282439685
v 0.11670200265865016 1.3431722681076335 -0.08380139708171948
v -0.07753758704205777 1.1272078300979291 -0.1225062182617126
v -0.10833944883183871 1.1788172289090983 -0.10390686590441961
v 0.021853718418172324 1.3814760038256817 -0.06107749436265003
v 0.039650893815214305 1.351656395006675 -0.07182411358495895
v -0.007951162577767013 1.1428439612169332 0.1537298601003008
v 0.0069842411506718105 1.112455129185856 0.14993638712397578
v 0.08848722081287452 1.3431323605942096 0.08559197465448534
v 0.0798576158316966 1.3606908160260702 0.08778382824834471
v 0.07662333376802499 1.0788151789492353 -0.11492634747553042
v 0.05581603074484992 1.1125243420177757 -0.14323548896379662
v 0.11670200265865016 1.3431722681076335 -0.08380139708171948
v 0.1287243635492541 1.3236952614346005 -0.06744450139033953
v -0.02352985687114617 1.1445352523734642 -0.15443121317088815
v -0.07753758704205777 1.1272078300979291 -0.1225062182617126
v 0.039650893815214305 1.351656395006675 -0.07182411358495895
v 0.07085631629400735 1.361668064751275 -0.090270232443306
v -0.04832149188992024 1.1282241322859876 0.14153241295145497
v -0.007951162577767013 1.1428439612169332 0.1537298601003008
v 0.0798576158316966 1.3606908160260702 0.08778382824834471
v 0.056531822907958384 1.3522436448091062 0.08073619893558992
v 0.11652680971040996 1.0887699928090924 -0.09074373942414202
v 0.07662333376802499 1.0788151789492353 -0.11492634747553042
v 0.1287243635492541 1.3236952614346005 -0.06744450139033953
v 0.15178042310967088 1.3294471118032876 -0.05347189985511308
v -0.01925729917159752 1.1363043277534357 -0.15564456865531112
v -0.02352985687114617 1.1445352523734642 -0.15443121317088815
v 0.07085631629400735 1.361668064751275 -0.090270232443306
v 0.07332497671265203 1.3569123293460155 -0.09097130893525682
v -0.06720233558411143 1.1663967330095442 0.13492353327434053
v -0.04832149188992024 1.1282241322859876 0.14153241295145497
v 0.056531822907958384 1.3522436448091062 0.08073619893558992
v 0.04562255638191348 1.3742995080281 0.07691761640946955
v 0.12244296545290273 1.0762811538293755 -0.0738543295361778
v 0.11652680971040996 1.0887699928090924 -0.09074373942414202
v 0.15178042310967088 1.3294471118032876 -0.05347189985511308
v 0.15519874941113398 1.3222311368393713 -0.04371327371807449
v 0.009907185809898689 1.1307954279683838 -0.15699163269961203
v -0.01925729917159752 1.1363043277534357 -0.15564456865531112
v 0.07332497671265203 1.3569123293460155 -0.09097130893525682
v 0.09017608858251369 1.3537293220500606 -0.09174963330133984
v -0.09530328001149113 1.1503046683963791 0.11665457857030545
v -0.06720233558411143 1.1663967330095442 0.13492353327434053
v 0.04562255638191348 1.3742995080281 0.07691761640946955
v 0.029385957210079777 1.3650016587683762 0.06636190379139974
v 0.14026790543791856 1.080025880112326 -0.043446939337376825
v 0.12244296545290273 1.0762811538293755 -0.0738543295361778
v 0.15519874941113398 1.3222311368393713 -0.04371327371807449
v 0.16549792515863637 1.3243949074680377 -0.026144024967436657
v 0.03647048689863486 1.1113942369912555 -0.14929266165797797
v 0.009907185809898689 1.1307954279683838 -0.15699163269961203
v 0.09017608858251369 1.3537293220500606 -0.09174963330133984
v 0.10552423956563528 1.3425193582731667 -0.08730120282439685
v -0.12050407110518052 1.187207686987428 0.09023747420908965
v -0.09530328001149113 1.1503046683963791 0.11665457857030545
v 0.029385957210079777 1.3650016587683762 0.06636190379139974
v 0.014825053181684311 1.3863240253805154 0.05109822029005306
v 0.14276353695772126 1.0734142991151692 -0.015997211815351766
v 0.14026790543791856 1.080025880112326 -0.043446939337376825
v 0.16549792515863637 1.3243949074680377 -0.026144024967436657
v 0.1669398806928124 1.320574729244456 -0.010283698111402503
v -0.1304696769162339 1.185183987950102 0.07683742682080447
v -0.12050407110518052 1.187207686987428 0.09023747420908965
v 0.014825053181684311 1.3863240253805154 0.05109822029005306
v 0.009066976404183136 1.385154700224037 0.043355733759487564
v 0.11670200265865016 1.3431722681076335 -0.08380139708171948
v 0.10552423956563528 1.3425193582731667 -0.08730120282439685
v 0.09017608858251369 1.3537293220500606 -0.09174963330133984
v 0.07332497671265203 1.3569123293460155 -0.09097130893525682
v 0.07085631629400735 1.361668064751275 -0.090270232443306
v 0.039650893815214305 1.351656395006675 -0.07182411358495895
v 0.021853718418172324 1.3814760038256817 -0.06107749436265003
v 0.01664274893754536 1.3780688838668191 -0.05696731405791096
v 0.008139453646403838 1.3874872545021257 -0.04158384885799645
v 0.0016997977711305512 1.386398161002909 -0.025957986625121537
v 0.0018181502412673023 1.3905996933391462 -0.019697692982355672
v 0.0006537660810254642 1.371325105989237 0.00865271398790104
v 0.007769837801832602 1.3887145270685155 0.03795114919053678
v 0.009066976404183136 1.385154700224037 0.043355733759487564
v 0.014825053181684311 1.3863240253805154 0.05109822029005306
v 0.029385957210079777 1.3650016587683762 0.06636190379139974
v 0.04562255638191348 1.3742995080281 0.07691761640946955
v 0.056531822907958384 1.3522436448091062 0.08073619893558992
v 0.0798576158316966 1.3606908160260702 0.08778382824834471
v 0.08848722081287452 1.3431323605942096 0.08559197465448534
v 0.10558110984606045 1.3502256706481957 0.08471052513044068
v 0.11504294466131298 1.3267669499875796 0.07285556025227687
v 0.14247357526853133 1.3351856274715368 0.0632482067790616
v 0.1451822188828389 1.3241543563611617 0.05508606046188886
v 0.15863856318655833 1.3282112845724101 0.041336643190692114
v 0.15984844804148857 1.3177791579156244 0.024444476596977727
v 0.16879833857420812 1.323616714026605 0.003216034617512552
v 0.1669398806928124 1.320574729244456 -0.010283698111402503
v 0.16549792515863637 1.3243949074680377 -0.026144024967436657
v 0.15519874941113398 1.3222311368393713 -0.04371327371807449
v 0.15178042310967088 1.3294471118032876 -0.05347189985511308
v 0.1287243635492541 1.3236952614346005 -0.06744450139033953
vt 0.5577675104141235 0.125
vt 0.5674030184745789 0.125
vt 0.5674030184745789 0.125
vt 0.5577675104141235 0.125
vt 0.513858437538147 0.12500005960464478
vt 0.5264679193496704 0.125
vt 0.5264679193496704 0.125
vt 0.513858437538147 0.12500005960464478
vt 0.613590657711029 0.12500005960464478
vt 0.6142306327819824 0.125
vt 0.6142306327819824 0.125
vt 0.613590657711029 0.12500005960464478
vt 0.3628603518009186 0.125
vt 0.3643510639667511 0.12500005960464478
vt 0.3643510639667511 0.12500005960464478
vt 0.3628603518009186 0.125
vt 0.5413496494293213 0.12500005960464478
vt 0.5577675104141235 0.125
vt 0.5577675104141235 0.125
vt 0.5413496494293213 0.12500005960464478
vt 0.6060343980789185 0.12499982118606567
vt 0.613590657711029 0.12500005960464478
vt 0.613590657711029 0.12500005960464478
vt 0.6060343980789185 0.12499982118606567
vt 0.3549962341785431 0.1250002384185791
vt 0.3628603518009186 0.125
vt 0.3628603518009186 0.125
vt 0.3549962341785431 0.1250002384185791
vt 0.5264679193496704 0.125
vt 0.5413496494293213 0.12500005960464478
vt 0.5413496494293213 0.12500005960464478
vt 0.5264679193496704 0.125
vt 0.35774174332618713 0.12500005960464478
vt 0.3549962341785431 0.1250002384185791
vt 0.3549962341785431 0.1250002384185791
vt 0.35774174332618713 0.12500005960464478
vt 0.513858437538147 0.12500005960464478
vt 0.5264679193496704 0.125
vt 0.5264679193496704 0.125
vt 0.513858437538147 0.12500005960464478
vt 0.36106401681900024 0.12500005960464478
vt 0.35774174332618713 0.12500005960464478
vt 0.35774174332618713 0.12500005960464478
vt 0.36106401681900024 0.12500005960464478
vt 0.49240195751190186 0.12500011920928955
vt 0.513858437538147 0.12500005960464478
vt 0.513858437538147 0.12500005960464478
vt 0.49240195751190186 0.12500011920928955
vt 0.40227094292640686 0.12500005960464478
vt 0.36106401681900024 0.12500005960464478
vt 0.36106401681900024 0.12500005960464478
vt 0.40227094292640686 0.12500005960464478
vt 0.4754924178123474 0.12499994039535522
vt 0.49240195751190186 0.12500011920928955
vt 0.49240195751190186 0.12500011920928955
vt 0.4754924178123474 0.12499994039535522
vt 0.4472546875476837 0.12500005960464478
vt 0.40227094292640686 0.12500005960464478
vt 0.40227094292640686 0.12500005960464478
vt 0.4472546875476837 0.12500005960464478
vt 0.45884013175964355 0.12499988079071045
vt 0.4754924178123474 0.12499994039535522
vt 0.4754924178123474 0.12499994039535522
vt 0.45884013175964355 0.12499988079071045
vt 0.4622010290622711 0.12499988079071045
vt 0.4472546875476837 0.12500005960464478
vt 0.4472546875476837 0.12500005960464478
vt 0.4622010290622711 0.12499988079071045
vt 0.4487614035606384 0.125
vt 0.45884013175964355 0.12499988079071045
vt 0.45884013175964355 0.12499988079071045
vt 0.4487614035606384 0.125
vt 0.5025702118873596 0.125
vt 0.4622010290622711 0.12499988079071045
vt 0.4622010290622711 0.12499988079071045
vt 0.5025702118873596 0.125
vt 0.4287785291671753 0.12500005960464478
vt 0.4487614035606384 0.125
vt 0.4487614035606384 0.125
vt 0.4287785291671753 0.12500005960464478
vt 0.5445865392684937 0.125
vt 0.5025702118873596 0.125
vt 0.5025702118873596 0.125
vt 0.5445865392684937 0.125
vt 0.4081096053123474 0.12500005960464478
vt 0.4287785291671753 0.12500005960464478
vt 0.4287785291671753 0.12500005960464478
vt 0.4081096053123474 0.12500005960464478
vt 0.5551669597625732 0.125
vt 0.5445865392684937 0.125
vt 0.5445865392684937 0.125
vt 0.5551669597625732 0.125
vt 0.3984472155570984 0.12500017881393433
vt 0.4081096053123474 0.12500005960464478
vt 0.4081096053123474 0.12500005960464478
vt 0.3984472155570984 0.12500017881393433
vt 0.6010961532592773 0.12499988079071045
vt 0.6060343980789185 0.12499982118606567
vt 0.6060343980789185 0.12499982118606567
vt 0.6010961532592773 0.12499988079071045
vt 0.5822277069091797 0.12499994039535522
vt 0.5551669597625732 0.125
vt 0.5551669597625732 0.125
vt 0.5822277069091797 0.12499994039535522
vt 0.38603299856185913 0.12500005960464478
vt 0.3984472155570984 0.12500017881393433
vt 0.3984472155570984 0.12500017881393433
vt 0.38603299856185913 0.12500005960464478
vt 0.5814723968505859 0.12500005960464478
vt 0.6010961532592773 0.12499988079071045
vt 0.6010961532592773 0.12499988079071045
vt 0.5814723968505859 0.12500005960464478
vt 0.6135900616645813 0.12500017881393433
vt 0.5822277069091797 0.12499994039535522
vt 0.5822277069091797 0.12499994039535522
vt 0.6135900616645813 0.12500017881393433
vt 0.3772689998149872 0.12500011920928955
vt 0.38603299856185913 0.12500005960464478
vt 0.38603299856185913 0.12500005960464478
vt 0.3772689998149872 0.12500011920928955
vt 0.5674030184745789 0.125
vt 0.5814723968505859 0.12500005960464478
vt 0.5814723968505859 0.12500005960464478
vt 0.5674030184745789 0.125
vt 0.6142306327819824 0.125
vt 0.6135900616645813 0.12500017881393433
vt 0.6135900616645813 0.12500017881393433
vt 0.6142306327819824 0.125
vt 0.3643510639667511 0.12500005960464478
vt 0.3772689998149872 0.12500011920928955
vt 0.3772689998149872 0.12500011920928955
vt 0.3643510639667511 0.12500005960464478
vt 0.36106401681900024 0.12500005960464478
vt 0.35774174332618713 0.12500005960464478
vt 0.35774174332618713 0.12500005960464478
vt 0.36106401681900024 0.12500005960464478
vt 0.49240195751190186 0.12500011920928955
vt 0.513858437538147 0.12500005960464478
vt 0.513858437538147 0.12500005960464478
vt 0.49240195751190186 0.12500011920928955
vt 0.40227094292640686 0.12500005960464478
vt 0.36106401681900024 0.12500005960464478
vt 0.36106401681900024 0.12500005960464478
vt 0.40227094292640686 0.12500005960464478
vt 0.4754924178123474 0.12499994039535522
vt 0.49240195751190186 0.12500011920928955
vt 0.49240195751190186 0.12500011920928955
vt 0.4754924178123474 0.12499994039535522
vt 0.4472546875476837 0.12500005960464478
vt 0.40227094292640686 0.12500005960464478
vt 0.40227094292640686 0.12500005960464478
vt 0.4472546875476837 0.12500005960464478
vt 0.45884013175964355 0.12499988079071045
vt 0.4754924178123474 0.12499994039535522
vt 0.4754924178123474 0.12499994039535522
vt 0.45884013175964355 0.12499988079071045
vt 0.4622010290622711 0.12499988079071045
vt 0.4472546875476837 0.12500005960464478
vt 0.4472546875476837 0.12500005960464478
vt 0.4622010290622711 0.12499988079071045
vt 0.4487614035606384 0.125
vt 0.45884013175964355 0.12499988079071045
vt 0.45884013175964355 0.12499988079071045
vt 0.4487614035606384 0.125
vt 0.5025702118873596 0.125
vt 0.4622010290622711 0.12499988079071045
vt 0.4622010290622711 0.12499988079071045
vt 0.5025702118873596 0.125
vt 0.4287785291671753 0.12500005960464478
vt 0.4487614035606384 0.125
vt 0.4487614035606384 0.125
vt 0.4287785291671753 0.12500005960464478
vt 0.5445865392684937 0.125
vt 0.5025702118873596 0.125
vt 0.5025702118873596 0.125
vt 0.5445865392684937 0.125
vt 0.4081096053123474 0.12500005960464478
vt 0.4287785291671753 0.12500005960464478
vt 0.4287785291671753 0.12500005960464478
vt 0.4081096053123474 0.12500005960464478
vt 0.5551669597625732 0.125
vt 0.5445865392684937 0.125
vt 0.5445865392684937 0.125
vt 0.5551669597625732 0.125
vt 0.3984472155570984 0.12500017881393433
vt 0.4081096053123474 0.12500005960464478
vt 0.4081096053123474 0.12500005960464478
vt 0.3984472155570984 0.12500017881393433
vt 0.6010961532592773 0.12499988079071045
vt 0.6060343980789185 0.12499982118606567
vt 0.6060343980789185 0.12499982118606567
vt 0.6010961532592773 0.12499988079071045
vt 0.5822277069091797 0.12499994039535522
vt 0.5551669597625732 0.125
vt 0.5551669597625732 0.125
vt 0.5822277069091797 0.12499994039535522
vt 0.38603299856185913 0.12500005960464478
vt 0.3984472155570984 0.12500017881393433
vt 0.3984472155570984 0.12500017881393433
vt 0.38603299856185913 0.12500005960464478
vt 0.5814723968505859 0.12500005960464478
vt 0.6010961532592773 0.12499988079071045
vt 0.6010961532592773 0.12499988079071045
vt 0.5814723968505859 0.12500005960464478
vt 0.6135900616645813 0.12500017881393433
vt 0.5822277069091797 0.12499994039535522
vt 0.5822277069091797 0.12499994039535522
vt 0.6135900616645813 0.12500017881393433
vt 0.3772689998149872 0.12500011920928955
vt 0.38603299856185913 0.12500005960464478
vt 0.38603299856185913 0.12500005960464478
vt 0.3772689998149872 0.12500011920928955
vt 0.5674030184745789 0.125
vt 0.5814723968505859 0.12500005960464478
vt 0.5814723968505859 0.12500005960464478
vt 0.5674030184745789 0.125
vt 0.6142306327819824 0.125
vt 0.6135900616645813 0.12500017881393433
vt 0.6135900616645813 0.12500017881393433
vt 0.6142306327819824 0.125
vt 0.3643510639667511 0.12500005960464478
vt 0.3772689998149872 0.12500011920928955
vt 0.3772689998149872 0.12500011920928955
vt 0.3643510639667511 0.12500005960464478
vt 0.5577675104141235 0.125
vt 0.5674030184745789 0.125
vt 0.5674030184745789 0.125
vt 0.5577675104141235 0.125
vt 0.613590657711029 0.12500005960464478
vt 0.6142306327819824 0.125
vt 0.6142306327819824 0.125
vt 0.613590657711029 0.12500005960464478
vt 0.3628603518009186 0.125
vt 0.3643510639667511 0.12500005960464478
vt 0.3643510639667511 0.12500005960464478
vt 0.3628603518009186 0.125
vt 0.5413496494293213 0.12500005960464478
vt 0.5577675104141235 0.125
vt 0.5577675104141235 0.125
vt 0.5413496494293213 0.12500005960464478
vt 0.6060343980789185 0.12499982118606567
vt 0.613590657711029 0.12500005960464478
vt 0.613590657711029 0.12500005960464478
vt 0.6060343980789185 0.12499982118606567
vt 0.3549962341785431 0.1250002384185791
vt 0.3628603518009186 0.125
vt 0.3628603518009186 0.125
vt 0.3549962341785431 0.1250002384185791
vt 0.5264679193496704 0.125
vt 0.5413496494293213 0.12500005960464478
vt 0.5413496494293213 0.12500005960464478
vt 0.5264679193496704 0.125
vt 0.35774174332618713 0.12500005960464478
vt 0.3549962341785431 0.1250002384185791
vt 0.3549962341785431 0.1250002384185791
vt 0.35774174332618713 0.12500005960464478
vt 0.6010961532592773 0.12499988079071045
vt 0.6060343980789185 0.12499982118606567
vt 0.613590657711029 0.12500005960464478
vt 0.6142306327819824 0.125
vt 0.6135900616645813 0.12500017881393433
vt 0.5822277069091797 0.12499994039535522
vt 0.5551669597625732 0.125
vt 0.5445865392684937 0.125
vt 0.5025702118873596 0.125
vt 0.4622010290622711 0.12499988079071045
vt 0.4472546875476837 0.12500005960464478
vt 0.40227094292640686 0.12500005960464478
vt 0.36106401681900024 0.12500005960464478
vt 0.35774174332618713 0.12500005960464478
vt 0.3549962341785431 0.1250002384185791
vt 0.3628603518009186 0.125
vt 0.3643510639667511 0.12500005960464478
vt 0.3772689998149872 0.12500011920928955
vt 0.38603299856185913 0.12500005960464478
vt 0.3984472155570984 0.12500017881393433
vt 0.4081096053123474 0.12500005960464478
vt 0.4287785291671753 0.12500005960464478
vt 0.4487614035606384 0.125
vt 0.45884013175964355 0.12499988079071045
vt 0.4754924178123474 0.12499994039535522
vt 0.49240195751190186 0.12500011920928955
vt 0.513858437538147 0.12500005960464478
vt 0.5264679193496704 0.125
vt 0.5413496494293213 0.12500005960464478
vt 0.5577675104141235 0.125
vt 0.5674030184745789 0.125
vt 0.5814723968505859 0.12500005960464478
vn 0.8365917010598309 0.021970314916144047 -0.547386180845209
vn 0.8365917010598309 0.021970314916144047 -0.547386180845209
vn 0.8365917010598309 0.021970314916144047 -0.547386180845209
vn 0.8365917010598309 0.021970314916144047 -0.547386180845209
vn 0.9889077184153721 -0.09407431672277035 -0.11494149551683742
vn 0.9889077184153721 -0.09407431672277035 -0.11494149551683742
vn 0.9889077184153721 -0.09407431672277035 -0.11494149551683742
vn 0.9889077184153721 -0.09407431672277035 -0.11494149551683742
vn -0.18679966270580176 0.0067641388076275805 -0.9823747413483258
vn -0.18679966270580176 0.0067641388076275805 -0.9823747413483258
vn -0.18679966270580176 0.0067641388076275805 -0.9823747413483258
vn -0.18679966270580176 0.0067641388076275805 -0.9823747413483258
vn -0.49257361957702717 -0.00999924986106461 0.8702133326368898
vn -0.49257361957702717 -0.00999924986106461 0.8702133326368898
vn -0.49257361957702717 -0.00999924986106461 0.8702133326368898
vn -0.49257361957702717 -0.00999924986106461 0.8702133326368898
vn 0.794050074088795 0.06865561397344314 -0.6039626532406693
vn 0.794050074088795 0.06865561397344314 -0.6039626532406693
vn 0.794050074088795 0.06865561397344314 -0.6039626532406693
vn 0.794050074088795 0.06865561397344314 -0.6039626532406693
vn 0.10049937491867571 -0.004575753210243868 -0.9949265993647545
vn 0.10049937491867571 -0.004575753210243868 -0.9949265993647545
vn 0.10049937491867571 -0.004575753210243868 -0.9949265993647545
vn 0.10049937491867571 -0.004575753210243868 -0.9949265993647545
vn -0.5024206135283179 0.023035431953582944 0.8643164327817332
vn -0.5024206135283179 0.023035431953582944 0.8643164327817332
vn -0.5024206135283179 0.023035431953582944 0.8643164327817332
vn -0.5024206135283179 0.023035431953582944 0.8643164327817332
vn 0.9641617140992952 0.0407204072394235 -0.2621717709810962
vn 0.9641617140992952 0.0407204072394235 -0.2621717709810962
vn 0.9641617140992952 0.0407204072394235 -0.2621717709810962
vn 0.9641617140992952 0.0407204072394235 -0.2621717709810962
vn -0.7405729965726955 0.02269215115665655 0.6715926615316921
vn -0.7405729965726955 0.02269215115665655 0.6715926615316921
vn -0.7405729965726955 0.02269215115665655 0.6715926615316921
vn -0.7405729965726955 0.02269215115665655 0.6715926615316921
vn 0.9667514207773711 0.06949468591386392 -0.24609384196819747
vn 0.9667514207773711 0.06949468591386392 -0.24609384196819747
vn 0.9667514207773711 0.06949468591386392 -0.24609384196819747
vn 0.9667514207773711 0.06949468591386392 -0.24609384196819747
vn -0.8819425492328227 0.006284694456376844 0.4713150140493088
vn -0.8819425492328227 0.006284694456376844 0.4713150140493088
vn -0.8819425492328227 0.006284694456376844 0.4713150140493088
vn -0.8819425492328227 0.006284694456376844 0.4713150140493088
vn 0.9776343800775548 0.022953567850957906 0.20905538168936644
vn 0.9776343800775548 0.022953567850957906 0.20905538168936644
vn 0.9776343800775548 0.022953567850957906 0.20905538168936644
vn 0.9776343800775548 0.022953567850957906 0.20905538168936644
vn -0.9640037053177646 -0.008092935795652779 0.2657656120039385
vn -0.9640037053177646 -0.008092935795652779 0.2657656120039385
vn -0.9640037053177646 -0.008092935795652779 0.2657656120039385
vn -0.9640037053177646 -0.008092935795652779 0.2657656120039385
vn 0.9942037613477764 0.10484199112939992 -0.023812555888787463
vn 0.9942037613477764 0.10484199112939992 -0.023812555888787463
vn 0.9942037613477764 0.10484199112939992 -0.023812555888787463
vn 0.9942037613477764 0.10484199112939992 -0.023812555888787463
vn -0.968067231773398 0.03194823079044819 0.2486466273970959
vn -0.968067231773398 0.03194823079044819 0.2486466273970959
vn -0.968067231773398 0.03194823079044819 0.2486466273970959
vn -0.968067231773398 0.03194823079044819 0.2486466273970959
vn 0.8276556789399485 0.010790104582553644 0.5611324716691685
vn 0.8276556789399485 0.010790104582553644 0.5611324716691685
vn 0.8276556789399485 0.010790104582553644 0.5611324716691685
vn 0.8276556789399485 0.010790104582553644 0.5611324716691685
vn -0.999044526025181 0.04201850814978599 0.01201998302777444
vn -0.999044526025181 0.04201850814978599 0.01201998302777444
vn -0.999044526025181 0.04201850814978599 0.01201998302777444
vn -0.999044526025181 0.04201850814978599 0.01201998302777444
vn 0.9632775767410117 0.10067494526846046 0.2489193956748988
vn 0.9632775767410117 0.10067494526846046 0.2489193956748988
vn 0.9632775767410117 0.10067494526846046 0.2489193956748988
vn 0.9632775767410117 0.10067494526846046 0.2489193956748988
vn -0.9749253908568419 0.026570777755626152 -0.22093998287339311
vn -0.9749253908568419 0.026570777755626152 -0.22093998287339311
vn -0.9749253908568419 0.026570777755626152 -0.22093998287339311
vn -0.9749253908568419 0.026570777755626152 -0.22093998287339311
vn 0.4871482188791825 -0.02537402814654121 0.872950612313468
vn 0.4871482188791825 -0.02537402814654121 0.872950612313468
vn 0.4871482188791825 -0.02537402814654121 0.872950612313468
vn 0.4871482188791825 -0.02537402814654121 0.872950612313468
vn -0.9075551412937013 0.01923281025899963 -0.4194922699179468
vn -0.9075551412937013 0.01923281025899963 -0.4194922699179468
vn -0.9075551412937013 0.01923281025899963 -0.4194922699179468
vn -0.9075551412937013 0.01923281025899963 -0.4194922699179468
vn 0.8396366179479898 0.09935955432017461 0.5339831727368923
vn 0.8396366179479898 0.09935955432017461 0.5339831727368923
vn 0.8396366179479898 0.09935955432017461 0.5339831727368923
vn 0.8396366179479898 0.09935955432017461 0.5339831727368923
vn -0.7686831657132798 -0.0017582921505303955 -0.6396273127046123
vn -0.7686831657132798 -0.0017582921505303955 -0.6396273127046123
vn -0.7686831657132798 -0.0017582921505303955 -0.6396273127046123
vn -0.7686831657132798 -0.0017582921505303955 -0.6396273127046123
vn 0.192382480010186 -0.020004711903562032 0.9811160955191724
vn 0.192382480010186 -0.020004711903562032 0.9811160955191724
vn 0.192382480010186 -0.020004711903562032 0.9811160955191724
vn 0.192382480010186 -0.020004711903562032 0.9811160955191724
vn 0.1782189879759457 0.011926254836604581 -0.9839185722255689
vn 0.1782189879759457 0.011926254836604581 -0.9839185722255689
vn 0.1782189879759457 0.011926254836604581 -0.9839185722255689
vn 0.1782189879759457 0.011926254836604581 -0.9839185722255689
vn -0.5927278836535184 -0.02304614165009002 -0.8050729974944293
vn -0.5927278836535184 -0.02304614165009002 -0.8050729974944293
vn -0.5927278836535184 -0.02304614165009002 -0.8050729974944293
vn -0.5927278836535184 -0.02304614165009002 -0.8050729974944293
vn 0.4058686507522476 0.03941349299810419 0.9130811655631927
vn 0.4058686507522476 0.03941349299810419 0.9130811655631927
vn 0.4058686507522476 0.03941349299810419 0.9130811655631927
vn 0.4058686507522476 0.03941349299810419 0.9130811655631927
vn 0.609187751027827 -0.013050459326193939 -0.7929186399051503
vn 0.609187751027827 -0.013050459326193939 -0.7929186399051503
vn 0.609187751027827 -0.013050459326193939 -0.7929186399051503
vn 0.609187751027827 -0.013050459326193939 -0.7929186399051503
vn -0.6605758400247081 0.028021823188881335 -0.7502361874775318
vn -0.6605758400247081 0.028021823188881335 -0.7502361874775318
vn -0.6605758400247081 0.028021823188881335 -0.7502361874775318
vn -0.6605758400247081 0.028021823188881335 -0.7502361874775318
vn -0.18192078198600517 -0.027407979678682755 0.9829311429248405
vn -0.18192078198600517 -0.027407979678682755 0.9829311429248405
vn -0.18192078198600517 -0.027407979678682755 0.9829311429248405
vn -0.18192078198600517 -0.027407979678682755 0.9829311429248405
vn 0.41059344759020067 0.06853732760679461 -0.9092390530110945
vn 0.41059344759020067 0.06853732760679461 -0.9092390530110945
vn 0.41059344759020067 0.06853732760679461 -0.9092390530110945
vn 0.41059344759020067 0.06853732760679461 -0.9092390530110945
vn -0.3602499894622594 0.0166680892027492 -0.9327068777996499
vn -0.3602499894622594 0.0166680892027492 -0.9327068777996499
vn -0.3602499894622594 0.0166680892027492 -0.9327068777996499
vn -0.3602499894622594 0.0166680892027492 -0.9327068777996499
vn -0.04588942200935505 0.023998836471104464 0.9986582081952167
vn -0.04588942200935505 0.023998836471104464 0.9986582081952167
vn -0.04588942200935505 0.023998836471104464 0.9986582081952167
vn -0.04588942200935505 0.023998836471104464 0.9986582081952167
vn -0.6584806514176579 0.5461720535374595 0.5177830816502713
vn -0.6584806514176579 0.5461720535374595 0.5177830816502713
vn -0.6584806514176579 0.5461720535374595 0.5177830816502713
vn -0.6584806514176579 0.5461720535374595 0.5177830816502713
vn 0.9261877197943799 -0.08003891439040049 0.36846991720531724
vn 0.9261877197943799 -0.08003891439040049 0.36846991720531724
vn 0.9261877197943799 -0.08003891439040049 0.36846991720531724
vn 0.9261877197943799 -0.08003891439040049 0.36846991720531724
vn -0.816682876078053 0.5611467148332726 -0.13469760336659858
vn -0.816682876078053 0.5611467148332726 -0.13469760336659858
vn -0.816682876078053 0.5611467148332726 -0.13469760336659858
vn -0.816682876078053 0.5611467148332726 -0.13469760336659858
vn 0.9851424515393634 -0.1053566245573364 0.13562570492682322
vn 0.9851424515393634 -0.1053566245573364 0.13562570492682322
vn 0.9851424515393634 -0.1053566245573364 0.13562570492682322
vn 0.9851424515393634 -0.1053566245573364 0.13562570492682322
vn -0.7668961635905505 0.544937767534843 0.33898835346400497
vn -0.7668961635905505 0.544937767534843 0.33898835346400497
vn -0.7668961635905505 0.544937767534843 0.33898835346400497
vn -0.7668961635905505 0.544937767534843 0.33898835346400497
vn 0.7141876203220362 0.0033284169027567043 0.6999464012477444
vn 0.7141876203220362 0.0033284169027567043 0.6999464012477444
vn 0.7141876203220362 0.0033284169027567043 0.6999464012477444
vn 0.7141876203220362 0.0033284169027567043 0.6999464012477444
vn -0.7366099377996131 0.56793208429782 -0.3672314626498989
vn -0.7366099377996131 0.56793208429782 -0.3672314626498989
vn -0.7366099377996131 0.56793208429782 -0.3672314626498989
vn -0.7366099377996131 0.56793208429782 -0.3672314626498989
vn 0.9094299121570427 -0.07881696613154991 0.40831987549450954
vn 0.9094299121570427 -0.07881696613154991 0.40831987549450954
vn 0.9094299121570427 -0.07881696613154991 0.40831987549450954
vn 0.9094299121570427 -0.07881696613154991 0.40831987549450954
vn -0.7658159181821326 0.581248122777676 -0.27509380077763435
vn -0.7658159181821326 0.581248122777676 -0.27509380077763435
vn -0.7658159181821326 0.581248122777676 -0.27509380077763435
vn -0.7658159181821326 0.581248122777676 -0.27509380077763435
vn 0.28842474403040647 0.14100764434499297 0.9470628338538423
vn 0.28842474403040647 0.14100764434499297 0.9470628338538423
vn 0.28842474403040647 0.14100764434499297 0.9470628338538423
vn 0.28842474403040647 0.14100764434499297 0.9470628338538423
vn -0.5858249238176826 0.5056134173155369 -0.6333752685924129
vn -0.5858249238176826 0.5056134173155369 -0.6333752685924129
vn -0.5858249238176826 0.5056134173155369 -0.6333752685924129
vn -0.5858249238176826 0.5056134173155369 -0.6333752685924129
vn 0.7425933844924575 -0.03838359354728445 0.6686417314634454
vn 0.7425933844924575 -0.03838359354728445 0.6686417314634454
vn 0.7425933844924575 -0.03838359354728445 0.6686417314634454
vn 0.7425933844924575 -0.03838359354728445 0.6686417314634454
vn -0.7086064809339713 0.5489237177450645 -0.44335043394059065
vn -0.7086064809339713 0.5489237177450645 -0.44335043394059065
vn -0.7086064809339713 0.5489237177450645 -0.44335043394059065
vn -0.7086064809339713 0.5489237177450645 -0.44335043394059065
vn -0.07174375981332361 0.2914259924391836 0.9538992210179674
vn -0.07174375981332361 0.2914259924391836 0.9538992210179674
vn -0.07174375981332361 0.2914259924391836 0.9538992210179674
vn -0.07174375981332361 0.2914259924391836 0.9538992210179674
vn 0.2856297570346337 0.16773600859495164 -0.9435466460737225
vn 0.2856297570346337 0.16773600859495164 -0.9435466460737225
vn 0.2856297570346337 0.16773600859495164 -0.9435466460737225
vn 0.2856297570346337 0.16773600859495164 -0.9435466460737225
vn -0.11479384570461906 0.2754543387196405 -0.9544355820425335
vn -0.11479384570461906 0.2754543387196405 -0.9544355820425335
vn -0.11479384570461906 0.2754543387196405 -0.9544355820425335
vn -0.11479384570461906 0.2754543387196405 -0.9544355820425335
vn 0.4291145190715785 0.0988225235564317 0.8978278445002171
vn 0.4291145190715785 0.0988225235564317 0.8978278445002171
vn 0.4291145190715785 0.0988225235564317 0.8978278445002171
vn 0.4291145190715785 0.0988225235564317 0.8978278445002171
vn 0.7789714816291059 -0.044455287097294856 -0.625481541100657
vn 0.7789714816291059 -0.044455287097294856 -0.625481541100657
vn 0.7789714816291059 -0.044455287097294856 -0.625481541100657
vn 0.7789714816291059 -0.044455287097294856 -0.625481541100657
vn -0.5570512000169617 0.448653610385076 -0.6988589975439248
vn -0.5570512000169617 0.448653610385076 -0.6988589975439248
vn -0.5570512000169617 0.448653610385076 -0.6988589975439248
vn -0.5570512000169617 0.448653610385076 -0.6988589975439248
vn -0.3963824223100149 0.40864406525739644 0.8221259047211404
vn -0.3963824223100149 0.40864406525739644 0.8221259047211404
vn -0.3963824223100149 0.40864406525739644 0.8221259047211404
vn -0.3963824223100149 0.40864406525739644 0.8221259047211404
vn 0.5065707668064873 0.059008336460563054 -0.8601767693010808
vn 0.5065707668064873 0.059008336460563054 -0.8601767693010808
vn 0.5065707668064873 0.059008336460563054 -0.8601767693010808
vn 0.5065707668064873 0.059008336460563054 -0.8601767693010808
vn 0.14966532763656634 0.21979597456373076 -0.9639968979561183
vn 0.14966532763656634 0.21979597456373076 -0.9639968979561183
vn 0.14966532763656634 0.21979597456373076 -0.9639968979561183
vn 0.14966532763656634 0.21979597456373076 -0.9639968979561183
vn 0.09911558552835598 0.21715163123077952 0.9710928224218233
vn 0.09911558552835598 0.21715163123077952 0.9710928224218233
vn 0.09911558552835598 0.21715163123077952 0.9710928224218233
vn 0.09911558552835598 0.21715163123077952 0.9710928224218233
vn 0.9220747841166629 -0.076305420534942 -0.37941478001416223
vn 0.9220747841166629 -0.076305420534942 -0.37941478001416223
vn 0.9220747841166629 -0.076305420534942 -0.37941478001416223
vn 0.9220747841166629 -0.076305420534942 -0.37941478001416223
vn 0.008175711656097933 0.27814916570939285 -0.9605030970039008
vn 0.008175711656097933 0.27814916570939285 -0.9605030970039008
vn 0.008175711656097933 0.27814916570939285 -0.9605030970039008
vn 0.008175711656097933 0.27814916570939285 -0.9605030970039008
vn -0.6547244041663657 0.510764797169419 0.5571851367018682
vn -0.6547244041663657 0.510764797169419 0.5571851367018682
vn -0.6547244041663657 0.510764797169419 0.5571851367018682
vn -0.6547244041663657 0.510764797169419 0.5571851367018682
vn 0.86432577219281 -0.05383159982435674 -0.5000431165246182
vn 0.86432577219281 -0.05383159982435674 -0.5000431165246182
vn 0.86432577219281 -0.05383159982435674 -0.5000431165246182
vn 0.86432577219281 -0.05383159982435674 -0.5000431165246182
vn 0.36686824871205365 0.13717629711127638 -0.920103446139503
vn 0.36686824871205365 0.13717629711127638 -0.920103446139503
vn 0.36686824871205365 0.13717629711127638 -0.920103446139503
vn 0.36686824871205365 0.13717629711127638 -0.920103446139503
vn -0.32767244773764576 0.39170188738031914 0.8597676421082127
vn -0.32767244773764576 0.39170188738031914 0.8597676421082127
vn -0.32767244773764576 0.39170188738031914 0.8597676421082127
vn -0.32767244773764576 0.39170188738031914 0.8597676421082127
vn 0.98916848722718 -0.09415378408976083 -0.11260891979888189
vn 0.98916848722718 -0.09415378408976083 -0.11260891979888189
vn 0.98916848722718 -0.09415378408976083 -0.11260891979888189
vn 0.98916848722718 -0.09415378408976083 -0.11260891979888189
vn -0.7017156102076547 0.5627952029260691 0.4368715623089968
vn -0.7017156102076547 0.5627952029260691 0.4368715623089968
vn -0.7017156102076547 0.5627952029260691 0.4368715623089968
vn -0.7017156102076547 0.5627952029260691 0.4368715623089968
vn 0.35823688110711777 0.933622960859418 -0.003808407900751277
vn 0.35823688110711777 0.933622960859418 -0.003808407900751277
vn 0.35823688110711777 0.933622960859418 -0.003808407900751277
vn 0.35823688110711777 0.933622960859418 -0.003808407900751277
vn 0.35823688110711777 0.933622960859418 -0.003808407900751277
vn 0.35823688110711777 0.933622960859418 -0.003808407900751277
vn 0.35823688110711777 0.933622960859418 -0.003808407900751277
vn 0.35823688110711777 0.933622960859418 -0.003808407900751277
vn 0.35823688110711777 0.933622960859418 -0.003808407900751277
vn 0.35823688110711777 0.933622960859418 -0.003808407900751277
vn 0.35823688110711777 0.933622960859418 -0.003808407900751277
vn 0.35823688110711777 0.933622960859418 -0.003808407900751277
vn 0.35823688110711777 0.933622960859418 -0.003808407900751277
vn 0.35823688110711777 0.933622960859418 -0.003808407900751277
vn 0.35823688110711777 0.933622960859418 -0.003808407900751277
vn 0.35823688110711777 0.933622960859418 -0.003808407900751277
vn 0.35823688110711777 0.933622960859418 -0.003808407900751277
vn 0.35823688110711777 0.933622960859418 -0.003808407900751277
vn 0.35823688110711777 0.933622960859418 -0.003808407900751277
vn 0.35823688110711777 0.933622960859418 -0.003808407900751277
vn 0.35823688110711777 0.933622960859418 -0.003808407900751277
vn 0.35823688110711777 0.933622960859418 -0.003808407900751277
vn 0.35823688110711777 0.933622960859418 -0.003808407900751277
vn 0.35823688110711777 0.933622960859418 -0.003808407900751277
vn 0.35823688110711777 0.933622960859418 -0.003808407900751277
vn 0.35823688110711777 0.933622960859418 -0.003808407900751277
vn 0.35823688110711777 0.933622960859418 -0.003808407900751277
vn 0.35823688110711777 0.933622960859418 -0.003808407900751277
vn 0.35823688110711777 0.933622960859418 -0.003808407900751277
vn 0.35823688110711777 0.933622960859418 -0.003808407900751277
vn 0.35823688110711777 0.933622960859418 -0.003808407900751277
vn 0.35823688110711777 0.933622960859418 -0.003808407900751277
f 2053/2053/2053 2054/2054/2054 2055/2055/2055
f 2053/2053/2053 2055/2055/2055 2056/2056/2056
f 2057/2057/2057 2058/2058/2058 2059/2059/2059
f 2057/2057/2057 2059/2059/2059 2060/2060/2060
f 2061/2061/2061 2062/2062/2062 2063/2063/2063
f 2061/2061/2061 2063/2063/2063 2064/2064/2064
f 2065/2065/2065 2066/2066/2066 2067/2067/2067
f 2065/2065/2065 2067/2067/2067 2068/2068/2068
f 2069/2069/2069 2070/2070/2070 2071/2071/2071
f 2069/2069/2069 2071/2071/2071 2072/2072/2072
f 2073/2073/2073 2074/2074/2074 2075/2075/2075
f 2073/2073/2073 2075/2075/2075 2076/2076/2076
f 2077/2077/2077 2078/2078/2078 2079/2079/2079
f 2077/2077/2077 2079/2079/2079 2080/2080/2080
f 2081/2081/2081 2082/2082/2082 2083/2083/2083
f 2081/2081/2081 2083/2083/2083 2084/2084/2084
f 2085/2085/2085 2086/2086/2086 2087/2087/2087
f 2085/2085/2085 2087/2087/2087 2088/2088/2088
f 2089/2089/2089 2090/2090/2090 2091/2091/2091
f 2089/2089/2089 2091/2091/2091 2092/2092/2092
f 2093/2093/2093 2094/2094/2094 2095/2095/2095
f 2093/2093/2093 2095/2095/2095 2096/2096/2096
f 2097/2097/2097 2098/2098/2098 2099/2099/2099
f 2097/2097/2097 2099/2099/2099 2100/2100/2100
f 2101/2101/2101 2102/2102/2102 2103/2103/2103
f 2101/2101/2101 2103/2103/2103 2104/2104/2104
f 2105/2105/2105 2106/2106/2106 2107/2107/2107
f 2105/2105/2105 2107/2107/2107 2108/2108/2108
f 2109/2109/2109 2110/2110/2110 2111/2111/2111
f 2109/2109/2109 2111/2111/2111 2112/2112/2112
f 2113/2113/2113 2114/2114/2114 2115/2115/2115
f 2113/2113/2113 2115/2115/2115 2116/2116/2116
f 2117/2117/2117 2118/2118/2118 2119/2119/2119
f 2117/2117/2117 2119/2119/2119 2120/2120/2120
f 2121/2121/2121 2122/2122/2122 2123/2123/2123
f 2121/2121/2121 2123/2123/2123 2124/2124/2124
f 2125/2125/2125 2126/2126/2126 2127/2127/2127
f 2125/2125/2125 2127/2127/2127 2128/2128/2128
f 2129/2129/2129 2130/2130/2130 2131/2131/2131
f 2129/2129/2129 2131/2131/2131 2132/2132/2132
f 2133/2133/2133 2134/2134/2134 2135/2135/2135
f 2133/2133/2133 2135/2135/2135 2136/2136/2136
f 2137/2137/2137 2138/2138/2138 2139/2139/2139
f 2137/2137/2137 2139/2139/2139 2140/2140/2140
f 2141/2141/2141 2142/2142/2142 2143/2143/2143
f 2141/2141/2141 2143/2143/2143 2144/2144/2144
f 2145/2145/2145 2146/2146/2146 2147/2147/2147
f 2145/2145/2145 2147/2147/2147 2148/2148/2148
f 2149/2149/2149 2150/2150/2150 2151/2151/2151
f 2149/2149/2149 2151/2151/2151 2152/2152/2152
f 2153/2153/2153 2154/2154/2154 2155/2155/2155
f 2153/2153/2153 2155/2155/2155 2156/2156/2156
f 2157/2157/2157 2158/2158/2158 2159/2159/2159
f 2157/2157/2157 2159/2159/2159 2160/2160/2160
f 2161/2161/2161 2162/2162/2162 2163/2163/2163
f 2161/2161/2161 2163/2163/2163 2164/2164/2164
f 2165/2165/2165 2166/2166/2166 2167/2167/2167
f 2165/2165/2165 2167/2167/2167 2168/2168/2168
f 2169/2169/2169 2170/2170/2170 2171/2171/2171
f 2169/2169/2169 2171/2171/2171 2172/2172/2172
f 2173/2173/2173 2174/2174/2174 2175/2175/2175
f 2173/2173/2173 2175/2175/2175 2176/2176/2176
f 2177/2177/2177 2178/2178/2178 2179/2179/2179
f 2177/2177/2177 2179/2179/2179 2180/2180/2180
f 2181/2181/2181 2182/2182/2182 2183/2183/2183
f 2181/2181/2181 2183/2183/2183 2184/2184/2184
f 2185/2185/2185 2186/2186/2186 2187/2187/2187
f 2185/2185/2185 2187/2187/2187 2188/2188/2188
f 2189/2189/2189 2190/2190/2190 2191/2191/2191
f 2189/2189/2189 2191/2191/2191 2192/2192/2192
f 2193/2193/2193 2194/2194/2194 2195/2195/2195
f 2193/2193/2193 2195/2195/2195 2196/2196/2196
f 2197/2197/2197 2198/2198/2198 2199/2199/2199
f 2197/2197/2197 2199/2199/2199 2200/2200/2200
f 2201/2201/2201 2202/2202/2202 2203/2203/2203
f 2201/2201/2201 2203/2203/2203 2204/2204/2204
f 2205/2205/2205 2206/2206/2206 2207/2207/2207
f 2205/2205/2205 2207/2207/2207 2208/2208/2208
f 2209/2209/2209 2210/2210/2210 2211/2211/2211
f 2209/2209/2209 2211/2211/2211 2212/2212/2212
f 2213/2213/2213 2214/2214/2214 2215/2215/2215
f 2213/2213/2213 2215/2215/2215 2216/2216/2216
f 2217/2217/2217 2218/2218/2218 2219/2219/2219
f 2217/2217/2217 2219/2219/2219 2220/2220/2220
f 2221/2221/2221 2222/2222/2222 2223/2223/2223
f 2221/2221/2221 2223/2223/2223 2224/2224/2224
f 2225/2225/2225 2226/2226/2226 2227/2227/2227
f 2225/2225/2225 2227/2227/2227 2228/2228/2228
f 2229/2229/2229 2230/2230/2230 2231/2231/2231
f 2229/2229/2229 2231/2231/2231 2232/2232/2232
f 2233/2233/2233 2234/2234/2234 2235/2235/2235
f 2233/2233/2233 2235/2235/2235 2236/2236/2236
f 2237/2237/2237 2238/2238/2238 2239/2239/2239
f 2237/2237/2237 2239/2239/2239 2240/2240/2240
f 2241/2241/2241 2242/2242/2242 2243/2243/2243
f 2241/2241/2241 2243/2243/2243 2244/2244/2244
f 2245/2245/2245 2246/2246/2246 2247/2247/2247
f 2245/2245/2245 2247/2247/2247 2248/2248/2248
f 2249/2249/2249 2250/2250/2250 2251/2251/2251
f 2249/2249/2249 2251/2251/2251 2252/2252/2252
f 2253/2253/2253 2254/2254/2254 2255/2255/2255
f 2253/2253/2253 2255/2255/2255 2256/2256/2256
f 2257/2257/2257 2258/2258/2258 2259/2259/2259
f 2257/2257/2257 2259/2259/2259 2260/2260/2260
f 2261/2261/2261 2262/2262/2262 2263/2263/2263
f 2261/2261/2261 2263/2263/2263 2264/2264/2264
f 2265/2265/2265 2266/2266/2266 2267/2267/2267
f 2265/2265/2265 2267/2267/2267 2268/2268/2268
f 2269/2269/2269 2270/2270/2270 2271/2271/2271
f 2269/2269/2269 2271/2271/2271 2272/2272/2272
f 2273/2273/2273 2274/2274/2274 2275/2275/2275
f 2273/2273/2273 2275/2275/2275 2276/2276/2276
f 2277/2277/2277 2278/2278/2278 2279/2279/2279
f 2277/2277/2277 2279/2279/2279 2280/2280/2280
f 2281/2281/2281 2282/2282/2282 2283/2283/2283
f 2281/2281/2281 2283/2283/2283 2284/2284/2284
f 2285/2285/2285 2286/2286/2286 2287/2287/2287
f 2285/2285/2285 2287/2287/2287 2288/2288/2288
f 2289/2289/2289 2290/2290/2290 2291/2291/2291
f 2289/2289/2289 2291/2291/2291 2292/2292/2292
f 2293/2293/2293 2294/2294/2294 2295/2295/2295
f 2293/2293/2293 2295/2295/2295 2296/2296/2296
f 2297/2297/2297 2298/2298/2298 2299/2299/2299
f 2297/2297/2297 2299/2299/2299 2300/2300/2300
f 2301/2301/2301 2302/2302/2302 2303/2303/2303
f 2301/2301/2301 2303/2303/2303 2304/2304/2304
f 2305/2305/2305 2306/2306/2306 2307/2307/2307
f 2305/2305/2305 2307/2307/2307 2308/2308/2308
f 2321/2321/2321 2319/2319/2319 2320/2320/2320
f 2319/2319/2319 2317/2317/2317 2318/2318/2318
f 2317/2317/2317 2319/2319/2319 2321/2321/2321
f 2317/2317/2317 2321/2321/2321 2322/2322/2322
f 2317/2317/2317 2322/2322/2322 2316/2316/2316
f 2316/2316/2316 2322/2322/2322 2323/2323/2323
f 2316/2316/2316 2323/2323/2323 2324/2324/2324
f 2316/2316/2316 2324/2324/2324 2315/2315/2315
f 2315/2315/2315 2324/2324/2324 2314/2314/2314
f 2314/2314/2314 2324/2324/2324 2325/2325/2325
f 2314/2314/2314 2325/2325/2325 2313/2313/2313
f 2313/2313/2313 2325/2325/2325 2326/2326/2326
f 2313/2313/2313 2326/2326/2326 2327/2327/2327
f 2313/2313/2313 2327/2327/2327 2312/2312/2312
f 2312/2312/2312 2327/2327/2327 2311/2311/2311
f 2311/2311/2311 2327/2327/2327 2328/2328/2328
f 2311/2311/2311 2328/2328/2328 2329/2329/2329
f 2311/2311/2311 2329/2329/2329 2310/2310/2310
f 2310/2310/2310 2329/2329/2329 2309/2309/2309
f 2309/2309/2309 2329/2329/2329 2330/2330/2330
f 2309/2309/2309 2330/2330/2330 2331/2331/2331
f 2309/2309/2309 2331/2331/2331 2340/2340/2340
f 2340/2340/2340 2331/2331/2331 2339/2339/2339
f 2339/2339/2339 2331/2331/2331 2332/2332/2332
f 2339/2339/2339 2332/2332/2332 2333/2333/2333
f 2339/2339/2339 2333/2333/2333 2338/2338/2338
f 2338/2338/2338 2333/2333/2333 2334/2334/2334
f 2338/2338/2338 2334/2334/2334 2337/2337/2337
f 2337/2337/2337 2334/2334/2334 2336/2336/2336
f 2336/2336/2336 2334/2334/2334 2335/2335/2335
