mtllib source/CoffinLopoly.mtl
o Cube005
usemtl Material
v 443.3160400390625 176.0094757080078 -1059.6707763671875
v 390.86785888671875 176.009521484375 -1551.277666091919
v 101.55854034423828 176.00942993164062 -1491.7628021240234
v 443.3160400390625 176.0094757080078 -1059.6707763671875
v 101.55854034423828 176.00942993164062 -1491.7628021240234
v 247.41802978515625 176.0094757080078 -1019.3718872070312
v 113.7247543334961 176.00942993164062 -1707.7966842651367
v 101.55854034423828 176.00942993164062 -1491.7628021240234
v 390.86785888671875 176.009521484375 -1551.277666091919
v 113.7247543334961 176.00942993164062 -1707.7966842651367
v 390.86785888671875 176.009521484375 -1551.277666091919
v 294.41595458984375 176.009521484375 -1744.9673309326172
v 101.55854034423828 176.00942993164062 -1491.7628021240234
v 103.35577392578125 166.13742065429688 -1491.3650360107422
v 248.34765625 166.137451171875 -1020.4993896484375
v 101.55854034423828 176.00942993164062 -1491.7628021240234
v 248.34765625 166.137451171875 -1020.4993896484375
v 247.41802978515625 176.0094757080078 -1019.3718872070312
v 294.41595458984375 163.60850524902344 -1744.9673309326172
v 390.86785888671875 163.60850524902344 -1551.277666091919
v 390.86785888671875 8.725166320800781 -1551.277666091919
v 294.41595458984375 163.60850524902344 -1744.9673309326172
v 390.86785888671875 8.725166320800781 -1551.277666091919
v 294.41595458984375 8.725166320800781 -1744.9673309326172
v 390.86785888671875 8.725166320800781 -1551.277666091919
v 101.55854034423828 8.725261688232422 -1491.7628021240234
v 113.7247543334961 8.725250244140625 -1707.7966842651367
v 390.86785888671875 8.725166320800781 -1551.277666091919
v 113.7247543334961 8.725250244140625 -1707.7966842651367
v 294.41595458984375 8.725166320800781 -1744.9673309326172
v 247.41802978515625 163.6085205078125 -1019.3718872070312
v 101.55854034423828 163.60850524902344 -1491.7628021240234
v 101.55854034423828 8.725261688232422 -1491.7628021240234
v 247.41802978515625 163.6085205078125 -1019.3718872070312
v 101.55854034423828 8.725261688232422 -1491.7628021240234
v 247.41802978515625 8.725261688232422 -1019.3718872070312
v 443.3160400390625 163.6085205078125 -1059.6707763671875
v 419.92425537109375 166.3511962890625 -1085.677978515625
v 258.6473693847656 166.3511962890625 -1052.5010986328125
v 443.3160400390625 163.6085205078125 -1059.6707763671875
v 258.6473693847656 166.3511962890625 -1052.5010986328125
v 247.41802978515625 163.6085205078125 -1019.3718872070312
v 294.41595458984375 176.009521484375 -1744.9673309326172
v 390.86785888671875 176.009521484375 -1551.277666091919
v 389.373779296875 166.13742065429688 -1550.202838897705
v 294.41595458984375 176.009521484375 -1744.9673309326172
v 389.373779296875 166.13742065429688 -1550.202838897705
v 293.68267822265625 166.13742065429688 -1743.3249206542969
v 443.3160400390625 176.0094757080078 -1059.6707763671875
v 247.41802978515625 176.0094757080078 -1019.3718872070312
v 248.34765625 166.137451171875 -1020.4993896484375
v 443.3160400390625 176.0094757080078 -1059.6707763671875
v 248.34765625 166.137451171875 -1020.4993896484375
v 442.01708984375 166.137451171875 -1060.3397827148438
v 135.64317321777344 166.35116577148438 -1682.1564865112305
v 284.4007568359375 166.35116577148438 -1712.7579345703125
v 294.41595458984375 163.60850524902344 -1744.9673309326172
v 135.64317321777344 166.35116577148438 -1682.1564865112305
v 294.41595458984375 163.60850524902344 -1744.9673309326172
v 113.7247543334961 163.60850524902344 -1707.7966842651367
v 247.41802978515625 163.6085205078125 -1019.3718872070312
v 258.6473693847656 166.3511962890625 -1052.5010986328125
v 129.48617553710938 166.35118103027344 -1485.5430297851562
v 247.41802978515625 163.6085205078125 -1019.3718872070312
v 129.48617553710938 166.35118103027344 -1485.5430297851562
v 101.55854034423828 163.60850524902344 -1491.7628021240234
v 390.86785888671875 163.60850524902344 -1551.277666091919
v 367.66571044921875 166.35118103027344 -1534.539810180664
v 419.92425537109375 166.3511962890625 -1085.677978515625
v 390.86785888671875 163.60850524902344 -1551.277666091919
v 419.92425537109375 166.3511962890625 -1085.677978515625
v 443.3160400390625 163.6085205078125 -1059.6707763671875
v 115.04705810546875 166.13742065429688 -1706.5771484375
v 103.35577392578125 166.13742065429688 -1491.3650360107422
v 101.55854034423828 176.00942993164062 -1491.7628021240234
v 115.04705810546875 166.13742065429688 -1706.5771484375
v 101.55854034423828 176.00942993164062 -1491.7628021240234
v 113.7247543334961 176.00942993164062 -1707.7966842651367
v 293.68267822265625 166.13742065429688 -1743.3249206542969
v 115.04705810546875 166.13742065429688 -1706.5771484375
v 113.7247543334961 176.00942993164062 -1707.7966842651367
v 293.68267822265625 166.13742065429688 -1743.3249206542969
v 113.7247543334961 176.00942993164062 -1707.7966842651367
v 294.41595458984375 176.009521484375 -1744.9673309326172
v 443.3160400390625 8.725250244140625 -1059.6707763671875
v 390.86785888671875 8.725166320800781 -1551.277666091919
v 390.86785888671875 163.60850524902344 -1551.277666091919
v 443.3160400390625 8.725250244140625 -1059.6707763671875
v 390.86785888671875 163.60850524902344 -1551.277666091919
v 443.3160400390625 163.6085205078125 -1059.6707763671875
v 367.66571044921875 19.913715362548828 -1534.539810180664
v 367.66571044921875 166.35118103027344 -1534.539810180664
v 284.4007568359375 166.35116577148438 -1712.7579345703125
v 367.66571044921875 19.913715362548828 -1534.539810180664
v 284.4007568359375 166.35116577148438 -1712.7579345703125
v 284.4007568359375 19.91370964050293 -1712.7579345703125
v 135.64317321777344 19.91370964050293 -1682.1564865112305
v 129.48617553710938 19.913715362548828 -1485.5430297851562
v 367.66571044921875 19.913715362548828 -1534.539810180664
v 135.64317321777344 19.91370964050293 -1682.1564865112305
v 367.66571044921875 19.913715362548828 -1534.539810180664
v 284.4007568359375 19.91370964050293 -1712.7579345703125
v 389.373779296875 166.13742065429688 -1550.202838897705
v 442.01708984375 166.137451171875 -1060.3397827148438
v 248.34765625 166.137451171875 -1020.4993896484375
v 389.373779296875 166.13742065429688 -1550.202838897705
v 248.34765625 166.137451171875 -1020.4993896484375
v 103.35577392578125 166.13742065429688 -1491.3650360107422
v 115.04705810546875 166.13742065429688 -1706.5771484375
v 293.68267822265625 166.13742065429688 -1743.3249206542969
v 389.373779296875 166.13742065429688 -1550.202838897705
v 115.04705810546875 166.13742065429688 -1706.5771484375
v 389.373779296875 166.13742065429688 -1550.202838897705
v 103.35577392578125 166.13742065429688 -1491.3650360107422
v 258.6473693847656 19.913738250732422 -1052.5010986328125
v 258.6473693847656 166.3511962890625 -1052.5010986328125
v 419.92425537109375 166.3511962890625 -1085.677978515625
v 258.6473693847656 19.913738250732422 -1052.5010986328125
v 419.92425537109375 166.3511962890625 -1085.677978515625
v 419.92425537109375 19.913738250732422 -1085.677978515625
v 284.4007568359375 19.91370964050293 -1712.7579345703125
v 284.4007568359375 166.35116577148438 -1712.7579345703125
v 135.64317321777344 166.35116577148438 -1682.1564865112305
v 284.4007568359375 19.91370964050293 -1712.7579345703125
v 135.64317321777344 166.35116577148438 -1682.1564865112305
v 135.64317321777344 19.91370964050293 -1682.1564865112305
v 247.41802978515625 163.6085205078125 -1019.3718872070312
v 247.41802978515625 8.725261688232422 -1019.3718872070312
v 443.3160400390625 8.725250244140625 -1059.6707763671875
v 247.41802978515625 163.6085205078125 -1019.3718872070312
v 443.3160400390625 8.725250244140625 -1059.6707763671875
v 443.3160400390625 163.6085205078125 -1059.6707763671875
v 129.48617553710938 19.913715362548828 -1485.5430297851562
v 129.48617553710938 166.35118103027344 -1485.5430297851562
v 258.6473693847656 166.3511962890625 -1052.5010986328125
v 129.48617553710938 19.913715362548828 -1485.5430297851562
v 258.6473693847656 166.3511962890625 -1052.5010986328125
v 258.6473693847656 19.913738250732422 -1052.5010986328125
v 419.92425537109375 19.913738250732422 -1085.677978515625
v 367.66571044921875 19.913715362548828 -1534.539810180664
v 129.48617553710938 19.913715362548828 -1485.5430297851562
v 419.92425537109375 19.913738250732422 -1085.677978515625
v 129.48617553710938 19.913715362548828 -1485.5430297851562
v 258.6473693847656 19.913738250732422 -1052.5010986328125
v 419.92425537109375 19.913738250732422 -1085.677978515625
v 419.92425537109375 166.3511962890625 -1085.677978515625
v 367.66571044921875 166.35118103027344 -1534.539810180664
v 419.92425537109375 19.913738250732422 -1085.677978515625
v 367.66571044921875 166.35118103027344 -1534.539810180664
v 367.66571044921875 19.913715362548828 -1534.539810180664
v 135.64317321777344 19.91370964050293 -1682.1564865112305
v 135.64317321777344 166.35116577148438 -1682.1564865112305
v 129.48617553710938 166.35118103027344 -1485.5430297851562
v 135.64317321777344 19.91370964050293 -1682.1564865112305
v 129.48617553710938 166.35118103027344 -1485.5430297851562
v 129.48617553710938 19.913715362548828 -1485.5430297851562
v 113.7247543334961 163.60850524902344 -1707.7966842651367
v 113.7247543334961 8.725250244140625 -1707.7966842651367
v 101.55854034423828 8.725261688232422 -1491.7628021240234
v 113.7247543334961 163.60850524902344 -1707.7966842651367
v 101.55854034423828 8.725261688232422 -1491.7628021240234
v 101.55854034423828 163.60850524902344 -1491.7628021240234
v 247.41802978515625 8.725261688232422 -1019.3718872070312
v 101.55854034423828 8.725261688232422 -1491.7628021240234
v 390.86785888671875 8.725166320800781 -1551.277666091919
v 247.41802978515625 8.725261688232422 -1019.3718872070312
v 390.86785888671875 8.725166320800781 -1551.277666091919
v 443.3160400390625 8.725250244140625 -1059.6707763671875
v 294.41595458984375 163.60850524902344 -1744.9673309326172
v 294.41595458984375 8.725166320800781 -1744.9673309326172
v 113.7247543334961 8.725250244140625 -1707.7966842651367
v 294.41595458984375 163.60850524902344 -1744.9673309326172
v 113.7247543334961 8.725250244140625 -1707.7966842651367
v 113.7247543334961 163.60850524902344 -1707.7966842651367
v 113.7247543334961 163.60850524902344 -1707.7966842651367
v 101.55854034423828 163.60850524902344 -1491.7628021240234
v 129.48617553710938 166.35118103027344 -1485.5430297851562
v 113.7247543334961 163.60850524902344 -1707.7966842651367
v 129.48617553710938 166.35118103027344 -1485.5430297851562
v 135.64317321777344 166.35116577148438 -1682.1564865112305
v 294.41595458984375 163.60850524902344 -1744.9673309326172
v 284.4007568359375 166.35116577148438 -1712.7579345703125
v 367.66571044921875 166.35118103027344 -1534.539810180664
v 294.41595458984375 163.60850524902344 -1744.9673309326172
v 367.66571044921875 166.35118103027344 -1534.539810180664
v 390.86785888671875 163.60850524902344 -1551.277666091919
v 261.4269104003906 175.5244903564453 -1546.7723999023438
v 101.00054931640625 175.58070373535156 -1507.4117965698242
v 101.00054931640625 182.73377990722656 -1507.4117965698242
v 261.4269104003906 175.5244903564453 -1546.7723999023438
v 101.00054931640625 182.73377990722656 -1507.4117965698242
v 261.4269104003906 182.6775665283203 -1546.7723999023438
v 261.4269104003906 182.6775665283203 -1546.7723999023438
v 101.00054931640625 182.73377990722656 -1507.4117965698242
v 110.40676879882812 182.73377990722656 -1461.6869659423828
v 261.4269104003906 182.6775665283203 -1546.7723999023438
v 110.40676879882812 182.73377990722656 -1461.6869659423828
v 270.8330993652344 182.6775665283203 -1501.0475692749023
v 270.8330993652344 175.5244903564453 -1501.0475692749023
v 270.8330993652344 182.6775665283203 -1501.0475692749023
v 110.40676879882812 182.73377990722656 -1461.6869659423828
v 270.8330993652344 175.5244903564453 -1501.0475692749023
v 110.40676879882812 182.73377990722656 -1461.6869659423828
v 110.40676879882812 175.58070373535156 -1461.6869659423828
v 270.8330993652344 182.6775665283203 -1501.0475692749023
v 394.9762878417969 182.7338104248047 -1526.0325241088867
v 385.5700378417969 182.7338104248047 -1571.757357597351
v 270.8330993652344 182.6775665283203 -1501.0475692749023
v 385.5700378417969 182.7338104248047 -1571.757357597351
v 261.4269104003906 182.6775665283203 -1546.7723999023438
v 345.6731262207031 182.91595458984375 -1370.4398345947266
v 345.6731262207031 175.76287841796875 -1370.4398345947266
v 153.46661376953125 175.52182006835938 -1337.9429473876953
v 345.6731262207031 182.91595458984375 -1370.4398345947266
v 153.46661376953125 175.52182006835938 -1337.9429473876953
v 153.46661376953125 182.6749267578125 -1337.9429473876953
v 394.9762878417969 182.7338104248047 -1526.0325241088867
v 394.9762878417969 175.5807342529297 -1526.0325241088867
v 385.5700378417969 175.5807342529297 -1571.757357597351
v 394.9762878417969 182.7338104248047 -1526.0325241088867
v 385.5700378417969 175.5807342529297 -1571.757357597351
v 385.5700378417969 182.7338104248047 -1571.757357597351
v 394.9762878417969 175.5807342529297 -1526.0325241088867
v 394.9762878417969 182.7338104248047 -1526.0325241088867
v 270.8330993652344 182.6775665283203 -1501.0475692749023
v 394.9762878417969 175.5807342529297 -1526.0325241088867
v 270.8330993652344 182.6775665283203 -1501.0475692749023
v 270.8330993652344 175.5244903564453 -1501.0475692749023
v 101.00054931640625 182.73377990722656 -1507.4117965698242
v 101.00054931640625 175.58070373535156 -1507.4117965698242
v 110.40676879882812 175.58070373535156 -1461.6869659423828
v 101.00054931640625 182.73377990722656 -1507.4117965698242
v 110.40676879882812 175.58070373535156 -1461.6869659423828
v 110.40676879882812 182.73377990722656 -1461.6869659423828
v 307.5494384765625 182.5515899658203 -1151.9589233398438
v 307.5494384765625 175.39849853515625 -1151.9589233398438
v 437.91107177734375 175.52183532714844 -1178.3059387207031
v 307.5494384765625 182.5515899658203 -1151.9589233398438
v 437.91107177734375 175.52183532714844 -1178.3059387207031
v 437.91107177734375 182.67494201660156 -1178.3059387207031
v 298.1431884765625 182.5515899658203 -1197.6837768554688
v 196.7834930419922 182.6749725341797 -1182.1682739257812
v 206.18972778320312 182.6749725341797 -1136.4433898925781
v 298.1431884765625 182.5515899658203 -1197.6837768554688
v 206.18972778320312 182.6749725341797 -1136.4433898925781
v 307.5494384765625 182.5515899658203 -1151.9589233398438
v 298.1431884765625 182.5515899658203 -1197.6837768554688
v 298.1431884765625 175.39849853515625 -1197.6837768554688
v 196.7834930419922 175.52188110351562 -1182.1682739257812
v 298.1431884765625 182.5515899658203 -1197.6837768554688
v 196.7834930419922 175.52188110351562 -1182.1682739257812
v 196.7834930419922 182.6749725341797 -1182.1682739257812
v 428.5048522949219 175.52183532714844 -1224.03076171875
v 428.5048522949219 182.67494201660156 -1224.03076171875
v 437.91107177734375 182.67494201660156 -1178.3059387207031
v 428.5048522949219 175.52183532714844 -1224.03076171875
v 437.91107177734375 182.67494201660156 -1178.3059387207031
v 437.91107177734375 175.52183532714844 -1178.3059387207031
v 307.5494384765625 182.5515899658203 -1151.9589233398438
v 437.91107177734375 182.67494201660156 -1178.3059387207031
v 428.5048522949219 182.67494201660156 -1224.03076171875
v 307.5494384765625 182.5515899658203 -1151.9589233398438
v 428.5048522949219 182.67494201660156 -1224.03076171875
v 298.1431884765625 182.5515899658203 -1197.6837768554688
v 298.1431884765625 182.5515899658203 -1197.6837768554688
v 428.5048522949219 182.67494201660156 -1224.03076171875
v 428.5048522949219 175.52183532714844 -1224.03076171875
v 298.1431884765625 182.5515899658203 -1197.6837768554688
v 428.5048522949219 175.52183532714844 -1224.03076171875
v 298.1431884765625 175.39849853515625 -1197.6837768554688
v 206.18972778320312 175.52188110351562 -1136.4433898925781
v 206.18972778320312 182.6749725341797 -1136.4433898925781
v 196.7834930419922 182.6749725341797 -1182.1682739257812
v 206.18972778320312 175.52188110351562 -1136.4433898925781
v 196.7834930419922 182.6749725341797 -1182.1682739257812
v 196.7834930419922 175.52188110351562 -1182.1682739257812
v 345.6731262207031 182.91595458984375 -1370.4398345947266
v 153.46661376953125 182.6749267578125 -1337.9429473876953
v 162.87283325195312 182.6749267578125 -1292.2181091308594
v 345.6731262207031 182.91595458984375 -1370.4398345947266
v 162.87283325195312 182.6749267578125 -1292.2181091308594
v 355.0793762207031 182.91595458984375 -1324.7150573730469
v 355.0793762207031 182.91595458984375 -1324.7150573730469
v 418.5740051269531 182.67494201660156 -1339.0135192871094
v 409.1677551269531 182.67494201660156 -1384.7383575439453
v 355.0793762207031 182.91595458984375 -1324.7150573730469
v 409.1677551269531 182.67494201660156 -1384.7383575439453
v 345.6731262207031 182.91595458984375 -1370.4398345947266
v 418.5740051269531 175.52186584472656 -1339.0135192871094
v 418.5740051269531 182.67494201660156 -1339.0135192871094
v 355.0793762207031 182.91595458984375 -1324.7150573730469
v 418.5740051269531 175.52186584472656 -1339.0135192871094
v 355.0793762207031 182.91595458984375 -1324.7150573730469
v 355.0793762207031 175.76287841796875 -1324.7150573730469
v 307.5494384765625 182.5515899658203 -1151.9589233398438
v 206.18972778320312 182.6749725341797 -1136.4433898925781
v 206.18972778320312 175.52188110351562 -1136.4433898925781
v 307.5494384765625 182.5515899658203 -1151.9589233398438
v 206.18972778320312 175.52188110351562 -1136.4433898925781
v 307.5494384765625 175.39849853515625 -1151.9589233398438
v 162.87283325195312 175.52182006835938 -1292.2181091308594
v 162.87283325195312 182.6749267578125 -1292.2181091308594
v 153.46661376953125 182.6749267578125 -1337.9429473876953
v 162.87283325195312 175.52182006835938 -1292.2181091308594
v 153.46661376953125 182.6749267578125 -1337.9429473876953
v 153.46661376953125 175.52182006835938 -1337.9429473876953
v 162.87283325195312 182.6749267578125 -1292.2181091308594
v 162.87283325195312 175.52182006835938 -1292.2181091308594
v 355.0793762207031 175.76287841796875 -1324.7150573730469
v 162.87283325195312 182.6749267578125 -1292.2181091308594
v 355.0793762207031 175.76287841796875 -1324.7150573730469
v 355.0793762207031 182.91595458984375 -1324.7150573730469
v 409.1677551269531 175.52186584472656 -1384.7383575439453
v 409.1677551269531 182.67494201660156 -1384.7383575439453
v 418.5740051269531 182.67494201660156 -1339.0135192871094
v 409.1677551269531 175.52186584472656 -1384.7383575439453
v 418.5740051269531 182.67494201660156 -1339.0135192871094
v 418.5740051269531 175.52186584472656 -1339.0135192871094
v 345.6731262207031 175.76287841796875 -1370.4398345947266
v 345.6731262207031 182.91595458984375 -1370.4398345947266
v 409.1677551269531 182.67494201660156 -1384.7383575439453
v 345.6731262207031 175.76287841796875 -1370.4398345947266
v 409.1677551269531 182.67494201660156 -1384.7383575439453
v 409.1677551269531 175.52186584472656 -1384.7383575439453
v 223.5507049560547 0.5455255508422852 -1541.457992553711
v 223.5507049560547 7.104158401489258 -1541.457992553711
v 379.2488708496094 6.9808244705200195 -1570.4569988250732
v 223.5507049560547 0.5455255508422852 -1541.457992553711
v 379.2488708496094 6.9808244705200195 -1570.4569988250732
v 387.4564514160156 0.4221916198730469 -1572.1454076766968
v 223.5507049560547 0.5455255508422852 -1541.457992553711
v 97.53890228271484 0.4221677780151367 -1506.6996841430664
v 107.3521957397461 6.980800628662109 -1508.7184143066406
v 223.5507049560547 0.5455255508422852 -1541.457992553711
v 107.3521957397461 6.980800628662109 -1508.7184143066406
v 223.5507049560547 7.104158401489258 -1541.457992553711
v 232.9569091796875 0.5455374717712402 -1495.7331619262695
v 106.27259826660156 0.4221677780151367 -1460.8365020751953
v 97.53890228271484 0.4221677780151367 -1506.6996841430664
v 232.9569091796875 0.5455374717712402 -1495.7331619262695
v 97.53890228271484 0.4221677780151367 -1506.6996841430664
v 223.5507049560547 0.5455255508422852 -1541.457992553711
v 232.9569091796875 0.5455374717712402 -1495.7331619262695
v 232.9569091796875 7.104170322418213 -1495.7331619262695
v 114.14420318603516 6.980800628662109 -1462.4557876586914
v 232.9569091796875 0.5455374717712402 -1495.7331619262695
v 114.14420318603516 6.980800628662109 -1462.4557876586914
v 106.27259826660156 0.4221677780151367 -1460.8365020751953
v 437.09344482421875 0.36330223083496094 -1225.7975158691406
v 428.5048522949219 6.921935081481934 -1224.03076171875
v 428.5048522949219 161.45431518554688 -1224.03076171875
v 437.09344482421875 0.36330223083496094 -1225.7975158691406
v 428.5048522949219 161.45431518554688 -1224.03076171875
v 437.09344482421875 161.45431518554688 -1225.7975158691406
v 223.5507049560547 0.5455255508422852 -1541.457992553711
v 387.4564514160156 0.4221916198730469 -1572.1454076766968
v 397.50885009765625 0.4221916198730469 -1526.5535049438477
v 223.5507049560547 0.5455255508422852 -1541.457992553711
v 397.50885009765625 0.4221916198730469 -1526.5535049438477
v 232.9569091796875 0.5455374717712402 -1495.7331619262695
v 232.9569091796875 0.5455374717712402 -1495.7331619262695
v 397.50885009765625 0.4221916198730469 -1526.5535049438477
v 388.9202575683594 6.9808244705200195 -1524.7867164611816
v 232.9569091796875 0.5455374717712402 -1495.7331619262695
v 388.9202575683594 6.9808244705200195 -1524.7867164611816
v 232.9569091796875 7.104170322418213 -1495.7331619262695
v 397.50885009765625 0.4221916198730469 -1526.5535049438477
v 387.4564514160156 0.4221916198730469 -1572.1454076766968
v 391.1297912597656 162.14585876464844 -1572.9010753631592
v 397.50885009765625 0.4221916198730469 -1526.5535049438477
v 391.1297912597656 162.14585876464844 -1572.9010753631592
v 401.18218994140625 162.1458740234375 -1527.3091621398926
v 337.92327880859375 0.41954517364501953 -1157.18408203125
v 337.92327880859375 6.978189945220947 -1157.18408203125
v 209.92715454101562 6.921958923339844 -1137.2122497558594
v 337.92327880859375 0.41954517364501953 -1157.18408203125
v 209.92715454101562 6.921958923339844 -1137.2122497558594
v 202.7110137939453 0.3633260726928711 -1135.7278137207031
v 337.92327880859375 0.41954517364501953 -1157.18408203125
v 202.7110137939453 0.3633260726928711 -1135.7278137207031
v 189.56735229492188 0.3633260726928711 -1180.6837768554688
v 337.92327880859375 0.41954517364501953 -1157.18408203125
v 189.56735229492188 0.3633260726928711 -1180.6837768554688
v 328.51708984375 0.41954517364501953 -1202.9089050292969
v 328.51708984375 0.41954517364501953 -1202.9089050292969
v 437.09344482421875 0.36330223083496094 -1225.7975158691406
v 440.443603515625 0.36330223083496094 -1178.8268737792969
v 328.51708984375 0.41954517364501953 -1202.9089050292969
v 440.443603515625 0.36330223083496094 -1178.8268737792969
v 337.92327880859375 0.41954517364501953 -1157.18408203125
v 146.2504425048828 0.36330223083496094 -1336.458480834961
v 159.3941192626953 0.36330223083496094 -1291.5025024414062
v 155.472900390625 161.34547424316406 -1290.6958618164062
v 146.2504425048828 0.36330223083496094 -1336.458480834961
v 155.472900390625 161.34547424316406 -1290.6958618164062
v 142.32923889160156 161.34547424316406 -1335.651840209961
v 428.5048522949219 6.921935081481934 -1224.03076171875
v 437.09344482421875 0.36330223083496094 -1225.7975158691406
v 328.51708984375 0.41954517364501953 -1202.9089050292969
v 428.5048522949219 6.921935081481934 -1224.03076171875
v 328.51708984375 0.41954517364501953 -1202.9089050292969
v 328.51708984375 6.978189945220947 -1202.9089050292969
v 328.51708984375 6.978189945220947 -1202.9089050292969
v 328.51708984375 0.41954517364501953 -1202.9089050292969
v 189.56735229492188 0.3633260726928711 -1180.6837768554688
v 328.51708984375 6.978189945220947 -1202.9089050292969
v 189.56735229492188 0.3633260726928711 -1180.6837768554688
v 196.7834930419922 6.921958923339844 -1182.1682739257812
v 297.37615966796875 6.798577308654785 -1367.076889038086
v 409.1677551269531 6.921958923339844 -1384.7383575439453
v 417.7563171386719 0.3633260726928711 -1386.505142211914
v 297.37615966796875 6.798577308654785 -1367.076889038086
v 417.7563171386719 0.3633260726928711 -1386.505142211914
v 297.37615966796875 0.23995637893676758 -1367.076889038086
v 306.7823791503906 0.23995637893676758 -1321.3520812988281
v 297.37615966796875 0.23995637893676758 -1367.076889038086
v 417.7563171386719 0.3633260726928711 -1386.505142211914
v 306.7823791503906 0.23995637893676758 -1321.3520812988281
v 417.7563171386719 0.3633260726928711 -1386.505142211914
v 421.1065368652344 0.3633260726928711 -1339.5345153808594
v 297.37615966796875 6.798577308654785 -1367.076889038086
v 297.37615966796875 0.23995637893676758 -1367.076889038086
v 146.2504425048828 0.36330223083496094 -1336.458480834961
v 297.37615966796875 6.798577308654785 -1367.076889038086
v 146.2504425048828 0.36330223083496094 -1336.458480834961
v 153.46661376953125 6.921935081481934 -1337.9429473876953
v 337.92327880859375 6.978189945220947 -1157.18408203125
v 337.92327880859375 0.41954517364501953 -1157.18408203125
v 440.443603515625 0.36330223083496094 -1178.8268737792969
v 337.92327880859375 6.978189945220947 -1157.18408203125
v 440.443603515625 0.36330223083496094 -1178.8268737792969
v 431.8550109863281 6.921935081481934 -1177.0600891113281
v 306.7823791503906 6.798577308654785 -1321.3520812988281
v 306.7823791503906 0.23995637893676758 -1321.3520812988281
v 421.1065368652344 0.3633260726928711 -1339.5345153808594
v 306.7823791503906 6.798577308654785 -1321.3520812988281
v 421.1065368652344 0.3633260726928711 -1339.5345153808594
v 412.5179748535156 6.921958923339844 -1337.7677154541016
v 306.7823791503906 0.23995637893676758 -1321.3520812988281
v 159.3941192626953 0.36330223083496094 -1291.5025024414062
v 146.2504425048828 0.36330223083496094 -1336.458480834961
v 306.7823791503906 0.23995637893676758 -1321.3520812988281
v 146.2504425048828 0.36330223083496094 -1336.458480834961
v 297.37615966796875 0.23995637893676758 -1367.076889038086
v 306.7823791503906 6.798577308654785 -1321.3520812988281
v 166.61026000976562 6.921935081481934 -1292.9869689941406
v 159.3941192626953 0.36330223083496094 -1291.5025024414062
v 306.7823791503906 6.798577308654785 -1321.3520812988281
v 159.3941192626953 0.36330223083496094 -1291.5025024414062
v 306.7823791503906 0.23995637893676758 -1321.3520812988281
v 196.7834930419922 6.921958923339844 -1182.1682739257812
v 189.56735229492188 0.3633260726928711 -1180.6837768554688
v 189.56735229492188 162.5919647216797 -1180.6837768554688
v 196.7834930419922 6.921958923339844 -1182.1682739257812
v 189.56735229492188 162.5919647216797 -1180.6837768554688
v 196.7834930419922 162.5919647216797 -1182.1682739257812
v 431.8550109863281 6.921935081481934 -1177.0600891113281
v 440.443603515625 0.36330223083496094 -1178.8268737792969
v 440.443603515625 161.45431518554688 -1178.8268737792969
v 431.8550109863281 6.921935081481934 -1177.0600891113281
v 440.443603515625 161.45431518554688 -1178.8268737792969
v 431.8550109863281 161.45431518554688 -1177.0600891113281
v 388.9202575683594 6.9808244705200195 -1524.7867164611816
v 397.50885009765625 0.4221916198730469 -1526.5535049438477
v 401.18218994140625 162.1458740234375 -1527.3091621398926
v 388.9202575683594 6.9808244705200195 -1524.7867164611816
v 401.18218994140625 162.1458740234375 -1527.3091621398926
v 392.59356689453125 162.1458740234375 -1525.5423736572266
v 428.5048522949219 161.45431518554688 -1224.03076171875
v 431.8550109863281 161.45431518554688 -1177.0600891113281
v 440.443603515625 161.45431518554688 -1178.8268737792969
v 428.5048522949219 161.45431518554688 -1224.03076171875
v 440.443603515625 161.45431518554688 -1178.8268737792969
v 437.09344482421875 161.45431518554688 -1225.7975158691406
v 162.6890411376953 161.34547424316406 -1292.1802978515625
v 149.54537963867188 161.34547424316406 -1337.1363067626953
v 142.32923889160156 161.34547424316406 -1335.651840209961
v 162.6890411376953 161.34547424316406 -1292.1802978515625
v 142.32923889160156 161.34547424316406 -1335.651840209961
v 155.472900390625 161.34547424316406 -1290.6958618164062
v 409.1677551269531 162.40870666503906 -1384.7383575439453
v 412.5179748535156 162.40870666503906 -1337.7677154541016
v 421.1065368652344 162.40870666503906 -1339.5345153808594
v 409.1677551269531 162.40870666503906 -1384.7383575439453
v 421.1065368652344 162.40870666503906 -1339.5345153808594
v 417.7563171386719 162.40870666503906 -1386.505142211914
v 209.92715454101562 162.5919647216797 -1137.2122497558594
v 196.7834930419922 162.5919647216797 -1182.1682739257812
v 189.56735229492188 162.5919647216797 -1180.6837768554688
v 209.92715454101562 162.5919647216797 -1137.2122497558594
v 189.56735229492188 162.5919647216797 -1180.6837768554688
v 202.7110137939453 162.5919647216797 -1135.7278137207031
v 110.22298431396484 162.23141479492188 -1461.6491470336914
v 103.43097686767578 162.23141479492188 -1507.9117584228516
v 93.61769104003906 162.23141479492188 -1505.8930358886719
v 110.22298431396484 162.23141479492188 -1461.6491470336914
v 93.61769104003906 162.23141479492188 -1505.8930358886719
v 102.35139465332031 162.23141479492188 -1460.0298614501953
v 382.92218017578125 162.14585876464844 -1571.2126426696777
v 392.59356689453125 162.1458740234375 -1525.5423736572266
v 401.18218994140625 162.1458740234375 -1527.3091621398926
v 382.92218017578125 162.14585876464844 -1571.2126426696777
v 401.18218994140625 162.1458740234375 -1527.3091621398926
v 391.1297912597656 162.14585876464844 -1572.9010753631592
v 421.1065368652344 0.3633260726928711 -1339.5345153808594
v 417.7563171386719 0.3633260726928711 -1386.505142211914
v 417.7563171386719 162.40870666503906 -1386.505142211914
v 421.1065368652344 0.3633260726928711 -1339.5345153808594
v 417.7563171386719 162.40870666503906 -1386.505142211914
v 421.1065368652344 162.40870666503906 -1339.5345153808594
v 202.7110137939453 0.3633260726928711 -1135.7278137207031
v 209.92715454101562 6.921958923339844 -1137.2122497558594
v 209.92715454101562 162.5919647216797 -1137.2122497558594
v 202.7110137939453 0.3633260726928711 -1135.7278137207031
v 209.92715454101562 162.5919647216797 -1137.2122497558594
v 202.7110137939453 162.5919647216797 -1135.7278137207031
v 189.56735229492188 0.3633260726928711 -1180.6837768554688
v 202.7110137939453 0.3633260726928711 -1135.7278137207031
v 202.7110137939453 162.5919647216797 -1135.7278137207031
v 189.56735229492188 0.3633260726928711 -1180.6837768554688
v 202.7110137939453 162.5919647216797 -1135.7278137207031
v 189.56735229492188 162.5919647216797 -1180.6837768554688
v 106.27259826660156 0.4221677780151367 -1460.8365020751953
v 114.14420318603516 6.980800628662109 -1462.4557876586914
v 110.22298431396484 162.23141479492188 -1461.6491470336914
v 106.27259826660156 0.4221677780151367 -1460.8365020751953
v 110.22298431396484 162.23141479492188 -1461.6491470336914
v 102.35139465332031 162.23141479492188 -1460.0298614501953
v 387.4564514160156 0.4221916198730469 -1572.1454076766968
v 379.2488708496094 6.9808244705200195 -1570.4569988250732
v 382.92218017578125 162.14585876464844 -1571.2126426696777
v 387.4564514160156 0.4221916198730469 -1572.1454076766968
v 382.92218017578125 162.14585876464844 -1571.2126426696777
v 391.1297912597656 162.14585876464844 -1572.9010753631592
v 97.53890228271484 0.4221677780151367 -1506.6996841430664
v 106.27259826660156 0.4221677780151367 -1460.8365020751953
v 102.35139465332031 162.23141479492188 -1460.0298614501953
v 97.53890228271484 0.4221677780151367 -1506.6996841430664
v 102.35139465332031 162.23141479492188 -1460.0298614501953
v 93.61769104003906 162.23141479492188 -1505.8930358886719
v 107.3521957397461 6.980800628662109 -1508.7184143066406
v 97.53890228271484 0.4221677780151367 -1506.6996841430664
v 93.61769104003906 162.23141479492188 -1505.8930358886719
v 107.3521957397461 6.980800628662109 -1508.7184143066406
v 93.61769104003906 162.23141479492188 -1505.8930358886719
v 103.43097686767578 162.23141479492188 -1507.9117584228516
v 412.5179748535156 6.921958923339844 -1337.7677154541016
v 421.1065368652344 0.3633260726928711 -1339.5345153808594
v 421.1065368652344 162.40870666503906 -1339.5345153808594
v 412.5179748535156 6.921958923339844 -1337.7677154541016
v 421.1065368652344 162.40870666503906 -1339.5345153808594
v 412.5179748535156 162.40870666503906 -1337.7677154541016
v 153.46661376953125 6.921935081481934 -1337.9429473876953
v 146.2504425048828 0.36330223083496094 -1336.458480834961
v 142.32923889160156 161.34547424316406 -1335.651840209961
v 153.46661376953125 6.921935081481934 -1337.9429473876953
v 142.32923889160156 161.34547424316406 -1335.651840209961
v 149.54537963867188 161.34547424316406 -1337.1363067626953
v 440.443603515625 0.36330223083496094 -1178.8268737792969
v 437.09344482421875 0.36330223083496094 -1225.7975158691406
v 437.09344482421875 161.45431518554688 -1225.7975158691406
v 440.443603515625 0.36330223083496094 -1178.8268737792969
v 437.09344482421875 161.45431518554688 -1225.7975158691406
v 440.443603515625 161.45431518554688 -1178.8268737792969
v 417.7563171386719 0.3633260726928711 -1386.505142211914
v 409.1677551269531 6.921958923339844 -1384.7383575439453
v 409.1677551269531 162.40870666503906 -1384.7383575439453
v 417.7563171386719 0.3633260726928711 -1386.505142211914
v 409.1677551269531 162.40870666503906 -1384.7383575439453
v 417.7563171386719 162.40870666503906 -1386.505142211914
v 159.3941192626953 0.36330223083496094 -1291.5025024414062
v 166.61026000976562 6.921935081481934 -1292.9869689941406
v 162.6890411376953 161.34547424316406 -1292.1802978515625
v 159.3941192626953 0.36330223083496094 -1291.5025024414062
v 162.6890411376953 161.34547424316406 -1292.1802978515625
v 155.472900390625 161.34547424316406 -1290.6958618164062
v 389.373779296875 166.13742065429688 -1550.202838897705
v 390.86785888671875 176.009521484375 -1551.277666091919
v 443.3160400390625 176.0094757080078 -1059.6707763671875
v 389.373779296875 166.13742065429688 -1550.202838897705
v 443.3160400390625 176.0094757080078 -1059.6707763671875
v 442.01708984375 166.137451171875 -1060.3397827148438
v 261.4269104003906 175.5244903564453 -1546.7723999023438
v 261.4269104003906 182.6775665283203 -1546.7723999023438
v 385.5700378417969 182.7338104248047 -1571.757357597351
v 261.4269104003906 175.5244903564453 -1546.7723999023438
v 385.5700378417969 182.7338104248047 -1571.757357597351
v 385.5700378417969 175.5807342529297 -1571.757357597351
v -386.4549560546875 9.557533264160156 -1689.239402770996
v -366.7208557128906 10.263240814208984 -1195.2372131347656
v -193.1080780029297 246.52586364746094 -1231.0204772949219
v -386.4549560546875 9.557533264160156 -1689.239402770996
v -193.1080780029297 246.52586364746094 -1231.0204772949219
v -268.89776611328125 169.53643798828125 -1713.4691162109375
v -205.3985595703125 218.6859130859375 -1016.7950439453125
v -193.1080780029297 246.52586364746094 -1231.0204772949219
v -366.7208557128906 10.263240814208984 -1195.2372131347656
v -205.3985595703125 218.6859130859375 -1016.7950439453125
v -366.7208557128906 10.263240814208984 -1195.2372131347656
v -313.83038330078125 71.12556457519531 -994.4461669921875
v -193.1080780029297 246.52586364746094 -1231.0204772949219
v -186.2396697998047 239.24942016601562 -1231.87109375
v -261.5485534667969 162.8256072998047 -1712.7297821044922
v -193.1080780029297 246.52586364746094 -1231.0204772949219
v -261.5485534667969 162.8256072998047 -1712.7297821044922
v -268.89776611328125 169.53643798828125 -1713.4691162109375
v -186.40814208984375 163.60850524902344 -1001.8831787109375
v -241.85438537597656 163.60850524902344 -1211.0347900390625
v -241.85438537597656 8.725166320800781 -1211.0347900390625
v -186.40814208984375 163.60850524902344 -1001.8831787109375
v -241.85438537597656 8.725166320800781 -1211.0347900390625
v -186.40814208984375 8.725166320800781 -1001.8831787109375
v -241.85438537597656 8.725166320800781 -1211.0347900390625
v 53.51298904418945 8.725261688232422 -1211.0347900390625
v -1.933276653289795 8.725250244140625 -1001.8831787109375
v -241.85438537597656 8.725166320800781 -1211.0347900390625
v -1.933276653289795 8.725250244140625 -1001.8831787109375
v -186.40814208984375 8.725166320800781 -1001.8831787109375
v 5.829298496246338 163.6085205078125 -1703.1266174316406
v 53.51298904418945 163.60850524902344 -1211.0347900390625
v 53.51298904418945 8.725261688232422 -1211.0347900390625
v 5.829298496246338 163.6085205078125 -1703.1266174316406
v 53.51298904418945 8.725261688232422 -1211.0347900390625
v 5.829298496246338 8.725261688232422 -1703.1266174316406
v -194.17071533203125 163.6085205078125 -1703.1266174316406
v -176.49908447265625 166.3511962890625 -1672.9395294189453
v -11.845100402832031 166.3511962890625 -1672.9395294189453
v -194.17071533203125 163.6085205078125 -1703.1266174316406
v -11.845100402832031 166.3511962890625 -1672.9395294189453
v 5.829298496246338 163.6085205078125 -1703.1266174316406
v -313.83038330078125 71.12556457519531 -994.4461669921875
v -366.7208557128906 10.263240814208984 -1195.2372131347656
v -357.8773498535156 5.674505233764648 -1196.4949340820312
v -313.83038330078125 71.12556457519531 -994.4461669921875
v -357.8773498535156 5.674505233764648 -1196.4949340820312
v -305.4263916015625 65.97631072998047 -996.3311767578125
v -386.4549560546875 9.557533264160156 -1689.239402770996
v -268.89776611328125 169.53643798828125 -1713.4691162109375
v -261.5485534667969 162.8256072998047 -1712.7297821044922
v -386.4549560546875 9.557533264160156 -1689.239402770996
v -261.5485534667969 162.8256072998047 -1712.7297821044922
v -377.768310546875 4.6666741371154785 -1688.775749206543
v -18.235815048217773 166.35116577148438 -1031.4140014648438
v -170.10836791992188 166.35116577148438 -1031.4140014648438
v -186.40814208984375 163.60850524902344 -1001.8831787109375
v -18.235815048217773 166.35116577148438 -1031.4140014648438
v -186.40814208984375 163.60850524902344 -1001.8831787109375
v -1.933276653289795 163.60850524902344 -1001.8831787109375
v 5.829298496246338 163.6085205078125 -1703.1266174316406
v -11.845100402832031 166.3511962890625 -1672.9395294189453
v 27.411449432373047 166.35118103027344 -1222.7542724609375
v 5.829298496246338 163.6085205078125 -1703.1266174316406
v 27.411449432373047 166.35118103027344 -1222.7542724609375
v 53.51298904418945 163.60850524902344 -1211.0347900390625
v -241.85438537597656 163.60850524902344 -1211.0347900390625
v -215.75559997558594 166.35118103027344 -1222.7542724609375
v -176.49908447265625 166.3511962890625 -1672.9395294189453
v -241.85438537597656 163.60850524902344 -1211.0347900390625
v -176.49908447265625 166.3511962890625 -1672.9395294189453
v -194.17071533203125 163.6085205078125 -1703.1266174316406
v -198.228271484375 211.8580322265625 -1018.42578125
v -186.2396697998047 239.24942016601562 -1231.87109375
v -193.1080780029297 246.52586364746094 -1231.0204772949219
v -198.228271484375 211.8580322265625 -1018.42578125
v -193.1080780029297 246.52586364746094 -1231.0204772949219
v -205.3985595703125 218.6859130859375 -1016.7950439453125
v -305.4263916015625 65.97631072998047 -996.3311767578125
v -198.228271484375 211.8580322265625 -1018.42578125
v -205.3985595703125 218.6859130859375 -1016.7950439453125
v -305.4263916015625 65.97631072998047 -996.3311767578125
v -205.3985595703125 218.6859130859375 -1016.7950439453125
v -313.83038330078125 71.12556457519531 -994.4461669921875
v -194.17071533203125 8.725250244140625 -1703.1266174316406
v -241.85438537597656 8.725166320800781 -1211.0347900390625
v -241.85438537597656 163.60850524902344 -1211.0347900390625
v -194.17071533203125 8.725250244140625 -1703.1266174316406
v -241.85438537597656 163.60850524902344 -1211.0347900390625
v -194.17071533203125 163.6085205078125 -1703.1266174316406
v -215.75559997558594 19.913715362548828 -1222.7542724609375
v -215.75559997558594 166.35118103027344 -1222.7542724609375
v -170.10836791992188 166.35116577148438 -1031.4140014648438
v -215.75559997558594 19.913715362548828 -1222.7542724609375
v -170.10836791992188 166.35116577148438 -1031.4140014648438
v -170.10836791992188 19.91370964050293 -1031.4140014648438
v -18.235815048217773 19.91370964050293 -1031.4140014648438
v 27.411449432373047 19.913715362548828 -1222.7542724609375
v -215.75559997558594 19.913715362548828 -1222.7542724609375
v -18.235815048217773 19.91370964050293 -1031.4140014648438
v -215.75559997558594 19.913715362548828 -1222.7542724609375
v -170.10836791992188 19.91370964050293 -1031.4140014648438
v -357.8773498535156 5.674505233764648 -1196.4949340820312
v -377.768310546875 4.6666741371154785 -1688.775749206543
v -261.5485534667969 162.8256072998047 -1712.7297821044922
v -357.8773498535156 5.674505233764648 -1196.4949340820312
v -261.5485534667969 162.8256072998047 -1712.7297821044922
v -186.2396697998047 239.24942016601562 -1231.87109375
v -198.228271484375 211.8580322265625 -1018.42578125
v -305.4263916015625 65.97631072998047 -996.3311767578125
v -357.8773498535156 5.674505233764648 -1196.4949340820312
v -198.228271484375 211.8580322265625 -1018.42578125
v -357.8773498535156 5.674505233764648 -1196.4949340820312
v -186.2396697998047 239.24942016601562 -1231.87109375
v -11.845100402832031 19.913738250732422 -1672.9395294189453
v -11.845100402832031 166.3511962890625 -1672.9395294189453
v -176.49908447265625 166.3511962890625 -1672.9395294189453
v -11.845100402832031 19.913738250732422 -1672.9395294189453
v -176.49908447265625 166.3511962890625 -1672.9395294189453
v -176.49908447265625 19.913738250732422 -1672.9395294189453
v -170.10836791992188 19.91370964050293 -1031.4140014648438
v -170.10836791992188 166.35116577148438 -1031.4140014648438
v -18.235815048217773 166.35116577148438 -1031.4140014648438
v -170.10836791992188 19.91370964050293 -1031.4140014648438
v -18.235815048217773 166.35116577148438 -1031.4140014648438
v -18.235815048217773 19.91370964050293 -1031.4140014648438
v 5.829298496246338 163.6085205078125 -1703.1266174316406
v 5.829298496246338 8.725261688232422 -1703.1266174316406
v -194.17071533203125 8.725250244140625 -1703.1266174316406
v 5.829298496246338 163.6085205078125 -1703.1266174316406
v -194.17071533203125 8.725250244140625 -1703.1266174316406
v -194.17071533203125 163.6085205078125 -1703.1266174316406
v 27.411449432373047 19.913715362548828 -1222.7542724609375
v 27.411449432373047 166.35118103027344 -1222.7542724609375
v -11.845100402832031 166.3511962890625 -1672.9395294189453
v 27.411449432373047 19.913715362548828 -1222.7542724609375
v -11.845100402832031 166.3511962890625 -1672.9395294189453
v -11.845100402832031 19.913738250732422 -1672.9395294189453
v -176.49908447265625 19.913738250732422 -1672.9395294189453
v -215.75559997558594 19.913715362548828 -1222.7542724609375
v 27.411449432373047 19.913715362548828 -1222.7542724609375
v -176.49908447265625 19.913738250732422 -1672.9395294189453
v 27.411449432373047 19.913715362548828 -1222.7542724609375
v -11.845100402832031 19.913738250732422 -1672.9395294189453
v -176.49908447265625 19.913738250732422 -1672.9395294189453
v -176.49908447265625 166.3511962890625 -1672.9395294189453
v -215.75559997558594 166.35118103027344 -1222.7542724609375
v -176.49908447265625 19.913738250732422 -1672.9395294189453
v -215.75559997558594 166.35118103027344 -1222.7542724609375
v -215.75559997558594 19.913715362548828 -1222.7542724609375
v -18.235815048217773 19.91370964050293 -1031.4140014648438
v -18.235815048217773 166.35116577148438 -1031.4140014648438
v 27.411449432373047 166.35118103027344 -1222.7542724609375
v -18.235815048217773 19.91370964050293 -1031.4140014648438
v 27.411449432373047 166.35118103027344 -1222.7542724609375
v 27.411449432373047 19.913715362548828 -1222.7542724609375
v -1.933276653289795 163.60850524902344 -1001.8831787109375
v -1.933276653289795 8.725250244140625 -1001.8831787109375
v 53.51298904418945 8.725261688232422 -1211.0347900390625
v -1.933276653289795 163.60850524902344 -1001.8831787109375
v 53.51298904418945 8.725261688232422 -1211.0347900390625
v 53.51298904418945 163.60850524902344 -1211.0347900390625
v 5.829298496246338 8.725261688232422 -1703.1266174316406
v 53.51298904418945 8.725261688232422 -1211.0347900390625
v -241.85438537597656 8.725166320800781 -1211.0347900390625
v 5.829298496246338 8.725261688232422 -1703.1266174316406
v -241.85438537597656 8.725166320800781 -1211.0347900390625
v -194.17071533203125 8.725250244140625 -1703.1266174316406
v -186.40814208984375 163.60850524902344 -1001.8831787109375
v -186.40814208984375 8.725166320800781 -1001.8831787109375
v -1.933276653289795 8.725250244140625 -1001.8831787109375
v -186.40814208984375 163.60850524902344 -1001.8831787109375
v -1.933276653289795 8.725250244140625 -1001.8831787109375
v -1.933276653289795 163.60850524902344 -1001.8831787109375
v -1.933276653289795 163.60850524902344 -1001.8831787109375
v 53.51298904418945 163.60850524902344 -1211.0347900390625
v 27.411449432373047 166.35118103027344 -1222.7542724609375
v -1.933276653289795 163.60850524902344 -1001.8831787109375
v 27.411449432373047 166.35118103027344 -1222.7542724609375
v -18.235815048217773 166.35116577148438 -1031.4140014648438
v -186.40814208984375 163.60850524902344 -1001.8831787109375
v -170.10836791992188 166.35116577148438 -1031.4140014648438
v -215.75559997558594 166.35118103027344 -1222.7542724609375
v -186.40814208984375 163.60850524902344 -1001.8831787109375
v -215.75559997558594 166.35118103027344 -1222.7542724609375
v -241.85438537597656 163.60850524902344 -1211.0347900390625
v -289.17144775390625 113.82689666748047 -1189.2237548828125
v -192.79718017578125 245.40476989746094 -1215.3989562988281
v -198.5423583984375 249.66024780273438 -1215.175537109375
v -289.17144775390625 113.82689666748047 -1189.2237548828125
v -198.5423583984375 249.66024780273438 -1215.175537109375
v -294.91668701171875 118.08244323730469 -1189.0003051757812
v -294.91668701171875 118.08244323730469 -1189.0003051757812
v -198.5423583984375 249.66024780273438 -1215.175537109375
v -203.07325744628906 245.9749755859375 -1261.4910583496094
v -294.91668701171875 118.08244323730469 -1189.0003051757812
v -203.07325744628906 245.9749755859375 -1261.4910583496094
v -299.44757080078125 114.39717102050781 -1235.3158569335938
v -293.7024230957031 110.14160919189453 -1235.5392761230469
v -299.44757080078125 114.39717102050781 -1235.3158569335938
v -203.07325744628906 245.9749755859375 -1261.4910583496094
v -293.7024230957031 110.14160919189453 -1235.5392761230469
v -203.07325744628906 245.9749755859375 -1261.4910583496094
v -197.32814025878906 241.719482421875 -1261.7144775390625
v -299.44757080078125 114.39717102050781 -1235.3158569335938
v -373.9773864746094 13.096237182617188 -1220.5103149414062
v -369.4463806152344 16.78151512145996 -1174.1947937011719
v -299.44757080078125 114.39717102050781 -1235.3158569335938
v -369.4463806152344 16.78151512145996 -1174.1947937011719
v -294.91668701171875 118.08244323730469 -1189.0003051757812
v -341.1384582519531 65.66361999511719 -1371.500961303711
v -335.39324951171875 61.40807342529297 -1371.724380493164
v -220.02220153808594 217.63853454589844 -1388.4891204833984
v -341.1384582519531 65.66361999511719 -1371.500961303711
v -220.02220153808594 217.63853454589844 -1388.4891204833984
v -225.7673797607422 221.89407348632812 -1388.2656860351562
v -373.9773864746094 13.096237182617188 -1220.5103149414062
v -368.23223876953125 8.840680122375488 -1220.7337341308594
v -363.70135498046875 12.525945663452148 -1174.418212890625
v -373.9773864746094 13.096237182617188 -1220.5103149414062
v -363.70135498046875 12.525945663452148 -1174.418212890625
v -369.4463806152344 16.78151512145996 -1174.1947937011719
v -368.23223876953125 8.840680122375488 -1220.7337341308594
v -373.9773864746094 13.096237182617188 -1220.5103149414062
v -299.44757080078125 114.39717102050781 -1235.3158569335938
v -368.23223876953125 8.840680122375488 -1220.7337341308594
v -299.44757080078125 114.39717102050781 -1235.3158569335938
v -293.7024230957031 110.14160919189453 -1235.5392761230469
v -198.5423583984375 249.66024780273438 -1215.175537109375
v -192.79718017578125 245.40476989746094 -1215.3989562988281
v -197.32814025878906 241.719482421875 -1261.7144775390625
v -198.5423583984375 249.66024780273438 -1215.175537109375
v -197.32814025878906 241.719482421875 -1261.7144775390625
v -203.07325744628906 245.9749755859375 -1261.4910583496094
v -313.0458984375 114.24237823486328 -1586.0665493011475
v -307.3007507324219 109.98681640625 -1586.2899713516235
v -385.617919921875 3.640604019165039 -1570.6306867599487
v -313.0458984375 114.24237823486328 -1586.0665493011475
v -385.617919921875 3.640604019165039 -1570.6306867599487
v -391.363037109375 7.896173000335693 -1570.4072408676147
v -308.5149841308594 117.92764282226562 -1539.751033782959
v -247.9134063720703 200.3284454345703 -1546.968547821045
v -252.44432067871094 196.64320373535156 -1593.2840995788574
v -308.5149841308594 117.92764282226562 -1539.751033782959
v -252.44432067871094 196.64320373535156 -1593.2840995788574
v -313.0458984375 114.24237823486328 -1586.0665493011475
v -308.5149841308594 117.92764282226562 -1539.751033782959
v -302.7698059082031 113.67208862304688 -1539.9744567871094
v -242.16824340820312 196.07290649414062 -1547.191993713379
v -308.5149841308594 117.92764282226562 -1539.751033782959
v -242.16824340820312 196.07290649414062 -1547.191993713379
v -247.9134063720703 200.3284454345703 -1546.968547821045
v -381.0870056152344 7.325875759124756 -1524.315170288086
v -386.8322448730469 11.581439018249512 -1524.0917510986328
v -391.363037109375 7.896173000335693 -1570.4072408676147
v -381.0870056152344 7.325875759124756 -1524.315170288086
v -391.363037109375 7.896173000335693 -1570.4072408676147
v -385.617919921875 3.640604019165039 -1570.6306867599487
v -313.0458984375 114.24237823486328 -1586.0665493011475
v -391.363037109375 7.896173000335693 -1570.4072408676147
v -386.8322448730469 11.581439018249512 -1524.0917510986328
v -313.0458984375 114.24237823486328 -1586.0665493011475
v -386.8322448730469 11.581439018249512 -1524.0917510986328
v -308.5149841308594 117.92764282226562 -1539.751033782959
v -308.5149841308594 117.92764282226562 -1539.751033782959
v -386.8322448730469 11.581439018249512 -1524.0917510986328
v -381.0870056152344 7.325875759124756 -1524.315170288086
v -308.5149841308594 117.92764282226562 -1539.751033782959
v -381.0870056152344 7.325875759124756 -1524.315170288086
v -302.7698059082031 113.67208862304688 -1539.9744567871094
v -246.6991424560547 192.38763427734375 -1593.5074977874756
v -252.44432067871094 196.64320373535156 -1593.2840995788574
v -247.9134063720703 200.3284454345703 -1546.968547821045
v -246.6991424560547 192.38763427734375 -1593.5074977874756
v -247.9134063720703 200.3284454345703 -1546.968547821045
v -242.16824340820312 196.07290649414062 -1547.191993713379
v -341.1384582519531 65.66361999511719 -1371.500961303711
v -225.7673797607422 221.89407348632812 -1388.2656860351562
v -230.29832458496094 218.2087860107422 -1434.5812072753906
v -341.1384582519531 65.66361999511719 -1371.500961303711
v -230.29832458496094 218.2087860107422 -1434.5812072753906
v -345.66937255859375 61.97837448120117 -1417.8164367675781
v -345.66937255859375 61.97837448120117 -1417.8164367675781
v -383.6073913574219 9.878778457641602 -1408.738540649414
v -379.07647705078125 13.564067840576172 -1362.4230346679688
v -345.66937255859375 61.97837448120117 -1417.8164367675781
v -379.07647705078125 13.564067840576172 -1362.4230346679688
v -341.1384582519531 65.66361999511719 -1371.500961303711
v -377.8622741699219 5.623233318328857 -1408.9619598388672
v -383.6073913574219 9.878778457641602 -1408.738540649414
v -345.66937255859375 61.97837448120117 -1417.8164367675781
v -377.8622741699219 5.623233318328857 -1408.9619598388672
v -345.66937255859375 61.97837448120117 -1417.8164367675781
v -339.92413330078125 57.72282409667969 -1418.0398559570312
v -313.0458984375 114.24237823486328 -1586.0665493011475
v -252.44432067871094 196.64320373535156 -1593.2840995788574
v -246.6991424560547 192.38763427734375 -1593.5074977874756
v -313.0458984375 114.24237823486328 -1586.0665493011475
v -246.6991424560547 192.38763427734375 -1593.5074977874756
v -307.3007507324219 109.98681640625 -1586.2899713516235
v -224.55320739746094 213.95321655273438 -1434.8046417236328
v -230.29832458496094 218.2087860107422 -1434.5812072753906
v -225.7673797607422 221.89407348632812 -1388.2656860351562
v -224.55320739746094 213.95321655273438 -1434.8046417236328
v -225.7673797607422 221.89407348632812 -1388.2656860351562
v -220.02220153808594 217.63853454589844 -1388.4891204833984
v -230.29832458496094 218.2087860107422 -1434.5812072753906
v -224.55320739746094 213.95321655273438 -1434.8046417236328
v -339.92413330078125 57.72282409667969 -1418.0398559570312
v -230.29832458496094 218.2087860107422 -1434.5812072753906
v -339.92413330078125 57.72282409667969 -1418.0398559570312
v -345.66937255859375 61.97837448120117 -1417.8164367675781
v -373.3312683105469 9.308517456054688 -1362.6464538574219
v -379.07647705078125 13.564067840576172 -1362.4230346679688
v -383.6073913574219 9.878778457641602 -1408.738540649414
v -373.3312683105469 9.308517456054688 -1362.6464538574219
v -383.6073913574219 9.878778457641602 -1408.738540649414
v -377.8622741699219 5.623233318328857 -1408.9619598388672
v -335.39324951171875 61.40807342529297 -1371.724380493164
v -341.1384582519531 65.66361999511719 -1371.500961303711
v -379.07647705078125 13.564067840576172 -1362.4230346679688
v -335.39324951171875 61.40807342529297 -1371.724380493164
v -379.07647705078125 13.564067840576172 -1362.4230346679688
v -373.3312683105469 9.308517456054688 -1362.6464538574219
v -75.99034118652344 0.5455255508422852 -1186.9395751953125
v -75.99034118652344 7.104158401489258 -1186.9395751953125
v -234.33824157714844 6.9808244705200195 -1189.9076538085938
v -75.99034118652344 0.5455255508422852 -1186.9395751953125
v -234.33824157714844 6.9808244705200195 -1189.9076538085938
v -242.71774291992188 0.4221916198730469 -1189.9076538085938
v -75.99034118652344 0.5455255508422852 -1186.9395751953125
v 54.440486907958984 0.4221677780151367 -1195.5943298339844
v 44.42170715332031 6.980800628662109 -1195.5943298339844
v -75.99034118652344 0.5455255508422852 -1186.9395751953125
v 44.42170715332031 6.980800628662109 -1195.5943298339844
v -75.99034118652344 7.104158401489258 -1186.9395751953125
v -75.99034118652344 0.5455374717712402 -1233.6218872070312
v 55.12708282470703 0.4221677780151367 -1242.2766418457031
v 54.440486907958984 0.4221677780151367 -1195.5943298339844
v -75.99034118652344 0.5455374717712402 -1233.6218872070312
v 54.440486907958984 0.4221677780151367 -1195.5943298339844
v -75.99034118652344 0.5455255508422852 -1186.9395751953125
v -75.99034118652344 0.5455374717712402 -1233.6218872070312
v -75.99034118652344 7.104170322418213 -1233.6218872070312
v 47.090660095214844 6.980800628662109 -1242.2766418457031
v -75.99034118652344 0.5455374717712402 -1233.6218872070312
v 47.090660095214844 6.980800628662109 -1242.2766418457031
v 55.12708282470703 0.4221677780151367 -1242.2766418457031
v -221.54940795898438 0.36330223083496094 -1539.1534271240234
v -212.78094482421875 6.921935081481934 -1539.1534271240234
v -212.78094482421875 164.2753143310547 -1539.1534271240234
v -221.54940795898438 0.36330223083496094 -1539.1534271240234
v -212.78094482421875 164.2753143310547 -1539.1534271240234
v -221.54940795898438 164.2753143310547 -1539.1534271240234
v -75.99034118652344 0.5455255508422852 -1186.9395751953125
v -242.71774291992188 0.4221916198730469 -1189.9076538085938
v -243.3773956298828 0.4221916198730469 -1236.5899658203125
v -75.99034118652344 0.5455255508422852 -1186.9395751953125
v -243.3773956298828 0.4221916198730469 -1236.5899658203125
v -75.99034118652344 0.5455374717712402 -1233.6218872070312
v -75.99034118652344 0.5455374717712402 -1233.6218872070312
v -243.3773956298828 0.4221916198730469 -1236.5899658203125
v -234.60897827148438 6.9808244705200195 -1236.5899658203125
v -75.99034118652344 0.5455374717712402 -1233.6218872070312
v -234.60897827148438 6.9808244705200195 -1236.5899658203125
v -75.99034118652344 7.104170322418213 -1233.6218872070312
v -243.3773956298828 0.4221916198730469 -1236.5899658203125
v -242.71774291992188 0.4221916198730469 -1189.9076538085938
v -242.71774291992188 163.86537170410156 -1189.9076538085938
v -243.3773956298828 0.4221916198730469 -1236.5899658203125
v -242.71774291992188 163.86537170410156 -1189.9076538085938
v -243.3773956298828 163.86538696289062 -1236.5899658203125
v -110.58811950683594 0.41954517364501953 -1586.3773279190063
v -110.58811950683594 6.978189945220947 -1586.3773279190063
v 18.80704116821289 6.921958923339844 -1580.1490240097046
v -110.58811950683594 0.41954517364501953 -1586.3773279190063
v 18.80704116821289 6.921958923339844 -1580.1490240097046
v 26.174318313598633 0.3633260726928711 -1580.1490240097046
v -110.58811950683594 0.41954517364501953 -1586.3773279190063
v 26.174318313598633 0.3633260726928711 -1580.1490240097046
v 29.989946365356445 0.3633260726928711 -1533.4667129516602
v -110.58811950683594 0.41954517364501953 -1586.3773279190063
v 29.989946365356445 0.3633260726928711 -1533.4667129516602
v -110.58811950683594 0.41954517364501953 -1539.6950416564941
v -110.58811950683594 0.41954517364501953 -1539.6950416564941
v -221.54940795898438 0.36330223083496094 -1539.1534271240234
v -215.36654663085938 0.36330223083496094 -1585.8356885910034
v -110.58811950683594 0.41954517364501953 -1539.6950416564941
v -215.36654663085938 0.36330223083496094 -1585.8356885910034
v -110.58811950683594 0.41954517364501953 -1586.3773279190063
v 41.03068161010742 0.36330223083496094 -1372.1588745117188
v 37.21498107910156 0.36330223083496094 -1418.8412017822266
v 39.17066955566406 162.48439025878906 -1418.8412017822266
v 41.03068161010742 0.36330223083496094 -1372.1588745117188
v 39.17066955566406 162.48439025878906 -1418.8412017822266
v 42.98637008666992 162.48439025878906 -1372.1588745117188
v -212.78094482421875 6.921935081481934 -1539.1534271240234
v -221.54940795898438 0.36330223083496094 -1539.1534271240234
v -110.58811950683594 0.41954517364501953 -1539.6950416564941
v -212.78094482421875 6.921935081481934 -1539.1534271240234
v -110.58811950683594 0.41954517364501953 -1539.6950416564941
v -110.58811950683594 6.978189945220947 -1539.6950416564941
v -110.58811950683594 6.978189945220947 -1539.6950416564941
v -110.58811950683594 0.41954517364501953 -1539.6950416564941
v 29.989946365356445 0.3633260726928711 -1533.4667129516602
v -110.58811950683594 6.978189945220947 -1539.6950416564941
v 29.989946365356445 0.3633260726928711 -1533.4667129516602
v 22.622716903686523 6.921958923339844 -1533.4667129516602
v -113.16485595703125 6.798577308654785 -1372.6194610595703
v -226.22222900390625 6.921958923339844 -1377.8456420898438
v -234.9906463623047 0.3633260726928711 -1377.8456420898438
v -113.16485595703125 6.798577308654785 -1372.6194610595703
v -234.9906463623047 0.3633260726928711 -1377.8456420898438
v -113.16485595703125 0.23995637893676758 -1372.6194610595703
v -113.16481018066406 0.23995637893676758 -1419.3017578125
v -113.16485595703125 0.23995637893676758 -1372.6194610595703
v -234.9906463623047 0.3633260726928711 -1377.8456420898438
v -113.16481018066406 0.23995637893676758 -1419.3017578125
v -234.9906463623047 0.3633260726928711 -1377.8456420898438
v -228.8077850341797 0.3633260726928711 -1424.5279388427734
v -113.16485595703125 6.798577308654785 -1372.6194610595703
v -113.16485595703125 0.23995637893676758 -1372.6194610595703
v 41.03068161010742 0.36330223083496094 -1372.1588745117188
v -113.16485595703125 6.798577308654785 -1372.6194610595703
v 41.03068161010742 0.36330223083496094 -1372.1588745117188
v 33.6634521484375 6.921935081481934 -1372.1589050292969
v -110.58811950683594 6.978189945220947 -1586.3773279190063
v -110.58811950683594 0.41954517364501953 -1586.3773279190063
v -215.36654663085938 0.36330223083496094 -1585.8356885910034
v -110.58811950683594 6.978189945220947 -1586.3773279190063
v -215.36654663085938 0.36330223083496094 -1585.8356885910034
v -206.59814453125 6.921935081481934 -1585.8356885910034
v -113.16481018066406 6.798577308654785 -1419.3017578125
v -113.16481018066406 0.23995637893676758 -1419.3017578125
v -228.8077850341797 0.3633260726928711 -1424.5279388427734
v -113.16481018066406 6.798577308654785 -1419.3017578125
v -228.8077850341797 0.3633260726928711 -1424.5279388427734
v -220.03936767578125 6.921958923339844 -1424.5279388427734
v -113.16481018066406 0.23995637893676758 -1419.3017578125
v 37.21498107910156 0.36330223083496094 -1418.8412017822266
v 41.03068161010742 0.36330223083496094 -1372.1588745117188
v -113.16481018066406 0.23995637893676758 -1419.3017578125
v 41.03068161010742 0.36330223083496094 -1372.1588745117188
v -113.16485595703125 0.23995637893676758 -1372.6194610595703
v -113.16481018066406 6.798577308654785 -1419.3017578125
v 29.847753524780273 6.921935081481934 -1418.8412017822266
v 37.21498107910156 0.36330223083496094 -1418.8412017822266
v -113.16481018066406 6.798577308654785 -1419.3017578125
v 37.21498107910156 0.36330223083496094 -1418.8412017822266
v -113.16481018066406 0.23995637893676758 -1419.3017578125
v 22.622716903686523 6.921958923339844 -1533.4667129516602
v 29.989946365356445 0.3633260726928711 -1533.4667129516602
v 28.27724266052246 162.24929809570312 -1533.4667129516602
v 22.622716903686523 6.921958923339844 -1533.4667129516602
v 28.27724266052246 162.24929809570312 -1533.4667129516602
v 20.91001319885254 162.24929809570312 -1533.4667129516602
v -206.59814453125 6.921935081481934 -1585.8356885910034
v -215.36654663085938 0.36330223083496094 -1585.8356885910034
v -215.36654663085938 164.2753143310547 -1585.8356885910034
v -206.59814453125 6.921935081481934 -1585.8356885910034
v -215.36654663085938 164.2753143310547 -1585.8356885910034
v -206.59814453125 164.2753143310547 -1585.8356885910034
v -234.60897827148438 6.9808244705200195 -1236.5899658203125
v -243.3773956298828 0.4221916198730469 -1236.5899658203125
v -243.3773956298828 163.86538696289062 -1236.5899658203125
v -234.60897827148438 6.9808244705200195 -1236.5899658203125
v -243.3773956298828 163.86538696289062 -1236.5899658203125
v -234.60897827148438 163.86538696289062 -1236.5899658203125
v -212.78094482421875 164.2753143310547 -1539.1534271240234
v -206.59814453125 164.2753143310547 -1585.8356885910034
v -215.36654663085938 164.2753143310547 -1585.8356885910034
v -212.78094482421875 164.2753143310547 -1539.1534271240234
v -215.36654663085938 164.2753143310547 -1585.8356885910034
v -221.54940795898438 164.2753143310547 -1539.1534271240234
v 31.80344009399414 162.48439025878906 -1418.8412017822266
v 35.619140625 162.48439025878906 -1372.1589050292969
v 42.98637008666992 162.48439025878906 -1372.1588745117188
v 31.80344009399414 162.48439025878906 -1418.8412017822266
v 42.98637008666992 162.48439025878906 -1372.1588745117188
v 39.17066955566406 162.48439025878906 -1418.8412017822266
v -226.22222900390625 165.2278594970703 -1377.8456420898438
v -220.03936767578125 165.2278594970703 -1424.5279388427734
v -228.8077850341797 165.2278594970703 -1424.5279388427734
v -226.22222900390625 165.2278594970703 -1377.8456420898438
v -228.8077850341797 165.2278594970703 -1424.5279388427734
v -234.9906463623047 165.2278594970703 -1377.8456420898438
v 17.094337463378906 162.24929809570312 -1580.1490240097046
v 20.91001319885254 162.24929809570312 -1533.4667129516602
v 28.27724266052246 162.24929809570312 -1533.4667129516602
v 17.094337463378906 162.24929809570312 -1580.1490240097046
v 28.27724266052246 162.24929809570312 -1533.4667129516602
v 24.46161460876465 162.24929809570312 -1580.1490240097046
v 49.046348571777344 163.37033081054688 -1242.2766418457031
v 46.37739562988281 163.37033081054688 -1195.5943298339844
v 56.396175384521484 163.37033081054688 -1195.5943298339844
v 49.046348571777344 163.37033081054688 -1242.2766418457031
v 56.396175384521484 163.37033081054688 -1195.5943298339844
v 57.08277130126953 163.37033081054688 -1242.2766418457031
v -234.33824157714844 163.86537170410156 -1189.9076538085938
v -234.60897827148438 163.86538696289062 -1236.5899658203125
v -243.3773956298828 163.86538696289062 -1236.5899658203125
v -234.33824157714844 163.86537170410156 -1189.9076538085938
v -243.3773956298828 163.86538696289062 -1236.5899658203125
v -242.71774291992188 163.86537170410156 -1189.9076538085938
v -228.8077850341797 0.3633260726928711 -1424.5279388427734
v -234.9906463623047 0.3633260726928711 -1377.8456420898438
v -234.9906463623047 165.2278594970703 -1377.8456420898438
v -228.8077850341797 0.3633260726928711 -1424.5279388427734
v -234.9906463623047 165.2278594970703 -1377.8456420898438
v -228.8077850341797 165.2278594970703 -1424.5279388427734
v 26.174318313598633 0.3633260726928711 -1580.1490240097046
v 18.80704116821289 6.921958923339844 -1580.1490240097046
v 17.094337463378906 162.24929809570312 -1580.1490240097046
v 26.174318313598633 0.3633260726928711 -1580.1490240097046
v 17.094337463378906 162.24929809570312 -1580.1490240097046
v 24.46161460876465 162.24929809570312 -1580.1490240097046
v 29.989946365356445 0.3633260726928711 -1533.4667129516602
v 26.174318313598633 0.3633260726928711 -1580.1490240097046
v 24.46161460876465 162.24929809570312 -1580.1490240097046
v 29.989946365356445 0.3633260726928711 -1533.4667129516602
v 24.46161460876465 162.24929809570312 -1580.1490240097046
v 28.27724266052246 162.24929809570312 -1533.4667129516602
v 55.12708282470703 0.4221677780151367 -1242.2766418457031
v 47.090660095214844 6.980800628662109 -1242.2766418457031
v 49.046348571777344 163.37033081054688 -1242.2766418457031
v 55.12708282470703 0.4221677780151367 -1242.2766418457031
v 49.046348571777344 163.37033081054688 -1242.2766418457031
v 57.08277130126953 163.37033081054688 -1242.2766418457031
v -242.71774291992188 0.4221916198730469 -1189.9076538085938
v -234.33824157714844 6.9808244705200195 -1189.9076538085938
v -234.33824157714844 163.86537170410156 -1189.9076538085938
v -242.71774291992188 0.4221916198730469 -1189.9076538085938
v -234.33824157714844 163.86537170410156 -1189.9076538085938
v -242.71774291992188 163.86537170410156 -1189.9076538085938
v 54.440486907958984 0.4221677780151367 -1195.5943298339844
v 55.12708282470703 0.4221677780151367 -1242.2766418457031
v 57.08277130126953 163.37033081054688 -1242.2766418457031
v 54.440486907958984 0.4221677780151367 -1195.5943298339844
v 57.08277130126953 163.37033081054688 -1242.2766418457031
v 56.396175384521484 163.37033081054688 -1195.5943298339844
v 44.42170715332031 6.980800628662109 -1195.5943298339844
v 54.440486907958984 0.4221677780151367 -1195.5943298339844
v 56.396175384521484 163.37033081054688 -1195.5943298339844
v 44.42170715332031 6.980800628662109 -1195.5943298339844
v 56.396175384521484 163.37033081054688 -1195.5943298339844
v 46.37739562988281 163.37033081054688 -1195.5943298339844
v -220.03936767578125 6.921958923339844 -1424.5279388427734
v -228.8077850341797 0.3633260726928711 -1424.5279388427734
v -228.8077850341797 165.2278594970703 -1424.5279388427734
v -220.03936767578125 6.921958923339844 -1424.5279388427734
v -228.8077850341797 165.2278594970703 -1424.5279388427734
v -220.03936767578125 165.2278594970703 -1424.5279388427734
v 33.6634521484375 6.921935081481934 -1372.1589050292969
v 41.03068161010742 0.36330223083496094 -1372.1588745117188
v 42.98637008666992 162.48439025878906 -1372.1588745117188
v 33.6634521484375 6.921935081481934 -1372.1589050292969
v 42.98637008666992 162.48439025878906 -1372.1588745117188
v 35.619140625 162.48439025878906 -1372.1589050292969
v -215.36654663085938 0.36330223083496094 -1585.8356885910034
v -221.54940795898438 0.36330223083496094 -1539.1534271240234
v -221.54940795898438 164.2753143310547 -1539.1534271240234
v -215.36654663085938 0.36330223083496094 -1585.8356885910034
v -221.54940795898438 164.2753143310547 -1539.1534271240234
v -215.36654663085938 164.2753143310547 -1585.8356885910034
v -234.9906463623047 0.3633260726928711 -1377.8456420898438
v -226.22222900390625 6.921958923339844 -1377.8456420898438
v -226.22222900390625 165.2278594970703 -1377.8456420898438
v -234.9906463623047 0.3633260726928711 -1377.8456420898438
v -226.22222900390625 165.2278594970703 -1377.8456420898438
v -234.9906463623047 165.2278594970703 -1377.8456420898438
v 37.21498107910156 0.36330223083496094 -1418.8412017822266
v 29.847753524780273 6.921935081481934 -1418.8412017822266
v 31.80344009399414 162.48439025878906 -1418.8412017822266
v 37.21498107910156 0.36330223083496094 -1418.8412017822266
v 31.80344009399414 162.48439025878906 -1418.8412017822266
v 39.17066955566406 162.48439025878906 -1418.8412017822266
v -357.8773498535156 5.674505233764648 -1196.4949340820312
v -366.7208557128906 10.263240814208984 -1195.2372131347656
v -386.4549560546875 9.557533264160156 -1689.239402770996
v -357.8773498535156 5.674505233764648 -1196.4949340820312
v -386.4549560546875 9.557533264160156 -1689.239402770996
v -377.768310546875 4.6666741371154785 -1688.775749206543
v -289.17144775390625 113.82689666748047 -1189.2237548828125
v -294.91668701171875 118.08244323730469 -1189.0003051757812
v -369.4463806152344 16.78151512145996 -1174.1947937011719
v -289.17144775390625 113.82689666748047 -1189.2237548828125
v -369.4463806152344 16.78151512145996 -1174.1947937011719
v -363.70135498046875 12.525945663452148 -1174.418212890625
v 197.65577697753906 19.391494750976562 -1977.5559997558594
v -4.724252223968506 22.624475479125977 -2054.044677734375
v -4.724252223968506 177.36965942382812 -2047.5040588378906
v 197.65577697753906 19.391494750976562 -1977.5559997558594
v -4.724252223968506 177.36965942382812 -2047.5040588378906
v 197.65577697753906 174.1366729736328 -1971.015380859375
v -4.724252223968506 177.36965942382812 -2047.5040588378906
v -34.9482307434082 164.96180725097656 -1753.949234008789
v 178.7790985107422 166.3871612548828 -1787.6725769042969
v -4.724252223968506 177.36965942382812 -2047.5040588378906
v 178.7790985107422 166.3871612548828 -1787.6725769042969
v 197.65577697753906 174.1366729736328 -1971.015380859375
v -519.57763671875 14.346254348754883 -1858.1902160644531
v -34.9482307434082 10.216712951660156 -1760.4899139404297
v -34.9482307434082 164.96180725097656 -1753.949234008789
v -519.57763671875 14.346254348754883 -1858.1902160644531
v -34.9482307434082 164.96180725097656 -1753.949234008789
v -519.57763671875 169.0913543701172 -1851.6495971679688
v -499.1122741699219 22.747833251953125 -2056.9629516601562
v -470.8919982910156 19.134807586669922 -2036.4293212890625
v -487.740478515625 12.218040466308594 -1872.7857666015625
v -499.1122741699219 22.747833251953125 -2056.9629516601562
v -487.740478515625 12.218040466308594 -1872.7857666015625
v -519.57763671875 14.346254348754883 -1858.1902160644531
v 151.0714569091797 9.714323043823242 -1813.5506286621094
v 166.61207580566406 16.094165802001953 -1964.4911499023438
v 197.65577697753906 19.391494750976562 -1977.5559997558594
v 151.0714569091797 9.714323043823242 -1813.5506286621094
v 197.65577697753906 19.391494750976562 -1977.5559997558594
v 178.7790985107422 11.64209270477295 -1794.2132110595703
v -519.57763671875 14.346254348754883 -1858.1902160644531
v -487.740478515625 12.218040466308594 -1872.7857666015625
v -43.93532180786133 8.623600006103516 -1787.7452545166016
v -519.57763671875 14.346254348754883 -1858.1902160644531
v -43.93532180786133 8.623600006103516 -1787.7452545166016
v -34.9482307434082 10.216712951660156 -1760.4899139404297
v -4.724252223968506 22.624475479125977 -2054.044677734375
v -19.0528507232666 18.838531494140625 -2029.4199523925781
v -470.8919982910156 19.134807586669922 -2036.4293212890625
v -4.724252223968506 22.624475479125977 -2054.044677734375
v -470.8919982910156 19.134807586669922 -2036.4293212890625
v -499.1122741699219 22.747833251953125 -2056.9629516601562
v -499.1122741699219 177.4929656982422 -2050.4222412109375
v -4.724252223968506 177.36965942382812 -2047.5040588378906
v -4.724252223968506 22.624475479125977 -2054.044677734375
v -499.1122741699219 177.4929656982422 -2050.4222412109375
v -4.724252223968506 22.624475479125977 -2054.044677734375
v -499.1122741699219 22.747833251953125 -2056.9629516601562
v -19.0528507232666 165.14535522460938 -2023.2359924316406
v -19.0528507232666 18.838531494140625 -2029.4199523925781
v 166.61207580566406 16.094165802001953 -1964.4911499023438
v -19.0528507232666 165.14535522460938 -2023.2359924316406
v 166.61207580566406 16.094165802001953 -1964.4911499023438
v 166.61207580566406 162.40097045898438 -1958.30712890625
v 151.0714569091797 156.02113342285156 -1807.3666687011719
v -43.93532180786133 154.93043518066406 -1781.561294555664
v -19.0528507232666 165.14535522460938 -2023.2359924316406
v 151.0714569091797 156.02113342285156 -1807.3666687011719
v -19.0528507232666 165.14535522460938 -2023.2359924316406
v 166.61207580566406 162.40097045898438 -1958.30712890625
v -487.740478515625 158.5248565673828 -1866.601806640625
v -487.740478515625 12.218040466308594 -1872.7857666015625
v -470.8919982910156 19.134807586669922 -2036.4293212890625
v -487.740478515625 158.5248565673828 -1866.601806640625
v -470.8919982910156 19.134807586669922 -2036.4293212890625
v -470.8919982910156 165.44163513183594 -2030.245361328125
v 166.61207580566406 162.40097045898438 -1958.30712890625
v 166.61207580566406 16.094165802001953 -1964.4911499023438
v 151.0714569091797 9.714323043823242 -1813.5506286621094
v 166.61207580566406 162.40097045898438 -1958.30712890625
v 151.0714569091797 9.714323043823242 -1813.5506286621094
v 151.0714569091797 156.02113342285156 -1807.3666687011719
v -519.57763671875 14.346254348754883 -1858.1902160644531
v -519.57763671875 169.0913543701172 -1851.6495971679688
v -499.1122741699219 177.4929656982422 -2050.4222412109375
v -519.57763671875 14.346254348754883 -1858.1902160644531
v -499.1122741699219 177.4929656982422 -2050.4222412109375
v -499.1122741699219 22.747833251953125 -2056.9629516601562
v -43.93532180786133 154.93043518066406 -1781.561294555664
v -43.93532180786133 8.623600006103516 -1787.7452545166016
v -487.740478515625 12.218040466308594 -1872.7857666015625
v -43.93532180786133 154.93043518066406 -1781.561294555664
v -487.740478515625 12.218040466308594 -1872.7857666015625
v -487.740478515625 158.5248565673828 -1866.601806640625
v -470.8919982910156 165.44163513183594 -2030.245361328125
v -19.0528507232666 165.14535522460938 -2023.2359924316406
v -43.93532180786133 154.93043518066406 -1781.561294555664
v -470.8919982910156 165.44163513183594 -2030.245361328125
v -43.93532180786133 154.93043518066406 -1781.561294555664
v -487.740478515625 158.5248565673828 -1866.601806640625
v -470.8919982910156 165.44163513183594 -2030.245361328125
v -470.8919982910156 19.134807586669922 -2036.4293212890625
v -19.0528507232666 18.838531494140625 -2029.4199523925781
v -470.8919982910156 165.44163513183594 -2030.245361328125
v -19.0528507232666 18.838531494140625 -2029.4199523925781
v -19.0528507232666 165.14535522460938 -2023.2359924316406
v 151.0714569091797 156.02113342285156 -1807.3666687011719
v 151.0714569091797 9.714323043823242 -1813.5506286621094
v -43.93532180786133 8.623600006103516 -1787.7452545166016
v 151.0714569091797 156.02113342285156 -1807.3666687011719
v -43.93532180786133 8.623600006103516 -1787.7452545166016
v -43.93532180786133 154.93043518066406 -1781.561294555664
v 178.7790985107422 11.64209270477295 -1794.2132110595703
v 178.7790985107422 166.3871612548828 -1787.6725769042969
v -34.9482307434082 164.96180725097656 -1753.949234008789
v 178.7790985107422 11.64209270477295 -1794.2132110595703
v -34.9482307434082 164.96180725097656 -1753.949234008789
v -34.9482307434082 10.216712951660156 -1760.4899139404297
v -519.57763671875 169.0913543701172 -1851.6495971679688
v -34.9482307434082 164.96180725097656 -1753.949234008789
v -4.724252223968506 177.36965942382812 -2047.5040588378906
v -519.57763671875 169.0913543701172 -1851.6495971679688
v -4.724252223968506 177.36965942382812 -2047.5040588378906
v -499.1122741699219 177.4929656982422 -2050.4222412109375
v 197.65577697753906 19.391494750976562 -1977.5559997558594
v 197.65577697753906 174.1366729736328 -1971.015380859375
v 178.7790985107422 166.3871612548828 -1787.6725769042969
v 197.65577697753906 19.391494750976562 -1977.5559997558594
v 178.7790985107422 166.3871612548828 -1787.6725769042969
v 178.7790985107422 11.64209270477295 -1794.2132110595703
v 178.7790985107422 11.64209270477295 -1794.2132110595703
v -34.9482307434082 10.216712951660156 -1760.4899139404297
v -43.93532180786133 8.623600006103516 -1787.7452545166016
v 178.7790985107422 11.64209270477295 -1794.2132110595703
v -43.93532180786133 8.623600006103516 -1787.7452545166016
v 151.0714569091797 9.714323043823242 -1813.5506286621094
v 197.65577697753906 19.391494750976562 -1977.5559997558594
v 166.61207580566406 16.094165802001953 -1964.4911499023438
v -19.0528507232666 18.838531494140625 -2029.4199523925781
v 197.65577697753906 19.391494750976562 -1977.5559997558594
v -19.0528507232666 18.838531494140625 -2029.4199523925781
v -4.724252223968506 22.624475479125977 -2054.044677734375
v 2.2720813751220703 178.4702606201172 -1879.8490600585938
v 2.2720813751220703 171.91748046875 -1880.1260681152344
v 15.522872924804688 178.70541381835938 -2037.8004760742188
v 2.2720813751220703 178.4702606201172 -1879.8490600585938
v 15.522872924804688 178.70541381835938 -2037.8004760742188
v 16.380321502685547 185.61019897460938 -2045.8515930175781
v 2.2720813751220703 178.4702606201172 -1879.8490600585938
v -19.683706283569336 173.1518096923828 -1751.0982666015625
v -18.658531188964844 167.0198974609375 -1761.332534790039
v 2.2720813751220703 178.4702606201172 -1879.8490600585938
v -18.658531188964844 167.0198974609375 -1761.332534790039
v 2.2720813751220703 171.91748046875 -1880.1260681152344
v -44.16511154174805 178.6719970703125 -1884.6216735839844
v -66.19127655029297 173.3246612548828 -1755.1884307861328
v -19.683706283569336 173.1518096923828 -1751.0982666015625
v -44.16511154174805 178.6719970703125 -1884.6216735839844
v -19.683706283569336 173.1518096923828 -1751.0982666015625
v 2.2720813751220703 178.4702606201172 -1879.8490600585938
v -44.16511154174805 178.6719970703125 -1884.6216735839844
v -44.16511154174805 172.11920166015625 -1884.8986206054688
v -65.36896514892578 167.1094970703125 -1763.4525451660156
v -44.16511154174805 178.6719970703125 -1884.6216735839844
v -65.36896514892578 167.1094970703125 -1763.4525451660156
v -66.19127655029297 173.3246612548828 -1755.1884307861328
v -333.1982727050781 186.2889862060547 -2060.515899658203
v -334.0954895019531 179.36785888671875 -2052.0783081054688
v -334.0954895019531 24.973344802856445 -2058.6041564941406
v -333.1982727050781 186.2889862060547 -2060.515899658203
v -334.0954895019531 24.973344802856445 -2058.6041564941406
v -333.1982727050781 25.341684341430664 -2067.3186950683594
v 2.2720813751220703 178.4702606201172 -1879.8490600585938
v 16.380321502685547 185.61019897460938 -2045.8515930175781
v -29.989505767822266 185.83961486816406 -2051.27978515625
v 2.2720813751220703 178.4702606201172 -1879.8490600585938
v -29.989505767822266 185.83961486816406 -2051.27978515625
v -44.16511154174805 178.6719970703125 -1884.6216735839844
v -44.16511154174805 178.6719970703125 -1884.6216735839844
v -29.989505767822266 185.83961486816406 -2051.27978515625
v -30.886722564697266 178.91848754882812 -2042.8420715332031
v -44.16511154174805 178.6719970703125 -1884.6216735839844
v -30.886722564697266 178.91848754882812 -2042.8420715332031
v -44.16511154174805 172.11920166015625 -1884.8986206054688
v -29.989505767822266 185.83961486816406 -2051.27978515625
v 16.380321502685547 185.61019897460938 -2045.8515930175781
v 16.764080047607422 24.188310623168945 -2056.4082641601562
v -29.989505767822266 185.83961486816406 -2051.27978515625
v 16.764080047607422 24.188310623168945 -2056.4082641601562
v -29.60573387145996 24.41774559020996 -2061.8364868164062
v -391.5285949707031 181.7755889892578 -1955.0658264160156
v -391.5285949707031 175.22280883789062 -1955.3428344726562
v -398.5735778808594 169.8164520263672 -1826.1026611328125
v -391.5285949707031 181.7755889892578 -1955.0658264160156
v -398.5735778808594 169.8164520263672 -1826.1026611328125
v -399.32745361328125 176.05975341796875 -1818.5036315917969
v -391.5285949707031 181.7755889892578 -1955.0658264160156
v -399.32745361328125 176.05975341796875 -1818.5036315917969
v -353.2806396484375 175.69773864746094 -1809.9387817382812
v -391.5285949707031 181.7755889892578 -1955.0658264160156
v -353.2806396484375 175.69773864746094 -1809.9387817382812
v -345.0914306640625 181.57386779785156 -1950.2933654785156
v -345.0914306640625 181.57386779785156 -1950.2933654785156
v -333.1982727050781 186.2889862060547 -2060.515899658203
v -380.2681884765625 186.23098754882812 -2059.1436462402344
v -345.0914306640625 181.57386779785156 -1950.2933654785156
v -380.2681884765625 186.23098754882812 -2059.1436462402344
v -391.5285949707031 181.7755889892578 -1955.0658264160156
v -193.94931030273438 174.5369110107422 -1782.4744415283203
v -239.99609375 174.89894104003906 -1791.0393371582031
v -240.40579223632812 13.89218521118164 -1793.8587341308594
v -193.94931030273438 174.5369110107422 -1782.4744415283203
v -240.40579223632812 13.89218521118164 -1793.8587341308594
v -194.3589630126953 13.530170440673828 -1785.2938842773438
v -334.0954895019531 179.36785888671875 -2052.0783081054688
v -333.1982727050781 186.2889862060547 -2060.515899658203
v -345.0914306640625 181.57386779785156 -1950.2933654785156
v -334.0954895019531 179.36785888671875 -2052.0783081054688
v -345.0914306640625 181.57386779785156 -1950.2933654785156
v -345.0914306640625 175.02108764648438 -1950.5703125
v -345.0914306640625 175.02108764648438 -1950.5703125
v -345.0914306640625 181.57386779785156 -1950.2933654785156
v -353.2806396484375 175.69773864746094 -1809.9387817382812
v -345.0914306640625 175.02108764648438 -1950.5703125
v -353.2806396484375 175.69773864746094 -1809.9387817382812
v -352.5267639160156 169.45443725585938 -1817.5377502441406
v -178.62916564941406 174.5867919921875 -1936.0425720214844
v -172.25909423828125 179.23541259765625 -2048.9456481933594
v -171.36183166503906 186.15652465820312 -2057.38330078125
v -178.62916564941406 174.5867919921875 -1936.0425720214844
v -171.36183166503906 186.15652465820312 -2057.38330078125
v -178.62916564941406 181.13955688476562 -1935.7655639648438
v -225.06642150878906 181.34130859375 -1940.5381774902344
v -178.62916564941406 181.13955688476562 -1935.7655639648438
v -171.36183166503906 186.15652465820312 -2057.38330078125
v -225.06642150878906 181.34130859375 -1940.5381774902344
v -171.36183166503906 186.15652465820312 -2057.38330078125
v -218.4318084716797 186.0985565185547 -2056.011016845703
v -178.62916564941406 174.5867919921875 -1936.0425720214844
v -178.62916564941406 181.13955688476562 -1935.7655639648438
v -193.94931030273438 174.5369110107422 -1782.4744415283203
v -178.62916564941406 174.5867919921875 -1936.0425720214844
v -193.94931030273438 174.5369110107422 -1782.4744415283203
v -193.1954345703125 168.29360961914062 -1790.0734558105469
v -391.5285949707031 175.22280883789062 -1955.3428344726562
v -391.5285949707031 181.7755889892578 -1955.0658264160156
v -380.2681884765625 186.23098754882812 -2059.1436462402344
v -391.5285949707031 175.22280883789062 -1955.3428344726562
v -380.2681884765625 186.23098754882812 -2059.1436462402344
v -381.16546630859375 179.3098602294922 -2050.7059631347656
v -225.06642150878906 174.78851318359375 -1940.815185546875
v -225.06642150878906 181.34130859375 -1940.5381774902344
v -218.4318084716797 186.0985565185547 -2056.011016845703
v -225.06642150878906 174.78851318359375 -1940.815185546875
v -218.4318084716797 186.0985565185547 -2056.011016845703
v -219.3290252685547 179.1774444580078 -2047.5733947753906
v -225.06642150878906 181.34130859375 -1940.5381774902344
v -239.99609375 174.89894104003906 -1791.0393371582031
v -193.94931030273438 174.5369110107422 -1782.4744415283203
v -225.06642150878906 181.34130859375 -1940.5381774902344
v -193.94931030273438 174.5369110107422 -1782.4744415283203
v -178.62916564941406 181.13955688476562 -1935.7655639648438
v -225.06642150878906 174.78851318359375 -1940.815185546875
v -239.24221801757812 168.6556396484375 -1798.6383056640625
v -239.99609375 174.89894104003906 -1791.0393371582031
v -225.06642150878906 174.78851318359375 -1940.815185546875
v -239.99609375 174.89894104003906 -1791.0393371582031
v -225.06642150878906 181.34130859375 -1940.5381774902344
v -352.5267639160156 169.45443725585938 -1817.5377502441406
v -353.2806396484375 175.69773864746094 -1809.9387817382812
v -353.2806396484375 13.61382007598877 -1816.7895965576172
v -352.5267639160156 169.45443725585938 -1817.5377502441406
v -353.2806396484375 13.61382007598877 -1816.7895965576172
v -352.5267639160156 13.923299789428711 -1824.1116180419922
v -381.16546630859375 179.3098602294922 -2050.7059631347656
v -380.2681884765625 186.23098754882812 -2059.1436462402344
v -380.2681884765625 25.283681869506836 -2065.9464416503906
v -381.16546630859375 179.3098602294922 -2050.7059631347656
v -380.2681884765625 25.283681869506836 -2065.9464416503906
v -381.16546630859375 24.91533660888672 -2057.2318115234375
v -30.886722564697266 178.91848754882812 -2042.8420715332031
v -29.989505767822266 185.83961486816406 -2051.27978515625
v -29.60573387145996 24.41774559020996 -2061.8364868164062
v -30.886722564697266 178.91848754882812 -2042.8420715332031
v -29.60573387145996 24.41774559020996 -2061.8364868164062
v -30.503009796142578 24.049400329589844 -2053.121856689453
v -334.0954895019531 24.973344802856445 -2058.6041564941406
v -381.16546630859375 24.91533660888672 -2057.2318115234375
v -380.2681884765625 25.283681869506836 -2065.9464416503906
v -334.0954895019531 24.973344802856445 -2058.6041564941406
v -380.2681884765625 25.283681869506836 -2065.9464416503906
v -333.1982727050781 25.341684341430664 -2067.3186950683594
v -239.65191650390625 14.20167064666748 -1801.1807556152344
v -193.60508728027344 13.839655876159668 -1792.6159057617188
v -194.3589630126953 13.530170440673828 -1785.2938842773438
v -239.65191650390625 14.20167064666748 -1801.1807556152344
v -194.3589630126953 13.530170440673828 -1785.2938842773438
v -240.40579223632812 13.89218521118164 -1793.8587341308594
v -172.25909423828125 23.887359619140625 -2055.5117797851562
v -219.3290252685547 23.82935905456543 -2054.1395263671875
v -218.4318084716797 24.197696685791016 -2062.8541564941406
v -172.25909423828125 23.887359619140625 -2055.5117797851562
v -218.4318084716797 24.197696685791016 -2062.8541564941406
v -171.36183166503906 24.255699157714844 -2064.2264099121094
v -398.5735778808594 14.28532600402832 -1832.676528930664
v -352.5267639160156 13.923299789428711 -1824.1116180419922
v -353.2806396484375 13.61382007598877 -1816.7895965576172
v -398.5735778808594 14.28532600402832 -1832.676528930664
v -353.2806396484375 13.61382007598877 -1816.7895965576172
v -399.32745361328125 13.975847244262695 -1825.3544921875
v -65.7785873413086 11.829191207885742 -1766.0299224853516
v -19.06816864013672 11.739569664001465 -1763.9098815917969
v -20.093368530273438 11.318707466125488 -1753.95263671875
v -65.7785873413086 11.829191207885742 -1766.0299224853516
v -20.093368530273438 11.318707466125488 -1753.95263671875
v -66.6009292602539 11.491602897644043 -1758.0428771972656
v 15.906608581542969 23.8363094329834 -2048.080322265625
v -30.503009796142578 24.049400329589844 -2053.121856689453
v -29.60573387145996 24.41774559020996 -2061.8364868164062
v 15.906608581542969 23.8363094329834 -2048.080322265625
v -29.60573387145996 24.41774559020996 -2061.8364868164062
v 16.764080047607422 24.188310623168945 -2056.4082641601562
v -218.4318084716797 186.0985565185547 -2056.011016845703
v -171.36183166503906 186.15652465820312 -2057.38330078125
v -171.36183166503906 24.255699157714844 -2064.2264099121094
v -218.4318084716797 186.0985565185547 -2056.011016845703
v -171.36183166503906 24.255699157714844 -2064.2264099121094
v -218.4318084716797 24.197696685791016 -2062.8541564941406
v -399.32745361328125 176.05975341796875 -1818.5036315917969
v -398.5735778808594 169.8164520263672 -1826.1026611328125
v -398.5735778808594 14.28532600402832 -1832.676528930664
v -399.32745361328125 176.05975341796875 -1818.5036315917969
v -398.5735778808594 14.28532600402832 -1832.676528930664
v -399.32745361328125 13.975847244262695 -1825.3544921875
v -353.2806396484375 175.69773864746094 -1809.9387817382812
v -399.32745361328125 176.05975341796875 -1818.5036315917969
v -399.32745361328125 13.975847244262695 -1825.3544921875
v -353.2806396484375 175.69773864746094 -1809.9387817382812
v -399.32745361328125 13.975847244262695 -1825.3544921875
v -353.2806396484375 13.61382007598877 -1816.7895965576172
v -66.19127655029297 173.3246612548828 -1755.1884307861328
v -65.36896514892578 167.1094970703125 -1763.4525451660156
v -65.7785873413086 11.829191207885742 -1766.0299224853516
v -66.19127655029297 173.3246612548828 -1755.1884307861328
v -65.7785873413086 11.829191207885742 -1766.0299224853516
v -66.6009292602539 11.491602897644043 -1758.0428771972656
v 16.380321502685547 185.61019897460938 -2045.8515930175781
v 15.522872924804688 178.70541381835938 -2037.8004760742188
v 15.906608581542969 23.8363094329834 -2048.080322265625
v 16.380321502685547 185.61019897460938 -2045.8515930175781
v 15.906608581542969 23.8363094329834 -2048.080322265625
v 16.764080047607422 24.188310623168945 -2056.4082641601562
v -19.683706283569336 173.1518096923828 -1751.0982666015625
v -66.19127655029297 173.3246612548828 -1755.1884307861328
v -66.6009292602539 11.491602897644043 -1758.0428771972656
v -19.683706283569336 173.1518096923828 -1751.0982666015625
v -66.6009292602539 11.491602897644043 -1758.0428771972656
v -20.093368530273438 11.318707466125488 -1753.95263671875
v -18.658531188964844 167.0198974609375 -1761.332534790039
v -19.683706283569336 173.1518096923828 -1751.0982666015625
v -20.093368530273438 11.318707466125488 -1753.95263671875
v -18.658531188964844 167.0198974609375 -1761.332534790039
v -20.093368530273438 11.318707466125488 -1753.95263671875
v -19.06816864013672 11.739569664001465 -1763.9098815917969
v -219.3290252685547 179.1774444580078 -2047.5733947753906
v -218.4318084716797 186.0985565185547 -2056.011016845703
v -218.4318084716797 24.197696685791016 -2062.8541564941406
v -219.3290252685547 179.1774444580078 -2047.5733947753906
v -218.4318084716797 24.197696685791016 -2062.8541564941406
v -219.3290252685547 23.82935905456543 -2054.1395263671875
v -193.1954345703125 168.29360961914062 -1790.0734558105469
v -193.94931030273438 174.5369110107422 -1782.4744415283203
v -194.3589630126953 13.530170440673828 -1785.2938842773438
v -193.1954345703125 168.29360961914062 -1790.0734558105469
v -194.3589630126953 13.530170440673828 -1785.2938842773438
v -193.60508728027344 13.839655876159668 -1792.6159057617188
v -380.2681884765625 186.23098754882812 -2059.1436462402344
v -333.1982727050781 186.2889862060547 -2060.515899658203
v -333.1982727050781 25.341684341430664 -2067.3186950683594
v -380.2681884765625 186.23098754882812 -2059.1436462402344
v -333.1982727050781 25.341684341430664 -2067.3186950683594
v -380.2681884765625 25.283681869506836 -2065.9464416503906
v -171.36183166503906 186.15652465820312 -2057.38330078125
v -172.25909423828125 179.23541259765625 -2048.9456481933594
v -172.25909423828125 23.887359619140625 -2055.5117797851562
v -171.36183166503906 186.15652465820312 -2057.38330078125
v -172.25909423828125 23.887359619140625 -2055.5117797851562
v -171.36183166503906 24.255699157714844 -2064.2264099121094
v -239.99609375 174.89894104003906 -1791.0393371582031
v -239.24221801757812 168.6556396484375 -1798.6383056640625
v -239.65191650390625 14.20167064666748 -1801.1807556152344
v -239.99609375 174.89894104003906 -1791.0393371582031
v -239.65191650390625 14.20167064666748 -1801.1807556152344
v -240.40579223632812 13.89218521118164 -1793.8587341308594
v -462.6636962890625 9.569692611694336 -2066.3575744628906
v -35.97928237915039 9.569608688354492 -2316.0945434570312
v 87.93946838378906 9.569704055786133 -2047.9788513183594
v -462.6636962890625 9.569692611694336 -2066.3575744628906
v 87.93946838378906 9.569704055786133 -2047.9788513183594
v -378.7555236816406 9.569704055786133 -1884.8102722167969
v 254.5319061279297 9.569681167602539 -2186.05712890625
v 87.93946838378906 9.569704055786133 -2047.9788513183594
v -35.97928237915039 9.569608688354492 -2316.0945434570312
v 254.5319061279297 9.569681167602539 -2186.05712890625
v -35.97928237915039 9.569608688354492 -2316.0945434570312
v 177.1370849609375 9.569585800170898 -2353.5115966796875
v 87.93946838378906 9.569704055786133 -2047.9788513183594
v 86.55215454101562 19.44171142578125 -2049.188690185547
v -378.4004211425781 19.441736221313477 -1886.2278137207031
v 87.93946838378906 9.569704055786133 -2047.9788513183594
v -378.4004211425781 19.441736221313477 -1886.2278137207031
v -378.7555236816406 9.569704055786133 -1884.8102722167969
v 177.1370849609375 9.569585800170898 -2353.5115966796875
v -35.97928237915039 9.569608688354492 -2316.0945434570312
v -35.95689392089844 19.44171142578125 -2314.254150390625
v 177.1370849609375 9.569585800170898 -2353.5115966796875
v -35.95689392089844 19.44171142578125 -2314.254150390625
v 176.25108337402344 19.441688537597656 -2351.9463500976562
v -462.6636962890625 9.569692611694336 -2066.3575744628906
v -378.7555236816406 9.569704055786133 -1884.8102722167969
v -378.4004211425781 19.441736221313477 -1886.2278137207031
v -462.6636962890625 9.569692611694336 -2066.3575744628906
v -378.4004211425781 19.441736221313477 -1886.2278137207031
v -461.35406494140625 19.441722869873047 -2065.709747314453
v 252.76551818847656 19.441688537597656 -2186.3968505859375
v 86.55215454101562 19.44171142578125 -2049.188690185547
v 87.93946838378906 9.569704055786133 -2047.9788513183594
v 252.76551818847656 19.441688537597656 -2186.3968505859375
v 87.93946838378906 9.569704055786133 -2047.9788513183594
v 254.5319061279297 9.569681167602539 -2186.05712890625
v 176.25108337402344 19.441688537597656 -2351.9463500976562
v 252.76551818847656 19.441688537597656 -2186.3968505859375
v 254.5319061279297 9.569681167602539 -2186.05712890625
v 176.25108337402344 19.441688537597656 -2351.9463500976562
v 254.5319061279297 9.569681167602539 -2186.05712890625
v 177.1370849609375 9.569585800170898 -2353.5115966796875
v -35.95689392089844 19.44171142578125 -2314.254150390625
v -461.35406494140625 19.441722869873047 -2065.709747314453
v -378.4004211425781 19.441736221313477 -1886.2278137207031
v -35.95689392089844 19.44171142578125 -2314.254150390625
v -378.4004211425781 19.441736221313477 -1886.2278137207031
v 86.55215454101562 19.44171142578125 -2049.188690185547
v 252.76551818847656 19.441688537597656 -2186.3968505859375
v 176.25108337402344 19.441688537597656 -2351.9463500976562
v -35.95689392089844 19.44171142578125 -2314.254150390625
v 252.76551818847656 19.441688537597656 -2186.3968505859375
v -35.95689392089844 19.44171142578125 -2314.254150390625
v 86.55215454101562 19.44171142578125 -2049.188690185547
v 37.2630729675293 10.054647445678711 -2209.2731323242188
v 100.86175537109375 9.998428344726562 -2056.8229370117188
v 100.86175537109375 2.8453469276428223 -2056.8229370117188
v 37.2630729675293 10.054647445678711 -2209.2731323242188
v 100.86175537109375 2.8453469276428223 -2056.8229370117188
v 37.2630729675293 2.9015660285949707 -2209.2731323242188
v 37.2630729675293 2.9015660285949707 -2209.2731323242188
v 100.86175537109375 2.8453469276428223 -2056.8229370117188
v 58.48652267456055 2.8453469276428223 -2037.2377014160156
v 37.2630729675293 2.9015660285949707 -2209.2731323242188
v 58.48652267456055 2.8453469276428223 -2037.2377014160156
v -5.112183094024658 2.9015660285949707 -2189.68798828125
v -5.112183094024658 10.054647445678711 -2189.68798828125
v -5.112183094024658 2.9015660285949707 -2189.68798828125
v 58.48652267456055 2.8453469276428223 -2037.2377014160156
v -5.112183094024658 10.054647445678711 -2189.68798828125
v 58.48652267456055 2.8453469276428223 -2037.2377014160156
v 58.48652267456055 9.998428344726562 -2037.2377014160156
v -5.112183094024658 2.9015660285949707 -2189.68798828125
v -58.730899810791016 2.845323085784912 -2304.4085083007812
v -16.35564613342285 2.845323085784912 -2323.99365234375
v -5.112183094024658 2.9015660285949707 -2189.68798828125
v -16.35564613342285 2.845323085784912 -2323.99365234375
v 37.2630729675293 2.9015660285949707 -2209.2731323242188
v -154.63995361328125 2.6631832122802734 -2172.3429565429688
v -154.63995361328125 9.816265106201172 -2172.3429565429688
v -66.64649200439453 10.057330131530762 -1998.3988037109375
v -154.63995361328125 2.6631832122802734 -2172.3429565429688
v -66.64649200439453 10.057330131530762 -1998.3988037109375
v -66.64649200439453 2.904224395751953 -1998.3988037109375
v -58.730899810791016 2.845323085784912 -2304.4085083007812
v -58.730899810791016 9.998405456542969 -2304.4085083007812
v -16.35564613342285 9.998405456542969 -2323.99365234375
v -58.730899810791016 2.845323085784912 -2304.4085083007812
v -16.35564613342285 9.998405456542969 -2323.99365234375
v -16.35564613342285 2.845323085784912 -2323.99365234375
v -58.730899810791016 9.998405456542969 -2304.4085083007812
v -58.730899810791016 2.845323085784912 -2304.4085083007812
v -5.112183094024658 2.9015660285949707 -2189.68798828125
v -58.730899810791016 9.998405456542969 -2304.4085083007812
v -5.112183094024658 2.9015660285949707 -2189.68798828125
v -5.112183094024658 10.054647445678711 -2189.68798828125
v 100.86175537109375 2.8453469276428223 -2056.8229370117188
v 100.86175537109375 9.998428344726562 -2056.8229370117188
v 58.48652267456055 9.998428344726562 -2037.2377014160156
v 100.86175537109375 2.8453469276428223 -2056.8229370117188
v 58.48652267456055 9.998428344726562 -2037.2377014160156
v 58.48652267456055 2.8453469276428223 -2037.2377014160156
v -307.7866516113281 3.0275821685791016 -2011.9264831542969
v -307.7866516113281 10.1806640625 -2011.9264831542969
v -364.0022888183594 10.057317733764648 -2132.4591064453125
v -307.7866516113281 3.0275821685791016 -2011.9264831542969
v -364.0022888183594 10.057317733764648 -2132.4591064453125
v -364.0022888183594 2.904212474822998 -2132.4591064453125
v -265.41143798828125 3.0275702476501465 -2031.5116577148438
v -217.7034912109375 2.904188632965088 -1940.74560546875
v -260.0787048339844 2.904200553894043 -1921.1604614257812
v -265.41143798828125 3.0275702476501465 -2031.5116577148438
v -260.0787048339844 2.904200553894043 -1921.1604614257812
v -307.7866516113281 3.0275821685791016 -2011.9264831542969
v -265.41143798828125 3.0275702476501465 -2031.5116577148438
v -265.41143798828125 10.180652618408203 -2031.5116577148438
v -217.7034912109375 10.057270050048828 -1940.74560546875
v -265.41143798828125 3.0275702476501465 -2031.5116577148438
v -217.7034912109375 10.057270050048828 -1940.74560546875
v -217.7034912109375 2.904188632965088 -1940.74560546875
v -321.6269836425781 10.057317733764648 -2152.0442504882812
v -321.6269836425781 2.904212474822998 -2152.0442504882812
v -364.0022888183594 2.904212474822998 -2132.4591064453125
v -321.6269836425781 10.057317733764648 -2152.0442504882812
v -364.0022888183594 2.904212474822998 -2132.4591064453125
v -364.0022888183594 10.057317733764648 -2132.4591064453125
v -307.7866516113281 3.0275821685791016 -2011.9264831542969
v -364.0022888183594 2.904212474822998 -2132.4591064453125
v -321.6269836425781 2.904212474822998 -2152.0442504882812
v -307.7866516113281 3.0275821685791016 -2011.9264831542969
v -321.6269836425781 2.904212474822998 -2152.0442504882812
v -265.41143798828125 3.0275702476501465 -2031.5116577148438
v -265.41143798828125 3.0275702476501465 -2031.5116577148438
v -321.6269836425781 2.904212474822998 -2152.0442504882812
v -321.6269836425781 10.057317733764648 -2152.0442504882812
v -265.41143798828125 3.0275702476501465 -2031.5116577148438
v -321.6269836425781 10.057317733764648 -2152.0442504882812
v -265.41143798828125 10.180652618408203 -2031.5116577148438
v -260.0787048339844 10.057282447814941 -1921.1604614257812
v -260.0787048339844 2.904200553894043 -1921.1604614257812
v -217.7034912109375 2.904188632965088 -1940.74560546875
v -260.0787048339844 10.057282447814941 -1921.1604614257812
v -217.7034912109375 2.904188632965088 -1940.74560546875
v -217.7034912109375 10.057270050048828 -1940.74560546875
v -154.63995361328125 2.6631832122802734 -2172.3429565429688
v -66.64649200439453 2.904224395751953 -1998.3988037109375
v -109.02175903320312 2.904236316680908 -1978.8136291503906
v -154.63995361328125 2.6631832122802734 -2172.3429565429688
v -109.02175903320312 2.904236316680908 -1978.8136291503906
v -197.01519775390625 2.6631832122802734 -2152.7578125
v -197.01519775390625 2.6631832122802734 -2152.7578125
v -223.2164306640625 2.904200553894043 -2212.33544921875
v -180.84124755859375 2.904200553894043 -2231.9205932617188
v -197.01519775390625 2.6631832122802734 -2152.7578125
v -180.84124755859375 2.904200553894043 -2231.9205932617188
v -154.63995361328125 2.6631832122802734 -2172.3429565429688
v -223.2164306640625 10.057282447814941 -2212.33544921875
v -223.2164306640625 2.904200553894043 -2212.33544921875
v -197.01519775390625 2.6631832122802734 -2152.7578125
v -223.2164306640625 10.057282447814941 -2212.33544921875
v -197.01519775390625 2.6631832122802734 -2152.7578125
v -197.01519775390625 9.816265106201172 -2152.7578125
v -307.7866516113281 3.0275821685791016 -2011.9264831542969
v -260.0787048339844 2.904200553894043 -1921.1604614257812
v -260.0787048339844 10.057282447814941 -1921.1604614257812
v -307.7866516113281 3.0275821685791016 -2011.9264831542969
v -260.0787048339844 10.057282447814941 -1921.1604614257812
v -307.7866516113281 10.1806640625 -2011.9264831542969
v -109.02175903320312 10.057342529296875 -1978.8136291503906
v -109.02175903320312 2.904236316680908 -1978.8136291503906
v -66.64649200439453 2.904224395751953 -1998.3988037109375
v -109.02175903320312 10.057342529296875 -1978.8136291503906
v -66.64649200439453 2.904224395751953 -1998.3988037109375
v -66.64649200439453 10.057330131530762 -1998.3988037109375
v -109.02175903320312 2.904236316680908 -1978.8136291503906
v -109.02175903320312 10.057342529296875 -1978.8136291503906
v -197.01519775390625 9.816265106201172 -2152.7578125
v -109.02175903320312 2.904236316680908 -1978.8136291503906
v -197.01519775390625 9.816265106201172 -2152.7578125
v -197.01519775390625 2.6631832122802734 -2152.7578125
v -180.84124755859375 10.057282447814941 -2231.9205932617188
v -180.84124755859375 2.904200553894043 -2231.9205932617188
v -223.2164306640625 2.904200553894043 -2212.33544921875
v -180.84124755859375 10.057282447814941 -2231.9205932617188
v -223.2164306640625 2.904200553894043 -2212.33544921875
v -223.2164306640625 10.057282447814941 -2212.33544921875
v -154.63995361328125 9.816265106201172 -2172.3429565429688
v -154.63995361328125 2.6631832122802734 -2172.3429565429688
v -180.84124755859375 2.904200553894043 -2231.9205932617188
v -154.63995361328125 9.816265106201172 -2172.3429565429688
v -180.84124755859375 2.904200553894043 -2231.9205932617188
v -180.84124755859375 10.057282447814941 -2231.9205932617188
v -35.95689392089844 19.44171142578125 -2314.254150390625
v -35.97928237915039 9.569608688354492 -2316.0945434570312
v -462.6636962890625 9.569692611694336 -2066.3575744628906
v -35.95689392089844 19.44171142578125 -2314.254150390625
v -462.6636962890625 9.569692611694336 -2066.3575744628906
v -461.35406494140625 19.441722869873047 -2065.709747314453
v 37.2630729675293 10.054647445678711 -2209.2731323242188
v 37.2630729675293 2.9015660285949707 -2209.2731323242188
v -16.35564613342285 2.845323085784912 -2323.99365234375
v 37.2630729675293 10.054647445678711 -2209.2731323242188
v -16.35564613342285 2.845323085784912 -2323.99365234375
v -16.35564613342285 9.998405456542969 -2323.99365234375
vt 0.008326571434736252 0.7531383186578751
vt 0.320782870054245 0.7835464030504227
vt 0.32124149799346924 0.5908787846565247
vt 0.008326571434736252 0.7531383186578751
vt 0.32124149799346924 0.5908787846565247
vt 0.00859456043690443 0.619353860616684
vt 0.4539462924003601 0.6257981956005096
vt 0.32124149799346924 0.5908787846565247
vt 0.320782870054245 0.7835464030504227
vt 0.4539462924003601 0.6257981956005096
vt 0.320782870054245 0.7835464030504227
vt 0.4538199305534363 0.7494807243347168
vt 0.6415112018585205 0.7038709223270416
vt 0.6483378410339355 0.702979564666748
vt 0.6601029634475708 0.39064937829971313
vt 0.6415112018585205 0.7038709223270416
vt 0.6601029634475708 0.39064937829971313
vt 0.653387188911438 0.38824737071990967
vt 0.5784483551979065 0.8397107422351837
vt 0.5787146091461182 0.7013961970806122
vt 0.4715813398361206 0.7012651562690735
vt 0.5784483551979065 0.8397107422351837
vt 0.4715813398361206 0.7012651562690735
vt 0.47161877155303955 0.8397566825151443
vt 0.32078316807746887 0.7994035333395004
vt 0.3212423622608185 0.9920714367181063
vt 0.4539467990398407 0.957150150090456
vt 0.32078316807746887 0.7994035333395004
vt 0.4539467990398407 0.957150150090456
vt 0.453820139169693 0.8334684073925018
vt 0.6991825103759766 0.839718833565712
vt 0.7019435167312622 0.5269453525543213
vt 0.5948383212089539 0.5274586081504822
vt 0.6991825103759766 0.839718833565712
vt 0.5948383212089539 0.5274586081504822
vt 0.5967853665351868 0.8397566825151443
vt 0.45452243089675903 0.4169083833694458
vt 0.4346500039100647 0.42831307649612427
vt 0.43460613489151 0.5346471965312958
vt 0.45452243089675903 0.4169083833694458
vt 0.43460613489151 0.5346471965312958
vt 0.4542640447616577 0.5461574792861938
vt 0.6189290285110474 0.387812077999115
vt 0.606917142868042 0.5241230428218842
vt 0.6138296127319336 0.5250174403190613
vt 0.6189290285110474 0.387812077999115
vt 0.6138296127319336 0.5250174403190613
vt 0.6256541013717651 0.39026081562042236
vt 0.6523032188415527 0.6436815857887268
vt 0.6523032188415527 0.5191429853439331
vt 0.6451200246810913 0.51829394698143
vt 0.6523032188415527 0.6436815857887268
vt 0.6451200246810913 0.51829394698143
vt 0.6448328495025635 0.6444138288497925
vt 0.028498681262135506 0.5317175388336182
vt 0.027954965829849243 0.4333295226097107
vt 0.008200755342841148 0.42260241508483887
vt 0.028498681262135506 0.5317175388336182
vt 0.008200755342841148 0.42260241508483887
vt 0.009002306498587132 0.5426449775695801
vt 0.45372676849365234 0.5469815731048584
vt 0.43460613489151 0.5346471965312958
vt 0.14980481564998627 0.5579980611801147
vt 0.45372676849365234 0.5469815731048584
vt 0.14980481564998627 0.5579980611801147
vt 0.14263322949409485 0.5750216543674469
vt 0.1415857970714569 0.38865429162979126
vt 0.14894479513168335 0.40562862157821655
vt 0.4346500039100647 0.42831307649612427
vt 0.1415857970714569 0.38865429162979126
vt 0.4346500039100647 0.42831307649612427
vt 0.45400354266166687 0.4160613417625427
vt 0.6601029634475708 0.8361030519008636
vt 0.6483378410339355 0.702979564666748
vt 0.6415112018585205 0.7038709223270416
vt 0.6601029634475708 0.8361030519008636
vt 0.6415112018585205 0.7038709223270416
vt 0.6534606218338013 0.8385262936353683
vt 0.6756749749183655 0.5279825031757355
vt 0.6757861375808716 0.644599050283432
vt 0.6830205917358398 0.6436109840869904
vt 0.6756749749183655 0.5279825031757355
vt 0.6830205917358398 0.6436109840869904
vt 0.6830205917358398 0.5291257202625275
vt 0.47437363862991333 0.38865429162979126
vt 0.4715813398361206 0.7012651562690735
vt 0.5787146091461182 0.7013961970806122
vt 0.47437363862991333 0.38865429162979126
vt 0.5787146091461182 0.7013961970806122
vt 0.5768039226531982 0.3889622688293457
vt 0.751970648765564 0.10099059343338013
vt 0.7523126602172852 0.19931048154830933
vt 0.8782748579978943 0.19733017683029175
vt 0.751970648765564 0.10099059343338013
vt 0.8782748579978943 0.19733017683029175
vt 0.8782748579978943 0.10265064239501953
vt 0.8733600974082947 0.24156755208969116
vt 0.7514680624008179 0.21516764163970947
vt 0.7514511346817017 0.3727971911430359
vt 0.8733600974082947 0.24156755208969116
vt 0.7514511346817017 0.3727971911430359
vt 0.87340247631073 0.34643423557281494
vt 0.31778475642204285 0.18641817569732666
vt 0.008291750214993954 0.21535223722457886
vt 0.008303108625113964 0.3440042734146118
vt 0.31778475642204285 0.18641817569732666
vt 0.008303108625113964 0.3440042734146118
vt 0.3178354501724243 0.3727971911430359
vt 0.4494715929031372 0.33916008472442627
vt 0.44946593046188354 0.21995890140533447
vt 0.31778475642204285 0.18641817569732666
vt 0.4494715929031372 0.33916008472442627
vt 0.31778475642204285 0.18641817569732666
vt 0.3178354501724243 0.3727971911430359
vt 0.8248878121376038 0.5940099954605103
vt 0.8248841166496277 0.501062273979187
vt 0.7201406359672546 0.5009801387786865
vt 0.8248878121376038 0.5940099954605103
vt 0.7201406359672546 0.5009801387786865
vt 0.7202171683311462 0.594143271446228
vt 0.10094588249921799 0.07199138402938843
vt 0.00792856328189373 0.07199198007583618
vt 0.007928679697215557 0.16844558715820312
vt 0.10094588249921799 0.07199138402938843
vt 0.007928679697215557 0.16844558715820312
vt 0.10094600170850754 0.16844534873962402
vt 0.8461523652076721 0.8397566825151443
vt 0.8469042181968689 0.7334499061107635
vt 0.7178006172180176 0.7363121509552002
vt 0.8461523652076721 0.8397566825151443
vt 0.7178006172180176 0.7363121509552002
vt 0.7192692160606384 0.8376231789588928
vt 0.7567392587661743 0.9920714367181063
vt 0.7563972473144531 0.8937507942318916
vt 0.4698190987110138 0.8957993015646935
vt 0.7567392587661743 0.9920714367181063
vt 0.4698190987110138 0.8957993015646935
vt 0.4698358178138733 0.9903586087748408
vt 0.46601858735084534 0.3503033518791199
vt 0.7514511346817017 0.3727971911430359
vt 0.7514680624008179 0.21516764163970947
vt 0.46601858735084534 0.3503033518791199
vt 0.7514680624008179 0.21516764163970947
vt 0.4660453200340271 0.2375316023826599
vt 0.46539241075515747 0.10303908586502075
vt 0.4654088020324707 0.19759708642959595
vt 0.7523126602172852 0.19931048154830933
vt 0.46539241075515747 0.10303908586502075
vt 0.7523126602172852 0.19931048154830933
vt 0.751970648765564 0.10099059343338013
vt 0.8827018141746521 0.9900909196585417
vt 0.8827018141746521 0.895410880446434
vt 0.7563972473144531 0.8937507942318916
vt 0.8827018141746521 0.9900909196585417
vt 0.7563972473144531 0.8937507942318916
vt 0.7567392587661743 0.9920714367181063
vt 0.7016968727111816 0.3888823986053467
vt 0.5949110984802246 0.38878947496414185
vt 0.5948383212089539 0.5274586081504822
vt 0.7016968727111816 0.3888823986053467
vt 0.5948383212089539 0.5274586081504822
vt 0.7019435167312622 0.5269453525543213
vt 0.008595655672252178 0.9635974951088428
vt 0.3212423622608185 0.9920714367181063
vt 0.32078316807746887 0.7994035333395004
vt 0.008595655672252178 0.9635974951088428
vt 0.32078316807746887 0.7994035333395004
vt 0.008326229639351368 0.8298143446445465
vt 0.7182979583740234 0.6120921969413757
vt 0.7180636525154114 0.7174386978149414
vt 0.8358054757118225 0.7163534760475159
vt 0.7182979583740234 0.6120921969413757
vt 0.8358054757118225 0.7163534760475159
vt 0.8358054161071777 0.613608181476593
vt 0.009467309340834618 0.5433682203292847
vt 0.14263322949409485 0.5750216543674469
vt 0.14980481564998627 0.5579980611801147
vt 0.009467309340834618 0.5433682203292847
vt 0.14980481564998627 0.5579980611801147
vt 0.028498681262135506 0.5317175388336182
vt 0.008666337467730045 0.4218790531158447
vt 0.027954965829849243 0.4333295226097107
vt 0.14894479513168335 0.40562862157821655
vt 0.008666337467730045 0.4218790531158447
vt 0.14894479513168335 0.40562862157821655
vt 0.1415857970714569 0.38865429162979126
vt 0.9318814873695374 0.7342353463172913
vt 0.9326276779174805 0.839317262172699
vt 0.9371395707130432 0.8393500447273254
vt 0.9318814873695374 0.7342353463172913
vt 0.9371395707130432 0.8393500447273254
vt 0.9363864064216614 0.7342584133148193
vt 0.9363864064216614 0.7342584133148193
vt 0.9371395707130432 0.8393500447273254
vt 0.9669601917266846 0.8397566825151443
vt 0.9363864064216614 0.7342584133148193
vt 0.9669601917266846 0.8397566825151443
vt 0.9660933613777161 0.7348376214504242
vt 0.9706687331199646 0.7348609268665314
vt 0.9660933613777161 0.7348376214504242
vt 0.9669601917266846 0.8397566825151443
vt 0.9706687331199646 0.7348609268665314
vt 0.9669601917266846 0.8397566825151443
vt 0.9715330600738525 0.839745819568634
vt 0.9660933613777161 0.7348376214504242
vt 0.9670126438140869 0.6543192863464355
vt 0.9374022483825684 0.6540655493736267
vt 0.9660933613777161 0.7348376214504242
vt 0.9374022483825684 0.6540655493736267
vt 0.9363864064216614 0.7342584133148193
vt 0.9579371809959412 0.2496657371520996
vt 0.9533602595329285 0.24961036443710327
vt 0.9533599019050598 0.37318533658981323
vt 0.9579371809959412 0.2496657371520996
vt 0.9533599019050598 0.37318533658981323
vt 0.9578987956047058 0.37311607599258423
vt 0.5108558535575867 0.05548572540283203
vt 0.5063129663467407 0.05548572540283203
vt 0.5063129663467407 0.08513343334197998
vt 0.5108558535575867 0.05548572540283203
vt 0.5063129663467407 0.08513343334197998
vt 0.5108558535575867 0.08513343334197998
vt 0.9715508818626404 0.6543716490268707
vt 0.9670126438140869 0.6543192863464355
vt 0.9660933613777161 0.7348376214504242
vt 0.9715508818626404 0.6543716490268707
vt 0.9660933613777161 0.7348376214504242
vt 0.9706687331199646 0.7348609268665314
vt 0.5879130363464355 0.08513343334197998
vt 0.5924559235572815 0.08513343334197998
vt 0.5924559235572815 0.05548572540283203
vt 0.5879130363464355 0.08513343334197998
vt 0.5924559235572815 0.05548572540283203
vt 0.5879130363464355 0.05548572540283203
vt 0.17834128439426422 0.0864177942276001
vt 0.17382879555225372 0.08633065223693848
vt 0.1748666912317276 0.1705610156059265
vt 0.17834128439426422 0.0864177942276001
vt 0.1748666912317276 0.1705610156059265
vt 0.17940452694892883 0.1704813838005066
vt 0.20801861584186554 0.08524054288864136
vt 0.20907042920589447 0.02045142650604248
vt 0.17919930815696716 0.020889759063720703
vt 0.20801861584186554 0.08524054288864136
vt 0.17919930815696716 0.020889759063720703
vt 0.17834128439426422 0.0864177942276001
vt 0.20801861584186554 0.08524054288864136
vt 0.21260274946689606 0.08532953262329102
vt 0.21357294917106628 0.020453274250030518
vt 0.20801861584186554 0.08524054288864136
vt 0.21357294917106628 0.020453274250030518
vt 0.20907042920589447 0.02045142650604248
vt 0.48591288924217224 0.0851333737373352
vt 0.49045583605766296 0.08513343334197998
vt 0.49045583605766296 0.05548572540283203
vt 0.48591288924217224 0.0851333737373352
vt 0.49045583605766296 0.05548572540283203
vt 0.48591291904449463 0.055485665798187256
vt 0.17834128439426422 0.0864177942276001
vt 0.17940452694892883 0.1704813838005066
vt 0.20903076231479645 0.17007851600646973
vt 0.17834128439426422 0.0864177942276001
vt 0.20903076231479645 0.17007851600646973
vt 0.20801861584186554 0.08524054288864136
vt 0.20801861584186554 0.08524054288864136
vt 0.20903076231479645 0.17007851600646973
vt 0.2135728895664215 0.17000073194503784
vt 0.20801861584186554 0.08524054288864136
vt 0.2135728895664215 0.17000073194503784
vt 0.21260274946689606 0.08532953262329102
vt 0.5516558885574341 0.05548572540283203
vt 0.5471130013465881 0.05548572540283203
vt 0.5471130013465881 0.08513343334197998
vt 0.5516558885574341 0.05548572540283203
vt 0.5471130013465881 0.08513343334197998
vt 0.5516558885574341 0.08513343334197998
vt 0.9579371809959412 0.2496657371520996
vt 0.9578987956047058 0.37311607599258423
vt 0.9875292181968689 0.3727707266807556
vt 0.9579371809959412 0.2496657371520996
vt 0.9875292181968689 0.3727707266807556
vt 0.9874283075332642 0.24852412939071655
vt 0.9874283075332642 0.24852412939071655
vt 0.9875645041465759 0.20760023593902588
vt 0.9576964974403381 0.20798814296722412
vt 0.9874283075332642 0.24852412939071655
vt 0.9576964974403381 0.20798814296722412
vt 0.9579371809959412 0.2496657371520996
vt 0.9920715093612671 0.2075996994972229
vt 0.9875645041465759 0.20760023593902588
vt 0.9874283075332642 0.24852412939071655
vt 0.9920715093612671 0.2075996994972229
vt 0.9874283075332642 0.24852412939071655
vt 0.9919255971908569 0.24860191345214844
vt 0.17834128439426422 0.0864177942276001
vt 0.17919930815696716 0.020889759063720703
vt 0.17462004721164703 0.02089834213256836
vt 0.17834128439426422 0.0864177942276001
vt 0.17462004721164703 0.02089834213256836
vt 0.17382879555225372 0.08633065223693848
vt 0.5720559358596802 0.05548572540283203
vt 0.5675130486488342 0.05548572540283203
vt 0.5675130486488342 0.08513343334197998
vt 0.5720559358596802 0.05548572540283203
vt 0.5675130486488342 0.08513343334197998
vt 0.5720559358596802 0.08513343334197998
vt 0.9875292181968689 0.3727707266807556
vt 0.9920715093612671 0.3727028965950012
vt 0.9919255971908569 0.24860191345214844
vt 0.9875292181968689 0.3727707266807556
vt 0.9919255971908569 0.24860191345214844
vt 0.9874283075332642 0.24852412939071655
vt 0.5267130136489868 0.08513343334197998
vt 0.5312559008598328 0.08513343334197998
vt 0.5312559008598328 0.05548572540283203
vt 0.5267130136489868 0.08513343334197998
vt 0.5312559008598328 0.05548572540283203
vt 0.5267130136489868 0.05548572540283203
vt 0.9533602595329285 0.24961036443710327
vt 0.9579371809959412 0.2496657371520996
vt 0.9576964974403381 0.20798814296722412
vt 0.9533602595329285 0.24961036443710327
vt 0.9576964974403381 0.20798814296722412
vt 0.9531224370002747 0.2079973816871643
vt 0.9016494154930115 0.26754873991012573
vt 0.8975040912628174 0.2674870491027832
vt 0.8984609842300415 0.36781221628189087
vt 0.9016494154930115 0.26754873991012573
vt 0.8984609842300415 0.36781221628189087
vt 0.9026932120323181 0.3730720281600952
vt 0.9016494154930115 0.26754873991012573
vt 0.9023608565330505 0.18430286645889282
vt 0.898230791091919 0.190656840801239
vt 0.9016494154930115 0.26754873991012573
vt 0.898230791091919 0.190656840801239
vt 0.8975040912628174 0.2674870491027832
vt 0.9313137531280518 0.26653623580932617
vt 0.9322230815887451 0.18349689245224
vt 0.9023608565330505 0.18430286645889282
vt 0.9313137531280518 0.26653623580932617
vt 0.9023608565330505 0.18430286645889282
vt 0.9016494154930115 0.26754873991012573
vt 0.9313137531280518 0.26653623580932617
vt 0.9355076551437378 0.26659828424453735
vt 0.9364221096038818 0.18862038850784302
vt 0.9313137531280518 0.26653623580932617
vt 0.9364221096038818 0.18862038850784302
vt 0.9322230815887451 0.18349689245224
vt 0.23499879240989685 0.06155693531036377
vt 0.22943007946014404 0.06572222709655762
vt 0.22943013906478882 0.1705610156059265
vt 0.23499879240989685 0.06155693531036377
vt 0.22943013906478882 0.1705610156059265
vt 0.23499885201454163 0.1705610156059265
vt 0.9016494154930115 0.26754873991012573
vt 0.9026932120323181 0.3730720281600952
vt 0.9323306083679199 0.37318533658981323
vt 0.9016494154930115 0.26754873991012573
vt 0.9323306083679199 0.37318533658981323
vt 0.9313137531280518 0.26653623580932617
vt 0.9313137531280518 0.26653623580932617
vt 0.9323306083679199 0.37318533658981323
vt 0.9364221096038818 0.36756211519241333
vt 0.9313137531280518 0.26653623580932617
vt 0.9364221096038818 0.36756211519241333
vt 0.9355076551437378 0.26659828424453735
vt 0.28633150458335876 0.1355884075164795
vt 0.28633156418800354 0.165239155292511
vt 0.39533576369285583 0.165239155292511
vt 0.28633150458335876 0.1355884075164795
vt 0.39533576369285583 0.165239155292511
vt 0.39533576369285583 0.1355884075164795
vt 0.12304958701133728 0.08046400547027588
vt 0.1189301386475563 0.0804370641708374
vt 0.11978960782289505 0.1629611849784851
vt 0.12304958701133728 0.08046400547027588
vt 0.11978960782289505 0.1629611849784851
vt 0.12389188259840012 0.16764742136001587
vt 0.12304958701133728 0.08046400547027588
vt 0.12389188259840012 0.16764742136001587
vt 0.1537056416273117 0.1705610156059265
vt 0.12304958701133728 0.08046400547027588
vt 0.1537056416273117 0.1705610156059265
vt 0.15274176001548767 0.08120965957641602
vt 0.15274176001548767 0.08120965957641602
vt 0.153819739818573 0.010641992092132568
vt 0.12417616695165634 0.014202117919921875
vt 0.15274176001548767 0.08120965957641602
vt 0.12417616695165634 0.014202117919921875
vt 0.12304958701133728 0.08046400547027588
vt 0.3912547826766968 0.10948359966278076
vt 0.3912547826766968 0.07973682880401611
vt 0.28633150458335876 0.07973676919937134
vt 0.3912547826766968 0.10948359966278076
vt 0.28633150458335876 0.07973676919937134
vt 0.28633150458335876 0.10948354005813599
vt 0.1578938215970993 0.016267120838165283
vt 0.153819739818573 0.010641992092132568
vt 0.15274176001548767 0.08120965957641602
vt 0.1578938215970993 0.016267120838165283
vt 0.15274176001548767 0.08120965957641602
vt 0.15694653987884521 0.08123618364334106
vt 0.15694653987884521 0.08123618364334106
vt 0.15274176001548767 0.08120965957641602
vt 0.1537056416273117 0.1705610156059265
vt 0.15694653987884521 0.08123618364334106
vt 0.1537056416273117 0.1705610156059265
vt 0.15788808465003967 0.1658397912979126
vt 0.9320542216300964 0.5603213906288147
vt 0.9329334497451782 0.6326246559619904
vt 0.9370546340942383 0.6381575763225555
vt 0.9320542216300964 0.5603213906288147
vt 0.9370546340942383 0.6381575763225555
vt 0.9361821413040161 0.5602502226829529
vt 0.9656937718391418 0.5615245401859283
vt 0.9361821413040161 0.5602502226829529
vt 0.9370546340942383 0.6381575763225555
vt 0.9656937718391418 0.5615245401859283
vt 0.9370546340942383 0.6381575763225555
vt 0.9664732813835144 0.6346593797206879
vt 0.9320542216300964 0.5603213906288147
vt 0.9361821413040161 0.5602502226829529
vt 0.9371621012687683 0.4627528190612793
vt 0.9320542216300964 0.5603213906288147
vt 0.9371621012687683 0.4627528190612793
vt 0.9329349398612976 0.46737295389175415
vt 0.1189301386475563 0.0804370641708374
vt 0.12304958701133728 0.08046400547027588
vt 0.12417616695165634 0.014202117919921875
vt 0.1189301386475563 0.0804370641708374
vt 0.12417616695165634 0.014202117919921875
vt 0.1199343353509903 0.019694805145263672
vt 0.969889223575592 0.5614689290523529
vt 0.9656937718391418 0.5615245401859283
vt 0.9664732813835144 0.6346593797206879
vt 0.969889223575592 0.5614689290523529
vt 0.9664732813835144 0.6346593797206879
vt 0.9706659317016602 0.6290865540504456
vt 0.9656937718391418 0.5615245401859283
vt 0.966766357421875 0.4654921293258667
vt 0.9371621012687683 0.4627528190612793
vt 0.9656937718391418 0.5615245401859283
vt 0.9371621012687683 0.4627528190612793
vt 0.9361821413040161 0.5602502226829529
vt 0.969889223575592 0.5614689290523529
vt 0.9708696007728577 0.47022873163223267
vt 0.966766357421875 0.4654921293258667
vt 0.969889223575592 0.5614689290523529
vt 0.966766357421875 0.4654921293258667
vt 0.9656937718391418 0.5615245401859283
vt 0.721966028213501 0.3891170024871826
vt 0.7178006172180176 0.393795907497406
vt 0.8268046975135803 0.393795907497406
vt 0.721966028213501 0.3891170024871826
vt 0.8268046975135803 0.393795907497406
vt 0.8268046975135803 0.38911694288253784
vt 0.270474374294281 0.06572222709655762
vt 0.26490554213523865 0.061556875705718994
vt 0.2649056613445282 0.1705610156059265
vt 0.270474374294281 0.06572222709655762
vt 0.2649056613445282 0.1705610156059265
vt 0.270474374294281 0.1705610156059265
vt 0.290496826171875 0.13001960515975952
vt 0.28633150458335876 0.1355884075164795
vt 0.39533576369285583 0.1355884075164795
vt 0.290496826171875 0.13001960515975952
vt 0.39533576369285583 0.1355884075164795
vt 0.39533576369285583 0.13001960515975952
vt 0.43893277645111084 0.1698298454284668
vt 0.43893277645111084 0.13992315530776978
vt 0.4334121644496918 0.14065426588058472
vt 0.43893277645111084 0.1698298454284668
vt 0.4334121644496918 0.14065426588058472
vt 0.4334121644496918 0.1705610156059265
vt 0.4700557589530945 0.08513343334197998
vt 0.4700557589530945 0.05538672208786011
vt 0.46539241075515747 0.05500560998916626
vt 0.4700557589530945 0.08513343334197998
vt 0.46539241075515747 0.05500560998916626
vt 0.46539244055747986 0.08475232124328613
vt 0.4167134761810303 0.12422817945480347
vt 0.4167134761810303 0.09432148933410645
vt 0.4111928939819336 0.09505265951156616
vt 0.4167134761810303 0.12422817945480347
vt 0.4111928939819336 0.09505265951156616
vt 0.4111928939819336 0.12495934963226318
vt 0.9365448951721191 0.4468957185745239
vt 0.9365448951721191 0.41714906692504883
vt 0.9318814873695374 0.4167678952217102
vt 0.9365448951721191 0.4468957185745239
vt 0.9318814873695374 0.4167678952217102
vt 0.9318814873695374 0.4465144872665405
vt 0.41245171427726746 0.14089155197143555
vt 0.4111928939819336 0.1705610156059265
vt 0.417555034160614 0.17046743631362915
vt 0.41245171427726746 0.14089155197143555
vt 0.417555034160614 0.17046743631362915
vt 0.417555034160614 0.14081645011901855
vt 0.43893277645111084 0.1240660548210144
vt 0.43893277645111084 0.0944177508354187
vt 0.43336406350135803 0.09438544511795044
vt 0.43893277645111084 0.1240660548210144
vt 0.43336406350135803 0.09438544511795044
vt 0.43361106514930725 0.12403517961502075
vt 0.7178006172180176 0.4496474266052246
vt 0.7178006172180176 0.4795542359352112
vt 0.8268048167228699 0.4795541763305664
vt 0.7178006172180176 0.4496474266052246
vt 0.8268048167228699 0.4795541763305664
vt 0.8268048167228699 0.4496474266052246
vt 0.7178006768226624 0.4235425591468811
vt 0.721966028213501 0.42822152376174927
vt 0.8268046975135803 0.42822152376174927
vt 0.7178006768226624 0.4235425591468811
vt 0.8268046975135803 0.42822152376174927
vt 0.8268046975135803 0.4235425591468811
vt 0.7178006172180176 0.393795907497406
vt 0.7178006768226624 0.4235425591468811
vt 0.8268046975135803 0.4235425591468811
vt 0.7178006172180176 0.393795907497406
vt 0.8268046975135803 0.4235425591468811
vt 0.8268046975135803 0.393795907497406
vt 0.9025365114212036 0.06219136714935303
vt 0.8974326252937317 0.06635677814483643
vt 0.8974326848983765 0.16763979196548462
vt 0.9025365114212036 0.06219136714935303
vt 0.8974326848983765 0.16763979196548462
vt 0.9025366306304932 0.16763979196548462
vt 0.28633156418800354 0.165239155292511
vt 0.290496826171875 0.1705610156059265
vt 0.39533576369285583 0.17056089639663696
vt 0.28633156418800354 0.165239155292511
vt 0.39533576369285583 0.17056089639663696
vt 0.39533576369285583 0.165239155292511
vt 0.932187557220459 0.06219130754470825
vt 0.9025365114212036 0.06219136714935303
vt 0.9025366306304932 0.16763979196548462
vt 0.932187557220459 0.06219130754470825
vt 0.9025366306304932 0.16763979196548462
vt 0.9321876168251038 0.16763973236083984
vt 0.9385504126548767 0.06635671854019165
vt 0.932187557220459 0.06219130754470825
vt 0.9321876168251038 0.16763973236083984
vt 0.9385504126548767 0.06635671854019165
vt 0.9321876168251038 0.16763973236083984
vt 0.9385504126548767 0.16763973236083984
vt 0.721966028213501 0.4440786838531494
vt 0.7178006172180176 0.4496474266052246
vt 0.8268048167228699 0.4496474266052246
vt 0.721966028213501 0.4440786838531494
vt 0.8268048167228699 0.4496474266052246
vt 0.8268048167228699 0.4440786838531494
vt 0.3870893716812134 0.11416250467300415
vt 0.3912547826766968 0.10948359966278076
vt 0.28633150458335876 0.10948354005813599
vt 0.3870893716812134 0.11416250467300415
vt 0.28633150458335876 0.10948354005813599
vt 0.28633150458335876 0.11416226625442505
vt 0.26490554213523865 0.061556875705718994
vt 0.23499879240989685 0.06155693531036377
vt 0.23499885201454163 0.1705610156059265
vt 0.26490554213523865 0.061556875705718994
vt 0.23499885201454163 0.1705610156059265
vt 0.2649056613445282 0.1705610156059265
vt 0.7178006172180176 0.4795542359352112
vt 0.721966028213501 0.48512303829193115
vt 0.8268048167228699 0.4851229786872864
vt 0.7178006172180176 0.4795542359352112
vt 0.8268048167228699 0.4851229786872864
vt 0.8268048167228699 0.4795541763305664
vt 0.3912547826766968 0.07973682880401611
vt 0.3870893716812134 0.07505786418914795
vt 0.28633150458335876 0.07505804300308228
vt 0.3912547826766968 0.07973682880401611
vt 0.28633150458335876 0.07505804300308228
vt 0.28633150458335876 0.07973676919937134
vt 0.6138296127319336 0.5250174403190613
vt 0.606917142868042 0.5241230428218842
vt 0.6189978122711182 0.8385262936353683
vt 0.6138296127319336 0.5250174403190613
vt 0.6189978122711182 0.8385262936353683
vt 0.6256541013717651 0.8361397534608841
vt 0.9318814873695374 0.7342353463172913
vt 0.9363864064216614 0.7342584133148193
vt 0.9374022483825684 0.6540655493736267
vt 0.9318814873695374 0.7342353463172913
vt 0.9374022483825684 0.6540655493736267
vt 0.9328663349151611 0.6540147066116333
vt 0.008326571434736252 0.7531383186578751
vt 0.320782870054245 0.7835464030504227
vt 0.32124149799346924 0.5908787846565247
vt 0.008326571434736252 0.7531383186578751
vt 0.32124149799346924 0.5908787846565247
vt 0.00859456043690443 0.619353860616684
vt 0.4539462924003601 0.6257981956005096
vt 0.32124149799346924 0.5908787846565247
vt 0.320782870054245 0.7835464030504227
vt 0.4539462924003601 0.6257981956005096
vt 0.320782870054245 0.7835464030504227
vt 0.4538199305534363 0.7494807243347168
vt 0.6415732502937317 0.7051013112068176
vt 0.648399829864502 0.704209953546524
vt 0.6601649522781372 0.3918797969818115
vt 0.6415732502937317 0.7051013112068176
vt 0.6601649522781372 0.3918797969818115
vt 0.6534492373466492 0.38947778940200806
vt 0.5784483551979065 0.8397107422351837
vt 0.5787146091461182 0.7013961970806122
vt 0.4715813398361206 0.7012651562690735
vt 0.5784483551979065 0.8397107422351837
vt 0.4715813398361206 0.7012651562690735
vt 0.47161877155303955 0.8397566825151443
vt 0.32078316807746887 0.7994035333395004
vt 0.3212423622608185 0.9920714367181063
vt 0.4539467990398407 0.957150150090456
vt 0.32078316807746887 0.7994035333395004
vt 0.4539467990398407 0.957150150090456
vt 0.453820139169693 0.8334684073925018
vt 0.6991825103759766 0.839718833565712
vt 0.7019435167312622 0.5269453525543213
vt 0.5948383212089539 0.5274586081504822
vt 0.6991825103759766 0.839718833565712
vt 0.5948383212089539 0.5274586081504822
vt 0.5967853665351868 0.8397566825151443
vt 0.45452243089675903 0.4169083833694458
vt 0.4346500039100647 0.42831307649612427
vt 0.43460613489151 0.5346471965312958
vt 0.45452243089675903 0.4169083833694458
vt 0.43460613489151 0.5346471965312958
vt 0.4542640447616577 0.5461574792861938
vt 0.6189910769462585 0.3890424966812134
vt 0.6069791316986084 0.5253534317016602
vt 0.6138916611671448 0.5262478291988373
vt 0.6189910769462585 0.3890424966812134
vt 0.6138916611671448 0.5262478291988373
vt 0.6257161498069763 0.39149123430252075
vt 0.6584270000457764 0.7135817408561707
vt 0.6584270000457764 0.5890431702136993
vt 0.6512438058853149 0.5881941318511963
vt 0.6584270000457764 0.7135817408561707
vt 0.6512438058853149 0.5881941318511963
vt 0.6509566307067871 0.7143140137195587
vt 0.028498681262135506 0.5317175388336182
vt 0.027954965829849243 0.4333295226097107
vt 0.008200755342841148 0.42260241508483887
vt 0.028498681262135506 0.5317175388336182
vt 0.008200755342841148 0.42260241508483887
vt 0.009002306498587132 0.5426449775695801
vt 0.45372676849365234 0.5469815731048584
vt 0.43460613489151 0.5346471965312958
vt 0.14980481564998627 0.5579980611801147
vt 0.45372676849365234 0.5469815731048584
vt 0.14980481564998627 0.5579980611801147
vt 0.14263322949409485 0.5750216543674469
vt 0.1415857970714569 0.38865429162979126
vt 0.14894479513168335 0.40562862157821655
vt 0.4346500039100647 0.42831307649612427
vt 0.1415857970714569 0.38865429162979126
vt 0.4346500039100647 0.42831307649612427
vt 0.45400354266166687 0.4160613417625427
vt 0.6601649522781372 0.8373334407806396
vt 0.648399829864502 0.704209953546524
vt 0.6415732502937317 0.7051013112068176
vt 0.6601649522781372 0.8373334407806396
vt 0.6415732502937317 0.7051013112068176
vt 0.6535226106643677 0.8397566825151443
vt 0.6817987561225891 0.6076483130455017
vt 0.6819099187850952 0.7242648601531982
vt 0.6891443729400635 0.7232767939567566
vt 0.6817987561225891 0.6076483130455017
vt 0.6891443729400635 0.7232767939567566
vt 0.6891443729400635 0.6087915301322937
vt 0.47437363862991333 0.38865429162979126
vt 0.4715813398361206 0.7012651562690735
vt 0.5787146091461182 0.7013961970806122
vt 0.47437363862991333 0.38865429162979126
vt 0.5787146091461182 0.7013961970806122
vt 0.5768039226531982 0.3889622688293457
vt 0.751970648765564 0.10099059343338013
vt 0.7523126602172852 0.19931048154830933
vt 0.8782748579978943 0.19733017683029175
vt 0.751970648765564 0.10099059343338013
vt 0.8782748579978943 0.19733017683029175
vt 0.8782748579978943 0.10265064239501953
vt 0.8733600974082947 0.24156755208969116
vt 0.7514680624008179 0.21516764163970947
vt 0.7514511346817017 0.3727971911430359
vt 0.8733600974082947 0.24156755208969116
vt 0.7514511346817017 0.3727971911430359
vt 0.87340247631073 0.34643423557281494
vt 0.31778475642204285 0.18641817569732666
vt 0.008291750214993954 0.21535223722457886
vt 0.008303108625113964 0.3440042734146118
vt 0.31778475642204285 0.18641817569732666
vt 0.008303108625113964 0.3440042734146118
vt 0.3178354501724243 0.3727971911430359
vt 0.4494715929031372 0.33916008472442627
vt 0.44946593046188354 0.21995890140533447
vt 0.31778475642204285 0.18641817569732666
vt 0.4494715929031372 0.33916008472442627
vt 0.31778475642204285 0.18641817569732666
vt 0.3178354501724243 0.3727971911430359
vt 0.8248878121376038 0.5940099954605103
vt 0.8248841166496277 0.501062273979187
vt 0.7201406359672546 0.5009801387786865
vt 0.8248878121376038 0.5940099954605103
vt 0.7201406359672546 0.5009801387786865
vt 0.7202171683311462 0.594143271446228
vt 0.10094588249921799 0.07199138402938843
vt 0.00792856328189373 0.07199198007583618
vt 0.007928679697215557 0.16844558715820312
vt 0.10094588249921799 0.07199138402938843
vt 0.007928679697215557 0.16844558715820312
vt 0.10094600170850754 0.16844534873962402
vt 0.8461523652076721 0.8397566825151443
vt 0.8469042181968689 0.7334499061107635
vt 0.7178006172180176 0.7363121509552002
vt 0.8461523652076721 0.8397566825151443
vt 0.7178006172180176 0.7363121509552002
vt 0.7192692160606384 0.8376231789588928
vt 0.7567392587661743 0.9920714367181063
vt 0.7563972473144531 0.8937507942318916
vt 0.4698190987110138 0.8957993015646935
vt 0.7567392587661743 0.9920714367181063
vt 0.4698190987110138 0.8957993015646935
vt 0.4698358178138733 0.9903586087748408
vt 0.46601858735084534 0.3503033518791199
vt 0.7514511346817017 0.3727971911430359
vt 0.7514680624008179 0.21516764163970947
vt 0.46601858735084534 0.3503033518791199
vt 0.7514680624008179 0.21516764163970947
vt 0.4660453200340271 0.2375316023826599
vt 0.46539241075515747 0.10303908586502075
vt 0.4654088020324707 0.19759708642959595
vt 0.7523126602172852 0.19931048154830933
vt 0.46539241075515747 0.10303908586502075
vt 0.7523126602172852 0.19931048154830933
vt 0.751970648765564 0.10099059343338013
vt 0.8827018141746521 0.9900909196585417
vt 0.8827018141746521 0.895410880446434
vt 0.7563972473144531 0.8937507942318916
vt 0.8827018141746521 0.9900909196585417
vt 0.7563972473144531 0.8937507942318916
vt 0.7567392587661743 0.9920714367181063
vt 0.7016968727111816 0.3888823986053467
vt 0.5949110984802246 0.38878947496414185
vt 0.5948383212089539 0.5274586081504822
vt 0.7016968727111816 0.3888823986053467
vt 0.5948383212089539 0.5274586081504822
vt 0.7019435167312622 0.5269453525543213
vt 0.008595655672252178 0.9635974951088428
vt 0.3212423622608185 0.9920714367181063
vt 0.32078316807746887 0.7994035333395004
vt 0.008595655672252178 0.9635974951088428
vt 0.32078316807746887 0.7994035333395004
vt 0.008326229639351368 0.8298143446445465
vt 0.7182979583740234 0.6120921969413757
vt 0.7180636525154114 0.7174386978149414
vt 0.8358054757118225 0.7163534760475159
vt 0.7182979583740234 0.6120921969413757
vt 0.8358054757118225 0.7163534760475159
vt 0.8358054161071777 0.613608181476593
vt 0.009467309340834618 0.5433682203292847
vt 0.14263322949409485 0.5750216543674469
vt 0.14980481564998627 0.5579980611801147
vt 0.009467309340834618 0.5433682203292847
vt 0.14980481564998627 0.5579980611801147
vt 0.028498681262135506 0.5317175388336182
vt 0.008666337467730045 0.4218790531158447
vt 0.027954965829849243 0.4333295226097107
vt 0.14894479513168335 0.40562862157821655
vt 0.008666337467730045 0.4218790531158447
vt 0.14894479513168335 0.40562862157821655
vt 0.1415857970714569 0.38865429162979126
vt 0.9318814873695374 0.7342353463172913
vt 0.9326276779174805 0.839317262172699
vt 0.9371395707130432 0.8393500447273254
vt 0.9318814873695374 0.7342353463172913
vt 0.9371395707130432 0.8393500447273254
vt 0.9363864064216614 0.7342584133148193
vt 0.9363864064216614 0.7342584133148193
vt 0.9371395707130432 0.8393500447273254
vt 0.9669601917266846 0.8397566825151443
vt 0.9363864064216614 0.7342584133148193
vt 0.9669601917266846 0.8397566825151443
vt 0.9660933613777161 0.7348376214504242
vt 0.9706687331199646 0.7348609268665314
vt 0.9660933613777161 0.7348376214504242
vt 0.9669601917266846 0.8397566825151443
vt 0.9706687331199646 0.7348609268665314
vt 0.9669601917266846 0.8397566825151443
vt 0.9715330600738525 0.839745819568634
vt 0.9660933613777161 0.7348376214504242
vt 0.9670126438140869 0.6543192863464355
vt 0.9374022483825684 0.6540655493736267
vt 0.9660933613777161 0.7348376214504242
vt 0.9374022483825684 0.6540655493736267
vt 0.9363864064216614 0.7342584133148193
vt 0.9579371809959412 0.2496657371520996
vt 0.9533602595329285 0.24961036443710327
vt 0.9533599019050598 0.37318533658981323
vt 0.9579371809959412 0.2496657371520996
vt 0.9533599019050598 0.37318533658981323
vt 0.9578987956047058 0.37311607599258423
vt 0.5108558535575867 0.05548572540283203
vt 0.5063129663467407 0.05548572540283203
vt 0.5063129663467407 0.08513343334197998
vt 0.5108558535575867 0.05548572540283203
vt 0.5063129663467407 0.08513343334197998
vt 0.5108558535575867 0.08513343334197998
vt 0.9715508818626404 0.6543716490268707
vt 0.9670126438140869 0.6543192863464355
vt 0.9660933613777161 0.7348376214504242
vt 0.9715508818626404 0.6543716490268707
vt 0.9660933613777161 0.7348376214504242
vt 0.9706687331199646 0.7348609268665314
vt 0.5879130363464355 0.08513343334197998
vt 0.5924559235572815 0.08513343334197998
vt 0.5924559235572815 0.05548572540283203
vt 0.5879130363464355 0.08513343334197998
vt 0.5924559235572815 0.05548572540283203
vt 0.5879130363464355 0.05548572540283203
vt 0.17834128439426422 0.0864177942276001
vt 0.17382879555225372 0.08633065223693848
vt 0.1748666912317276 0.1705610156059265
vt 0.17834128439426422 0.0864177942276001
vt 0.1748666912317276 0.1705610156059265
vt 0.17940452694892883 0.1704813838005066
vt 0.20801861584186554 0.08524054288864136
vt 0.20907042920589447 0.02045142650604248
vt 0.17919930815696716 0.020889759063720703
vt 0.20801861584186554 0.08524054288864136
vt 0.17919930815696716 0.020889759063720703
vt 0.17834128439426422 0.0864177942276001
vt 0.20801861584186554 0.08524054288864136
vt 0.21260274946689606 0.08532953262329102
vt 0.21357294917106628 0.020453274250030518
vt 0.20801861584186554 0.08524054288864136
vt 0.21357294917106628 0.020453274250030518
vt 0.20907042920589447 0.02045142650604248
vt 0.48591288924217224 0.0851333737373352
vt 0.49045583605766296 0.08513343334197998
vt 0.49045583605766296 0.05548572540283203
vt 0.48591288924217224 0.0851333737373352
vt 0.49045583605766296 0.05548572540283203
vt 0.48591291904449463 0.055485665798187256
vt 0.17834128439426422 0.0864177942276001
vt 0.17940452694892883 0.1704813838005066
vt 0.20903076231479645 0.17007851600646973
vt 0.17834128439426422 0.0864177942276001
vt 0.20903076231479645 0.17007851600646973
vt 0.20801861584186554 0.08524054288864136
vt 0.20801861584186554 0.08524054288864136
vt 0.20903076231479645 0.17007851600646973
vt 0.2135728895664215 0.17000073194503784
vt 0.20801861584186554 0.08524054288864136
vt 0.2135728895664215 0.17000073194503784
vt 0.21260274946689606 0.08532953262329102
vt 0.5516558885574341 0.05548572540283203
vt 0.5471130013465881 0.05548572540283203
vt 0.5471130013465881 0.08513343334197998
vt 0.5516558885574341 0.05548572540283203
vt 0.5471130013465881 0.08513343334197998
vt 0.5516558885574341 0.08513343334197998
vt 0.9579371809959412 0.2496657371520996
vt 0.9578987956047058 0.37311607599258423
vt 0.9875292181968689 0.3727707266807556
vt 0.9579371809959412 0.2496657371520996
vt 0.9875292181968689 0.3727707266807556
vt 0.9874283075332642 0.24852412939071655
vt 0.9874283075332642 0.24852412939071655
vt 0.9875645041465759 0.20760023593902588
vt 0.9576964974403381 0.20798814296722412
vt 0.9874283075332642 0.24852412939071655
vt 0.9576964974403381 0.20798814296722412
vt 0.9579371809959412 0.2496657371520996
vt 0.9920715093612671 0.2075996994972229
vt 0.9875645041465759 0.20760023593902588
vt 0.9874283075332642 0.24852412939071655
vt 0.9920715093612671 0.2075996994972229
vt 0.9874283075332642 0.24852412939071655
vt 0.9919255971908569 0.24860191345214844
vt 0.17834128439426422 0.0864177942276001
vt 0.17919930815696716 0.020889759063720703
vt 0.17462004721164703 0.02089834213256836
vt 0.17834128439426422 0.0864177942276001
vt 0.17462004721164703 0.02089834213256836
vt 0.17382879555225372 0.08633065223693848
vt 0.5720559358596802 0.05548572540283203
vt 0.5675130486488342 0.05548572540283203
vt 0.5675130486488342 0.08513343334197998
vt 0.5720559358596802 0.05548572540283203
vt 0.5675130486488342 0.08513343334197998
vt 0.5720559358596802 0.08513343334197998
vt 0.9875292181968689 0.3727707266807556
vt 0.9920715093612671 0.3727028965950012
vt 0.9919255971908569 0.24860191345214844
vt 0.9875292181968689 0.3727707266807556
vt 0.9919255971908569 0.24860191345214844
vt 0.9874283075332642 0.24852412939071655
vt 0.5267130136489868 0.08513343334197998
vt 0.5312559008598328 0.08513343334197998
vt 0.5312559008598328 0.05548572540283203
vt 0.5267130136489868 0.08513343334197998
vt 0.5312559008598328 0.05548572540283203
vt 0.5267130136489868 0.05548572540283203
vt 0.9533602595329285 0.24961036443710327
vt 0.9579371809959412 0.2496657371520996
vt 0.9576964974403381 0.20798814296722412
vt 0.9533602595329285 0.24961036443710327
vt 0.9576964974403381 0.20798814296722412
vt 0.9531224370002747 0.2079973816871643
vt 0.9016494154930115 0.26754873991012573
vt 0.8975040912628174 0.2674870491027832
vt 0.8984609842300415 0.36781221628189087
vt 0.9016494154930115 0.26754873991012573
vt 0.8984609842300415 0.36781221628189087
vt 0.9026932120323181 0.3730720281600952
vt 0.9016494154930115 0.26754873991012573
vt 0.9023608565330505 0.18430286645889282
vt 0.898230791091919 0.190656840801239
vt 0.9016494154930115 0.26754873991012573
vt 0.898230791091919 0.190656840801239
vt 0.8975040912628174 0.2674870491027832
vt 0.9313137531280518 0.26653623580932617
vt 0.9322230815887451 0.18349689245224
vt 0.9023608565330505 0.18430286645889282
vt 0.9313137531280518 0.26653623580932617
vt 0.9023608565330505 0.18430286645889282
vt 0.9016494154930115 0.26754873991012573
vt 0.9313137531280518 0.26653623580932617
vt 0.9355076551437378 0.26659828424453735
vt 0.9364221096038818 0.18862038850784302
vt 0.9313137531280518 0.26653623580932617
vt 0.9364221096038818 0.18862038850784302
vt 0.9322230815887451 0.18349689245224
vt 0.23499879240989685 0.06155693531036377
vt 0.22943007946014404 0.06572222709655762
vt 0.22943013906478882 0.1705610156059265
vt 0.23499879240989685 0.06155693531036377
vt 0.22943013906478882 0.1705610156059265
vt 0.23499885201454163 0.1705610156059265
vt 0.9016494154930115 0.26754873991012573
vt 0.9026932120323181 0.3730720281600952
vt 0.9323306083679199 0.37318533658981323
vt 0.9016494154930115 0.26754873991012573
vt 0.9323306083679199 0.37318533658981323
vt 0.9313137531280518 0.26653623580932617
vt 0.9313137531280518 0.26653623580932617
vt 0.9323306083679199 0.37318533658981323
vt 0.9364221096038818 0.36756211519241333
vt 0.9313137531280518 0.26653623580932617
vt 0.9364221096038818 0.36756211519241333
vt 0.9355076551437378 0.26659828424453735
vt 0.28633150458335876 0.1355884075164795
vt 0.28633156418800354 0.165239155292511
vt 0.39533576369285583 0.165239155292511
vt 0.28633150458335876 0.1355884075164795
vt 0.39533576369285583 0.165239155292511
vt 0.39533576369285583 0.1355884075164795
vt 0.12304958701133728 0.08046400547027588
vt 0.1189301386475563 0.0804370641708374
vt 0.11978960782289505 0.1629611849784851
vt 0.12304958701133728 0.08046400547027588
vt 0.11978960782289505 0.1629611849784851
vt 0.12389188259840012 0.16764742136001587
vt 0.12304958701133728 0.08046400547027588
vt 0.12389188259840012 0.16764742136001587
vt 0.1537056416273117 0.1705610156059265
vt 0.12304958701133728 0.08046400547027588
vt 0.1537056416273117 0.1705610156059265
vt 0.15274176001548767 0.08120965957641602
vt 0.15274176001548767 0.08120965957641602
vt 0.153819739818573 0.010641992092132568
vt 0.12417616695165634 0.014202117919921875
vt 0.15274176001548767 0.08120965957641602
vt 0.12417616695165634 0.014202117919921875
vt 0.12304958701133728 0.08046400547027588
vt 0.3912547826766968 0.10948359966278076
vt 0.3912547826766968 0.07973682880401611
vt 0.28633150458335876 0.07973676919937134
vt 0.3912547826766968 0.10948359966278076
vt 0.28633150458335876 0.07973676919937134
vt 0.28633150458335876 0.10948354005813599
vt 0.1578938215970993 0.016267120838165283
vt 0.153819739818573 0.010641992092132568
vt 0.15274176001548767 0.08120965957641602
vt 0.1578938215970993 0.016267120838165283
vt 0.15274176001548767 0.08120965957641602
vt 0.15694653987884521 0.08123618364334106
vt 0.15694653987884521 0.08123618364334106
vt 0.15274176001548767 0.08120965957641602
vt 0.1537056416273117 0.1705610156059265
vt 0.15694653987884521 0.08123618364334106
vt 0.1537056416273117 0.1705610156059265
vt 0.15788808465003967 0.1658397912979126
vt 0.9320542216300964 0.5603213906288147
vt 0.9329334497451782 0.6326246559619904
vt 0.9370546340942383 0.6381575763225555
vt 0.9320542216300964 0.5603213906288147
vt 0.9370546340942383 0.6381575763225555
vt 0.9361821413040161 0.5602502226829529
vt 0.9656937718391418 0.5615245401859283
vt 0.9361821413040161 0.5602502226829529
vt 0.9370546340942383 0.6381575763225555
vt 0.9656937718391418 0.5615245401859283
vt 0.9370546340942383 0.6381575763225555
vt 0.9664732813835144 0.6346593797206879
vt 0.9320542216300964 0.5603213906288147
vt 0.9361821413040161 0.5602502226829529
vt 0.9371621012687683 0.4627528190612793
vt 0.9320542216300964 0.5603213906288147
vt 0.9371621012687683 0.4627528190612793
vt 0.9329349398612976 0.46737295389175415
vt 0.1189301386475563 0.0804370641708374
vt 0.12304958701133728 0.08046400547027588
vt 0.12417616695165634 0.014202117919921875
vt 0.1189301386475563 0.0804370641708374
vt 0.12417616695165634 0.014202117919921875
vt 0.1199343353509903 0.019694805145263672
vt 0.969889223575592 0.5614689290523529
vt 0.9656937718391418 0.5615245401859283
vt 0.9664732813835144 0.6346593797206879
vt 0.969889223575592 0.5614689290523529
vt 0.9664732813835144 0.6346593797206879
vt 0.9706659317016602 0.6290865540504456
vt 0.9656937718391418 0.5615245401859283
vt 0.966766357421875 0.4654921293258667
vt 0.9371621012687683 0.4627528190612793
vt 0.9656937718391418 0.5615245401859283
vt 0.9371621012687683 0.4627528190612793
vt 0.9361821413040161 0.5602502226829529
vt 0.969889223575592 0.5614689290523529
vt 0.9708696007728577 0.47022873163223267
vt 0.966766357421875 0.4654921293258667
vt 0.969889223575592 0.5614689290523529
vt 0.966766357421875 0.4654921293258667
vt 0.9656937718391418 0.5615245401859283
vt 0.721966028213501 0.3891170024871826
vt 0.7178006172180176 0.393795907497406
vt 0.8268046975135803 0.393795907497406
vt 0.721966028213501 0.3891170024871826
vt 0.8268046975135803 0.393795907497406
vt 0.8268046975135803 0.38911694288253784
vt 0.270474374294281 0.06572222709655762
vt 0.26490554213523865 0.061556875705718994
vt 0.2649056613445282 0.1705610156059265
vt 0.270474374294281 0.06572222709655762
vt 0.2649056613445282 0.1705610156059265
vt 0.270474374294281 0.1705610156059265
vt 0.290496826171875 0.13001960515975952
vt 0.28633150458335876 0.1355884075164795
vt 0.39533576369285583 0.1355884075164795
vt 0.290496826171875 0.13001960515975952
vt 0.39533576369285583 0.1355884075164795
vt 0.39533576369285583 0.13001960515975952
vt 0.43893277645111084 0.1698298454284668
vt 0.43893277645111084 0.13992315530776978
vt 0.4334121644496918 0.14065426588058472
vt 0.43893277645111084 0.1698298454284668
vt 0.4334121644496918 0.14065426588058472
vt 0.4334121644496918 0.1705610156059265
vt 0.4700557589530945 0.08513343334197998
vt 0.4700557589530945 0.05538672208786011
vt 0.46539241075515747 0.05500560998916626
vt 0.4700557589530945 0.08513343334197998
vt 0.46539241075515747 0.05500560998916626
vt 0.46539244055747986 0.08475232124328613
vt 0.4167134761810303 0.12422817945480347
vt 0.4167134761810303 0.09432148933410645
vt 0.4111928939819336 0.09505265951156616
vt 0.4167134761810303 0.12422817945480347
vt 0.4111928939819336 0.09505265951156616
vt 0.4111928939819336 0.12495934963226318
vt 0.9365448951721191 0.4468957185745239
vt 0.9365448951721191 0.41714906692504883
vt 0.9318814873695374 0.4167678952217102
vt 0.9365448951721191 0.4468957185745239
vt 0.9318814873695374 0.4167678952217102
vt 0.9318814873695374 0.4465144872665405
vt 0.41245171427726746 0.14089155197143555
vt 0.4111928939819336 0.1705610156059265
vt 0.417555034160614 0.17046743631362915
vt 0.41245171427726746 0.14089155197143555
vt 0.417555034160614 0.17046743631362915
vt 0.417555034160614 0.14081645011901855
vt 0.43893277645111084 0.1240660548210144
vt 0.43893277645111084 0.0944177508354187
vt 0.43336406350135803 0.09438544511795044
vt 0.43893277645111084 0.1240660548210144
vt 0.43336406350135803 0.09438544511795044
vt 0.43361106514930725 0.12403517961502075
vt 0.7178006172180176 0.4496474266052246
vt 0.7178006172180176 0.4795542359352112
vt 0.8268048167228699 0.4795541763305664
vt 0.7178006172180176 0.4496474266052246
vt 0.8268048167228699 0.4795541763305664
vt 0.8268048167228699 0.4496474266052246
vt 0.7178006768226624 0.4235425591468811
vt 0.721966028213501 0.42822152376174927
vt 0.8268046975135803 0.42822152376174927
vt 0.7178006768226624 0.4235425591468811
vt 0.8268046975135803 0.42822152376174927
vt 0.8268046975135803 0.4235425591468811
vt 0.7178006172180176 0.393795907497406
vt 0.7178006768226624 0.4235425591468811
vt 0.8268046975135803 0.4235425591468811
vt 0.7178006172180176 0.393795907497406
vt 0.8268046975135803 0.4235425591468811
vt 0.8268046975135803 0.393795907497406
vt 0.9025365114212036 0.06219136714935303
vt 0.8974326252937317 0.06635677814483643
vt 0.8974326848983765 0.16763979196548462
vt 0.9025365114212036 0.06219136714935303
vt 0.8974326848983765 0.16763979196548462
vt 0.9025366306304932 0.16763979196548462
vt 0.28633156418800354 0.165239155292511
vt 0.290496826171875 0.1705610156059265
vt 0.39533576369285583 0.17056089639663696
vt 0.28633156418800354 0.165239155292511
vt 0.39533576369285583 0.17056089639663696
vt 0.39533576369285583 0.165239155292511
vt 0.932187557220459 0.06219130754470825
vt 0.9025365114212036 0.06219136714935303
vt 0.9025366306304932 0.16763979196548462
vt 0.932187557220459 0.06219130754470825
vt 0.9025366306304932 0.16763979196548462
vt 0.9321876168251038 0.16763973236083984
vt 0.9385504126548767 0.06635671854019165
vt 0.932187557220459 0.06219130754470825
vt 0.9321876168251038 0.16763973236083984
vt 0.9385504126548767 0.06635671854019165
vt 0.9321876168251038 0.16763973236083984
vt 0.9385504126548767 0.16763973236083984
vt 0.721966028213501 0.4440786838531494
vt 0.7178006172180176 0.4496474266052246
vt 0.8268048167228699 0.4496474266052246
vt 0.721966028213501 0.4440786838531494
vt 0.8268048167228699 0.4496474266052246
vt 0.8268048167228699 0.4440786838531494
vt 0.3870893716812134 0.11416250467300415
vt 0.3912547826766968 0.10948359966278076
vt 0.28633150458335876 0.10948354005813599
vt 0.3870893716812134 0.11416250467300415
vt 0.28633150458335876 0.10948354005813599
vt 0.28633150458335876 0.11416226625442505
vt 0.26490554213523865 0.061556875705718994
vt 0.23499879240989685 0.06155693531036377
vt 0.23499885201454163 0.1705610156059265
vt 0.26490554213523865 0.061556875705718994
vt 0.23499885201454163 0.1705610156059265
vt 0.2649056613445282 0.1705610156059265
vt 0.7178006172180176 0.4795542359352112
vt 0.721966028213501 0.48512303829193115
vt 0.8268048167228699 0.4851229786872864
vt 0.7178006172180176 0.4795542359352112
vt 0.8268048167228699 0.4851229786872864
vt 0.8268048167228699 0.4795541763305664
vt 0.3912547826766968 0.07973682880401611
vt 0.3870893716812134 0.07505786418914795
vt 0.28633150458335876 0.07505804300308228
vt 0.3912547826766968 0.07973682880401611
vt 0.28633150458335876 0.07505804300308228
vt 0.28633150458335876 0.07973676919937134
vt 0.6138916611671448 0.5262478291988373
vt 0.6069791316986084 0.5253534317016602
vt 0.6190598607063293 0.8397566825151443
vt 0.6138916611671448 0.5262478291988373
vt 0.6190598607063293 0.8397566825151443
vt 0.6257161498069763 0.8373701423406601
vt 0.9318814873695374 0.7342353463172913
vt 0.9363864064216614 0.7342584133148193
vt 0.9374022483825684 0.6540655493736267
vt 0.9318814873695374 0.7342353463172913
vt 0.9374022483825684 0.6540655493736267
vt 0.9328663349151611 0.6540147066116333
vt 0.5784483551979065 0.8397107422351837
vt 0.5787146091461182 0.7013961970806122
vt 0.4715813398361206 0.7012651562690735
vt 0.5784483551979065 0.8397107422351837
vt 0.4715813398361206 0.7012651562690735
vt 0.47161877155303955 0.8397566825151443
vt 0.32078316807746887 0.7994035333395004
vt 0.3212423622608185 0.9920714367181063
vt 0.4539467990398407 0.957150150090456
vt 0.32078316807746887 0.7994035333395004
vt 0.4539467990398407 0.957150150090456
vt 0.453820139169693 0.8334684073925018
vt 0.6991825103759766 0.839718833565712
vt 0.7019435167312622 0.5269453525543213
vt 0.5948383212089539 0.5274586081504822
vt 0.6991825103759766 0.839718833565712
vt 0.5948383212089539 0.5274586081504822
vt 0.5967853665351868 0.8397566825151443
vt 0.45452243089675903 0.4169083833694458
vt 0.4346500039100647 0.42831307649612427
vt 0.43460613489151 0.5346471965312958
vt 0.45452243089675903 0.4169083833694458
vt 0.43460613489151 0.5346471965312958
vt 0.4542640447616577 0.5461574792861938
vt 0.028498681262135506 0.5317175388336182
vt 0.027954965829849243 0.4333295226097107
vt 0.008200755342841148 0.42260241508483887
vt 0.028498681262135506 0.5317175388336182
vt 0.008200755342841148 0.42260241508483887
vt 0.009002306498587132 0.5426449775695801
vt 0.45372676849365234 0.5469815731048584
vt 0.43460613489151 0.5346471965312958
vt 0.14980481564998627 0.5579980611801147
vt 0.45372676849365234 0.5469815731048584
vt 0.14980481564998627 0.5579980611801147
vt 0.14263322949409485 0.5750216543674469
vt 0.1415857970714569 0.38865429162979126
vt 0.14894479513168335 0.40562862157821655
vt 0.4346500039100647 0.42831307649612427
vt 0.1415857970714569 0.38865429162979126
vt 0.4346500039100647 0.42831307649612427
vt 0.45400354266166687 0.4160613417625427
vt 0.47437363862991333 0.38865429162979126
vt 0.4715813398361206 0.7012651562690735
vt 0.5787146091461182 0.7013961970806122
vt 0.47437363862991333 0.38865429162979126
vt 0.5787146091461182 0.7013961970806122
vt 0.5768039226531982 0.3889622688293457
vt 0.751970648765564 0.10099059343338013
vt 0.7523126602172852 0.19931048154830933
vt 0.8782748579978943 0.19733017683029175
vt 0.751970648765564 0.10099059343338013
vt 0.8782748579978943 0.19733017683029175
vt 0.8782748579978943 0.10265064239501953
vt 0.8733600974082947 0.24156755208969116
vt 0.7514680624008179 0.21516764163970947
vt 0.7514511346817017 0.3727971911430359
vt 0.8733600974082947 0.24156755208969116
vt 0.7514511346817017 0.3727971911430359
vt 0.87340247631073 0.34643423557281494
vt 0.8248878121376038 0.5940099954605103
vt 0.8248841166496277 0.501062273979187
vt 0.7201406359672546 0.5009801387786865
vt 0.8248878121376038 0.5940099954605103
vt 0.7201406359672546 0.5009801387786865
vt 0.7202171683311462 0.594143271446228
vt 0.10094588249921799 0.07199138402938843
vt 0.00792856328189373 0.07199198007583618
vt 0.007928679697215557 0.16844558715820312
vt 0.10094588249921799 0.07199138402938843
vt 0.007928679697215557 0.16844558715820312
vt 0.10094600170850754 0.16844534873962402
vt 0.8461523652076721 0.8397566825151443
vt 0.8469042181968689 0.7334499061107635
vt 0.7178006172180176 0.7363121509552002
vt 0.8461523652076721 0.8397566825151443
vt 0.7178006172180176 0.7363121509552002
vt 0.7192692160606384 0.8376231789588928
vt 0.7567392587661743 0.9920714367181063
vt 0.7563972473144531 0.8937507942318916
vt 0.4698190987110138 0.8957993015646935
vt 0.7567392587661743 0.9920714367181063
vt 0.4698190987110138 0.8957993015646935
vt 0.4698358178138733 0.9903586087748408
vt 0.46601858735084534 0.3503033518791199
vt 0.7514511346817017 0.3727971911430359
vt 0.7514680624008179 0.21516764163970947
vt 0.46601858735084534 0.3503033518791199
vt 0.7514680624008179 0.21516764163970947
vt 0.4660453200340271 0.2375316023826599
vt 0.46539241075515747 0.10303908586502075
vt 0.4654088020324707 0.19759708642959595
vt 0.7523126602172852 0.19931048154830933
vt 0.46539241075515747 0.10303908586502075
vt 0.7523126602172852 0.19931048154830933
vt 0.751970648765564 0.10099059343338013
vt 0.8827018141746521 0.9900909196585417
vt 0.8827018141746521 0.895410880446434
vt 0.7563972473144531 0.8937507942318916
vt 0.8827018141746521 0.9900909196585417
vt 0.7563972473144531 0.8937507942318916
vt 0.7567392587661743 0.9920714367181063
vt 0.7016968727111816 0.3888823986053467
vt 0.5949110984802246 0.38878947496414185
vt 0.5948383212089539 0.5274586081504822
vt 0.7016968727111816 0.3888823986053467
vt 0.5948383212089539 0.5274586081504822
vt 0.7019435167312622 0.5269453525543213
vt 0.008595655672252178 0.9635974951088428
vt 0.3212423622608185 0.9920714367181063
vt 0.32078316807746887 0.7994035333395004
vt 0.008595655672252178 0.9635974951088428
vt 0.32078316807746887 0.7994035333395004
vt 0.008326229639351368 0.8298143446445465
vt 0.7182979583740234 0.6120921969413757
vt 0.7180636525154114 0.7174386978149414
vt 0.8358054757118225 0.7163534760475159
vt 0.7182979583740234 0.6120921969413757
vt 0.8358054757118225 0.7163534760475159
vt 0.8358054161071777 0.613608181476593
vt 0.009467309340834618 0.5433682203292847
vt 0.14263322949409485 0.5750216543674469
vt 0.14980481564998627 0.5579980611801147
vt 0.009467309340834618 0.5433682203292847
vt 0.14980481564998627 0.5579980611801147
vt 0.028498681262135506 0.5317175388336182
vt 0.008666337467730045 0.4218790531158447
vt 0.027954965829849243 0.4333295226097107
vt 0.14894479513168335 0.40562862157821655
vt 0.008666337467730045 0.4218790531158447
vt 0.14894479513168335 0.40562862157821655
vt 0.1415857970714569 0.38865429162979126
vt 0.9016494154930115 0.26754873991012573
vt 0.8975040912628174 0.2674870491027832
vt 0.8984609842300415 0.36781221628189087
vt 0.9016494154930115 0.26754873991012573
vt 0.8984609842300415 0.36781221628189087
vt 0.9026932120323181 0.3730720281600952
vt 0.9016494154930115 0.26754873991012573
vt 0.9023608565330505 0.18430286645889282
vt 0.898230791091919 0.190656840801239
vt 0.9016494154930115 0.26754873991012573
vt 0.898230791091919 0.190656840801239
vt 0.8975040912628174 0.2674870491027832
vt 0.9313137531280518 0.26653623580932617
vt 0.9322230815887451 0.18349689245224
vt 0.9023608565330505 0.18430286645889282
vt 0.9313137531280518 0.26653623580932617
vt 0.9023608565330505 0.18430286645889282
vt 0.9016494154930115 0.26754873991012573
vt 0.9313137531280518 0.26653623580932617
vt 0.9355076551437378 0.26659828424453735
vt 0.9364221096038818 0.18862038850784302
vt 0.9313137531280518 0.26653623580932617
vt 0.9364221096038818 0.18862038850784302
vt 0.9322230815887451 0.18349689245224
vt 0.23499879240989685 0.06155693531036377
vt 0.22943007946014404 0.06572222709655762
vt 0.22943013906478882 0.1705610156059265
vt 0.23499879240989685 0.06155693531036377
vt 0.22943013906478882 0.1705610156059265
vt 0.23499885201454163 0.1705610156059265
vt 0.9016494154930115 0.26754873991012573
vt 0.9026932120323181 0.3730720281600952
vt 0.9323306083679199 0.37318533658981323
vt 0.9016494154930115 0.26754873991012573
vt 0.9323306083679199 0.37318533658981323
vt 0.9313137531280518 0.26653623580932617
vt 0.9313137531280518 0.26653623580932617
vt 0.9323306083679199 0.37318533658981323
vt 0.9364221096038818 0.36756211519241333
vt 0.9313137531280518 0.26653623580932617
vt 0.9364221096038818 0.36756211519241333
vt 0.9355076551437378 0.26659828424453735
vt 0.28633150458335876 0.1355884075164795
vt 0.28633156418800354 0.165239155292511
vt 0.39533576369285583 0.165239155292511
vt 0.28633150458335876 0.1355884075164795
vt 0.39533576369285583 0.165239155292511
vt 0.39533576369285583 0.1355884075164795
vt 0.12304958701133728 0.08046400547027588
vt 0.1189301386475563 0.0804370641708374
vt 0.11978960782289505 0.1629611849784851
vt 0.12304958701133728 0.08046400547027588
vt 0.11978960782289505 0.1629611849784851
vt 0.12389188259840012 0.16764742136001587
vt 0.12304958701133728 0.08046400547027588
vt 0.12389188259840012 0.16764742136001587
vt 0.1537056416273117 0.1705610156059265
vt 0.12304958701133728 0.08046400547027588
vt 0.1537056416273117 0.1705610156059265
vt 0.15274176001548767 0.08120965957641602
vt 0.15274176001548767 0.08120965957641602
vt 0.153819739818573 0.010641992092132568
vt 0.12417616695165634 0.014202117919921875
vt 0.15274176001548767 0.08120965957641602
vt 0.12417616695165634 0.014202117919921875
vt 0.12304958701133728 0.08046400547027588
vt 0.3912547826766968 0.10948359966278076
vt 0.3912547826766968 0.07973682880401611
vt 0.28633150458335876 0.07973676919937134
vt 0.3912547826766968 0.10948359966278076
vt 0.28633150458335876 0.07973676919937134
vt 0.28633150458335876 0.10948354005813599
vt 0.1578938215970993 0.016267120838165283
vt 0.153819739818573 0.010641992092132568
vt 0.15274176001548767 0.08120965957641602
vt 0.1578938215970993 0.016267120838165283
vt 0.15274176001548767 0.08120965957641602
vt 0.15694653987884521 0.08123618364334106
vt 0.15694653987884521 0.08123618364334106
vt 0.15274176001548767 0.08120965957641602
vt 0.1537056416273117 0.1705610156059265
vt 0.15694653987884521 0.08123618364334106
vt 0.1537056416273117 0.1705610156059265
vt 0.15788808465003967 0.1658397912979126
vt 0.9320542216300964 0.5603213906288147
vt 0.9329334497451782 0.6326246559619904
vt 0.9370546340942383 0.6381575763225555
vt 0.9320542216300964 0.5603213906288147
vt 0.9370546340942383 0.6381575763225555
vt 0.9361821413040161 0.5602502226829529
vt 0.9656937718391418 0.5615245401859283
vt 0.9361821413040161 0.5602502226829529
vt 0.9370546340942383 0.6381575763225555
vt 0.9656937718391418 0.5615245401859283
vt 0.9370546340942383 0.6381575763225555
vt 0.9664732813835144 0.6346593797206879
vt 0.9320542216300964 0.5603213906288147
vt 0.9361821413040161 0.5602502226829529
vt 0.9371621012687683 0.4627528190612793
vt 0.9320542216300964 0.5603213906288147
vt 0.9371621012687683 0.4627528190612793
vt 0.9329349398612976 0.46737295389175415
vt 0.1189301386475563 0.0804370641708374
vt 0.12304958701133728 0.08046400547027588
vt 0.12417616695165634 0.014202117919921875
vt 0.1189301386475563 0.0804370641708374
vt 0.12417616695165634 0.014202117919921875
vt 0.1199343353509903 0.019694805145263672
vt 0.969889223575592 0.5614689290523529
vt 0.9656937718391418 0.5615245401859283
vt 0.9664732813835144 0.6346593797206879
vt 0.969889223575592 0.5614689290523529
vt 0.9664732813835144 0.6346593797206879
vt 0.9706659317016602 0.6290865540504456
vt 0.9656937718391418 0.5615245401859283
vt 0.966766357421875 0.4654921293258667
vt 0.9371621012687683 0.4627528190612793
vt 0.9656937718391418 0.5615245401859283
vt 0.9371621012687683 0.4627528190612793
vt 0.9361821413040161 0.5602502226829529
vt 0.969889223575592 0.5614689290523529
vt 0.9708696007728577 0.47022873163223267
vt 0.966766357421875 0.4654921293258667
vt 0.969889223575592 0.5614689290523529
vt 0.966766357421875 0.4654921293258667
vt 0.9656937718391418 0.5615245401859283
vt 0.721966028213501 0.3891170024871826
vt 0.7178006172180176 0.393795907497406
vt 0.8268046975135803 0.393795907497406
vt 0.721966028213501 0.3891170024871826
vt 0.8268046975135803 0.393795907497406
vt 0.8268046975135803 0.38911694288253784
vt 0.270474374294281 0.06572222709655762
vt 0.26490554213523865 0.061556875705718994
vt 0.2649056613445282 0.1705610156059265
vt 0.270474374294281 0.06572222709655762
vt 0.2649056613445282 0.1705610156059265
vt 0.270474374294281 0.1705610156059265
vt 0.290496826171875 0.13001960515975952
vt 0.28633150458335876 0.1355884075164795
vt 0.39533576369285583 0.1355884075164795
vt 0.290496826171875 0.13001960515975952
vt 0.39533576369285583 0.1355884075164795
vt 0.39533576369285583 0.13001960515975952
vt 0.43893277645111084 0.1698298454284668
vt 0.43893277645111084 0.13992315530776978
vt 0.4334121644496918 0.14065426588058472
vt 0.43893277645111084 0.1698298454284668
vt 0.4334121644496918 0.14065426588058472
vt 0.4334121644496918 0.1705610156059265
vt 0.4700557589530945 0.08513343334197998
vt 0.4700557589530945 0.05538672208786011
vt 0.46539241075515747 0.05500560998916626
vt 0.4700557589530945 0.08513343334197998
vt 0.46539241075515747 0.05500560998916626
vt 0.46539244055747986 0.08475232124328613
vt 0.4167134761810303 0.12422817945480347
vt 0.4167134761810303 0.09432148933410645
vt 0.4111928939819336 0.09505265951156616
vt 0.4167134761810303 0.12422817945480347
vt 0.4111928939819336 0.09505265951156616
vt 0.4111928939819336 0.12495934963226318
vt 0.9365448951721191 0.4468957185745239
vt 0.9365448951721191 0.41714906692504883
vt 0.9318814873695374 0.4167678952217102
vt 0.9365448951721191 0.4468957185745239
vt 0.9318814873695374 0.4167678952217102
vt 0.9318814873695374 0.4465144872665405
vt 0.41245171427726746 0.14089155197143555
vt 0.4111928939819336 0.1705610156059265
vt 0.417555034160614 0.17046743631362915
vt 0.41245171427726746 0.14089155197143555
vt 0.417555034160614 0.17046743631362915
vt 0.417555034160614 0.14081645011901855
vt 0.43893277645111084 0.1240660548210144
vt 0.43893277645111084 0.0944177508354187
vt 0.43336406350135803 0.09438544511795044
vt 0.43893277645111084 0.1240660548210144
vt 0.43336406350135803 0.09438544511795044
vt 0.43361106514930725 0.12403517961502075
vt 0.7178006172180176 0.4496474266052246
vt 0.7178006172180176 0.4795542359352112
vt 0.8268048167228699 0.4795541763305664
vt 0.7178006172180176 0.4496474266052246
vt 0.8268048167228699 0.4795541763305664
vt 0.8268048167228699 0.4496474266052246
vt 0.7178006768226624 0.4235425591468811
vt 0.721966028213501 0.42822152376174927
vt 0.8268046975135803 0.42822152376174927
vt 0.7178006768226624 0.4235425591468811
vt 0.8268046975135803 0.42822152376174927
vt 0.8268046975135803 0.4235425591468811
vt 0.7178006172180176 0.393795907497406
vt 0.7178006768226624 0.4235425591468811
vt 0.8268046975135803 0.4235425591468811
vt 0.7178006172180176 0.393795907497406
vt 0.8268046975135803 0.4235425591468811
vt 0.8268046975135803 0.393795907497406
vt 0.9025365114212036 0.06219136714935303
vt 0.8974326252937317 0.06635677814483643
vt 0.8974326848983765 0.16763979196548462
vt 0.9025365114212036 0.06219136714935303
vt 0.8974326848983765 0.16763979196548462
vt 0.9025366306304932 0.16763979196548462
vt 0.28633156418800354 0.165239155292511
vt 0.290496826171875 0.1705610156059265
vt 0.39533576369285583 0.17056089639663696
vt 0.28633156418800354 0.165239155292511
vt 0.39533576369285583 0.17056089639663696
vt 0.39533576369285583 0.165239155292511
vt 0.932187557220459 0.06219130754470825
vt 0.9025365114212036 0.06219136714935303
vt 0.9025366306304932 0.16763979196548462
vt 0.932187557220459 0.06219130754470825
vt 0.9025366306304932 0.16763979196548462
vt 0.9321876168251038 0.16763973236083984
vt 0.9385504126548767 0.06635671854019165
vt 0.932187557220459 0.06219130754470825
vt 0.9321876168251038 0.16763973236083984
vt 0.9385504126548767 0.06635671854019165
vt 0.9321876168251038 0.16763973236083984
vt 0.9385504126548767 0.16763973236083984
vt 0.721966028213501 0.4440786838531494
vt 0.7178006172180176 0.4496474266052246
vt 0.8268048167228699 0.4496474266052246
vt 0.721966028213501 0.4440786838531494
vt 0.8268048167228699 0.4496474266052246
vt 0.8268048167228699 0.4440786838531494
vt 0.3870893716812134 0.11416250467300415
vt 0.3912547826766968 0.10948359966278076
vt 0.28633150458335876 0.10948354005813599
vt 0.3870893716812134 0.11416250467300415
vt 0.28633150458335876 0.10948354005813599
vt 0.28633150458335876 0.11416226625442505
vt 0.26490554213523865 0.061556875705718994
vt 0.23499879240989685 0.06155693531036377
vt 0.23499885201454163 0.1705610156059265
vt 0.26490554213523865 0.061556875705718994
vt 0.23499885201454163 0.1705610156059265
vt 0.2649056613445282 0.1705610156059265
vt 0.7178006172180176 0.4795542359352112
vt 0.721966028213501 0.48512303829193115
vt 0.8268048167228699 0.4851229786872864
vt 0.7178006172180176 0.4795542359352112
vt 0.8268048167228699 0.4851229786872864
vt 0.8268048167228699 0.4795541763305664
vt 0.3912547826766968 0.07973682880401611
vt 0.3870893716812134 0.07505786418914795
vt 0.28633150458335876 0.07505804300308228
vt 0.3912547826766968 0.07973682880401611
vt 0.28633150458335876 0.07505804300308228
vt 0.28633150458335876 0.07973676919937134
vt 0.008326571434736252 0.7531383186578751
vt 0.320782870054245 0.7835464030504227
vt 0.32124149799346924 0.5908787846565247
vt 0.008326571434736252 0.7531383186578751
vt 0.32124149799346924 0.5908787846565247
vt 0.00859456043690443 0.619353860616684
vt 0.4539462924003601 0.6257981956005096
vt 0.32124149799346924 0.5908787846565247
vt 0.320782870054245 0.7835464030504227
vt 0.4539462924003601 0.6257981956005096
vt 0.320782870054245 0.7835464030504227
vt 0.4538199305534363 0.7494807243347168
vt 0.6415112018585205 0.7038709223270416
vt 0.6483378410339355 0.702979564666748
vt 0.6601029634475708 0.39064937829971313
vt 0.6415112018585205 0.7038709223270416
vt 0.6601029634475708 0.39064937829971313
vt 0.653387188911438 0.38824737071990967
vt 0.6189290285110474 0.387812077999115
vt 0.606917142868042 0.5241230428218842
vt 0.6138296127319336 0.5250174403190613
vt 0.6189290285110474 0.387812077999115
vt 0.6138296127319336 0.5250174403190613
vt 0.6256541013717651 0.39026081562042236
vt 0.6523032188415527 0.6436815857887268
vt 0.6523032188415527 0.5191429853439331
vt 0.6451200246810913 0.51829394698143
vt 0.6523032188415527 0.6436815857887268
vt 0.6451200246810913 0.51829394698143
vt 0.6448328495025635 0.6444138288497925
vt 0.6601029634475708 0.8361030519008636
vt 0.6483378410339355 0.702979564666748
vt 0.6415112018585205 0.7038709223270416
vt 0.6601029634475708 0.8361030519008636
vt 0.6415112018585205 0.7038709223270416
vt 0.6534606218338013 0.8385262936353683
vt 0.6756749749183655 0.5279825031757355
vt 0.6757861375808716 0.644599050283432
vt 0.6830205917358398 0.6436109840869904
vt 0.6756749749183655 0.5279825031757355
vt 0.6830205917358398 0.6436109840869904
vt 0.6830205917358398 0.5291257202625275
vt 0.31778475642204285 0.18641817569732666
vt 0.008291750214993954 0.21535223722457886
vt 0.008303108625113964 0.3440042734146118
vt 0.31778475642204285 0.18641817569732666
vt 0.008303108625113964 0.3440042734146118
vt 0.3178354501724243 0.3727971911430359
vt 0.4494715929031372 0.33916008472442627
vt 0.44946593046188354 0.21995890140533447
vt 0.31778475642204285 0.18641817569732666
vt 0.4494715929031372 0.33916008472442627
vt 0.31778475642204285 0.18641817569732666
vt 0.3178354501724243 0.3727971911430359
vt 0.9318814873695374 0.7342353463172913
vt 0.9326276779174805 0.839317262172699
vt 0.9371395707130432 0.8393500447273254
vt 0.9318814873695374 0.7342353463172913
vt 0.9371395707130432 0.8393500447273254
vt 0.9363864064216614 0.7342584133148193
vt 0.9363864064216614 0.7342584133148193
vt 0.9371395707130432 0.8393500447273254
vt 0.9669601917266846 0.8397566825151443
vt 0.9363864064216614 0.7342584133148193
vt 0.9669601917266846 0.8397566825151443
vt 0.9660933613777161 0.7348376214504242
vt 0.9706687331199646 0.7348609268665314
vt 0.9660933613777161 0.7348376214504242
vt 0.9669601917266846 0.8397566825151443
vt 0.9706687331199646 0.7348609268665314
vt 0.9669601917266846 0.8397566825151443
vt 0.9715330600738525 0.839745819568634
vt 0.9660933613777161 0.7348376214504242
vt 0.9670126438140869 0.6543192863464355
vt 0.9374022483825684 0.6540655493736267
vt 0.9660933613777161 0.7348376214504242
vt 0.9374022483825684 0.6540655493736267
vt 0.9363864064216614 0.7342584133148193
vt 0.9579371809959412 0.2496657371520996
vt 0.9533602595329285 0.24961036443710327
vt 0.9533599019050598 0.37318533658981323
vt 0.9579371809959412 0.2496657371520996
vt 0.9533599019050598 0.37318533658981323
vt 0.9578987956047058 0.37311607599258423
vt 0.5108558535575867 0.05548572540283203
vt 0.5063129663467407 0.05548572540283203
vt 0.5063129663467407 0.08513343334197998
vt 0.5108558535575867 0.05548572540283203
vt 0.5063129663467407 0.08513343334197998
vt 0.5108558535575867 0.08513343334197998
vt 0.9715508818626404 0.6543716490268707
vt 0.9670126438140869 0.6543192863464355
vt 0.9660933613777161 0.7348376214504242
vt 0.9715508818626404 0.6543716490268707
vt 0.9660933613777161 0.7348376214504242
vt 0.9706687331199646 0.7348609268665314
vt 0.5879130363464355 0.08513343334197998
vt 0.5924559235572815 0.08513343334197998
vt 0.5924559235572815 0.05548572540283203
vt 0.5879130363464355 0.08513343334197998
vt 0.5924559235572815 0.05548572540283203
vt 0.5879130363464355 0.05548572540283203
vt 0.17834128439426422 0.0864177942276001
vt 0.17382879555225372 0.08633065223693848
vt 0.1748666912317276 0.1705610156059265
vt 0.17834128439426422 0.0864177942276001
vt 0.1748666912317276 0.1705610156059265
vt 0.17940452694892883 0.1704813838005066
vt 0.20801861584186554 0.08524054288864136
vt 0.20907042920589447 0.02045142650604248
vt 0.17919930815696716 0.020889759063720703
vt 0.20801861584186554 0.08524054288864136
vt 0.17919930815696716 0.020889759063720703
vt 0.17834128439426422 0.0864177942276001
vt 0.20801861584186554 0.08524054288864136
vt 0.21260274946689606 0.08532953262329102
vt 0.21357294917106628 0.020453274250030518
vt 0.20801861584186554 0.08524054288864136
vt 0.21357294917106628 0.020453274250030518
vt 0.20907042920589447 0.02045142650604248
vt 0.48591288924217224 0.0851333737373352
vt 0.49045583605766296 0.08513343334197998
vt 0.49045583605766296 0.05548572540283203
vt 0.48591288924217224 0.0851333737373352
vt 0.49045583605766296 0.05548572540283203
vt 0.48591291904449463 0.055485665798187256
vt 0.17834128439426422 0.0864177942276001
vt 0.17940452694892883 0.1704813838005066
vt 0.20903076231479645 0.17007851600646973
vt 0.17834128439426422 0.0864177942276001
vt 0.20903076231479645 0.17007851600646973
vt 0.20801861584186554 0.08524054288864136
vt 0.20801861584186554 0.08524054288864136
vt 0.20903076231479645 0.17007851600646973
vt 0.2135728895664215 0.17000073194503784
vt 0.20801861584186554 0.08524054288864136
vt 0.2135728895664215 0.17000073194503784
vt 0.21260274946689606 0.08532953262329102
vt 0.5516558885574341 0.05548572540283203
vt 0.5471130013465881 0.05548572540283203
vt 0.5471130013465881 0.08513343334197998
vt 0.5516558885574341 0.05548572540283203
vt 0.5471130013465881 0.08513343334197998
vt 0.5516558885574341 0.08513343334197998
vt 0.9579371809959412 0.2496657371520996
vt 0.9578987956047058 0.37311607599258423
vt 0.9875292181968689 0.3727707266807556
vt 0.9579371809959412 0.2496657371520996
vt 0.9875292181968689 0.3727707266807556
vt 0.9874283075332642 0.24852412939071655
vt 0.9874283075332642 0.24852412939071655
vt 0.9875645041465759 0.20760023593902588
vt 0.9576964974403381 0.20798814296722412
vt 0.9874283075332642 0.24852412939071655
vt 0.9576964974403381 0.20798814296722412
vt 0.9579371809959412 0.2496657371520996
vt 0.9920715093612671 0.2075996994972229
vt 0.9875645041465759 0.20760023593902588
vt 0.9874283075332642 0.24852412939071655
vt 0.9920715093612671 0.2075996994972229
vt 0.9874283075332642 0.24852412939071655
vt 0.9919255971908569 0.24860191345214844
vt 0.17834128439426422 0.0864177942276001
vt 0.17919930815696716 0.020889759063720703
vt 0.17462004721164703 0.02089834213256836
vt 0.17834128439426422 0.0864177942276001
vt 0.17462004721164703 0.02089834213256836
vt 0.17382879555225372 0.08633065223693848
vt 0.5720559358596802 0.05548572540283203
vt 0.5675130486488342 0.05548572540283203
vt 0.5675130486488342 0.08513343334197998
vt 0.5720559358596802 0.05548572540283203
vt 0.5675130486488342 0.08513343334197998
vt 0.5720559358596802 0.08513343334197998
vt 0.9875292181968689 0.3727707266807556
vt 0.9920715093612671 0.3727028965950012
vt 0.9919255971908569 0.24860191345214844
vt 0.9875292181968689 0.3727707266807556
vt 0.9919255971908569 0.24860191345214844
vt 0.9874283075332642 0.24852412939071655
vt 0.5267130136489868 0.08513343334197998
vt 0.5312559008598328 0.08513343334197998
vt 0.5312559008598328 0.05548572540283203
vt 0.5267130136489868 0.08513343334197998
vt 0.5312559008598328 0.05548572540283203
vt 0.5267130136489868 0.05548572540283203
vt 0.9533602595329285 0.24961036443710327
vt 0.9579371809959412 0.2496657371520996
vt 0.9576964974403381 0.20798814296722412
vt 0.9533602595329285 0.24961036443710327
vt 0.9576964974403381 0.20798814296722412
vt 0.9531224370002747 0.2079973816871643
vt 0.6138296127319336 0.5250174403190613
vt 0.606917142868042 0.5241230428218842
vt 0.6189978122711182 0.8385262936353683
vt 0.6138296127319336 0.5250174403190613
vt 0.6189978122711182 0.8385262936353683
vt 0.6256541013717651 0.8361397534608841
vt 0.9318814873695374 0.7342353463172913
vt 0.9363864064216614 0.7342584133148193
vt 0.9374022483825684 0.6540655493736267
vt 0.9318814873695374 0.7342353463172913
vt 0.9374022483825684 0.6540655493736267
vt 0.9328663349151611 0.6540147066116333
vn -2.347349266074095e-7 0.9999999999999718 3.879144472307307e-8
vn -2.347349266074095e-7 0.9999999999999718 3.879144472307307e-8
vn -2.347349266074095e-7 0.9999999999999718 3.879144472307307e-8
vn -2.347349266074095e-7 0.9999999999999718 3.879144472307307e-8
vn -2.347349266074095e-7 0.9999999999999718 3.879144472307307e-8
vn -2.347349266074095e-7 0.9999999999999718 3.879144472307307e-8
vn -4.276151344128771e-7 0.9999999999999054 8.00929669253416e-8
vn -4.276151344128771e-7 0.9999999999999054 8.00929669253416e-8
vn -4.276151344128771e-7 0.9999999999999054 8.00929669253416e-8
vn -4.276151344128771e-7 0.9999999999999054 8.00929669253416e-8
vn -4.276151344128771e-7 0.9999999999999054 8.00929669253416e-8
vn -4.276151344128771e-7 0.9999999999999054 8.00929669253416e-8
vn -0.9459968955592579 -0.14143347964852176 0.2916958080376847
vn -0.9459968955592579 -0.14143347964852176 0.2916958080376847
vn -0.9459968955592579 -0.14143347964852176 0.2916958080376847
vn -0.9459968955592579 -0.14143347964852176 0.2916958080376847
vn -0.9459968955592579 -0.14143347964852176 0.2916958080376847
vn -0.9459968955592579 -0.14143347964852176 0.2916958080376847
vn 0.8951523891572261 0 -0.4457602496702798
vn 0.8951523891572261 0 -0.4457602496702798
vn 0.8951523891572261 0 -0.4457602496702798
vn 0.8951523891572261 0 -0.4457602496702798
vn 0.8951523891572261 0 -0.4457602496702798
vn 0.8951523891572261 0 -0.4457602496702798
vn -3.5857308944284576e-7 -0.9999999999999305 1.0300097130765801e-7
vn -3.5857308944284576e-7 -0.9999999999999305 1.0300097130765801e-7
vn -3.5857308944284576e-7 -0.9999999999999305 1.0300097130765801e-7
vn -3.5857308944284576e-7 -0.9999999999999305 1.0300097130765801e-7
vn -3.5857308944284576e-7 -0.9999999999999305 1.0300097130765801e-7
vn -3.5857308944284576e-7 -0.9999999999999305 1.0300097130765801e-7
vn -0.955489492877794 0 0.2950251328279264
vn -0.955489492877794 0 0.2950251328279264
vn -0.955489492877794 0 0.2950251328279264
vn -0.955489492877794 0 0.2950251328279264
vn -0.955489492877794 0 0.2950251328279264
vn -0.955489492877794 0 0.2950251328279264
vn 0.01823193727480752 0.995897987209354 0.0886272843743106
vn 0.01823193727480752 0.995897987209354 0.0886272843743106
vn 0.01823193727480752 0.995897987209354 0.0886272843743106
vn 0.01823193727480752 0.995897987209354 0.0886272843743106
vn 0.01823193727480752 0.995897987209354 0.0886272843743106
vn 0.01823193727480752 0.995897987209354 0.0886272843743106
vn 0.8840322392116747 -0.1601623278187403 -0.43912985412298544
vn 0.8840322392116747 -0.1601623278187403 -0.43912985412298544
vn 0.8840322392116747 -0.1601623278187403 -0.43912985412298544
vn 0.8840322392116747 -0.1601623278187403 -0.43912985412298544
vn 0.8840322392116747 -0.1601623278187403 -0.43912985412298544
vn 0.8840322392116747 -0.1601623278187403 -0.43912985412298544
vn 0.20063045989998685 -0.09249290994086705 0.9752909720544893
vn 0.20063045989998685 -0.09249290994086705 0.9752909720544893
vn 0.20063045989998685 -0.09249290994086705 0.9752909720544893
vn 0.20063045989998685 -0.09249290994086705 0.9752909720544893
vn 0.20063045989998685 -0.09249290994086705 0.9752909720544893
vn 0.20063045989998685 -0.09249290994086705 0.9752909720544893
vn -0.018633658138638126 0.9957148471337357 -0.09057996457171931
vn -0.018633658138638126 0.9957148471337357 -0.09057996457171931
vn -0.018633658138638126 0.9957148471337357 -0.09057996457171931
vn -0.018633658138638126 0.9957148471337357 -0.09057996457171931
vn -0.018633658138638126 0.9957148471337357 -0.09057996457171931
vn -0.018633658138638126 0.9957148471337357 -0.09057996457171931
vn -0.11505339398349335 0.99274439514199 0.034946851747237766
vn -0.11505339398349335 0.99274439514199 0.034946851747237766
vn -0.11505339398349335 0.99274439514199 0.034946851747237766
vn -0.11505339398349335 0.99274439514199 0.034946851747237766
vn -0.11505339398349335 0.99274439514199 0.034946851747237766
vn -0.11505339398349335 0.99274439514199 0.034946851747237766
vn 0.11951916652359053 0.9927427162294985 -0.013306697816663474
vn 0.11951916652359053 0.9927427162294985 -0.013306697816663474
vn 0.11951916652359053 0.9927427162294985 -0.013306697816663474
vn 0.11951916652359053 0.9927427162294985 -0.013306697816663474
vn 0.11951916652359053 0.9927427162294985 -0.013306697816663474
vn 0.11951916652359053 0.9927427162294985 -0.013306697816663474
vn -0.9855796077625255 -0.16018713976447713 -0.05452446255344725
vn -0.9855796077625255 -0.16018713976447713 -0.05452446255344725
vn -0.9855796077625255 -0.16018713976447713 -0.05452446255344725
vn -0.9855796077625255 -0.16018713976447713 -0.05452446255344725
vn -0.9855796077625255 -0.16018713976447713 -0.05452446255344725
vn -0.9855796077625255 -0.16018713976447713 -0.05452446255344725
vn -0.19932346966568393 -0.14639524697200923 -0.9689368328763426
vn -0.19932346966568393 -0.14639524697200923 -0.9689368328763426
vn -0.19932346966568393 -0.14639524697200923 -0.9689368328763426
vn -0.19932346966568393 -0.14639524697200923 -0.9689368328763426
vn -0.19932346966568393 -0.14639524697200923 -0.9689368328763426
vn -0.19932346966568393 -0.14639524697200923 -0.9689368328763426
vn 0.9943570473086953 0 -0.10608516610503665
vn 0.9943570473086953 0 -0.10608516610503665
vn 0.9943570473086953 0 -0.10608516610503665
vn 0.9943570473086953 0 -0.10608516610503665
vn 0.9943570473086953 0 -0.10608516610503665
vn 0.9943570473086953 0 -0.10608516610503665
vn -0.9059951428655284 0 0.4232880828750918
vn -0.9059951428655284 0 0.4232880828750918
vn -0.9059951428655284 0 0.4232880828750918
vn -0.9059951428655284 0 0.4232880828750918
vn -0.9059951428655284 0 0.4232880828750918
vn -0.9059951428655284 0 0.4232880828750918
vn -1.5771146166798637e-8 0.9999999999999996 -3.051220787142482e-8
vn -1.5771146166798637e-8 0.9999999999999996 -3.051220787142482e-8
vn -1.5771146166798637e-8 0.9999999999999996 -3.051220787142482e-8
vn -1.5771146166798637e-8 0.9999999999999996 -3.051220787142482e-8
vn -1.5771146166798637e-8 0.9999999999999996 -3.051220787142482e-8
vn -1.5771146166798637e-8 0.9999999999999996 -3.051220787142482e-8
vn 0 -0.9999999999999989 4.761777105954929e-8
vn 0 -0.9999999999999989 4.761777105954929e-8
vn 0 -0.9999999999999989 4.761777105954929e-8
vn 0 -0.9999999999999989 4.761777105954929e-8
vn 0 -0.9999999999999989 4.761777105954929e-8
vn 0 -0.9999999999999989 4.761777105954929e-8
vn 0 -1 0
vn 0 -1 0
vn 0 -1 0
vn 0 -1 0
vn 0 -1 0
vn 0 -1 0
vn -0.20149437813424145 0 -0.9794896709921425
vn -0.20149437813424145 0 -0.9794896709921425
vn -0.20149437813424145 0 -0.9794896709921425
vn -0.20149437813424145 0 -0.9794896709921425
vn -0.20149437813424145 0 -0.9794896709921425
vn -0.20149437813424145 0 -0.9794896709921425
vn 0.2014943209495441 0 0.9794896827558126
vn 0.2014943209495441 0 0.9794896827558126
vn 0.2014943209495441 0 0.9794896827558126
vn 0.2014943209495441 0 0.9794896827558126
vn 0.2014943209495441 0 0.9794896827558126
vn 0.2014943209495441 0 0.9794896827558126
vn 0.20149440672658933 0 0.9794896651103061
vn 0.20149440672658933 0 0.9794896651103061
vn 0.20149440672658933 0 0.9794896651103061
vn 0.20149440672658933 0 0.9794896651103061
vn 0.20149440672658933 0 0.9794896651103061
vn 0.20149440672658933 0 0.9794896651103061
vn 0.9582827078325848 0 -0.2858220632999645
vn 0.9582827078325848 0 -0.2858220632999645
vn 0.9582827078325848 0 -0.2858220632999645
vn 0.9582827078325848 0 -0.2858220632999645
vn 0.9582827078325848 0 -0.2858220632999645
vn 0.9582827078325848 0 -0.2858220632999645
vn -1.2986114406032795e-8 0.9999999999999987 -5.187386875604709e-8
vn -1.2986114406032795e-8 0.9999999999999987 -5.187386875604709e-8
vn -1.2986114406032795e-8 0.9999999999999987 -5.187386875604709e-8
vn -1.2986114406032795e-8 0.9999999999999987 -5.187386875604709e-8
vn -1.2986114406032795e-8 0.9999999999999987 -5.187386875604709e-8
vn -1.2986114406032795e-8 0.9999999999999987 -5.187386875604709e-8
vn -0.9932907911946186 0 0.11564343529992703
vn -0.9932907911946186 0 0.11564343529992703
vn -0.9932907911946186 0 0.11564343529992703
vn -0.9932907911946186 0 0.11564343529992703
vn -0.9932907911946186 0 0.11564343529992703
vn -0.9932907911946186 0 0.11564343529992703
vn 0.9995100389177091 0 0.031299873845109884
vn 0.9995100389177091 0 0.031299873845109884
vn 0.9995100389177091 0 0.031299873845109884
vn 0.9995100389177091 0 0.031299873845109884
vn 0.9995100389177091 0 0.031299873845109884
vn 0.9995100389177091 0 0.031299873845109884
vn -0.9984180014421024 0 -0.05622716777820469
vn -0.9984180014421024 0 -0.05622716777820469
vn -0.9984180014421024 0 -0.05622716777820469
vn -0.9984180014421024 0 -0.05622716777820469
vn -0.9984180014421024 0 -0.05622716777820469
vn -0.9984180014421024 0 -0.05622716777820469
vn -1.9561244357645972e-7 -0.9999999999999729 1.266889029238848e-7
vn -1.9561244357645972e-7 -0.9999999999999729 1.266889029238848e-7
vn -1.9561244357645972e-7 -0.9999999999999729 1.266889029238848e-7
vn -1.9561244357645972e-7 -0.9999999999999729 1.266889029238848e-7
vn -1.9561244357645972e-7 -0.9999999999999729 1.266889029238848e-7
vn -1.9561244357645972e-7 -0.9999999999999729 1.266889029238848e-7
vn -0.20149442102276313 0 -0.9794896621693878
vn -0.20149442102276313 0 -0.9794896621693878
vn -0.20149442102276313 0 -0.9794896621693878
vn -0.20149442102276313 0 -0.9794896621693878
vn -0.20149442102276313 0 -0.9794896621693878
vn -0.20149442102276313 0 -0.9794896621693878
vn -0.10639930950195478 0.9943122572815447 -0.004724611855628233
vn -0.10639930950195478 0.9943122572815447 -0.004724611855628233
vn -0.10639930950195478 0.9943122572815447 -0.004724611855628233
vn -0.10639930950195478 0.9943122572815447 -0.004724611855628233
vn -0.10639930950195478 0.9943122572815447 -0.004724611855628233
vn -0.10639930950195478 0.9943122572815447 -0.004724611855628233
vn 0.09590534623679903 0.9943110095714768 -0.046344156138076346
vn 0.09590534623679903 0.9943110095714768 -0.046344156138076346
vn 0.09590534623679903 0.9943110095714768 -0.046344156138076346
vn 0.09590534623679903 0.9943110095714768 -0.046344156138076346
vn 0.09590534623679903 0.9943110095714768 -0.046344156138076346
vn 0.09590534623679903 0.9943110095714768 -0.046344156138076346
vn -0.23828291099593119 0 -0.971195785785392
vn -0.23828291099593119 0 -0.971195785785392
vn -0.23828291099593119 0 -0.971195785785392
vn -0.23828291099593119 0 -0.971195785785392
vn -0.23828291099593119 0 -0.971195785785392
vn -0.23828291099593119 0 -0.971195785785392
vn 0.00033361639415205416 0.999999941995302 -0.00006862575548504873
vn 0.00033361639415205416 0.999999941995302 -0.00006862575548504873
vn 0.00033361639415205416 0.999999941995302 -0.00006862575548504873
vn 0.00033361639415205416 0.999999941995302 -0.00006862575548504873
vn 0.00033361639415205416 0.999999941995302 -0.00006862575548504873
vn 0.00033361639415205416 0.999999941995302 -0.00006862575548504873
vn 0.23828293910611564 0 0.9711957788885572
vn 0.23828293910611564 0 0.9711957788885572
vn 0.23828293910611564 0 0.9711957788885572
vn 0.23828293910611564 0 0.9711957788885572
vn 0.23828293910611564 0 0.9711957788885572
vn 0.23828293910611564 0 0.9711957788885572
vn -0.00043497768079138813 0.9999999013926955 0.00008949310906901613
vn -0.00043497768079138813 0.9999999013926955 0.00008949310906901613
vn -0.00043497768079138813 0.9999999013926955 0.00008949310906901613
vn -0.00043497768079138813 0.9999999013926955 0.00008949310906901613
vn -0.00043497768079138813 0.9999999013926955 0.00008949310906901613
vn -0.00043497768079138813 0.9999999013926955 0.00008949310906901613
vn -0.1667068752230567 0 -0.9860064998535073
vn -0.1667068752230567 0 -0.9860064998535073
vn -0.1667068752230567 0 -0.9860064998535073
vn -0.1667068752230567 0 -0.9860064998535073
vn -0.1667068752230567 0 -0.9860064998535073
vn -0.1667068752230567 0 -0.9860064998535073
vn 0.9794896332811619 0 -0.2014945614520027
vn 0.9794896332811619 0 -0.2014945614520027
vn 0.9794896332811619 0 -0.2014945614520027
vn 0.9794896332811619 0 -0.2014945614520027
vn 0.9794896332811619 0 -0.2014945614520027
vn 0.9794896332811619 0 -0.2014945614520027
vn 0.19730299501327084 0 0.980342556537659
vn 0.19730299501327084 0 0.980342556537659
vn 0.19730299501327084 0 0.980342556537659
vn 0.19730299501327084 0 0.980342556537659
vn 0.19730299501327084 0 0.980342556537659
vn 0.19730299501327084 0 0.980342556537659
vn -0.9794897469349693 0 0.20149400896619712
vn -0.9794897469349693 0 0.20149400896619712
vn -0.9794897469349693 0 0.20149400896619712
vn -0.9794897469349693 0 0.20149400896619712
vn -0.9794897469349693 0 0.20149400896619712
vn -0.9794897469349693 0 0.20149400896619712
vn 0.19810168808543901 0 0.9801814735944051
vn 0.19810168808543901 0 0.9801814735944051
vn 0.19810168808543901 0 0.9801814735944051
vn 0.19810168808543901 0 0.9801814735944051
vn 0.19810168808543901 0 0.9801814735944051
vn 0.19810168808543901 0 0.9801814735944051
vn 0.0011800970990789295 0.999999274218128 -0.00024276337097976463
vn 0.0011800970990789295 0.999999274218128 -0.00024276337097976463
vn 0.0011800970990789295 0.999999274218128 -0.00024276337097976463
vn 0.0011800970990789295 0.999999274218128 -0.00024276337097976463
vn 0.0011800970990789295 0.999999274218128 -0.00024276337097976463
vn 0.0011800970990789295 0.999999274218128 -0.00024276337097976463
vn -0.15131146101320722 0 -0.9884861363550065
vn -0.15131146101320722 0 -0.9884861363550065
vn -0.15131146101320722 0 -0.9884861363550065
vn -0.15131146101320722 0 -0.9884861363550065
vn -0.15131146101320722 0 -0.9884861363550065
vn -0.15131146101320722 0 -0.9884861363550065
vn 0.9794896009310244 0 -0.2014947187099013
vn 0.9794896009310244 0 -0.2014947187099013
vn 0.9794896009310244 0 -0.2014947187099013
vn 0.9794896009310244 0 -0.2014947187099013
vn 0.9794896009310244 0 -0.2014947187099013
vn 0.9794896009310244 0 -0.2014947187099013
vn -0.0009085286174649128 0.999999569823668 0.00018689095790267796
vn -0.0009085286174649128 0.999999569823668 0.00018689095790267796
vn -0.0009085286174649128 0.999999569823668 0.00018689095790267796
vn -0.0009085286174649128 0.999999569823668 0.00018689095790267796
vn -0.0009085286174649128 0.999999569823668 0.00018689095790267796
vn -0.0009085286174649128 0.999999569823668 0.00018689095790267796
vn -0.19810139018413891 0 -0.980181533802342
vn -0.19810139018413891 0 -0.980181533802342
vn -0.19810139018413891 0 -0.980181533802342
vn -0.19810139018413891 0 -0.980181533802342
vn -0.19810139018413891 0 -0.980181533802342
vn -0.19810139018413891 0 -0.980181533802342
vn -0.9794895426334979 0 0.20149500210084975
vn -0.9794895426334979 0 0.20149500210084975
vn -0.9794895426334979 0 0.20149500210084975
vn -0.9794895426334979 0 0.20149500210084975
vn -0.9794895426334979 0 0.20149500210084975
vn -0.9794895426334979 0 0.20149500210084975
vn -0.0012119801362488157 0.9999992344741763 0.00024930946761631147
vn -0.0012119801362488157 0.9999992344741763 0.00024930946761631147
vn -0.0012119801362488157 0.9999992344741763 0.00024930946761631147
vn -0.0012119801362488157 0.9999992344741763 0.00024930946761631147
vn -0.0012119801362488157 0.9999992344741763 0.00024930946761631147
vn -0.0012119801362488157 0.9999992344741763 0.00024930946761631147
vn 0.003627728888543452 0.9999931412972419 -0.0007462851904887682
vn 0.003627728888543452 0.9999931412972419 -0.0007462851904887682
vn 0.003627728888543452 0.9999931412972419 -0.0007462851904887682
vn 0.003627728888543452 0.9999931412972419 -0.0007462851904887682
vn 0.003627728888543452 0.9999931412972419 -0.0007462851904887682
vn 0.003627728888543452 0.9999931412972419 -0.0007462851904887682
vn 0.21969060400128448 0 0.9755695969604378
vn 0.21969060400128448 0 0.9755695969604378
vn 0.21969060400128448 0 0.9755695969604378
vn 0.21969060400128448 0 0.9755695969604378
vn 0.21969060400128448 0 0.9755695969604378
vn 0.21969060400128448 0 0.9755695969604378
vn 0.15131149013320128 0 0.9884861318974941
vn 0.15131149013320128 0 0.9884861318974941
vn 0.15131149013320128 0 0.9884861318974941
vn 0.15131149013320128 0 0.9884861318974941
vn 0.15131149013320128 0 0.9884861318974941
vn 0.15131149013320128 0 0.9884861318974941
vn -0.9794896450448425 0 0.20149450426730842
vn -0.9794896450448425 0 0.20149450426730842
vn -0.9794896450448425 0 0.20149450426730842
vn -0.9794896450448425 0 0.20149450426730842
vn -0.9794896450448425 0 0.20149450426730842
vn -0.9794896450448425 0 0.20149450426730842
vn 0.16670729065762427 0 0.9860064296147336
vn 0.16670729065762427 0 0.9860064296147336
vn 0.16670729065762427 0 0.9860064296147336
vn 0.16670729065762427 0 0.9860064296147336
vn 0.16670729065762427 0 0.9860064296147336
vn 0.16670729065762427 0 0.9860064296147336
vn 0.9794897033422278 0 -0.20149422087631869
vn 0.9794897033422278 0 -0.20149422087631869
vn 0.9794897033422278 0 -0.20149422087631869
vn 0.9794897033422278 0 -0.20149422087631869
vn 0.9794897033422278 0 -0.20149422087631869
vn 0.9794897033422278 0 -0.20149422087631869
vn -0.21969053309142272 0 -0.9755696129287783
vn -0.21969053309142272 0 -0.9755696129287783
vn -0.21969053309142272 0 -0.9755696129287783
vn -0.21969053309142272 0 -0.9755696129287783
vn -0.21969053309142272 0 -0.9755696129287783
vn -0.21969053309142272 0 -0.9755696129287783
vn -0.18355621616799642 0.011667487350923116 -0.9829399703160941
vn -0.18355621616799642 0.011667487350923116 -0.9829399703160941
vn -0.18355621616799642 0.011667487350923116 -0.9829399703160941
vn -0.18355621616799642 0.011667487350923116 -0.9829399703160941
vn -0.18355621616799642 0.011667487350923116 -0.9829399703160941
vn -0.18355621616799642 0.011667487350923116 -0.9829399703160941
vn -0.2681247295459485 0.05254715311507024 -0.9619500642473149
vn -0.2681247295459485 0.05254715311507024 -0.9619500642473149
vn -0.2681247295459485 0.05254715311507024 -0.9619500642473149
vn -0.2681247295459485 0.05254715311507024 -0.9619500642473149
vn -0.2681247295459485 0.05254715311507024 -0.9619500642473149
vn -0.2681247295459485 0.05254715311507024 -0.9619500642473149
vn 0.0009258686071180667 -0.999999554593802 -0.00018324715558582874
vn 0.0009258686071180667 -0.999999554593802 -0.00018324715558582874
vn 0.0009258686071180667 -0.999999554593802 -0.00018324715558582874
vn 0.0009258686071180667 -0.999999554593802 -0.00018324715558582874
vn 0.0009258686071180667 -0.999999554593802 -0.00018324715558582874
vn 0.0009258686071180667 -0.999999554593802 -0.00018324715558582874
vn 0.26737961601628796 -0.04161121017872502 0.9626923953820578
vn 0.26737961601628796 -0.04161121017872502 0.9626923953820578
vn 0.26737961601628796 -0.04161121017872502 0.9626923953820578
vn 0.26737961601628796 -0.04161121017872502 0.9626923953820578
vn 0.26737961601628796 -0.04161121017872502 0.9626923953820578
vn 0.26737961601628796 -0.04161121017872502 0.9626923953820578
vn -0.20149211100589137 0 -0.9794901373686157
vn -0.20149211100589137 0 -0.9794901373686157
vn -0.20149211100589137 0 -0.9794901373686157
vn -0.20149211100589137 0 -0.9794901373686157
vn -0.20149211100589137 0 -0.9794901373686157
vn -0.20149211100589137 0 -0.9794901373686157
vn -0.0007221818270044686 -0.999999727365595 0.00015401994851300921
vn -0.0007221818270044686 -0.999999727365595 0.00015401994851300921
vn -0.0007221818270044686 -0.999999727365595 0.00015401994851300921
vn -0.0007221818270044686 -0.999999727365595 0.00015401994851300921
vn -0.0007221818270044686 -0.999999727365595 0.00015401994851300921
vn -0.0007221818270044686 -0.999999727365595 0.00015401994851300921
vn 0.18360595665019322 -0.012174210683489386 0.9829245348839357
vn 0.18360595665019322 -0.012174210683489386 0.9829245348839357
vn 0.18360595665019322 -0.012174210683489386 0.9829245348839357
vn 0.18360595665019322 -0.012174210683489386 0.9829245348839357
vn 0.18360595665019322 -0.012174210683489386 0.9829245348839357
vn 0.18360595665019322 -0.012174210683489386 0.9829245348839357
vn 0.9762821802976136 -0.0231806077286748 -0.21525743624476057
vn 0.9762821802976136 -0.0231806077286748 -0.21525743624476057
vn 0.9762821802976136 -0.0231806077286748 -0.21525743624476057
vn 0.9762821802976136 -0.0231806077286748 -0.21525743624476057
vn 0.9762821802976136 -0.0231806077286748 -0.21525743624476057
vn 0.9762821802976136 -0.0231806077286748 -0.21525743624476057
vn 0.1554179635978131 0.026259759396309687 0.9874997122164426
vn 0.1554179635978131 0.026259759396309687 0.9874997122164426
vn 0.1554179635978131 0.026259759396309687 0.9874997122164426
vn 0.1554179635978131 0.026259759396309687 0.9874997122164426
vn 0.1554179635978131 0.026259759396309687 0.9874997122164426
vn 0.1554179635978131 0.026259759396309687 0.9874997122164426
vn 0.0003944856489550269 -0.9999999173789168 -0.00009809807444748673
vn 0.0003944856489550269 -0.9999999173789168 -0.00009809807444748673
vn 0.0003944856489550269 -0.9999999173789168 -0.00009809807444748673
vn 0.0003944856489550269 -0.9999999173789168 -0.00009809807444748673
vn 0.0003944856489550269 -0.9999999173789168 -0.00009809807444748673
vn 0.0003944856489550269 -0.9999999173789168 -0.00009809807444748673
vn -0.0005178313495803528 -0.999999863386196 0.00007126207368518913
vn -0.0005178313495803528 -0.999999863386196 0.00007126207368518913
vn -0.0005178313495803528 -0.999999863386196 0.00007126207368518913
vn -0.0005178313495803528 -0.999999863386196 0.00007126207368518913
vn -0.0005178313495803528 -0.999999863386196 0.00007126207368518913
vn -0.0005178313495803528 -0.999999863386196 0.00007126207368518913
vn -0.9595243354384253 -0.024777853912100627 0.2805336123478954
vn -0.9595243354384253 -0.024777853912100627 0.2805336123478954
vn -0.9595243354384253 -0.024777853912100627 0.2805336123478954
vn -0.9595243354384253 -0.024777853912100627 0.2805336123478954
vn -0.9595243354384253 -0.024777853912100627 0.2805336123478954
vn -0.9595243354384253 -0.024777853912100627 0.2805336123478954
vn -0.20647018531203604 -0.003398339628257114 -0.9784469908303589
vn -0.20647018531203604 -0.003398339628257114 -0.9784469908303589
vn -0.20647018531203604 -0.003398339628257114 -0.9784469908303589
vn -0.20647018531203604 -0.003398339628257114 -0.9784469908303589
vn -0.20647018531203604 -0.003398339628257114 -0.9784469908303589
vn -0.20647018531203604 -0.003398339628257114 -0.9784469908303589
vn -0.15670676398843367 -0.02552700766514208 -0.987315229296063
vn -0.15670676398843367 -0.02552700766514208 -0.987315229296063
vn -0.15670676398843367 -0.02552700766514208 -0.987315229296063
vn -0.15670676398843367 -0.02552700766514208 -0.987315229296063
vn -0.15670676398843367 -0.02552700766514208 -0.987315229296063
vn -0.15670676398843367 -0.02552700766514208 -0.987315229296063
vn -0.15771217617146366 0.02968269208939617 -0.987038908694884
vn -0.15771217617146366 0.02968269208939617 -0.987038908694884
vn -0.15771217617146366 0.02968269208939617 -0.987038908694884
vn -0.15771217617146366 0.02968269208939617 -0.987038908694884
vn -0.15771217617146366 0.02968269208939617 -0.987038908694884
vn -0.15771217617146366 0.02968269208939617 -0.987038908694884
vn 0.0010285943254368481 -0.9999994609782692 -0.000141551703198698
vn 0.0010285943254368481 -0.9999994609782692 -0.000141551703198698
vn 0.0010285943254368481 -0.9999994609782692 -0.000141551703198698
vn 0.0010285943254368481 -0.9999994609782692 -0.000141551703198698
vn 0.0010285943254368481 -0.9999994609782692 -0.000141551703198698
vn 0.0010285943254368481 -0.9999994609782692 -0.000141551703198698
vn -0.19849724123893303 -0.0017164194031908594 -0.9800999434368748
vn -0.19849724123893303 -0.0017164194031908594 -0.9800999434368748
vn -0.19849724123893303 -0.0017164194031908594 -0.9800999434368748
vn -0.19849724123893303 -0.0017164194031908594 -0.9800999434368748
vn -0.19849724123893303 -0.0017164194031908594 -0.9800999434368748
vn -0.19849724123893303 -0.0017164194031908594 -0.9800999434368748
vn 0.20677631075352015 0.0036067940186795704 0.9783815964888498
vn 0.20677631075352015 0.0036067940186795704 0.9783815964888498
vn 0.20677631075352015 0.0036067940186795704 0.9783815964888498
vn 0.20677631075352015 0.0036067940186795704 0.9783815964888498
vn 0.20677631075352015 0.0036067940186795704 0.9783815964888498
vn 0.20677631075352015 0.0036067940186795704 0.9783815964888498
vn 0.15527153126535642 -0.03132955379909625 0.9873749088554262
vn 0.15527153126535642 -0.03132955379909625 0.9873749088554262
vn 0.15527153126535642 -0.03132955379909625 0.9873749088554262
vn 0.15527153126535642 -0.03132955379909625 0.9873749088554262
vn 0.15527153126535642 -0.03132955379909625 0.9873749088554262
vn 0.15527153126535642 -0.03132955379909625 0.9873749088554262
vn -0.000786767771456115 -0.9999996713590128 0.00019564851230424813
vn -0.000786767771456115 -0.9999996713590128 0.00019564851230424813
vn -0.000786767771456115 -0.9999996713590128 0.00019564851230424813
vn -0.000786767771456115 -0.9999996713590128 0.00019564851230424813
vn -0.000786767771456115 -0.9999996713590128 0.00019564851230424813
vn -0.000786767771456115 -0.9999996713590128 0.00019564851230424813
vn 0.19841938822167687 0.0017585665574365345 0.980115632882875
vn 0.19841938822167687 0.0017585665574365345 0.980115632882875
vn 0.19841938822167687 0.0017585665574365345 0.980115632882875
vn 0.19841938822167687 0.0017585665574365345 0.980115632882875
vn 0.19841938822167687 0.0017585665574365345 0.980115632882875
vn 0.19841938822167687 0.0017585665574365345 0.980115632882875
vn -0.2014983741986739 0 -0.9794888489387163
vn -0.2014983741986739 0 -0.9794888489387163
vn -0.2014983741986739 0 -0.9794888489387163
vn -0.2014983741986739 0 -0.9794888489387163
vn -0.2014983741986739 0 -0.9794888489387163
vn -0.2014983741986739 0 -0.9794888489387163
vn 0.20149211100589137 0 0.9794901373686157
vn 0.20149211100589137 0 0.9794901373686157
vn 0.20149211100589137 0 0.9794901373686157
vn 0.20149211100589137 0 0.9794901373686157
vn 0.20149211100589137 0 0.9794901373686157
vn 0.20149211100589137 0 0.9794901373686157
vn 0.20149396607766684 2.657866670582478e-8 0.9794897557577065
vn 0.20149396607766684 2.657866670582478e-8 0.9794897557577065
vn 0.20149396607766684 2.657866670582478e-8 0.9794897557577065
vn 0.20149396607766684 2.657866670582478e-8 0.9794897557577065
vn 0.20149396607766684 2.657866670582478e-8 0.9794897557577065
vn 0.20149396607766684 2.657866670582478e-8 0.9794897557577065
vn 0 1 0
vn 0 1 0
vn 0 1 0
vn 0 1 0
vn 0 1 0
vn 0 1 0
vn 0 1 0
vn 0 1 0
vn 0 1 0
vn 0 1 0
vn 0 1 0
vn 0 1 0
vn 0.0000014561549050979946 0.99999999999894 0
vn 0.0000014561549050979946 0.99999999999894 0
vn 0.0000014561549050979946 0.99999999999894 0
vn 0.0000014561549050979946 0.99999999999894 0
vn 0.0000014561549050979946 0.99999999999894 0
vn 0.0000014561549050979946 0.99999999999894 0
vn 0 1 0
vn 0 1 0
vn 0 1 0
vn 0 1 0
vn 0 1 0
vn 0 1 0
vn 0.0000014143461157786484 0.9999999999989999 0
vn 0.0000014143461157786484 0.9999999999989999 0
vn 0.0000014143461157786484 0.9999999999989999 0
vn 0.0000014143461157786484 0.9999999999989999 0
vn 0.0000014143461157786484 0.9999999999989999 0
vn 0.0000014143461157786484 0.9999999999989999 0
vn -0.0000014891770661034874 0.99999999999886 -2.5012528226369477e-7
vn -0.0000014891770661034874 0.99999999999886 -2.5012528226369477e-7
vn -0.0000014891770661034874 0.99999999999886 -2.5012528226369477e-7
vn -0.0000014891770661034874 0.99999999999886 -2.5012528226369477e-7
vn -0.0000014891770661034874 0.99999999999886 -2.5012528226369477e-7
vn -0.0000014891770661034874 0.99999999999886 -2.5012528226369477e-7
vn 0.9974660117211711 0 -0.07114460950107626
vn 0.9974660117211711 0 -0.07114460950107626
vn 0.9974660117211711 0 -0.07114460950107626
vn 0.9974660117211711 0 -0.07114460950107626
vn 0.9974660117211711 0 -0.07114460950107626
vn 0.9974660117211711 0 -0.07114460950107626
vn 0.2014921656580011 0 0.9794901261260618
vn 0.2014921656580011 0 0.9794901261260618
vn 0.2014921656580011 0 0.9794901261260618
vn 0.2014921656580011 0 0.9794901261260618
vn 0.2014921656580011 0 0.9794901261260618
vn 0.2014921656580011 0 0.9794901261260618
vn -0.9598190327808325 0 0.28061971475943553
vn -0.9598190327808325 0 0.28061971475943553
vn -0.9598190327808325 0 0.28061971475943553
vn -0.9598190327808325 0 0.28061971475943553
vn -0.9598190327808325 0 0.28061971475943553
vn -0.9598190327808325 0 0.28061971475943553
vn 0.20149385424078237 0 0.9794897787640228
vn 0.20149385424078237 0 0.9794897787640228
vn 0.20149385424078237 0 0.9794897787640228
vn 0.20149385424078237 0 0.9794897787640228
vn 0.20149385424078237 0 0.9794897787640228
vn 0.20149385424078237 0 0.9794897787640228
vn -0.20149566642344036 -1.3900615163664945e-8 -0.9794894059726086
vn -0.20149566642344036 -1.3900615163664945e-8 -0.9794894059726086
vn -0.20149566642344036 -1.3900615163664945e-8 -0.9794894059726086
vn -0.20149566642344036 -1.3900615163664945e-8 -0.9794894059726086
vn -0.20149566642344036 -1.3900615163664945e-8 -0.9794894059726086
vn -0.20149566642344036 -1.3900615163664945e-8 -0.9794894059726086
vn -0.9820465683333919 -0.024730750027159715 0.18701050138348607
vn -0.9820465683333919 -0.024730750027159715 0.18701050138348607
vn -0.9820465683333919 -0.024730750027159715 0.18701050138348607
vn -0.9820465683333919 -0.024730750027159715 0.18701050138348607
vn -0.9820465683333919 -0.024730750027159715 0.18701050138348607
vn -0.9820465683333919 -0.024730750027159715 0.18701050138348607
vn -0.20149419228396714 4.65252843747556e-8 -0.9794897092240578
vn -0.20149419228396714 4.65252843747556e-8 -0.9794897092240578
vn -0.20149419228396714 4.65252843747556e-8 -0.9794897092240578
vn -0.20149419228396714 4.65252843747556e-8 -0.9794897092240578
vn -0.20149419228396714 4.65252843747556e-8 -0.9794897092240578
vn -0.20149419228396714 4.65252843747556e-8 -0.9794897092240578
vn 0.2014960784798274 0 0.9794893212063372
vn 0.2014960784798274 0 0.9794893212063372
vn 0.2014960784798274 0 0.9794893212063372
vn 0.2014960784798274 0 0.9794893212063372
vn 0.2014960784798274 0 0.9794893212063372
vn 0.2014960784798274 0 0.9794893212063372
vn -0.2014951568262585 -1.268222156658171e-7 -0.9794895108042483
vn -0.2014951568262585 -1.268222156658171e-7 -0.9794895108042483
vn -0.2014951568262585 -1.268222156658171e-7 -0.9794895108042483
vn -0.2014951568262585 -1.268222156658171e-7 -0.9794895108042483
vn -0.2014951568262585 -1.268222156658171e-7 -0.9794895108042483
vn -0.2014951568262585 -1.268222156658171e-7 -0.9794895108042483
vn 0.9974660796992663 0 -0.07114365642400645
vn 0.9974660796992663 0 -0.07114365642400645
vn 0.9974660796992663 0 -0.07114365642400645
vn 0.9974660796992663 0 -0.07114365642400645
vn 0.9974660796992663 0 -0.07114365642400645
vn 0.9974660796992663 0 -0.07114365642400645
vn -0.2014947733621099 0 -0.9794895896882988
vn -0.2014947733621099 0 -0.9794895896882988
vn -0.2014947733621099 0 -0.9794895896882988
vn -0.2014947733621099 0 -0.9794895896882988
vn -0.2014947733621099 0 -0.9794895896882988
vn -0.2014947733621099 0 -0.9794895896882988
vn 0.2014936540942843 -2.536444910518563e-7 0.9794898199367202
vn 0.2014936540942843 -2.536444910518563e-7 0.9794898199367202
vn 0.2014936540942843 -2.536444910518563e-7 0.9794898199367202
vn 0.2014936540942843 -2.536444910518563e-7 0.9794898199367202
vn 0.2014936540942843 -2.536444910518563e-7 0.9794898199367202
vn 0.2014936540942843 -2.536444910518563e-7 0.9794898199367202
vn 0.9843244880640092 -0.14140991481547924 -0.10539705019309223
vn 0.9843244880640092 -0.14140991481547924 -0.10539705019309223
vn 0.9843244880640092 -0.14140991481547924 -0.10539705019309223
vn 0.9843244880640092 -0.14140991481547924 -0.10539705019309223
vn 0.9843244880640092 -0.14140991481547924 -0.10539705019309223
vn 0.9843244880640092 -0.14140991481547924 -0.10539705019309223
vn -0.1973030236554338 0 -0.9803425507731588
vn -0.1973030236554338 0 -0.9803425507731588
vn -0.1973030236554338 0 -0.9803425507731588
vn -0.1973030236554338 0 -0.9803425507731588
vn -0.1973030236554338 0 -0.9803425507731588
vn -0.1973030236554338 0 -0.9803425507731588
vn -0.8031732293332204 0.5949261675917658 0.031234897102768465
vn -0.8031732293332204 0.5949261675917658 0.031234897102768465
vn -0.8031732293332204 0.5949261675917658 0.031234897102768465
vn -0.8031732293332204 0.5949261675917658 0.031234897102768465
vn -0.8031732293332204 0.5949261675917658 0.031234897102768465
vn -0.8031732293332204 0.5949261675917658 0.031234897102768465
vn -0.8031731831558364 0.5949262371422458 0.03123475978920528
vn -0.8031731831558364 0.5949262371422458 0.03123475978920528
vn -0.8031731831558364 0.5949262371422458 0.03123475978920528
vn -0.8031731831558364 0.5949262371422458 0.03123475978920528
vn -0.8031731831558364 0.5949262371422458 0.03123475978920528
vn -0.8031731831558364 0.5949262371422458 0.03123475978920528
vn 0.6835495716173499 0.6965428475210087 -0.21814684207905027
vn 0.6835495716173499 0.6965428475210087 -0.21814684207905027
vn 0.6835495716173499 0.6965428475210087 -0.21814684207905027
vn 0.6835495716173499 0.6965428475210087 -0.21814684207905027
vn 0.6835495716173499 0.6965428475210087 -0.21814684207905027
vn 0.6835495716173499 0.6965428475210087 -0.21814684207905027
vn -0.9666107539482938 0 0.25624919580656436
vn -0.9666107539482938 0 0.25624919580656436
vn -0.9666107539482938 0 0.25624919580656436
vn -0.9666107539482938 0 0.25624919580656436
vn -0.9666107539482938 0 0.25624919580656436
vn -0.9666107539482938 0 0.25624919580656436
vn 3.741631644515756e-7 -0.9999999999999296 -2.849828462103487e-8
vn 3.741631644515756e-7 -0.9999999999999296 -2.849828462103487e-8
vn 3.741631644515756e-7 -0.9999999999999296 -2.849828462103487e-8
vn 3.741631644515756e-7 -0.9999999999999296 -2.849828462103487e-8
vn 3.741631644515756e-7 -0.9999999999999296 -2.849828462103487e-8
vn 3.741631644515756e-7 -0.9999999999999296 -2.849828462103487e-8
vn 0.9953380013274963 0 -0.09644824059248008
vn 0.9953380013274963 0 -0.09644824059248008
vn 0.9953380013274963 0 -0.09644824059248008
vn 0.9953380013274963 0 -0.09644824059248008
vn 0.9953380013274963 0 -0.09644824059248008
vn 0.9953380013274963 0 -0.09644824059248008
vn 0 0.9958979865804022 -0.09048314939866504
vn 0 0.9958979865804022 -0.09048314939866504
vn 0 0.9958979865804022 -0.09048314939866504
vn 0 0.9958979865804022 -0.09048314939866504
vn 0 0.9958979865804022 -0.09048314939866504
vn 0 0.9958979865804022 -0.09048314939866504
vn -0.4078748897471065 -0.8387974655426453 0.3606340057634898
vn -0.4078748897471065 -0.8387974655426453 0.3606340057634898
vn -0.4078748897471065 -0.8387974655426453 0.3606340057634898
vn -0.4078748897471065 -0.8387974655426453 0.3606340057634898
vn -0.4078748897471065 -0.8387974655426453 0.3606340057634898
vn -0.4078748897471065 -0.8387974655426453 0.3606340057634898
vn -0.02235406682046376 -0.13363284140745654 -0.9907787641012276
vn -0.02235406682046376 -0.13363284140745654 -0.9907787641012276
vn -0.02235406682046376 -0.13363284140745654 -0.9907787641012276
vn -0.02235406682046376 -0.13363284140745654 -0.9907787641012276
vn -0.02235406682046376 -0.13363284140745654 -0.9907787641012276
vn -0.02235406682046376 -0.13363284140745654 -0.9907787641012276
vn 0 0.99571488181433 0.09247634364244148
vn 0 0.99571488181433 0.09247634364244148
vn 0 0.99571488181433 0.09247634364244148
vn 0 0.99571488181433 0.09247634364244148
vn 0 0.99571488181433 0.09247634364244148
vn 0 0.99571488181433 0.09247634364244148
vn 0.11973513868872733 0.9927444032807259 -0.01104745753495075
vn 0.11973513868872733 0.9927444032807259 -0.01104745753495075
vn 0.11973513868872733 0.9927444032807259 -0.01104745753495075
vn 0.11973513868872733 0.9927444032807259 -0.01104745753495075
vn 0.11973513868872733 0.9927444032807259 -0.01104745753495075
vn 0.11973513868872733 0.9927444032807259 -0.01104745753495075
vn -0.11974957461081624 0.9927426473606578 -0.011048777845597805
vn -0.11974957461081624 0.9927426473606578 -0.011048777845597805
vn -0.11974957461081624 0.9927426473606578 -0.011048777845597805
vn -0.11974957461081624 0.9927426473606578 -0.011048777845597805
vn -0.11974957461081624 0.9927426473606578 -0.011048777845597805
vn -0.11974957461081624 0.9927426473606578 -0.011048777845597805
vn 0.7140839579583051 0.6879987604577499 0.12939013329926302
vn 0.7140839579583051 0.6879987604577499 0.12939013329926302
vn 0.7140839579583051 0.6879987604577499 0.12939013329926302
vn 0.7140839579583051 0.6879987604577499 0.12939013329926302
vn 0.7140839579583051 0.6879987604577499 0.12939013329926302
vn 0.7140839579583051 0.6879987604577499 0.12939013329926302
vn 0.21359821699946627 -0.009002650896548156 0.976880112384055
vn 0.21359821699946627 -0.009002650896548156 0.976880112384055
vn 0.21359821699946627 -0.009002650896548156 0.976880112384055
vn 0.21359821699946627 -0.009002650896548156 0.976880112384055
vn 0.21359821699946627 -0.009002650896548156 0.976880112384055
vn 0.21359821699946627 -0.009002650896548156 0.976880112384055
vn -0.995338005618967 0 -0.09644819630484074
vn -0.995338005618967 0 -0.09644819630484074
vn -0.995338005618967 0 -0.09644819630484074
vn -0.995338005618967 0 -0.09644819630484074
vn -0.995338005618967 0 -0.09644819630484074
vn -0.995338005618967 0 -0.09644819630484074
vn 0.9727030075290957 0 -0.2320535695563681
vn 0.9727030075290957 0 -0.2320535695563681
vn 0.9727030075290957 0 -0.2320535695563681
vn 0.9727030075290957 0 -0.2320535695563681
vn 0.9727030075290957 0 -0.2320535695563681
vn 0.9727030075290957 0 -0.2320535695563681
vn 0 0.9999999999999996 3.115113500484766e-8
vn 0 0.9999999999999996 3.115113500484766e-8
vn 0 0.9999999999999996 3.115113500484766e-8
vn 0 0.9999999999999996 3.115113500484766e-8
vn 0 0.9999999999999996 3.115113500484766e-8
vn 0 0.9999999999999996 3.115113500484766e-8
vn 0.803173434359485 -0.5949258889845228 -0.031234931649762415
vn 0.803173434359485 -0.5949258889845228 -0.031234931649762415
vn 0.803173434359485 -0.5949258889845228 -0.031234931649762415
vn 0.803173434359485 -0.5949258889845228 -0.031234931649762415
vn 0.803173434359485 -0.5949258889845228 -0.031234931649762415
vn 0.803173434359485 -0.5949258889845228 -0.031234931649762415
vn 0.80317335843966 -0.5949259961088461 -0.031234843470953365
vn 0.80317335843966 -0.5949259961088461 -0.031234843470953365
vn 0.80317335843966 -0.5949259961088461 -0.031234843470953365
vn 0.80317335843966 -0.5949259961088461 -0.031234843470953365
vn 0.80317335843966 -0.5949259961088461 -0.031234843470953365
vn 0.80317335843966 -0.5949259961088461 -0.031234843470953365
vn 0 0 1
vn 0 0 1
vn 0 0 1
vn 0 0 1
vn 0 0 1
vn 0 0 1
vn 0 0 -1
vn 0 0 -1
vn 0 0 -1
vn 0 0 -1
vn 0 0 -1
vn 0 0 -1
vn 0 0 -1
vn 0 0 -1
vn 0 0 -1
vn 0 0 -1
vn 0 0 -1
vn 0 0 -1
vn -0.9962195510055282 0 0.08687120463274095
vn -0.9962195510055282 0 0.08687120463274095
vn -0.9962195510055282 0 0.08687120463274095
vn -0.9962195510055282 0 0.08687120463274095
vn -0.9962195510055282 0 0.08687120463274095
vn -0.9962195510055282 0 0.08687120463274095
vn 0 0.9999999999999987 5.2960096752485624e-8
vn 0 0.9999999999999987 5.2960096752485624e-8
vn 0 0.9999999999999987 5.2960096752485624e-8
vn 0 0.9999999999999987 5.2960096752485624e-8
vn 0 0.9999999999999987 5.2960096752485624e-8
vn 0 0.9999999999999987 5.2960096752485624e-8
vn 0.9962195568086725 0 0.08687113808355602
vn 0.9962195568086725 0 0.08687113808355602
vn 0.9962195568086725 0 0.08687113808355602
vn 0.9962195568086725 0 0.08687113808355602
vn 0.9962195568086725 0 0.08687113808355602
vn 0.9962195568086725 0 0.08687113808355602
vn -0.9727029604403808 0 -0.23205376693886862
vn -0.9727029604403808 0 -0.23205376693886862
vn -0.9727029604403808 0 -0.23205376693886862
vn -0.9727029604403808 0 -0.23205376693886862
vn -0.9727029604403808 0 -0.23205376693886862
vn -0.9727029604403808 0 -0.23205376693886862
vn 0.9666107244209537 0 0.2562493071881345
vn 0.9666107244209537 0 0.2562493071881345
vn 0.9666107244209537 0 0.2562493071881345
vn 0.9666107244209537 0 0.2562493071881345
vn 0.9666107244209537 0 0.2562493071881345
vn 0.9666107244209537 0 0.2562493071881345
vn 2.1761889001936061e-7 -0.9999999999999729 -8.478754409679593e-8
vn 2.1761889001936061e-7 -0.9999999999999729 -8.478754409679593e-8
vn 2.1761889001936061e-7 -0.9999999999999729 -8.478754409679593e-8
vn 2.1761889001936061e-7 -0.9999999999999729 -8.478754409679593e-8
vn 2.1761889001936061e-7 -0.9999999999999729 -8.478754409679593e-8
vn 2.1761889001936061e-7 -0.9999999999999729 -8.478754409679593e-8
vn 0 0 1
vn 0 0 1
vn 0 0 1
vn 0 0 1
vn 0 0 1
vn 0 0 1
vn 0.10326570474442928 0.9943121866173277 0.026066640901833395
vn 0.10326570474442928 0.9943121866173277 0.026066640901833395
vn 0.10326570474442928 0.9943121866173277 0.026066640901833395
vn 0.10326570474442928 0.9943121866173277 0.026066640901833395
vn 0.10326570474442928 0.9943121866173277 0.026066640901833395
vn 0.10326570474442928 0.9943121866173277 0.026066640901833395
vn -0.10327630283646781 0.9943110148061673 0.02606935188223626
vn -0.10327630283646781 0.9943110148061673 0.02606935188223626
vn -0.10327630283646781 0.9943110148061673 0.02606935188223626
vn -0.10327630283646781 0.9943110148061673 0.02606935188223626
vn -0.10327630283646781 0.9943110148061673 0.02606935188223626
vn -0.10327630283646781 0.9943110148061673 0.02606935188223626
vn 0.1191523268039469 0.10904793906470579 0.9868694290547994
vn 0.1191523268039469 0.10904793906470579 0.9868694290547994
vn 0.1191523268039469 0.10904793906470579 0.9868694290547994
vn 0.1191523268039469 0.10904793906470579 0.9868694290547994
vn 0.1191523268039469 0.10904793906470579 0.9868694290547994
vn 0.1191523268039469 0.10904793906470579 0.9868694290547994
vn -0.803373383729001 0.5946537162475518 0.031275614602936604
vn -0.803373383729001 0.5946537162475518 0.031275614602936604
vn -0.803373383729001 0.5946537162475518 0.031275614602936604
vn -0.803373383729001 0.5946537162475518 0.031275614602936604
vn -0.803373383729001 0.5946537162475518 0.031275614602936604
vn -0.803373383729001 0.5946537162475518 0.031275614602936604
vn -0.11915192338122428 -0.10905006084959909 -0.9868692433059476
vn -0.11915192338122428 -0.10905006084959909 -0.9868692433059476
vn -0.11915192338122428 -0.10905006084959909 -0.9868692433059476
vn -0.11915192338122428 -0.10905006084959909 -0.9868692433059476
vn -0.11915192338122428 -0.10905006084959909 -0.9868692433059476
vn -0.11915192338122428 -0.10905006084959909 -0.9868692433059476
vn -0.8029123172899649 0.5952810811365233 0.031180846444424353
vn -0.8029123172899649 0.5952810811365233 0.031180846444424353
vn -0.8029123172899649 0.5952810811365233 0.031180846444424353
vn -0.8029123172899649 0.5952810811365233 0.031180846444424353
vn -0.8029123172899649 0.5952810811365233 0.031180846444424353
vn -0.8029123172899649 0.5952810811365233 0.031180846444424353
vn 0.0761978717639711 0.050589596110896966 0.9958085042336091
vn 0.0761978717639711 0.050589596110896966 0.9958085042336091
vn 0.0761978717639711 0.050589596110896966 0.9958085042336091
vn 0.0761978717639711 0.050589596110896966 0.9958085042336091
vn 0.0761978717639711 0.050589596110896966 0.9958085042336091
vn 0.0761978717639711 0.050589596110896966 0.9958085042336091
vn -0.5877919867620383 -0.7998896938605249 0.12114890818349021
vn -0.5877919867620383 -0.7998896938605249 0.12114890818349021
vn -0.5877919867620383 -0.7998896938605249 0.12114890818349021
vn -0.5877919867620383 -0.7998896938605249 0.12114890818349021
vn -0.5877919867620383 -0.7998896938605249 0.12114890818349021
vn -0.5877919867620383 -0.7998896938605249 0.12114890818349021
vn -0.0945436889088885 -0.07552295995896482 -0.9926518893381182
vn -0.0945436889088885 -0.07552295995896482 -0.9926518893381182
vn -0.0945436889088885 -0.07552295995896482 -0.9926518893381182
vn -0.0945436889088885 -0.07552295995896482 -0.9926518893381182
vn -0.0945436889088885 -0.07552295995896482 -0.9926518893381182
vn -0.0945436889088885 -0.07552295995896482 -0.9926518893381182
vn 0.587778971481015 0.7998993205972265 -0.12114849397667134
vn 0.587778971481015 0.7998993205972265 -0.12114849397667134
vn 0.587778971481015 0.7998993205972265 -0.12114849397667134
vn 0.587778971481015 0.7998993205972265 -0.12114849397667134
vn 0.587778971481015 0.7998993205972265 -0.12114849397667134
vn 0.587778971481015 0.7998993205972265 -0.12114849397667134
vn -0.09502462892436206 -0.07617267100730561 -0.9925563178426704
vn -0.09502462892436206 -0.07617267100730561 -0.9925563178426704
vn -0.09502462892436206 -0.07617267100730561 -0.9925563178426704
vn -0.09502462892436206 -0.07617267100730561 -0.9925563178426704
vn -0.09502462892436206 -0.07617267100730561 -0.9925563178426704
vn -0.09502462892436206 -0.07617267100730561 -0.9925563178426704
vn -0.8038810009248434 0.5939617837062515 0.03138050108841639
vn -0.8038810009248434 0.5939617837062515 0.03138050108841639
vn -0.8038810009248434 0.5939617837062515 0.03138050108841639
vn -0.8038810009248434 0.5939617837062515 0.03138050108841639
vn -0.8038810009248434 0.5939617837062515 0.03138050108841639
vn -0.8038810009248434 0.5939617837062515 0.03138050108841639
vn 0.06697628532046002 0.038072443844580896 0.9970279164719381
vn 0.06697628532046002 0.038072443844580896 0.9970279164719381
vn 0.06697628532046002 0.038072443844580896 0.9970279164719381
vn 0.06697628532046002 0.038072443844580896 0.9970279164719381
vn 0.06697628532046002 0.038072443844580896 0.9970279164719381
vn 0.06697628532046002 0.038072443844580896 0.9970279164719381
vn -0.5877863943535796 -0.7998940591909812 0.1211472190510085
vn -0.5877863943535796 -0.7998940591909812 0.1211472190510085
vn -0.5877863943535796 -0.7998940591909812 0.1211472190510085
vn -0.5877863943535796 -0.7998940591909812 0.1211472190510085
vn -0.5877863943535796 -0.7998940591909812 0.1211472190510085
vn -0.5877863943535796 -0.7998940591909812 0.1211472190510085
vn -0.8026282436832476 0.5956671420183844 0.031121670289289197
vn -0.8026282436832476 0.5956671420183844 0.031121670289289197
vn -0.8026282436832476 0.5956671420183844 0.031121670289289197
vn -0.8026282436832476 0.5956671420183844 0.031121670289289197
vn -0.8026282436832476 0.5956671420183844 0.031121670289289197
vn -0.8026282436832476 0.5956671420183844 0.031121670289289197
vn 0.09502268423367544 0.07617433241526059 0.9925563765157709
vn 0.09502268423367544 0.07617433241526059 0.9925563765157709
vn 0.09502268423367544 0.07617433241526059 0.9925563765157709
vn 0.09502268423367544 0.07617433241526059 0.9925563765157709
vn 0.09502268423367544 0.07617433241526059 0.9925563765157709
vn 0.09502268423367544 0.07617433241526059 0.9925563765157709
vn 0.5877853076686264 0.7998948152696993 -0.12114749932851268
vn 0.5877853076686264 0.7998948152696993 -0.12114749932851268
vn 0.5877853076686264 0.7998948152696993 -0.12114749932851268
vn 0.5877853076686264 0.7998948152696993 -0.12114749932851268
vn 0.5877853076686264 0.7998948152696993 -0.12114749932851268
vn 0.5877853076686264 0.7998948152696993 -0.12114749932851268
vn -0.8024455271619833 0.5959151955565433 0.031084652845634147
vn -0.8024455271619833 0.5959151955565433 0.031084652845634147
vn -0.8024455271619833 0.5959151955565433 0.031084652845634147
vn -0.8024455271619833 0.5959151955565433 0.031084652845634147
vn -0.8024455271619833 0.5959151955565433 0.031084652845634147
vn -0.8024455271619833 0.5959151955565433 0.031084652845634147
vn -0.8053450505420875 0.5919590534323155 0.03168325467624221
vn -0.8053450505420875 0.5919590534323155 0.03168325467624221
vn -0.8053450505420875 0.5919590534323155 0.03168325467624221
vn -0.8053450505420875 0.5919590534323155 0.03168325467624221
vn -0.8053450505420875 0.5919590534323155 0.03168325467624221
vn -0.8053450505420875 0.5919590534323155 0.03168325467624221
vn -0.10798190018558146 -0.0938177277715988 -0.9897161932534425
vn -0.10798190018558146 -0.0938177277715988 -0.9897161932534425
vn -0.10798190018558146 -0.0938177277715988 -0.9897161932534425
vn -0.10798190018558146 -0.0938177277715988 -0.9897161932534425
vn -0.10798190018558146 -0.0938177277715988 -0.9897161932534425
vn -0.10798190018558146 -0.0938177277715988 -0.9897161932534425
vn -0.06697398392829448 -0.03807460498886342 -0.9970279885397975
vn -0.06697398392829448 -0.03807460498886342 -0.9970279885397975
vn -0.06697398392829448 -0.03807460498886342 -0.9970279885397975
vn -0.06697398392829448 -0.03807460498886342 -0.9970279885397975
vn -0.06697398392829448 -0.03807460498886342 -0.9970279885397975
vn -0.06697398392829448 -0.03807460498886342 -0.9970279885397975
vn 0.5877876429390819 0.7998928032583237 -0.1211494535838227
vn 0.5877876429390819 0.7998928032583237 -0.1211494535838227
vn 0.5877876429390819 0.7998928032583237 -0.1211494535838227
vn 0.5877876429390819 0.7998928032583237 -0.1211494535838227
vn 0.5877876429390819 0.7998928032583237 -0.1211494535838227
vn 0.5877876429390819 0.7998928032583237 -0.1211494535838227
vn -0.07619822632595268 -0.05058750418756558 -0.995808583375767
vn -0.07619822632595268 -0.05058750418756558 -0.995808583375767
vn -0.07619822632595268 -0.05058750418756558 -0.995808583375767
vn -0.07619822632595268 -0.05058750418756558 -0.995808583375767
vn -0.07619822632595268 -0.05058750418756558 -0.995808583375767
vn -0.07619822632595268 -0.05058750418756558 -0.995808583375767
vn -0.5877844133163744 -0.7998952321176703 0.12114908624394907
vn -0.5877844133163744 -0.7998952321176703 0.12114908624394907
vn -0.5877844133163744 -0.7998952321176703 0.12114908624394907
vn -0.5877844133163744 -0.7998952321176703 0.12114908624394907
vn -0.5877844133163744 -0.7998952321176703 0.12114908624394907
vn -0.5877844133163744 -0.7998952321176703 0.12114908624394907
vn 0.10798174364478091 0.09381917311597021 0.9897160733236924
vn 0.10798174364478091 0.09381917311597021 0.9897160733236924
vn 0.10798174364478091 0.09381917311597021 0.9897160733236924
vn 0.10798174364478091 0.09381917311597021 0.9897160733236924
vn 0.10798174364478091 0.09381917311597021 0.9897160733236924
vn 0.10798174364478091 0.09381917311597021 0.9897160733236924
vn -0.018265398637482312 0.01166525044182069 0.9997651209882966
vn -0.018265398637482312 0.01166525044182069 0.9997651209882966
vn -0.018265398637482312 0.01166525044182069 0.9997651209882966
vn -0.018265398637482312 0.01166525044182069 0.9997651209882966
vn -0.018265398637482312 0.01166525044182069 0.9997651209882966
vn -0.018265398637482312 0.01166525044182069 0.9997651209882966
vn 0.06879789360768036 0.052539951935502975 0.9962461559703814
vn 0.06879789360768036 0.052539951935502975 0.9962461559703814
vn 0.06879789360768036 0.052539951935502975 0.9962461559703814
vn 0.06879789360768036 0.052539951935502975 0.9962461559703814
vn 0.06879789360768036 0.052539951935502975 0.9962461559703814
vn 0.06879789360768036 0.052539951935502975 0.9962461559703814
vn -0.0009438017466562287 -0.9999995545940515 -0.000007068348423712028
vn -0.0009438017466562287 -0.9999995545940515 -0.000007068348423712028
vn -0.0009438017466562287 -0.9999995545940515 -0.000007068348423712028
vn -0.0009438017466562287 -0.9999995545940515 -0.000007068348423712028
vn -0.0009438017466562287 -0.9999995545940515 -0.000007068348423712028
vn -0.0009438017466562287 -0.9999995545940515 -0.000007068348423712028
vn -0.06791838825640283 -0.04160702492079183 -0.9968229271108753
vn -0.06791838825640283 -0.04160702492079183 -0.9968229271108753
vn -0.06791838825640283 -0.04160702492079183 -0.9968229271108753
vn -0.06791838825640283 -0.04160702492079183 -0.9968229271108753
vn -0.06791838825640283 -0.04160702492079183 -0.9968229271108753
vn -0.06791838825640283 -0.04160702492079183 -0.9968229271108753
vn 0 0 1
vn 0 0 1
vn 0 0 1
vn 0 0 1
vn 0 0 1
vn 0 0 1
vn 0.000738404069682124 -0.9999997273653944 -0.000005344782629617913
vn 0.000738404069682124 -0.9999997273653944 -0.000005344782629617913
vn 0.000738404069682124 -0.9999997273653944 -0.000005344782629617913
vn 0.000738404069682124 -0.9999997273653944 -0.000005344782629617913
vn 0.000738404069682124 -0.9999997273653944 -0.000005344782629617913
vn 0.000738404069682124 -0.9999997273653944 -0.000005344782629617913
vn 0.018213561040154768 -0.012175325461649105 -0.999759985018474
vn 0.018213561040154768 -0.012175325461649105 -0.999759985018474
vn 0.018213561040154768 -0.012175325461649105 -0.999759985018474
vn 0.018213561040154768 -0.012175325461649105 -0.999759985018474
vn 0.018213561040154768 -0.012175325461649105 -0.999759985018474
vn 0.018213561040154768 -0.012175325461649105 -0.999759985018474
vn -0.9999001743286522 0 0.014129450715820596
vn -0.9999001743286522 0 0.014129450715820596
vn -0.9999001743286522 0 0.014129450715820596
vn -0.9999001743286522 0 0.014129450715820596
vn -0.9999001743286522 0 0.014129450715820596
vn -0.9999001743286522 0 0.014129450715820596
vn 0.04674540517548634 0.026254412109398596 -0.9985617521915056
vn 0.04674540517548634 0.026254412109398596 -0.9985617521915056
vn 0.04674540517548634 0.026254412109398596 -0.9985617521915056
vn 0.04674540517548634 0.026254412109398596 -0.9985617521915056
vn 0.04674540517548634 0.026254412109398596 -0.9985617521915056
vn 0.04674540517548634 0.026254412109398596 -0.9985617521915056
vn -0.00040616102862378573 -0.9999999173788426 0.00001659899460712994
vn -0.00040616102862378573 -0.9999999173788426 0.00001659899460712994
vn -0.00040616102862378573 -0.9999999173788426 0.00001659899460712994
vn -0.00040616102862378573 -0.9999999173788426 0.00001659899460712994
vn -0.00040616102862378573 -0.9999999173788426 0.00001659899460712994
vn -0.00040616102862378573 -0.9999999173788426 0.00001659899460712994
vn 0.0005215695619144201 -0.9999998633860894 0.00003453975599679961
vn 0.0005215695619144201 -0.9999998633860894 0.00003453975599679961
vn 0.0005215695619144201 -0.9999998633860894 0.00003453975599679961
vn 0.0005215695619144201 -0.9999998633860894 0.00003453975599679961
vn 0.0005215695619144201 -0.9999998633860894 0.00003453975599679961
vn 0.0005215695619144201 -0.9999998633860894 0.00003453975599679961
vn 0.9966041048669181 -0.012022167684265578 -0.08145996345801186
vn 0.9966041048669181 -0.012022167684265578 -0.08145996345801186
vn 0.9966041048669181 -0.012022167684265578 -0.08145996345801186
vn 0.9966041048669181 -0.012022167684265578 -0.08145996345801186
vn 0.9966041048669181 -0.012022167684265578 -0.08145996345801186
vn 0.9966041048669181 -0.012022167684265578 -0.08145996345801186
vn 0.0050836127398323685 -0.003397915351564215 0.9999813053516426
vn 0.0050836127398323685 -0.003397915351564215 0.9999813053516426
vn 0.0050836127398323685 -0.003397915351564215 0.9999813053516426
vn 0.0050836127398323685 -0.003397915351564215 0.9999813053516426
vn 0.0050836127398323685 -0.003397915351564215 0.9999813053516426
vn 0.0050836127398323685 -0.003397915351564215 0.9999813053516426
vn -0.04544593791300339 -0.02552440031485257 0.9986406619579309
vn -0.04544593791300339 -0.02552440031485257 0.9986406619579309
vn -0.04544593791300339 -0.02552440031485257 0.9986406619579309
vn -0.04544593791300339 -0.02552440031485257 0.9986406619579309
vn -0.04544593791300339 -0.02552440031485257 0.9986406619579309
vn -0.04544593791300339 -0.02552440031485257 0.9986406619579309
vn -0.04440556813444347 0.02968269941937076 0.9985725225910418
vn -0.04440556813444347 0.02968269941937076 0.9985725225910418
vn -0.04440556813444347 0.02968269941937076 0.9985725225910418
vn -0.04440556813444347 0.02968269941937076 0.9985725225910418
vn -0.04440556813444347 0.02968269941937076 0.9985725225910418
vn -0.04440556813444347 0.02968269941937076 0.9985725225910418
vn -0.0010360189453982405 -0.9999994609786467 -0.000068608751285327
vn -0.0010360189453982405 -0.9999994609786467 -0.000068608751285327
vn -0.0010360189453982405 -0.9999994609786467 -0.000068608751285327
vn -0.0010360189453982405 -0.9999994609786467 -0.000068608751285327
vn -0.0010360189453982405 -0.9999994609786467 -0.000068608751285327
vn -0.0010360189453982405 -0.9999994609786467 -0.000068608751285327
vn -0.003058565286150104 -0.001715362987212385 0.9999938513352031
vn -0.003058565286150104 -0.001715362987212385 0.9999938513352031
vn -0.003058565286150104 -0.001715362987212385 0.9999938513352031
vn -0.003058565286150104 -0.001715362987212385 0.9999938513352031
vn -0.003058565286150104 -0.001715362987212385 0.9999938513352031
vn -0.003058565286150104 -0.001715362987212385 0.9999938513352031
vn -0.005397031700858682 0.003607707665055835 -0.9999789280250976
vn -0.005397031700858682 0.003607707665055835 -0.9999789280250976
vn -0.005397031700858682 0.003607707665055835 -0.9999789280250976
vn -0.005397031700858682 0.003607707665055835 -0.9999789280250976
vn -0.005397031700858682 0.003607707665055835 -0.9999789280250976
vn -0.005397031700858682 0.003607707665055835 -0.9999789280250976
vn 0.04686368929462658 -0.03132609602094967 -0.9984099710708937
vn 0.04686368929462658 -0.03132609602094967 -0.9984099710708937
vn 0.04686368929462658 -0.03132609602094967 -0.9984099710708937
vn 0.04686368929462658 -0.03132609602094967 -0.9984099710708937
vn 0.04686368929462658 -0.03132609602094967 -0.9984099710708937
vn 0.04686368929462658 -0.03132609602094967 -0.9984099710708937
vn 0.0008100530483875648 -0.9999996713589886 -0.000033105495326816146
vn 0.0008100530483875648 -0.9999996713589886 -0.000033105495326816146
vn 0.0008100530483875648 -0.9999996713589886 -0.000033105495326816146
vn 0.0008100530483875648 -0.9999996713589886 -0.000033105495326816146
vn 0.0008100530483875648 -0.9999996713589886 -0.000033105495326816146
vn 0.0008100530483875648 -0.9999996713589886 -0.000033105495326816146
vn 0.0031380824052769157 0.0017610436002575916 -0.9999935255611686
vn 0.0031380824052769157 0.0017610436002575916 -0.9999935255611686
vn 0.0031380824052769157 0.0017610436002575916 -0.9999935255611686
vn 0.0031380824052769157 0.0017610436002575916 -0.9999935255611686
vn 0.0031380824052769157 0.0017610436002575916 -0.9999935255611686
vn 0.0031380824052769157 0.0017610436002575916 -0.9999935255611686
vn 0 0 1
vn 0 0 1
vn 0 0 1
vn 0 0 1
vn 0 0 1
vn 0 0 1
vn 0 0 -1
vn 0 0 -1
vn 0 0 -1
vn 0 0 -1
vn 0 0 -1
vn 0 0 -1
vn 0 0 -1
vn 0 0 -1
vn 0 0 -1
vn 0 0 -1
vn 0 0 -1
vn 0 0 -1
vn 0 1 0
vn 0 1 0
vn 0 1 0
vn 0 1 0
vn 0 1 0
vn 0 1 0
vn 0 1 0
vn 0 1 0
vn 0 1 0
vn 0 1 0
vn 0 1 0
vn 0 1 0
vn 0 1 0
vn 0 1 0
vn 0 1 0
vn 0 1 0
vn 0 1 0
vn 0 1 0
vn 0 1 0
vn 0 1 0
vn 0 1 0
vn 0 1 0
vn 0 1 0
vn 0 1 0
vn 0 1 0
vn 0 1 0
vn 0 1 0
vn 0 1 0
vn 0 1 0
vn 0 1 0
vn 0 0.9999999999999674 2.5536303382977245e-7
vn 0 0.9999999999999674 2.5536303382977245e-7
vn 0 0.9999999999999674 2.5536303382977245e-7
vn 0 0.9999999999999674 2.5536303382977245e-7
vn 0 0.9999999999999674 2.5536303382977245e-7
vn 0 0.9999999999999674 2.5536303382977245e-7
vn -0.9913428206102953 0 -0.13129894144441506
vn -0.9913428206102953 0 -0.13129894144441506
vn -0.9913428206102953 0 -0.13129894144441506
vn -0.9913428206102953 0 -0.13129894144441506
vn -0.9913428206102953 0 -0.13129894144441506
vn -0.9913428206102953 0 -0.13129894144441506
vn 0 0 -1
vn 0 0 -1
vn 0 0 -1
vn 0 0 -1
vn 0 0 -1
vn 0 0 -1
vn 0.9966208484068666 0.010543942605232975 -0.08145986616190178
vn 0.9966208484068666 0.010543942605232975 -0.08145986616190178
vn 0.9966208484068666 0.010543942605232975 -0.08145986616190178
vn 0.9966208484068666 0.010543942605232975 -0.08145986616190178
vn 0.9966208484068666 0.010543942605232975 -0.08145986616190178
vn 0.9966208484068666 0.010543942605232975 -0.08145986616190178
vn 0 0 -1
vn 0 0 -1
vn 0 0 -1
vn 0 0 -1
vn 0 0 -1
vn 0 0 -1
vn 0 0 1
vn 0 0 1
vn 0 0 1
vn 0 0 1
vn 0 0 1
vn 0 0 1
vn 0.9998198652706051 -0.011999741082699716 0.014705210784528553
vn 0.9998198652706051 -0.011999741082699716 0.014705210784528553
vn 0.9998198652706051 -0.011999741082699716 0.014705210784528553
vn 0.9998198652706051 -0.011999741082699716 0.014705210784528553
vn 0.9998198652706051 -0.011999741082699716 0.014705210784528553
vn 0.9998198652706051 -0.011999741082699716 0.014705210784528553
vn 0 0 1
vn 0 0 1
vn 0 0 1
vn 0 0 1
vn 0 0 1
vn 0 0 1
vn 0 0 -1
vn 0 0 -1
vn 0 0 -1
vn 0 0 -1
vn 0 0 -1
vn 0 0 -1
vn -0.0000032185655527261317 0 0.9999999999948204
vn -0.0000032185655527261317 0 0.9999999999948204
vn -0.0000032185655527261317 0 0.9999999999948204
vn -0.0000032185655527261317 0 0.9999999999948204
vn -0.0000032185655527261317 0 0.9999999999948204
vn -0.0000032185655527261317 0 0.9999999999948204
vn -0.9913428400059732 0 -0.13129879500167466
vn -0.9913428400059732 0 -0.13129879500167466
vn -0.9913428400059732 0 -0.13129879500167466
vn -0.9913428400059732 0 -0.13129879500167466
vn -0.9913428400059732 0 -0.13129879500167466
vn -0.9913428400059732 0 -0.13129879500167466
vn 0 0 1
vn 0 0 1
vn 0 0 1
vn 0 0 1
vn 0 0 1
vn 0 0 1
vn 0 6.332097512995447e-8 -0.999999999999998
vn 0 6.332097512995447e-8 -0.999999999999998
vn 0 6.332097512995447e-8 -0.999999999999998
vn 0 6.332097512995447e-8 -0.999999999999998
vn 0 6.332097512995447e-8 -0.999999999999998
vn 0 6.332097512995447e-8 -0.999999999999998
vn -0.4748425628930699 -0.8798294932518603 0.020605903749065128
vn -0.4748425628930699 -0.8798294932518603 0.020605903749065128
vn -0.4748425628930699 -0.8798294932518603 0.020605903749065128
vn -0.4748425628930699 -0.8798294932518603 0.020605903749065128
vn -0.4748425628930699 -0.8798294932518603 0.020605903749065128
vn -0.4748425628930699 -0.8798294932518603 0.020605903749065128
vn 0.09454655069918091 0.07552005484540554 0.9926518377895817
vn 0.09454655069918091 0.07552005484540554 0.9926518377895817
vn 0.09454655069918091 0.07552005484540554 0.9926518377895817
vn 0.09454655069918091 0.07552005484540554 0.9926518377895817
vn 0.09454655069918091 0.07552005484540554 0.9926518377895817
vn 0.09454655069918091 0.07552005484540554 0.9926518377895817
vn 0.3538143341873254 0.039497744348957926 -0.934481324112432
vn 0.3538143341873254 0.039497744348957926 -0.934481324112432
vn 0.3538143341873254 0.039497744348957926 -0.934481324112432
vn 0.3538143341873254 0.039497744348957926 -0.934481324112432
vn 0.3538143341873254 0.039497744348957926 -0.934481324112432
vn 0.3538143341873254 0.039497744348957926 -0.934481324112432
vn 4.751278218366402e-8 0.9991079166013107 0.042229977321638565
vn 4.751278218366402e-8 0.9991079166013107 0.042229977321638565
vn 4.751278218366402e-8 0.9991079166013107 0.042229977321638565
vn 4.751278218366402e-8 0.9991079166013107 0.042229977321638565
vn 4.751278218366402e-8 0.9991079166013107 0.042229977321638565
vn 4.751278218366402e-8 0.9991079166013107 0.042229977321638565
vn -0.19779170815576988 -0.04139529492157858 0.9793696287628987
vn -0.19779170815576988 -0.04139529492157858 0.9793696287628987
vn -0.19779170815576988 -0.04139529492157858 0.9793696287628987
vn -0.19779170815576988 -0.04139529492157858 0.9793696287628987
vn -0.19779170815576988 -0.04139529492157858 0.9793696287628987
vn -0.19779170815576988 -0.04139529492157858 0.9793696287628987
vn -0.09000843226524893 -0.9946185580519784 -0.05130697905505002
vn -0.09000843226524893 -0.9946185580519784 -0.05130697905505002
vn -0.09000843226524893 -0.9946185580519784 -0.05130697905505002
vn -0.09000843226524893 -0.9946185580519784 -0.05130697905505002
vn -0.09000843226524893 -0.9946185580519784 -0.05130697905505002
vn -0.09000843226524893 -0.9946185580519784 -0.05130697905505002
vn 0.09199111411425237 -0.9952262312050655 -0.03259422717875171
vn 0.09199111411425237 -0.9952262312050655 -0.03259422717875171
vn 0.09199111411425237 -0.9952262312050655 -0.03259422717875171
vn 0.09199111411425237 -0.9952262312050655 -0.03259422717875171
vn 0.09199111411425237 -0.9952262312050655 -0.03259422717875171
vn 0.09199111411425237 -0.9952262312050655 -0.03259422717875171
vn -0.023241745735712492 -0.9968408529604642 0.07594823977032485
vn -0.023241745735712492 -0.9968408529604642 0.07594823977032485
vn -0.023241745735712492 -0.9968408529604642 0.07594823977032485
vn -0.023241745735712492 -0.9968408529604642 0.07594823977032485
vn -0.023241745735712492 -0.9968408529604642 0.07594823977032485
vn -0.023241745735712492 -0.9968408529604642 0.07594823977032485
vn 0.001262757323536682 -0.9867788980756981 -0.16206730625407756
vn 0.001262757323536682 -0.9867788980756981 -0.16206730625407756
vn 0.001262757323536682 -0.9867788980756981 -0.16206730625407756
vn 0.001262757323536682 -0.9867788980756981 -0.16206730625407756
vn 0.001262757323536682 -0.9867788980756981 -0.16206730625407756
vn 0.001262757323536682 -0.9867788980756981 -0.16206730625407756
vn 0.005907857349613195 0.042228855369108614 -0.9990904968999312
vn 0.005907857349613195 0.042228855369108614 -0.9990904968999312
vn 0.005907857349613195 0.042228855369108614 -0.9990904968999312
vn 0.005907857349613195 0.042228855369108614 -0.9990904968999312
vn 0.005907857349613195 0.042228855369108614 -0.9990904968999312
vn 0.005907857349613195 0.042228855369108614 -0.9990904968999312
vn -0.33036895721373144 -0.039858533888472325 0.9430098882757132
vn -0.33036895721373144 -0.039858533888472325 0.9430098882757132
vn -0.33036895721373144 -0.039858533888472325 0.9430098882757132
vn -0.33036895721373144 -0.039858533888472325 0.9430098882757132
vn -0.33036895721373144 -0.039858533888472325 0.9430098882757132
vn -0.33036895721373144 -0.039858533888472325 0.9430098882757132
vn -9.462693873711669e-8 -0.9991079335256322 -0.04222957691158761
vn -9.462693873711669e-8 -0.9991079335256322 -0.04222957691158761
vn -9.462693873711669e-8 -0.9991079335256322 -0.04222957691158761
vn -9.462693873711669e-8 -0.9991079335256322 -0.04222957691158761
vn -9.462693873711669e-8 -0.9991079335256322 -0.04222957691158761
vn -9.462693873711669e-8 -0.9991079335256322 -0.04222957691158761
vn 0.99475087586182 -0.0043211780361178806 0.10223513286792481
vn 0.99475087586182 -0.0043211780361178806 0.10223513286792481
vn 0.99475087586182 -0.0043211780361178806 0.10223513286792481
vn 0.99475087586182 -0.0043211780361178806 0.10223513286792481
vn 0.99475087586182 -0.0043211780361178806 0.10223513286792481
vn 0.99475087586182 -0.0043211780361178806 0.10223513286792481
vn -0.9947508317702689 0.004321211372196883 -0.10223556047009637
vn -0.9947508317702689 0.004321211372196883 -0.10223556047009637
vn -0.9947508317702689 0.004321211372196883 -0.10223556047009637
vn -0.9947508317702689 0.004321211372196883 -0.10223556047009637
vn -0.9947508317702689 0.004321211372196883 -0.10223556047009637
vn -0.9947508317702689 0.004321211372196883 -0.10223556047009637
vn -0.9947508385276583 0.004321225837050709 -0.10223549410936326
vn -0.9947508385276583 0.004321225837050709 -0.10223549410936326
vn -0.9947508385276583 0.004321225837050709 -0.10223549410936326
vn -0.9947508385276583 0.004321225837050709 -0.10223549410936326
vn -0.9947508385276583 0.004321225837050709 -0.10223549410936326
vn -0.9947508385276583 0.004321225837050709 -0.10223549410936326
vn 0.18835504655241161 0.041473508546560914 -0.981224910266284
vn 0.18835504655241161 0.041473508546560914 -0.981224910266284
vn 0.18835504655241161 0.041473508546560914 -0.981224910266284
vn 0.18835504655241161 0.041473508546560914 -0.981224910266284
vn 0.18835504655241161 0.041473508546560914 -0.981224910266284
vn 0.18835504655241161 0.041473508546560914 -0.981224910266284
vn 1.2986115891012271e-8 -0.9991079344686992 -0.042229554599707196
vn 1.2986115891012271e-8 -0.9991079344686992 -0.042229554599707196
vn 1.2986115891012271e-8 -0.9991079344686992 -0.042229554599707196
vn 1.2986115891012271e-8 -0.9991079344686992 -0.042229554599707196
vn 1.2986115891012271e-8 -0.9991079344686992 -0.042229554599707196
vn 1.2986115891012271e-8 -0.9991079344686992 -0.042229554599707196
vn -0.015524941344982697 -0.04222392249607849 0.9989875457508368
vn -0.015524941344982697 -0.04222392249607849 0.9989875457508368
vn -0.015524941344982697 -0.04222392249607849 0.9989875457508368
vn -0.015524941344982697 -0.04222392249607849 0.9989875457508368
vn -0.015524941344982697 -0.04222392249607849 0.9989875457508368
vn -0.015524941344982697 -0.04222392249607849 0.9989875457508368
vn -0.13130214729314463 0.04186367590213635 -0.9904580651174335
vn -0.13130214729314463 0.04186367590213635 -0.9904580651174335
vn -0.13130214729314463 0.04186367590213635 -0.9904580651174335
vn -0.13130214729314463 0.04186367590213635 -0.9904580651174335
vn -0.13130214729314463 0.04186367590213635 -0.9904580651174335
vn -0.13130214729314463 0.04186367590213635 -0.9904580651174335
vn 0.15599421736407498 -0.04171269274591361 0.9868768187635449
vn 0.15599421736407498 -0.04171269274591361 0.9868768187635449
vn 0.15599421736407498 -0.04171269274591361 0.9868768187635449
vn 0.15599421736407498 -0.04171269274591361 0.9868768187635449
vn 0.15599421736407498 -0.04171269274591361 0.9868768187635449
vn 0.15599421736407498 -0.04171269274591361 0.9868768187635449
vn -7.335469756573839e-9 0.9991079233599782 0.042229817419824775
vn -7.335469756573839e-9 0.9991079233599782 0.042229817419824775
vn -7.335469756573839e-9 0.9991079233599782 0.042229817419824775
vn -7.335469756573839e-9 0.9991079233599782 0.042229817419824775
vn -7.335469756573839e-9 0.9991079233599782 0.042229817419824775
vn -7.335469756573839e-9 0.9991079233599782 0.042229817419824775
vn 0.9947508697000335 -0.0043212012924158565 0.10223519183929511
vn 0.9947508697000335 -0.0043212012924158565 0.10223519183929511
vn 0.9947508697000335 -0.0043212012924158565 0.10223519183929511
vn 0.9947508697000335 -0.0043212012924158565 0.10223519183929511
vn 0.9947508697000335 -0.0043212012924158565 0.10223519183929511
vn 0.9947508697000335 -0.0043212012924158565 0.10223519183929511
vn 0.015362961410942738 -0.9978758222172932 0.06330736806128354
vn 0.015362961410942738 -0.9978758222172932 0.06330736806128354
vn 0.015362961410942738 -0.9978758222172932 0.06330736806128354
vn 0.015362961410942738 -0.9978758222172932 0.06330736806128354
vn 0.015362961410942738 -0.9978758222172932 0.06330736806128354
vn 0.015362961410942738 -0.9978758222172932 0.06330736806128354
vn 0.036500278458950215 -0.9891983161866579 -0.1419662668590677
vn 0.036500278458950215 -0.9891983161866579 -0.1419662668590677
vn 0.036500278458950215 -0.9891983161866579 -0.1419662668590677
vn 0.036500278458950215 -0.9891983161866579 -0.1419662668590677
vn 0.036500278458950215 -0.9891983161866579 -0.1419662668590677
vn 0.036500278458950215 -0.9891983161866579 -0.1419662668590677
vn 0.9963861855537582 -0.015210464828274409 0.08356560893896303
vn 0.9963861855537582 -0.015210464828274409 0.08356560893896303
vn 0.9963861855537582 -0.015210464828274409 0.08356560893896303
vn 0.9963861855537582 -0.015210464828274409 0.08356560893896303
vn 0.9963861855537582 -0.015210464828274409 0.08356560893896303
vn 0.9963861855537582 -0.015210464828274409 0.08356560893896303
vn 0.9839764782457272 -0.059695917803628464 0.16800799878790937
vn 0.9839764782457272 -0.059695917803628464 0.16800799878790937
vn 0.9839764782457272 -0.059695917803628464 0.16800799878790937
vn 0.9839764782457272 -0.059695917803628464 0.16800799878790937
vn 0.9839764782457272 -0.059695917803628464 0.16800799878790937
vn 0.9839764782457272 -0.059695917803628464 0.16800799878790937
vn 0.00008986800006849636 0.9991471670382063 0.04129080434272445
vn 0.00008986800006849636 0.9991471670382063 0.04129080434272445
vn 0.00008986800006849636 0.9991471670382063 0.04129080434272445
vn 0.00008986800006849636 0.9991471670382063 0.04129080434272445
vn 0.00008986800006849636 0.9991471670382063 0.04129080434272445
vn 0.00008986800006849636 0.9991471670382063 0.04129080434272445
vn -0.9846403328458198 0.04873587429832447 -0.16765509085515895
vn -0.9846403328458198 0.04873587429832447 -0.16765509085515895
vn -0.9846403328458198 0.04873587429832447 -0.16765509085515895
vn -0.9846403328458198 0.04873587429832447 -0.16765509085515895
vn -0.9846403328458198 0.04873587429832447 -0.16765509085515895
vn -0.9846403328458198 0.04873587429832447 -0.16765509085515895
vn 0.9947508365627659 -0.004321154116678414 0.1022355162591628
vn 0.9947508365627659 -0.004321154116678414 0.1022355162591628
vn 0.9947508365627659 -0.004321154116678414 0.1022355162591628
vn 0.9947508365627659 -0.004321154116678414 0.1022355162591628
vn 0.9947508365627659 -0.004321154116678414 0.1022355162591628
vn 0.9947508365627659 -0.004321154116678414 0.1022355162591628
vn -0.00008133146196357965 0.9990766659334392 0.042962879006376624
vn -0.00008133146196357965 0.9990766659334392 0.042962879006376624
vn -0.00008133146196357965 0.9990766659334392 0.042962879006376624
vn -0.00008133146196357965 0.9990766659334392 0.042962879006376624
vn -0.00008133146196357965 0.9990766659334392 0.042962879006376624
vn -0.00008133146196357965 0.9990766659334392 0.042962879006376624
vn -0.9963758785489786 0.01571609111014043 -0.08359493481048395
vn -0.9963758785489786 0.01571609111014043 -0.08359493481048395
vn -0.9963758785489786 0.01571609111014043 -0.08359493481048395
vn -0.9963758785489786 0.01571609111014043 -0.08359493481048395
vn -0.9963758785489786 0.01571609111014043 -0.08359493481048395
vn -0.9963758785489786 0.01571609111014043 -0.08359493481048395
vn 0.1163407799659853 0.06509102947976832 -0.9910741550450047
vn 0.1163407799659853 0.06509102947976832 -0.9910741550450047
vn 0.1163407799659853 0.06509102947976832 -0.9910741550450047
vn 0.1163407799659853 0.06509102947976832 -0.9910741550450047
vn 0.1163407799659853 0.06509102947976832 -0.9910741550450047
vn 0.1163407799659853 0.06509102947976832 -0.9910741550450047
vn -0.9981034146503178 -0.023880397299024542 -0.05673887810149705
vn -0.9981034146503178 -0.023880397299024542 -0.05673887810149705
vn -0.9981034146503178 -0.023880397299024542 -0.05673887810149705
vn -0.9981034146503178 -0.023880397299024542 -0.05673887810149705
vn -0.9981034146503178 -0.023880397299024542 -0.05673887810149705
vn -0.9981034146503178 -0.023880397299024542 -0.05673887810149705
vn 0.000057929884228236774 0.9991248454659585 0.04182750072324337
vn 0.000057929884228236774 0.9991248454659585 0.04182750072324337
vn 0.000057929884228236774 0.9991248454659585 0.04182750072324337
vn 0.000057929884228236774 0.9991248454659585 0.04182750072324337
vn 0.000057929884228236774 0.9991248454659585 0.04182750072324337
vn 0.000057929884228236774 0.9991248454659585 0.04182750072324337
vn -0.000018944907513549813 0.9990857290680666 0.04275167381074596
vn -0.000018944907513549813 0.9990857290680666 0.04275167381074596
vn -0.000018944907513549813 0.9990857290680666 0.04275167381074596
vn -0.000018944907513549813 0.9990857290680666 0.04275167381074596
vn -0.000018944907513549813 0.9990857290680666 0.04275167381074596
vn -0.000018944907513549813 0.9990857290680666 0.04275167381074596
vn -0.1829688895111842 -0.01674753844012863 0.9829760451950194
vn -0.1829688895111842 -0.01674753844012863 0.9829760451950194
vn -0.1829688895111842 -0.01674753844012863 0.9829760451950194
vn -0.1829688895111842 -0.01674753844012863 0.9829760451950194
vn -0.1829688895111842 -0.01674753844012863 0.9829760451950194
vn -0.1829688895111842 -0.01674753844012863 0.9829760451950194
vn 0.9942119545683695 -0.0011370465894126242 0.1074304264088909
vn 0.9942119545683695 -0.0011370465894126242 0.1074304264088909
vn 0.9942119545683695 -0.0011370465894126242 0.1074304264088909
vn 0.9942119545683695 -0.0011370465894126242 0.1074304264088909
vn 0.9942119545683695 -0.0011370465894126242 0.1074304264088909
vn 0.9942119545683695 -0.0011370465894126242 0.1074304264088909
vn 0.9980489547389816 0.023096941262839996 0.05800702758052163
vn 0.9980489547389816 0.023096941262839996 0.05800702758052163
vn 0.9980489547389816 0.023096941262839996 0.05800702758052163
vn 0.9980489547389816 0.023096941262839996 0.05800702758052163
vn 0.9980489547389816 0.023096941262839996 0.05800702758052163
vn 0.9980489547389816 0.023096941262839996 0.05800702758052163
vn 0.9978746546264261 -0.032107788343686404 0.05670329427703459
vn 0.9978746546264261 -0.032107788343686404 0.05670329427703459
vn 0.9978746546264261 -0.032107788343686404 0.05670329427703459
vn 0.9978746546264261 -0.032107788343686404 0.05670329427703459
vn 0.9978746546264261 -0.032107788343686404 0.05670329427703459
vn 0.9978746546264261 -0.032107788343686404 0.05670329427703459
vn 0.000038724162767674194 0.9991512119991344 0.04119288847726237
vn 0.000038724162767674194 0.9991512119991344 0.04119288847726237
vn 0.000038724162767674194 0.9991512119991344 0.04119288847726237
vn 0.000038724162767674194 0.9991512119991344 0.04119288847726237
vn 0.000038724162767674194 0.9991512119991344 0.04119288847726237
vn 0.000038724162767674194 0.9991512119991344 0.04119288847726237
vn 0.9950576958475513 -0.0024758220961231523 0.09926757899490801
vn 0.9950576958475513 -0.0024758220961231523 0.09926757899490801
vn 0.9950576958475513 -0.0024758220961231523 0.09926757899490801
vn 0.9950576958475513 -0.0024758220961231523 0.09926757899490801
vn 0.9950576958475513 -0.0024758220961231523 0.09926757899490801
vn 0.9950576958475513 -0.0024758220961231523 0.09926757899490801
vn -0.9941776350446309 0.0009450531755279606 -0.1077494169430172
vn -0.9941776350446309 0.0009450531755279606 -0.1077494169430172
vn -0.9941776350446309 0.0009450531755279606 -0.1077494169430172
vn -0.9941776350446309 0.0009450531755279606 -0.1077494169430172
vn -0.9941776350446309 0.0009450531755279606 -0.1077494169430172
vn -0.9941776350446309 0.0009450531755279606 -0.1077494169430172
vn -0.9979646049767841 0.03364283166344716 -0.05417385985137369
vn -0.9979646049767841 0.03364283166344716 -0.05417385985137369
vn -0.9979646049767841 0.03364283166344716 -0.05417385985137369
vn -0.9979646049767841 0.03364283166344716 -0.05417385985137369
vn -0.9979646049767841 0.03364283166344716 -0.05417385985137369
vn -0.9979646049767841 0.03364283166344716 -0.05417385985137369
vn -0.00011571668152369882 0.9990737191869286 0.043031270486095764
vn -0.00011571668152369882 0.9990737191869286 0.043031270486095764
vn -0.00011571668152369882 0.9990737191869286 0.043031270486095764
vn -0.00011571668152369882 0.9990737191869286 0.043031270486095764
vn -0.00011571668152369882 0.9990737191869286 0.043031270486095764
vn -0.00011571668152369882 0.9990737191869286 0.043031270486095764
vn -0.9950655484688431 0.0024270056224731137 -0.09919003928877561
vn -0.9950655484688431 0.0024270056224731137 -0.09919003928877561
vn -0.9950655484688431 0.0024270056224731137 -0.09919003928877561
vn -0.9950655484688431 0.0024270056224731137 -0.09919003928877561
vn -0.9950655484688431 0.0024270056224731137 -0.09919003928877561
vn -0.9950655484688431 0.0024270056224731137 -0.09919003928877561
vn 0.9947505464873094 -0.004321278482765257 0.10223833339542347
vn 0.9947505464873094 -0.004321278482765257 0.10223833339542347
vn 0.9947505464873094 -0.004321278482765257 0.10223833339542347
vn 0.9947505464873094 -0.004321278482765257 0.10223833339542347
vn 0.9947505464873094 -0.004321278482765257 0.10223833339542347
vn 0.9947505464873094 -0.004321278482765257 0.10223833339542347
vn -0.9947504104151424 0.0043212658366571285 -0.10223965786559928
vn -0.9947504104151424 0.0043212658366571285 -0.10223965786559928
vn -0.9947504104151424 0.0043212658366571285 -0.10223965786559928
vn -0.9947504104151424 0.0043212658366571285 -0.10223965786559928
vn -0.9947504104151424 0.0043212658366571285 -0.10223965786559928
vn -0.9947504104151424 0.0043212658366571285 -0.10223965786559928
vn -0.9947508779187794 0.00432122833647334 -0.10223511072758576
vn -0.9947508779187794 0.00432122833647334 -0.10223511072758576
vn -0.9947508779187794 0.00432122833647334 -0.10223511072758576
vn -0.9947508779187794 0.00432122833647334 -0.10223511072758576
vn -0.9947508779187794 0.00432122833647334 -0.10223511072758576
vn -0.9947508779187794 0.00432122833647334 -0.10223511072758576
vn 5.68810097093029e-9 -0.9991079339971681 -0.042229565755647513
vn 5.68810097093029e-9 -0.9991079339971681 -0.042229565755647513
vn 5.68810097093029e-9 -0.9991079339971681 -0.042229565755647513
vn 5.68810097093029e-9 -0.9991079339971681 -0.042229565755647513
vn 5.68810097093029e-9 -0.9991079339971681 -0.042229565755647513
vn 5.68810097093029e-9 -0.9991079339971681 -0.042229565755647513
vn 2.707964037893043e-8 -0.9991079162869542 -0.042229984758932186
vn 2.707964037893043e-8 -0.9991079162869542 -0.042229984758932186
vn 2.707964037893043e-8 -0.9991079162869542 -0.042229984758932186
vn 2.707964037893043e-8 -0.9991079162869542 -0.042229984758932186
vn 2.707964037893043e-8 -0.9991079162869542 -0.042229984758932186
vn 2.707964037893043e-8 -0.9991079162869542 -0.042229984758932186
vn 1.70642043157846e-8 -0.9991079594596691 -0.04222896333484803
vn 1.70642043157846e-8 -0.9991079594596691 -0.04222896333484803
vn 1.70642043157846e-8 -0.9991079594596691 -0.04222896333484803
vn 1.70642043157846e-8 -0.9991079594596691 -0.04222896333484803
vn 1.70642043157846e-8 -0.9991079594596691 -0.04222896333484803
vn 1.70642043157846e-8 -0.9991079594596691 -0.04222896333484803
vn -3.2495515135628716e-7 -0.9991079531726127 -0.0422291120807265
vn -3.2495515135628716e-7 -0.9991079531726127 -0.0422291120807265
vn -3.2495515135628716e-7 -0.9991079531726127 -0.0422291120807265
vn -3.2495515135628716e-7 -0.9991079531726127 -0.0422291120807265
vn -3.2495515135628716e-7 -0.9991079531726127 -0.0422291120807265
vn -3.2495515135628716e-7 -0.9991079531726127 -0.0422291120807265
vn -2.7624096411345535e-7 -0.9991079432705519 -0.04222934635548352
vn -2.7624096411345535e-7 -0.9991079432705519 -0.04222934635548352
vn -2.7624096411345535e-7 -0.9991079432705519 -0.04222934635548352
vn -2.7624096411345535e-7 -0.9991079432705519 -0.04222934635548352
vn -2.7624096411345535e-7 -0.9991079432705519 -0.04222934635548352
vn -2.7624096411345535e-7 -0.9991079432705519 -0.04222934635548352
vn 4.653711494749531e-8 -0.9991079236743332 -0.04222980998253099
vn 4.653711494749531e-8 -0.9991079236743332 -0.04222980998253099
vn 4.653711494749531e-8 -0.9991079236743332 -0.04222980998253099
vn 4.653711494749531e-8 -0.9991079236743332 -0.04222980998253099
vn 4.653711494749531e-8 -0.9991079236743332 -0.04222980998253099
vn 4.653711494749531e-8 -0.9991079236743332 -0.04222980998253099
vn -0.029167334921451855 0.04221204587382955 -0.9986828374197313
vn -0.029167334921451855 0.04221204587382955 -0.9986828374197313
vn -0.029167334921451855 0.04221204587382955 -0.9986828374197313
vn -0.029167334921451855 0.04221204587382955 -0.9986828374197313
vn -0.029167334921451855 0.04221204587382955 -0.9986828374197313
vn -0.029167334921451855 0.04221204587382955 -0.9986828374197313
vn -0.9947508080423457 0.004321298141046195 -0.10223578767474828
vn -0.9947508080423457 0.004321298141046195 -0.10223578767474828
vn -0.9947508080423457 0.004321298141046195 -0.10223578767474828
vn -0.9947508080423457 0.004321298141046195 -0.10223578767474828
vn -0.9947508080423457 0.004321298141046195 -0.10223578767474828
vn -0.9947508080423457 0.004321298141046195 -0.10223578767474828
vn -0.18302508996607522 -0.04151613966771971 0.9822312490396549
vn -0.18302508996607522 -0.04151613966771971 0.9822312490396549
vn -0.18302508996607522 -0.04151613966771971 0.9822312490396549
vn -0.18302508996607522 -0.04151613966771971 0.9822312490396549
vn -0.18302508996607522 -0.04151613966771971 0.9822312490396549
vn -0.18302508996607522 -0.04151613966771971 0.9822312490396549
vn -0.9947510392758032 0.004321143044624139 -0.10223354431152869
vn -0.9947510392758032 0.004321143044624139 -0.10223354431152869
vn -0.9947510392758032 0.004321143044624139 -0.10223354431152869
vn -0.9947510392758032 0.004321143044624139 -0.10223354431152869
vn -0.9947510392758032 0.004321143044624139 -0.10223354431152869
vn -0.9947510392758032 0.004321143044624139 -0.10223354431152869
vn 0.9947505944744022 -0.004321365510956244 0.10223786281483041
vn 0.9947505944744022 -0.004321365510956244 0.10223786281483041
vn 0.9947505944744022 -0.004321365510956244 0.10223786281483041
vn 0.9947505944744022 -0.004321365510956244 0.10223786281483041
vn 0.9947505944744022 -0.004321365510956244 0.10223786281483041
vn 0.9947505944744022 -0.004321365510956244 0.10223786281483041
vn -0.08765965710724333 -0.01734551416939845 0.9959994566534863
vn -0.08765965710724333 -0.01734551416939845 0.9959994566534863
vn -0.08765965710724333 -0.01734551416939845 0.9959994566534863
vn -0.08765965710724333 -0.01734551416939845 0.9959994566534863
vn -0.08765965710724333 -0.01734551416939845 0.9959994566534863
vn -0.08765965710724333 -0.01734551416939845 0.9959994566534863
vn 0.9947508279316473 -0.004321222997053695 0.10223559732848374
vn 0.9947508279316473 -0.004321222997053695 0.10223559732848374
vn 0.9947508279316473 -0.004321222997053695 0.10223559732848374
vn 0.9947508279316473 -0.004321222997053695 0.10223559732848374
vn 0.9947508279316473 -0.004321222997053695 0.10223559732848374
vn 0.9947508279316473 -0.004321222997053695 0.10223559732848374
vn -0.9947511505741934 0.0043211001694214105 -0.10223246316432058
vn -0.9947511505741934 0.0043211001694214105 -0.10223246316432058
vn -0.9947511505741934 0.0043211001694214105 -0.10223246316432058
vn -0.9947511505741934 0.0043211001694214105 -0.10223246316432058
vn -0.9947511505741934 0.0043211001694214105 -0.10223246316432058
vn -0.9947511505741934 0.0043211001694214105 -0.10223246316432058
vn 0.9947503387562576 -0.0043212520733805744 0.10224035565680031
vn 0.9947503387562576 -0.0043212520733805744 0.10224035565680031
vn 0.9947503387562576 -0.0043212520733805744 0.10224035565680031
vn 0.9947503387562576 -0.0043212520733805744 0.10224035565680031
vn 0.9947503387562576 -0.0043212520733805744 0.10224035565680031
vn 0.9947503387562576 -0.0043212520733805744 0.10224035565680031
vn -0.02916688127216141 0.0422116820054555 -0.99868286604864
vn -0.02916688127216141 0.0422116820054555 -0.99868286604864
vn -0.02916688127216141 0.0422116820054555 -0.99868286604864
vn -0.02916688127216141 0.0422116820054555 -0.99868286604864
vn -0.02916688127216141 0.0422116820054555 -0.99868286604864
vn -0.02916688127216141 0.0422116820054555 -0.99868286604864
vn 0.9947508344108047 -0.004321302187616337 0.10223553093915584
vn 0.9947508344108047 -0.004321302187616337 0.10223553093915584
vn 0.9947508344108047 -0.004321302187616337 0.10223553093915584
vn 0.9947508344108047 -0.004321302187616337 0.10223553093915584
vn 0.9947508344108047 -0.004321302187616337 0.10223553093915584
vn 0.9947508344108047 -0.004321302187616337 0.10223553093915584
vn -0.9947505604369679 0.004321558871458996 -0.10223818581752743
vn -0.9947505604369679 0.004321558871458996 -0.10223818581752743
vn -0.9947505604369679 0.004321558871458996 -0.10223818581752743
vn -0.9947505604369679 0.004321558871458996 -0.10223818581752743
vn -0.9947505604369679 0.004321558871458996 -0.10223818581752743
vn -0.9947505604369679 0.004321558871458996 -0.10223818581752743
vn 1.4670932912963111e-8 -0.9999999999999729 2.3217246791772875e-7
vn 1.4670932912963111e-8 -0.9999999999999729 2.3217246791772875e-7
vn 1.4670932912963111e-8 -0.9999999999999729 2.3217246791772875e-7
vn 1.4670932912963111e-8 -0.9999999999999729 2.3217246791772875e-7
vn 1.4670932912963111e-8 -0.9999999999999729 2.3217246791772875e-7
vn 1.4670932912963111e-8 -0.9999999999999729 2.3217246791772875e-7
vn 6.607250213618842e-8 -0.9999999999999143 4.0864551920091023e-7
vn 6.607250213618842e-8 -0.9999999999999143 4.0864551920091023e-7
vn 6.607250213618842e-8 -0.9999999999999143 4.0864551920091023e-7
vn 6.607250213618842e-8 -0.9999999999999143 4.0864551920091023e-7
vn 6.607250213618842e-8 -0.9999999999999143 4.0864551920091023e-7
vn 6.607250213618842e-8 -0.9999999999999143 4.0864551920091023e-7
vn 0.3270766511043101 0.14143775723452057 0.9343533727294284
vn 0.3270766511043101 0.14143775723452057 0.9343533727294284
vn 0.3270766511043101 0.14143775723452057 0.9343533727294284
vn 0.3270766511043101 0.14143775723452057 0.9343533727294284
vn 0.3270766511043101 0.14143775723452057 0.9343533727294284
vn 0.3270766511043101 0.14143775723452057 0.9343533727294284
vn -0.17165727667302166 0.1601537443090521 -0.9720517257579416
vn -0.17165727667302166 0.1601537443090521 -0.9720517257579416
vn -0.17165727667302166 0.1601537443090521 -0.9720517257579416
vn -0.17165727667302166 0.1601537443090521 -0.9720517257579416
vn -0.17165727667302166 0.1601537443090521 -0.9720517257579416
vn -0.17165727667302166 0.1601537443090521 -0.9720517257579416
vn -0.9038451752036855 0.09249414341904914 0.4177424238621157
vn -0.9038451752036855 0.09249414341904914 0.4177424238621157
vn -0.9038451752036855 0.09249414341904914 0.4177424238621157
vn -0.9038451752036855 0.09249414341904914 0.4177424238621157
vn -0.9038451752036855 0.09249414341904914 0.4177424238621157
vn -0.9038451752036855 0.09249414341904914 0.4177424238621157
vn 0.6291457647565993 0.16018960472971336 0.7606016679086182
vn 0.6291457647565993 0.16018960472971336 0.7606016679086182
vn 0.6291457647565993 0.16018960472971336 0.7606016679086182
vn 0.6291457647565993 0.16018960472971336 0.7606016679086182
vn 0.6291457647565993 0.16018960472971336 0.7606016679086182
vn 0.6291457647565993 0.16018960472971336 0.7606016679086182
vn 0.8979566782806216 0.14639270451544628 -0.41502166208028834
vn 0.8979566782806216 0.14639270451544628 -0.41502166208028834
vn 0.8979566782806216 0.14639270451544628 -0.41502166208028834
vn 0.8979566782806216 0.14639270451544628 -0.41502166208028834
vn 0.8979566782806216 0.14639270451544628 -0.41502166208028834
vn 0.8979566782806216 0.14639270451544628 -0.41502166208028834
vn 2.481708349932885e-8 0.9999999999999991 -3.739284082371338e-8
vn 2.481708349932885e-8 0.9999999999999991 -3.739284082371338e-8
vn 2.481708349932885e-8 0.9999999999999991 -3.739284082371338e-8
vn 2.481708349932885e-8 0.9999999999999991 -3.739284082371338e-8
vn 2.481708349932885e-8 0.9999999999999991 -3.739284082371338e-8
vn 2.481708349932885e-8 0.9999999999999991 -3.739284082371338e-8
vn 9.644608667258525e-8 0.9999999999999942 -4.798758723723012e-8
vn 9.644608667258525e-8 0.9999999999999942 -4.798758723723012e-8
vn 9.644608667258525e-8 0.9999999999999942 -4.798758723723012e-8
vn 9.644608667258525e-8 0.9999999999999942 -4.798758723723012e-8
vn 9.644608667258525e-8 0.9999999999999942 -4.798758723723012e-8
vn 9.644608667258525e-8 0.9999999999999942 -4.798758723723012e-8
vn 0.9229096766107698 0 -0.38501653057784957
vn 0.9229096766107698 0 -0.38501653057784957
vn 0.9229096766107698 0 -0.38501653057784957
vn 0.9229096766107698 0 -0.38501653057784957
vn 0.9229096766107698 0 -0.38501653057784957
vn 0.9229096766107698 0 -0.38501653057784957
vn -0.0001428871621577434 -0.9999999420016182 -0.00030916018344761084
vn -0.0001428871621577434 -0.9999999420016182 -0.00030916018344761084
vn -0.0001428871621577434 -0.9999999420016182 -0.00030916018344761084
vn -0.0001428871621577434 -0.9999999420016182 -0.00030916018344761084
vn -0.0001428871621577434 -0.9999999420016182 -0.00030916018344761084
vn -0.0001428871621577434 -0.9999999420016182 -0.00030916018344761084
vn -0.9229097172158888 0 0.3850164332447229
vn -0.9229097172158888 0 0.3850164332447229
vn -0.9229097172158888 0 0.3850164332447229
vn -0.9229097172158888 0 0.3850164332447229
vn -0.9229097172158888 0 0.3850164332447229
vn -0.9229097172158888 0 0.3850164332447229
vn 0.00018633883538820854 -0.9999999013663525 0.0004031688523545685
vn 0.00018633883538820854 -0.9999999013663525 0.0004031688523545685
vn 0.00018633883538820854 -0.9999999013663525 0.0004031688523545685
vn 0.00018633883538820854 -0.9999999013663525 0.0004031688523545685
vn 0.00018633883538820854 -0.9999999013663525 0.0004031688523545685
vn 0.00018633883538820854 -0.9999999013663525 0.0004031688523545685
vn 0.89232150252521 0 -0.4514004166271357
vn 0.89232150252521 0 -0.4514004166271357
vn 0.89232150252521 0 -0.4514004166271357
vn 0.89232150252521 0 -0.4514004166271357
vn 0.89232150252521 0 -0.4514004166271357
vn 0.89232150252521 0 -0.4514004166271357
vn -0.41954060116176883 0 -0.9077365719066416
vn -0.41954060116176883 0 -0.9077365719066416
vn -0.41954060116176883 0 -0.9077365719066416
vn -0.41954060116176883 0 -0.9077365719066416
vn -0.41954060116176883 0 -0.9077365719066416
vn -0.41954060116176883 0 -0.9077365719066416
vn -0.9059334147230883 0 0.42342017912254143
vn -0.9059334147230883 0 0.42342017912254143
vn -0.9059334147230883 0 0.42342017912254143
vn -0.9059334147230883 0 0.42342017912254143
vn -0.9059334147230883 0 0.42342017912254143
vn -0.9059334147230883 0 0.42342017912254143
vn 0.4195425132794211 0 0.9077356881555263
vn 0.4195425132794211 0 0.9077356881555263
vn 0.4195425132794211 0 0.9077356881555263
vn 0.4195425132794211 0 0.9077356881555263
vn 0.4195425132794211 0 0.9077356881555263
vn 0.4195425132794211 0 0.9077356881555263
vn -0.9062781486730977 0 0.42268181559852147
vn -0.9062781486730977 0 0.42268181559852147
vn -0.9062781486730977 0 0.42268181559852147
vn -0.9062781486730977 0 0.42268181559852147
vn -0.9062781486730977 0 0.42268181559852147
vn -0.9062781486730977 0 0.42268181559852147
vn -0.0005056989558860194 -0.9999992742246498 -0.0010935349740536257
vn -0.0005056989558860194 -0.9999992742246498 -0.0010935349740536257
vn -0.0005056989558860194 -0.9999992742246498 -0.0010935349740536257
vn -0.0005056989558860194 -0.9999992742246498 -0.0010935349740536257
vn -0.0005056989558860194 -0.9999992742246498 -0.0010935349740536257
vn -0.0005056989558860194 -0.9999992742246498 -0.0010935349740536257
vn 0.8851739757011422 0 -0.4652601774721684
vn 0.8851739757011422 0 -0.4652601774721684
vn 0.8851739757011422 0 -0.4652601774721684
vn 0.8851739757011422 0 -0.4652601774721684
vn 0.8851739757011422 0 -0.4652601774721684
vn 0.8851739757011422 0 -0.4652601774721684
vn -0.41954045567895487 0 -0.9077366391463412
vn -0.41954045567895487 0 -0.9077366391463412
vn -0.41954045567895487 0 -0.9077366391463412
vn -0.41954045567895487 0 -0.9077366391463412
vn -0.41954045567895487 0 -0.9077366391463412
vn -0.41954045567895487 0 -0.9077366391463412
vn 0.0003890419561276519 -0.9999995698046716 0.0008420432459375204
vn 0.0003890419561276519 -0.9999995698046716 0.0008420432459375204
vn 0.0003890419561276519 -0.9999995698046716 0.0008420432459375204
vn 0.0003890419561276519 -0.9999995698046716 0.0008420432459375204
vn 0.0003890419561276519 -0.9999995698046716 0.0008420432459375204
vn 0.0003890419561276519 -0.9999995698046716 0.0008420432459375204
vn 0.9062781935709385 0 -0.4226817193324033
vn 0.9062781935709385 0 -0.4226817193324033
vn 0.9062781935709385 0 -0.4226817193324033
vn 0.9062781935709385 0 -0.4226817193324033
vn 0.9062781935709385 0 -0.4226817193324033
vn 0.9062781935709385 0 -0.4226817193324033
vn 0.4195408430139981 0 0.9077364601265632
vn 0.4195408430139981 0 0.9077364601265632
vn 0.4195408430139981 0 0.9077364601265632
vn 0.4195408430139981 0 0.9077364601265632
vn 0.4195408430139981 0 0.9077364601265632
vn 0.4195408430139981 0 0.9077364601265632
vn 0.0005189959241243306 -0.9999992345028396 0.0011232261418295723
vn 0.0005189959241243306 -0.9999992345028396 0.0011232261418295723
vn 0.0005189959241243306 -0.9999992345028396 0.0011232261418295723
vn 0.0005189959241243306 -0.9999992345028396 0.0011232261418295723
vn 0.0005189959241243306 -0.9999992345028396 0.0011232261418295723
vn 0.0005189959241243306 -0.9999992345028396 0.0011232261418295723
vn -0.001553874456045636 -0.9999931410914571 -0.003362029776171353
vn -0.001553874456045636 -0.9999931410914571 -0.003362029776171353
vn -0.001553874456045636 -0.9999931410914571 -0.003362029776171353
vn -0.001553874456045636 -0.9999931410914571 -0.003362029776171353
vn -0.001553874456045636 -0.9999931410914571 -0.003362029776171353
vn -0.001553874456045636 -0.9999931410914571 -0.003362029776171353
vn -0.9153882076555203 0 0.4025722659165856
vn -0.9153882076555203 0 0.4025722659165856
vn -0.9153882076555203 0 0.4025722659165856
vn -0.9153882076555203 0 0.4025722659165856
vn -0.9153882076555203 0 0.4025722659165856
vn -0.9153882076555203 0 0.4025722659165856
vn -0.8851738891566376 0 0.4652603421261183
vn -0.8851738891566376 0 0.4652603421261183
vn -0.8851738891566376 0 0.4652603421261183
vn -0.8851738891566376 0 0.4652603421261183
vn -0.8851738891566376 0 0.4652603421261183
vn -0.8851738891566376 0 0.4652603421261183
vn 0.4195414230877921 0 0.9077361920257836
vn 0.4195414230877921 0 0.9077361920257836
vn 0.4195414230877921 0 0.9077361920257836
vn 0.4195414230877921 0 0.9077361920257836
vn 0.4195414230877921 0 0.9077361920257836
vn 0.4195414230877921 0 0.9077361920257836
vn -0.8923215866956093 0 0.4514002502403274
vn -0.8923215866956093 0 0.4514002502403274
vn -0.8923215866956093 0 0.4514002502403274
vn -0.8923215866956093 0 0.4514002502403274
vn -0.8923215866956093 0 0.4514002502403274
vn -0.8923215866956093 0 0.4514002502403274
vn -0.4195412303489648 0 -0.9077362811066202
vn -0.4195412303489648 0 -0.9077362811066202
vn -0.4195412303489648 0 -0.9077362811066202
vn -0.4195412303489648 0 -0.9077362811066202
vn -0.4195412303489648 0 -0.9077362811066202
vn -0.4195412303489648 0 -0.9077362811066202
vn 0.9153879067599352 0 -0.4025729501067652
vn 0.9153879067599352 0 -0.4025729501067652
vn 0.9153879067599352 0 -0.4025729501067652
vn 0.9153879067599352 0 -0.4025729501067652
vn 0.9153879067599352 0 -0.4025729501067652
vn 0.9153879067599352 0 -0.4025729501067652
vn -0.49973055440975594 0.14141170601472555 -0.8545595955761791
vn -0.49973055440975594 0.14141170601472555 -0.8545595955761791
vn -0.49973055440975594 0.14141170601472555 -0.8545595955761791
vn -0.49973055440975594 0.14141170601472555 -0.8545595955761791
vn -0.49973055440975594 0.14141170601472555 -0.8545595955761791
vn -0.49973055440975594 0.14141170601472555 -0.8545595955761791
vn 0.9059334147230883 0 -0.42342017912254143
vn 0.9059334147230883 0 -0.42342017912254143
vn 0.9059334147230883 0 -0.42342017912254143
vn 0.9059334147230883 0 -0.42342017912254143
vn 0.9059334147230883 0 -0.42342017912254143
vn 0.9059334147230883 0 -0.42342017912254143
f 1/1/1 2/2/2 3/3/3
f 4/4/4 5/5/5 6/6/6
f 7/7/7 8/8/8 9/9/9
f 10/10/10 11/11/11 12/12/12
f 13/13/13 14/14/14 15/15/15
f 16/16/16 17/17/17 18/18/18
f 19/19/19 20/20/20 21/21/21
f 22/22/22 23/23/23 24/24/24
f 25/25/25 26/26/26 27/27/27
f 28/28/28 29/29/29 30/30/30
f 31/31/31 32/32/32 33/33/33
f 34/34/34 35/35/35 36/36/36
f 37/37/37 38/38/38 39/39/39
f 40/40/40 41/41/41 42/42/42
f 43/43/43 44/44/44 45/45/45
f 46/46/46 47/47/47 48/48/48
f 49/49/49 50/50/50 51/51/51
f 52/52/52 53/53/53 54/54/54
f 55/55/55 56/56/56 57/57/57
f 58/58/58 59/59/59 60/60/60
f 61/61/61 62/62/62 63/63/63
f 64/64/64 65/65/65 66/66/66
f 67/67/67 68/68/68 69/69/69
f 70/70/70 71/71/71 72/72/72
f 73/73/73 74/74/74 75/75/75
f 76/76/76 77/77/77 78/78/78
f 79/79/79 80/80/80 81/81/81
f 82/82/82 83/83/83 84/84/84
f 85/85/85 86/86/86 87/87/87
f 88/88/88 89/89/89 90/90/90
f 91/91/91 92/92/92 93/93/93
f 94/94/94 95/95/95 96/96/96
f 97/97/97 98/98/98 99/99/99
f 100/100/100 101/101/101 102/102/102
f 103/103/103 104/104/104 105/105/105
f 106/106/106 107/107/107 108/108/108
f 109/109/109 110/110/110 111/111/111
f 112/112/112 113/113/113 114/114/114
f 115/115/115 116/116/116 117/117/117
f 118/118/118 119/119/119 120/120/120
f 121/121/121 122/122/122 123/123/123
f 124/124/124 125/125/125 126/126/126
f 127/127/127 128/128/128 129/129/129
f 130/130/130 131/131/131 132/132/132
f 133/133/133 134/134/134 135/135/135
f 136/136/136 137/137/137 138/138/138
f 139/139/139 140/140/140 141/141/141
f 142/142/142 143/143/143 144/144/144
f 145/145/145 146/146/146 147/147/147
f 148/148/148 149/149/149 150/150/150
f 151/151/151 152/152/152 153/153/153
f 154/154/154 155/155/155 156/156/156
f 157/157/157 158/158/158 159/159/159
f 160/160/160 161/161/161 162/162/162
f 163/163/163 164/164/164 165/165/165
f 166/166/166 167/167/167 168/168/168
f 169/169/169 170/170/170 171/171/171
f 172/172/172 173/173/173 174/174/174
f 175/175/175 176/176/176 177/177/177
f 178/178/178 179/179/179 180/180/180
f 181/181/181 182/182/182 183/183/183
f 184/184/184 185/185/185 186/186/186
f 187/187/187 188/188/188 189/189/189
f 190/190/190 191/191/191 192/192/192
f 193/193/193 194/194/194 195/195/195
f 196/196/196 197/197/197 198/198/198
f 199/199/199 200/200/200 201/201/201
f 202/202/202 203/203/203 204/204/204
f 205/205/205 206/206/206 207/207/207
f 208/208/208 209/209/209 210/210/210
f 211/211/211 212/212/212 213/213/213
f 214/214/214 215/215/215 216/216/216
f 217/217/217 218/218/218 219/219/219
f 220/220/220 221/221/221 222/222/222
f 223/223/223 224/224/224 225/225/225
f 226/226/226 227/227/227 228/228/228
f 229/229/229 230/230/230 231/231/231
f 232/232/232 233/233/233 234/234/234
f 235/235/235 236/236/236 237/237/237
f 238/238/238 239/239/239 240/240/240
f 241/241/241 242/242/242 243/243/243
f 244/244/244 245/245/245 246/246/246
f 247/247/247 248/248/248 249/249/249
f 250/250/250 251/251/251 252/252/252
f 253/253/253 254/254/254 255/255/255
f 256/256/256 257/257/257 258/258/258
f 259/259/259 260/260/260 261/261/261
f 262/262/262 263/263/263 264/264/264
f 265/265/265 266/266/266 267/267/267
f 268/268/268 269/269/269 270/270/270
f 271/271/271 272/272/272 273/273/273
f 274/274/274 275/275/275 276/276/276
f 277/277/277 278/278/278 279/279/279
f 280/280/280 281/281/281 282/282/282
f 283/283/283 284/284/284 285/285/285
f 286/286/286 287/287/287 288/288/288
f 289/289/289 290/290/290 291/291/291
f 292/292/292 293/293/293 294/294/294
f 295/295/295 296/296/296 297/297/297
f 298/298/298 299/299/299 300/300/300
f 301/301/301 302/302/302 303/303/303
f 304/304/304 305/305/305 306/306/306
f 307/307/307 308/308/308 309/309/309
f 310/310/310 311/311/311 312/312/312
f 313/313/313 314/314/314 315/315/315
f 316/316/316 317/317/317 318/318/318
f 319/319/319 320/320/320 321/321/321
f 322/322/322 323/323/323 324/324/324
f 325/325/325 326/326/326 327/327/327
f 328/328/328 329/329/329 330/330/330
f 331/331/331 332/332/332 333/333/333
f 334/334/334 335/335/335 336/336/336
f 337/337/337 338/338/338 339/339/339
f 340/340/340 341/341/341 342/342/342
f 343/343/343 344/344/344 345/345/345
f 346/346/346 347/347/347 348/348/348
f 349/349/349 350/350/350 351/351/351
f 352/352/352 353/353/353 354/354/354
f 355/355/355 356/356/356 357/357/357
f 358/358/358 359/359/359 360/360/360
f 361/361/361 362/362/362 363/363/363
f 364/364/364 365/365/365 366/366/366
f 367/367/367 368/368/368 369/369/369
f 370/370/370 371/371/371 372/372/372
f 373/373/373 374/374/374 375/375/375
f 376/376/376 377/377/377 378/378/378
f 379/379/379 380/380/380 381/381/381
f 382/382/382 383/383/383 384/384/384
f 385/385/385 386/386/386 387/387/387
f 388/388/388 389/389/389 390/390/390
f 391/391/391 392/392/392 393/393/393
f 394/394/394 395/395/395 396/396/396
f 397/397/397 398/398/398 399/399/399
f 400/400/400 401/401/401 402/402/402
f 403/403/403 404/404/404 405/405/405
f 406/406/406 407/407/407 408/408/408
f 409/409/409 410/410/410 411/411/411
f 412/412/412 413/413/413 414/414/414
f 415/415/415 416/416/416 417/417/417
f 418/418/418 419/419/419 420/420/420
f 421/421/421 422/422/422 423/423/423
f 424/424/424 425/425/425 426/426/426
f 427/427/427 428/428/428 429/429/429
f 430/430/430 431/431/431 432/432/432
f 433/433/433 434/434/434 435/435/435
f 436/436/436 437/437/437 438/438/438
f 439/439/439 440/440/440 441/441/441
f 442/442/442 443/443/443 444/444/444
f 445/445/445 446/446/446 447/447/447
f 448/448/448 449/449/449 450/450/450
f 451/451/451 452/452/452 453/453/453
f 454/454/454 455/455/455 456/456/456
f 457/457/457 458/458/458 459/459/459
f 460/460/460 461/461/461 462/462/462
f 463/463/463 464/464/464 465/465/465
f 466/466/466 467/467/467 468/468/468
f 469/469/469 470/470/470 471/471/471
f 472/472/472 473/473/473 474/474/474
f 475/475/475 476/476/476 477/477/477
f 478/478/478 479/479/479 480/480/480
f 481/481/481 482/482/482 483/483/483
f 484/484/484 485/485/485 486/486/486
f 487/487/487 488/488/488 489/489/489
f 490/490/490 491/491/491 492/492/492
f 493/493/493 494/494/494 495/495/495
f 496/496/496 497/497/497 498/498/498
f 499/499/499 500/500/500 501/501/501
f 502/502/502 503/503/503 504/504/504
f 505/505/505 506/506/506 507/507/507
f 508/508/508 509/509/509 510/510/510
f 511/511/511 512/512/512 513/513/513
f 514/514/514 515/515/515 516/516/516
f 517/517/517 518/518/518 519/519/519
f 520/520/520 521/521/521 522/522/522
f 523/523/523 524/524/524 525/525/525
f 526/526/526 527/527/527 528/528/528
f 529/529/529 530/530/530 531/531/531
f 532/532/532 533/533/533 534/534/534
f 535/535/535 536/536/536 537/537/537
f 538/538/538 539/539/539 540/540/540
f 541/541/541 542/542/542 543/543/543
f 544/544/544 545/545/545 546/546/546
f 547/547/547 548/548/548 549/549/549
f 550/550/550 551/551/551 552/552/552
f 553/553/553 554/554/554 555/555/555
f 556/556/556 557/557/557 558/558/558
f 559/559/559 560/560/560 561/561/561
f 562/562/562 563/563/563 564/564/564
f 565/565/565 566/566/566 567/567/567
f 568/568/568 569/569/569 570/570/570
f 571/571/571 572/572/572 573/573/573
f 574/574/574 575/575/575 576/576/576
f 577/577/577 578/578/578 579/579/579
f 580/580/580 581/581/581 582/582/582
f 583/583/583 584/584/584 585/585/585
f 586/586/586 587/587/587 588/588/588
f 589/589/589 590/590/590 591/591/591
f 592/592/592 593/593/593 594/594/594
f 595/595/595 596/596/596 597/597/597
f 598/598/598 599/599/599 600/600/600
f 601/601/601 602/602/602 603/603/603
f 604/604/604 605/605/605 606/606/606
f 607/607/607 608/608/608 609/609/609
f 610/610/610 611/611/611 612/612/612
f 613/613/613 614/614/614 615/615/615
f 616/616/616 617/617/617 618/618/618
f 619/619/619 620/620/620 621/621/621
f 622/622/622 623/623/623 624/624/624
f 625/625/625 626/626/626 627/627/627
f 628/628/628 629/629/629 630/630/630
f 631/631/631 632/632/632 633/633/633
f 634/634/634 635/635/635 636/636/636
f 637/637/637 638/638/638 639/639/639
f 640/640/640 641/641/641 642/642/642
f 643/643/643 644/644/644 645/645/645
f 646/646/646 647/647/647 648/648/648
f 649/649/649 650/650/650 651/651/651
f 652/652/652 653/653/653 654/654/654
f 655/655/655 656/656/656 657/657/657
f 658/658/658 659/659/659 660/660/660
f 661/661/661 662/662/662 663/663/663
f 664/664/664 665/665/665 666/666/666
f 667/667/667 668/668/668 669/669/669
f 670/670/670 671/671/671 672/672/672
f 673/673/673 674/674/674 675/675/675
f 676/676/676 677/677/677 678/678/678
f 679/679/679 680/680/680 681/681/681
f 682/682/682 683/683/683 684/684/684
f 685/685/685 686/686/686 687/687/687
f 688/688/688 689/689/689 690/690/690
f 691/691/691 692/692/692 693/693/693
f 694/694/694 695/695/695 696/696/696
f 697/697/697 698/698/698 699/699/699
f 700/700/700 701/701/701 702/702/702
f 703/703/703 704/704/704 705/705/705
f 706/706/706 707/707/707 708/708/708
f 709/709/709 710/710/710 711/711/711
f 712/712/712 713/713/713 714/714/714
f 715/715/715 716/716/716 717/717/717
f 718/718/718 719/719/719 720/720/720
f 721/721/721 722/722/722 723/723/723
f 724/724/724 725/725/725 726/726/726
f 727/727/727 728/728/728 729/729/729
f 730/730/730 731/731/731 732/732/732
f 733/733/733 734/734/734 735/735/735
f 736/736/736 737/737/737 738/738/738
f 739/739/739 740/740/740 741/741/741
f 742/742/742 743/743/743 744/744/744
f 745/745/745 746/746/746 747/747/747
f 748/748/748 749/749/749 750/750/750
f 751/751/751 752/752/752 753/753/753
f 754/754/754 755/755/755 756/756/756
f 757/757/757 758/758/758 759/759/759
f 760/760/760 761/761/761 762/762/762
f 763/763/763 764/764/764 765/765/765
f 766/766/766 767/767/767 768/768/768
f 769/769/769 770/770/770 771/771/771
f 772/772/772 773/773/773 774/774/774
f 775/775/775 776/776/776 777/777/777
f 778/778/778 779/779/779 780/780/780
f 781/781/781 782/782/782 783/783/783
f 784/784/784 785/785/785 786/786/786
f 787/787/787 788/788/788 789/789/789
f 790/790/790 791/791/791 792/792/792
f 793/793/793 794/794/794 795/795/795
f 796/796/796 797/797/797 798/798/798
f 799/799/799 800/800/800 801/801/801
f 802/802/802 803/803/803 804/804/804
f 805/805/805 806/806/806 807/807/807
f 808/808/808 809/809/809 810/810/810
f 811/811/811 812/812/812 813/813/813
f 814/814/814 815/815/815 816/816/816
f 817/817/817 818/818/818 819/819/819
f 820/820/820 821/821/821 822/822/822
f 823/823/823 824/824/824 825/825/825
f 826/826/826 827/827/827 828/828/828
f 829/829/829 830/830/830 831/831/831
f 832/832/832 833/833/833 834/834/834
f 835/835/835 836/836/836 837/837/837
f 838/838/838 839/839/839 840/840/840
f 841/841/841 842/842/842 843/843/843
f 844/844/844 845/845/845 846/846/846
f 847/847/847 848/848/848 849/849/849
f 850/850/850 851/851/851 852/852/852
f 853/853/853 854/854/854 855/855/855
f 856/856/856 857/857/857 858/858/858
f 859/859/859 860/860/860 861/861/861
f 862/862/862 863/863/863 864/864/864
f 865/865/865 866/866/866 867/867/867
f 868/868/868 869/869/869 870/870/870
f 871/871/871 872/872/872 873/873/873
f 874/874/874 875/875/875 876/876/876
f 877/877/877 878/878/878 879/879/879
f 880/880/880 881/881/881 882/882/882
f 883/883/883 884/884/884 885/885/885
f 886/886/886 887/887/887 888/888/888
f 889/889/889 890/890/890 891/891/891
f 892/892/892 893/893/893 894/894/894
f 895/895/895 896/896/896 897/897/897
f 898/898/898 899/899/899 900/900/900
f 901/901/901 902/902/902 903/903/903
f 904/904/904 905/905/905 906/906/906
f 907/907/907 908/908/908 909/909/909
f 910/910/910 911/911/911 912/912/912
f 913/913/913 914/914/914 915/915/915
f 916/916/916 917/917/917 918/918/918
f 919/919/919 920/920/920 921/921/921
f 922/922/922 923/923/923 924/924/924
f 925/925/925 926/926/926 927/927/927
f 928/928/928 929/929/929 930/930/930
f 931/931/931 932/932/932 933/933/933
f 934/934/934 935/935/935 936/936/936
f 937/937/937 938/938/938 939/939/939
f 940/940/940 941/941/941 942/942/942
f 943/943/943 944/944/944 945/945/945
f 946/946/946 947/947/947 948/948/948
f 949/949/949 950/950/950 951/951/951
f 952/952/952 953/953/953 954/954/954
f 955/955/955 956/956/956 957/957/957
f 958/958/958 959/959/959 960/960/960
f 961/961/961 962/962/962 963/963/963
f 964/964/964 965/965/965 966/966/966
f 967/967/967 968/968/968 969/969/969
f 970/970/970 971/971/971 972/972/972
f 973/973/973 974/974/974 975/975/975
f 976/976/976 977/977/977 978/978/978
f 979/979/979 980/980/980 981/981/981
f 982/982/982 983/983/983 984/984/984
f 985/985/985 986/986/986 987/987/987
f 988/988/988 989/989/989 990/990/990
f 991/991/991 992/992/992 993/993/993
f 994/994/994 995/995/995 996/996/996
f 997/997/997 998/998/998 999/999/999
f 1000/1000/1000 1001/1001/1001 1002/1002/1002
f 1003/1003/1003 1004/1004/1004 1005/1005/1005
f 1006/1006/1006 1007/1007/1007 1008/1008/1008
f 1009/1009/1009 1010/1010/1010 1011/1011/1011
f 1012/1012/1012 1013/1013/1013 1014/1014/1014
f 1015/1015/1015 1016/1016/1016 1017/1017/1017
f 1018/1018/1018 1019/1019/1019 1020/1020/1020
f 1021/1021/1021 1022/1022/1022 1023/1023/1023
f 1024/1024/1024 1025/1025/1025 1026/1026/1026
f 1027/1027/1027 1028/1028/1028 1029/1029/1029
f 1030/1030/1030 1031/1031/1031 1032/1032/1032
f 1033/1033/1033 1034/1034/1034 1035/1035/1035
f 1036/1036/1036 1037/1037/1037 1038/1038/1038
f 1039/1039/1039 1040/1040/1040 1041/1041/1041
f 1042/1042/1042 1043/1043/1043 1044/1044/1044
f 1045/1045/1045 1046/1046/1046 1047/1047/1047
f 1048/1048/1048 1049/1049/1049 1050/1050/1050
f 1051/1051/1051 1052/1052/1052 1053/1053/1053
f 1054/1054/1054 1055/1055/1055 1056/1056/1056
f 1057/1057/1057 1058/1058/1058 1059/1059/1059
f 1060/1060/1060 1061/1061/1061 1062/1062/1062
f 1063/1063/1063 1064/1064/1064 1065/1065/1065
f 1066/1066/1066 1067/1067/1067 1068/1068/1068
f 1069/1069/1069 1070/1070/1070 1071/1071/1071
f 1072/1072/1072 1073/1073/1073 1074/1074/1074
f 1075/1075/1075 1076/1076/1076 1077/1077/1077
f 1078/1078/1078 1079/1079/1079 1080/1080/1080
f 1081/1081/1081 1082/1082/1082 1083/1083/1083
f 1084/1084/1084 1085/1085/1085 1086/1086/1086
f 1087/1087/1087 1088/1088/1088 1089/1089/1089
f 1090/1090/1090 1091/1091/1091 1092/1092/1092
f 1093/1093/1093 1094/1094/1094 1095/1095/1095
f 1096/1096/1096 1097/1097/1097 1098/1098/1098
f 1099/1099/1099 1100/1100/1100 1101/1101/1101
f 1102/1102/1102 1103/1103/1103 1104/1104/1104
f 1105/1105/1105 1106/1106/1106 1107/1107/1107
f 1108/1108/1108 1109/1109/1109 1110/1110/1110
f 1111/1111/1111 1112/1112/1112 1113/1113/1113
f 1114/1114/1114 1115/1115/1115 1116/1116/1116
f 1117/1117/1117 1118/1118/1118 1119/1119/1119
f 1120/1120/1120 1121/1121/1121 1122/1122/1122
f 1123/1123/1123 1124/1124/1124 1125/1125/1125
f 1126/1126/1126 1127/1127/1127 1128/1128/1128
f 1129/1129/1129 1130/1130/1130 1131/1131/1131
f 1132/1132/1132 1133/1133/1133 1134/1134/1134
f 1135/1135/1135 1136/1136/1136 1137/1137/1137
f 1138/1138/1138 1139/1139/1139 1140/1140/1140
f 1141/1141/1141 1142/1142/1142 1143/1143/1143
f 1144/1144/1144 1145/1145/1145 1146/1146/1146
f 1147/1147/1147 1148/1148/1148 1149/1149/1149
f 1150/1150/1150 1151/1151/1151 1152/1152/1152
f 1153/1153/1153 1154/1154/1154 1155/1155/1155
f 1156/1156/1156 1157/1157/1157 1158/1158/1158
f 1159/1159/1159 1160/1160/1160 1161/1161/1161
f 1162/1162/1162 1163/1163/1163 1164/1164/1164
f 1165/1165/1165 1166/1166/1166 1167/1167/1167
f 1168/1168/1168 1169/1169/1169 1170/1170/1170
f 1171/1171/1171 1172/1172/1172 1173/1173/1173
f 1174/1174/1174 1175/1175/1175 1176/1176/1176
f 1177/1177/1177 1178/1178/1178 1179/1179/1179
f 1180/1180/1180 1181/1181/1181 1182/1182/1182
f 1183/1183/1183 1184/1184/1184 1185/1185/1185
f 1186/1186/1186 1187/1187/1187 1188/1188/1188
f 1189/1189/1189 1190/1190/1190 1191/1191/1191
f 1192/1192/1192 1193/1193/1193 1194/1194/1194
f 1195/1195/1195 1196/1196/1196 1197/1197/1197
f 1198/1198/1198 1199/1199/1199 1200/1200/1200
f 1201/1201/1201 1202/1202/1202 1203/1203/1203
f 1204/1204/1204 1205/1205/1205 1206/1206/1206
f 1207/1207/1207 1208/1208/1208 1209/1209/1209
f 1210/1210/1210 1211/1211/1211 1212/1212/1212
f 1213/1213/1213 1214/1214/1214 1215/1215/1215
f 1216/1216/1216 1217/1217/1217 1218/1218/1218
f 1219/1219/1219 1220/1220/1220 1221/1221/1221
f 1222/1222/1222 1223/1223/1223 1224/1224/1224
f 1225/1225/1225 1226/1226/1226 1227/1227/1227
f 1228/1228/1228 1229/1229/1229 1230/1230/1230
f 1231/1231/1231 1232/1232/1232 1233/1233/1233
f 1234/1234/1234 1235/1235/1235 1236/1236/1236
f 1237/1237/1237 1238/1238/1238 1239/1239/1239
f 1240/1240/1240 1241/1241/1241 1242/1242/1242
f 1243/1243/1243 1244/1244/1244 1245/1245/1245
f 1246/1246/1246 1247/1247/1247 1248/1248/1248
f 1249/1249/1249 1250/1250/1250 1251/1251/1251
f 1252/1252/1252 1253/1253/1253 1254/1254/1254
f 1255/1255/1255 1256/1256/1256 1257/1257/1257
f 1258/1258/1258 1259/1259/1259 1260/1260/1260
f 1261/1261/1261 1262/1262/1262 1263/1263/1263
f 1264/1264/1264 1265/1265/1265 1266/1266/1266
f 1267/1267/1267 1268/1268/1268 1269/1269/1269
f 1270/1270/1270 1271/1271/1271 1272/1272/1272
f 1273/1273/1273 1274/1274/1274 1275/1275/1275
f 1276/1276/1276 1277/1277/1277 1278/1278/1278
f 1279/1279/1279 1280/1280/1280 1281/1281/1281
f 1282/1282/1282 1283/1283/1283 1284/1284/1284
f 1285/1285/1285 1286/1286/1286 1287/1287/1287
f 1288/1288/1288 1289/1289/1289 1290/1290/1290
f 1291/1291/1291 1292/1292/1292 1293/1293/1293
f 1294/1294/1294 1295/1295/1295 1296/1296/1296
f 1297/1297/1297 1298/1298/1298 1299/1299/1299
f 1300/1300/1300 1301/1301/1301 1302/1302/1302
f 1303/1303/1303 1304/1304/1304 1305/1305/1305
f 1306/1306/1306 1307/1307/1307 1308/1308/1308
f 1309/1309/1309 1310/1310/1310 1311/1311/1311
f 1312/1312/1312 1313/1313/1313 1314/1314/1314
f 1315/1315/1315 1316/1316/1316 1317/1317/1317
f 1318/1318/1318 1319/1319/1319 1320/1320/1320
f 1321/1321/1321 1322/1322/1322 1323/1323/1323
f 1324/1324/1324 1325/1325/1325 1326/1326/1326
f 1327/1327/1327 1328/1328/1328 1329/1329/1329
f 1330/1330/1330 1331/1331/1331 1332/1332/1332
f 1333/1333/1333 1334/1334/1334 1335/1335/1335
f 1336/1336/1336 1337/1337/1337 1338/1338/1338
f 1339/1339/1339 1340/1340/1340 1341/1341/1341
f 1342/1342/1342 1343/1343/1343 1344/1344/1344
f 1345/1345/1345 1346/1346/1346 1347/1347/1347
f 1348/1348/1348 1349/1349/1349 1350/1350/1350
f 1351/1351/1351 1352/1352/1352 1353/1353/1353
f 1354/1354/1354 1355/1355/1355 1356/1356/1356
f 1357/1357/1357 1358/1358/1358 1359/1359/1359
f 1360/1360/1360 1361/1361/1361 1362/1362/1362
f 1363/1363/1363 1364/1364/1364 1365/1365/1365
f 1366/1366/1366 1367/1367/1367 1368/1368/1368
f 1369/1369/1369 1370/1370/1370 1371/1371/1371
f 1372/1372/1372 1373/1373/1373 1374/1374/1374
f 1375/1375/1375 1376/1376/1376 1377/1377/1377
f 1378/1378/1378 1379/1379/1379 1380/1380/1380
f 1381/1381/1381 1382/1382/1382 1383/1383/1383
f 1384/1384/1384 1385/1385/1385 1386/1386/1386
f 1387/1387/1387 1388/1388/1388 1389/1389/1389
f 1390/1390/1390 1391/1391/1391 1392/1392/1392
f 1393/1393/1393 1394/1394/1394 1395/1395/1395
f 1396/1396/1396 1397/1397/1397 1398/1398/1398
f 1399/1399/1399 1400/1400/1400 1401/1401/1401
f 1402/1402/1402 1403/1403/1403 1404/1404/1404
f 1405/1405/1405 1406/1406/1406 1407/1407/1407
f 1408/1408/1408 1409/1409/1409 1410/1410/1410
f 1411/1411/1411 1412/1412/1412 1413/1413/1413
f 1414/1414/1414 1415/1415/1415 1416/1416/1416
f 1417/1417/1417 1418/1418/1418 1419/1419/1419
f 1420/1420/1420 1421/1421/1421 1422/1422/1422
f 1423/1423/1423 1424/1424/1424 1425/1425/1425
f 1426/1426/1426 1427/1427/1427 1428/1428/1428
f 1429/1429/1429 1430/1430/1430 1431/1431/1431
f 1432/1432/1432 1433/1433/1433 1434/1434/1434
f 1435/1435/1435 1436/1436/1436 1437/1437/1437
f 1438/1438/1438 1439/1439/1439 1440/1440/1440
f 1441/1441/1441 1442/1442/1442 1443/1443/1443
f 1444/1444/1444 1445/1445/1445 1446/1446/1446
f 1447/1447/1447 1448/1448/1448 1449/1449/1449
f 1450/1450/1450 1451/1451/1451 1452/1452/1452
f 1453/1453/1453 1454/1454/1454 1455/1455/1455
f 1456/1456/1456 1457/1457/1457 1458/1458/1458
f 1459/1459/1459 1460/1460/1460 1461/1461/1461
f 1462/1462/1462 1463/1463/1463 1464/1464/1464
f 1465/1465/1465 1466/1466/1466 1467/1467/1467
f 1468/1468/1468 1469/1469/1469 1470/1470/1470
f 1471/1471/1471 1472/1472/1472 1473/1473/1473
f 1474/1474/1474 1475/1475/1475 1476/1476/1476
f 1477/1477/1477 1478/1478/1478 1479/1479/1479
f 1480/1480/1480 1481/1481/1481 1482/1482/1482
f 1483/1483/1483 1484/1484/1484 1485/1485/1485
f 1486/1486/1486 1487/1487/1487 1488/1488/1488
f 1489/1489/1489 1490/1490/1490 1491/1491/1491
f 1492/1492/1492 1493/1493/1493 1494/1494/1494
f 1495/1495/1495 1496/1496/1496 1497/1497/1497
f 1498/1498/1498 1499/1499/1499 1500/1500/1500
f 1501/1501/1501 1502/1502/1502 1503/1503/1503
f 1504/1504/1504 1505/1505/1505 1506/1506/1506
f 1507/1507/1507 1508/1508/1508 1509/1509/1509
f 1510/1510/1510 1511/1511/1511 1512/1512/1512
f 1513/1513/1513 1514/1514/1514 1515/1515/1515
f 1516/1516/1516 1517/1517/1517 1518/1518/1518
f 1519/1519/1519 1520/1520/1520 1521/1521/1521
f 1522/1522/1522 1523/1523/1523 1524/1524/1524
f 1525/1525/1525 1526/1526/1526 1527/1527/1527
f 1528/1528/1528 1529/1529/1529 1530/1530/1530
f 1531/1531/1531 1532/1532/1532 1533/1533/1533
f 1534/1534/1534 1535/1535/1535 1536/1536/1536
f 1537/1537/1537 1538/1538/1538 1539/1539/1539
f 1540/1540/1540 1541/1541/1541 1542/1542/1542
f 1543/1543/1543 1544/1544/1544 1545/1545/1545
f 1546/1546/1546 1547/1547/1547 1548/1548/1548
f 1549/1549/1549 1550/1550/1550 1551/1551/1551
f 1552/1552/1552 1553/1553/1553 1554/1554/1554
f 1555/1555/1555 1556/1556/1556 1557/1557/1557
f 1558/1558/1558 1559/1559/1559 1560/1560/1560
f 1561/1561/1561 1562/1562/1562 1563/1563/1563
f 1564/1564/1564 1565/1565/1565 1566/1566/1566
f 1567/1567/1567 1568/1568/1568 1569/1569/1569
f 1570/1570/1570 1571/1571/1571 1572/1572/1572
f 1573/1573/1573 1574/1574/1574 1575/1575/1575
f 1576/1576/1576 1577/1577/1577 1578/1578/1578
f 1579/1579/1579 1580/1580/1580 1581/1581/1581
f 1582/1582/1582 1583/1583/1583 1584/1584/1584
f 1585/1585/1585 1586/1586/1586 1587/1587/1587
f 1588/1588/1588 1589/1589/1589 1590/1590/1590
f 1591/1591/1591 1592/1592/1592 1593/1593/1593
f 1594/1594/1594 1595/1595/1595 1596/1596/1596
f 1597/1597/1597 1598/1598/1598 1599/1599/1599
f 1600/1600/1600 1601/1601/1601 1602/1602/1602
f 1603/1603/1603 1604/1604/1604 1605/1605/1605
f 1606/1606/1606 1607/1607/1607 1608/1608/1608
f 1609/1609/1609 1610/1610/1610 1611/1611/1611
f 1612/1612/1612 1613/1613/1613 1614/1614/1614
f 1615/1615/1615 1616/1616/1616 1617/1617/1617
f 1618/1618/1618 1619/1619/1619 1620/1620/1620
f 1621/1621/1621 1622/1622/1622 1623/1623/1623
f 1624/1624/1624 1625/1625/1625 1626/1626/1626
f 1627/1627/1627 1628/1628/1628 1629/1629/1629
f 1630/1630/1630 1631/1631/1631 1632/1632/1632
f 1633/1633/1633 1634/1634/1634 1635/1635/1635
f 1636/1636/1636 1637/1637/1637 1638/1638/1638
f 1639/1639/1639 1640/1640/1640 1641/1641/1641
f 1642/1642/1642 1643/1643/1643 1644/1644/1644
f 1645/1645/1645 1646/1646/1646 1647/1647/1647
f 1648/1648/1648 1649/1649/1649 1650/1650/1650
f 1651/1651/1651 1652/1652/1652 1653/1653/1653
f 1654/1654/1654 1655/1655/1655 1656/1656/1656
f 1657/1657/1657 1658/1658/1658 1659/1659/1659
f 1660/1660/1660 1661/1661/1661 1662/1662/1662
f 1663/1663/1663 1664/1664/1664 1665/1665/1665
f 1666/1666/1666 1667/1667/1667 1668/1668/1668
f 1669/1669/1669 1670/1670/1670 1671/1671/1671
f 1672/1672/1672 1673/1673/1673 1674/1674/1674
f 1675/1675/1675 1676/1676/1676 1677/1677/1677
f 1678/1678/1678 1679/1679/1679 1680/1680/1680
f 1681/1681/1681 1682/1682/1682 1683/1683/1683
f 1684/1684/1684 1685/1685/1685 1686/1686/1686
f 1687/1687/1687 1688/1688/1688 1689/1689/1689
f 1690/1690/1690 1691/1691/1691 1692/1692/1692
f 1693/1693/1693 1694/1694/1694 1695/1695/1695
f 1696/1696/1696 1697/1697/1697 1698/1698/1698
f 1699/1699/1699 1700/1700/1700 1701/1701/1701
f 1702/1702/1702 1703/1703/1703 1704/1704/1704
f 1705/1705/1705 1706/1706/1706 1707/1707/1707
f 1708/1708/1708 1709/1709/1709 1710/1710/1710
f 1711/1711/1711 1712/1712/1712 1713/1713/1713
f 1714/1714/1714 1715/1715/1715 1716/1716/1716
f 1717/1717/1717 1718/1718/1718 1719/1719/1719
f 1720/1720/1720 1721/1721/1721 1722/1722/1722
f 1723/1723/1723 1724/1724/1724 1725/1725/1725
f 1726/1726/1726 1727/1727/1727 1728/1728/1728
f 1729/1729/1729 1730/1730/1730 1731/1731/1731
f 1732/1732/1732 1733/1733/1733 1734/1734/1734
f 1735/1735/1735 1736/1736/1736 1737/1737/1737
f 1738/1738/1738 1739/1739/1739 1740/1740/1740
f 1741/1741/1741 1742/1742/1742 1743/1743/1743
f 1744/1744/1744 1745/1745/1745 1746/1746/1746
f 1747/1747/1747 1748/1748/1748 1749/1749/1749
f 1750/1750/1750 1751/1751/1751 1752/1752/1752
f 1753/1753/1753 1754/1754/1754 1755/1755/1755
f 1756/1756/1756 1757/1757/1757 1758/1758/1758
f 1759/1759/1759 1760/1760/1760 1761/1761/1761
f 1762/1762/1762 1763/1763/1763 1764/1764/1764
